time_local,time_utc,p10,p50,p90,curve,turbine,hours_ahead,lead_day,ws_mean,ws_spread,temp,icing_risk,issue_local
2026-01-31 11:00:00,2026-01-31 05:00:00,0.3566,0.7297,0.9829,0.8846,T1,1.0,1,13.05,5.095,2.5167,0.0,2026-01-31 10:00:00
2026-01-31 12:00:00,2026-01-31 06:00:00,0.2974,0.8977,0.9647,0.872,T1,2.0,1,12.7617,6.12,4.0333,0.0,2026-01-31 10:00:00
2026-01-31 13:00:00,2026-01-31 07:00:00,0.3817,0.9057,0.9735,0.8511,T1,3.0,1,12.66,6.36,5.2333,0.0,2026-01-31 10:00:00
2026-01-31 14:00:00,2026-01-31 08:00:00,0.5088,0.8934,0.9644,0.8017,T1,4.0,1,12.1767,5.565,5.95,0.0,2026-01-31 10:00:00
2026-01-31 15:00:00,2026-01-31 09:00:00,0.3134,0.9013,0.9708,0.7639,T1,5.0,1,11.4,4.24,5.95,0.0,2026-01-31 10:00:00
2026-01-31 16:00:00,2026-01-31 10:00:00,0.1385,0.7842,0.9578,0.7536,T1,6.0,1,10.8033,2.95,5.0667,0.0,2026-01-31 10:00:00
2026-01-31 17:00:00,2026-01-31 11:00:00,0.0698,0.7502,0.9351,0.6898,T1,7.0,1,10.3267,2.285,3.45,0.0,2026-01-31 10:00:00
2026-01-31 18:00:00,2026-01-31 12:00:00,0.0206,0.5971,0.9078,0.5984,T1,8.0,1,9.5083,2.55,1.8833,0.0,2026-01-31 10:00:00
2026-01-31 19:00:00,2026-01-31 13:00:00,0.0,0.2763,0.6599,0.4309,T1,9.0,1,8.0483,3.52,0.9,0.0,2026-01-31 10:00:00
2026-01-31 20:00:00,2026-01-31 14:00:00,0.0,0.1131,0.4213,0.2732,T1,10.0,1,6.1117,4.99,0.1833,0.0,2026-01-31 10:00:00
2026-01-31 21:00:00,2026-01-31 15:00:00,0.0,0.0857,0.2544,0.2111,T1,11.0,1,5.1783,3.525,-0.5333,0.0,2026-01-31 10:00:00
2026-01-31 22:00:00,2026-01-31 16:00:00,0.0,0.0711,0.4533,0.2206,T1,12.0,1,5.3667,2.21,-1.15,0.0,2026-01-31 10:00:00
2026-01-31 23:00:00,2026-01-31 17:00:00,0.0,0.0692,0.3257,0.1676,T1,13.0,1,4.5233,4.175,-1.75,0.0,2026-01-31 10:00:00
2026-02-01 00:00:00,2026-01-31 18:00:00,0.0079,0.0153,0.1554,0.115,T1,14.0,1,3.4517,3.885,-2.2167,0.0,2026-01-31 10:00:00
2026-02-01 01:00:00,2026-01-31 19:00:00,0.0087,0.0131,0.082,0.1,T1,15.0,1,3.0683,3.645,-2.4,0.0,2026-01-31 10:00:00
2026-02-01 02:00:00,2026-01-31 20:00:00,0.0077,0.0158,0.0666,0.0835,T1,16.0,1,2.7367,4.935,-2.4667,0.0,2026-01-31 10:00:00
2026-02-01 03:00:00,2026-01-31 21:00:00,0.0079,0.0151,0.069,0.1,T1,17.0,1,2.9817,6.56,-2.55,0.0,2026-01-31 10:00:00
2026-02-01 04:00:00,2026-01-31 22:00:00,0.0,0.01,0.1239,0.1275,T1,18.0,2,3.865,9.505,-3.1,0.0,2026-01-31 10:00:00
2026-02-01 05:00:00,2026-01-31 23:00:00,0.0,0.01,0.1335,0.1275,T1,19.0,2,3.8267,9.705,-3.0333,0.0,2026-01-31 10:00:00
2026-02-01 06:00:00,2026-02-01 00:00:00,0.0,0.01,0.1193,0.1381,T1,20.0,2,3.9433,9.62,-2.7167,0.0,2026-01-31 10:00:00
2026-02-01 07:00:00,2026-02-01 01:00:00,0.0,0.01,0.2178,0.1625,T1,21.0,2,4.425,9.865,-2.6833,0.0,2026-01-31 10:00:00
2026-02-01 08:00:00,2026-02-01 02:00:00,0.008,0.01,0.3045,0.2365,T1,22.0,2,5.615,9.155,-2.5,0.0,2026-01-31 10:00:00
2026-02-01 09:00:00,2026-02-01 03:00:00,0.0,0.0664,0.4627,0.3243,T1,23.0,2,6.6533,7.31,-1.5333,0.0,2026-01-31 10:00:00
2026-02-01 10:00:00,2026-02-01 04:00:00,0.0,0.0921,0.5987,0.3725,T1,24.0,2,7.2917,6.075,0.3833,0.0,2026-01-31 10:00:00
2026-02-01 11:00:00,2026-02-01 05:00:00,0.0,0.2109,0.7753,0.4212,T1,25.0,2,7.83,6.56,2.4333,0.0,2026-01-31 10:00:00
2026-02-01 12:00:00,2026-02-01 06:00:00,0.0,0.2883,0.8133,0.4253,T1,26.0,2,8.02,7.175,3.9,0.0,2026-01-31 10:00:00
2026-02-01 13:00:00,2026-02-01 07:00:00,0.0,0.3683,0.8173,0.4253,T1,27.0,2,8.0067,6.625,4.8667,0.0,2026-01-31 10:00:00
2026-02-01 14:00:00,2026-02-01 08:00:00,0.0355,0.4044,0.7875,0.4253,T1,28.0,2,7.9433,6.08,5.4833,0.0,2026-01-31 10:00:00
2026-02-01 15:00:00,2026-02-01 09:00:00,0.0405,0.419,0.8016,0.4253,T1,29.0,2,7.9217,5.735,5.45,0.0,2026-01-31 10:00:00
2026-02-01 16:00:00,2026-02-01 10:00:00,0.0,0.4225,0.8045,0.4253,T1,30.0,2,8.0133,5.51,4.55,0.0,2026-01-31 10:00:00
2026-02-01 17:00:00,2026-02-01 11:00:00,0.0,0.3477,0.7845,0.4212,T1,31.0,2,7.855,6.49,3.0667,0.0,2026-01-31 10:00:00
2026-02-01 18:00:00,2026-02-01 12:00:00,0.0,0.3077,0.7461,0.3974,T1,32.0,2,7.5633,7.23,1.55,0.0,2026-01-31 10:00:00
2026-02-01 19:00:00,2026-02-01 13:00:00,0.0,0.2894,0.6855,0.3974,T1,33.0,2,7.6283,6.68,0.4833,0.0,2026-01-31 10:00:00
2026-02-01 20:00:00,2026-02-01 14:00:00,0.0,0.2603,0.6556,0.4253,T1,34.0,2,7.8683,6.36,-0.0667,0.0,2026-01-31 10:00:00
2026-02-01 21:00:00,2026-02-01 15:00:00,0.0,0.2901,0.6853,0.4396,T1,35.0,2,8.1333,6.465,-0.4,0.0,2026-01-31 10:00:00
2026-02-01 22:00:00,2026-02-01 16:00:00,0.0,0.2676,0.7206,0.4461,T1,36.0,2,8.2767,6.59,-0.5667,0.0,2026-01-31 10:00:00
2026-02-01 23:00:00,2026-02-01 17:00:00,0.0,0.1766,0.6803,0.4253,T1,37.0,2,7.98,7.225,-0.7167,0.0,2026-01-31 10:00:00
2026-02-02 00:00:00,2026-02-01 18:00:00,0.0,0.15,0.6644,0.4212,T1,38.0,2,7.8217,7.78,-0.9167,0.0,2026-01-31 10:00:00
2026-02-02 01:00:00,2026-02-01 19:00:00,0.0,0.1501,0.7109,0.4461,T1,39.0,2,8.2067,7.4,-1.1,0.0,2026-01-31 10:00:00
2026-02-02 02:00:00,2026-02-01 20:00:00,0.05,0.2537,0.8155,0.519,T1,40.0,2,8.64,6.665,-1.3167,0.0,2026-01-31 10:00:00
2026-02-02 03:00:00,2026-02-01 21:00:00,0.0545,0.3541,0.9032,0.5709,T1,41.0,2,9.1433,5.72,-1.5,0.0,2026-01-31 10:00:00
2026-02-02 04:00:00,2026-02-01 22:00:00,0.0,0.1735,0.8063,0.4461,T1,42.0,3,8.2083,9.84,-2.1833,0.0,2026-01-31 10:00:00
2026-02-02 05:00:00,2026-02-01 23:00:00,0.0276,0.6443,0.9572,0.6794,T1,43.0,3,9.9217,4.97,-1.9,0.0,2026-01-31 10:00:00
2026-02-02 06:00:00,2026-02-02 00:00:00,0.4503,0.7137,0.9637,0.7831,T1,44.0,3,11.5483,0.55,-1.5667,0.0,2026-01-31 10:00:00
2026-02-02 07:00:00,2026-02-02 01:00:00,0.4283,0.5722,0.959,0.8017,T1,45.0,3,11.8283,1.215,-1.5,0.0,2026-01-31 10:00:00
2026-02-02 08:00:00,2026-02-02 02:00:00,0.3059,0.39,0.9334,0.8017,T1,46.0,3,11.9667,1.875,-1.1833,0.0,2026-01-31 10:00:00
2026-02-02 09:00:00,2026-02-02 03:00:00,0.3763,0.4445,0.9423,0.8017,T1,47.0,3,11.9317,1.805,0.0,0.0,2026-01-31 10:00:00
2026-02-02 10:00:00,2026-02-02 04:00:00,0.3032,0.5232,0.9352,0.8017,T1,48.0,3,11.7033,0.64,2.1167,0.0,2026-01-31 10:00:00
2026-01-31 11:00:00,2026-01-31 05:00:00,0.3272,0.7374,0.97,0.8846,T2,1.0,1,13.05,5.095,2.5167,0.0,2026-01-31 10:00:00
2026-01-31 12:00:00,2026-01-31 06:00:00,0.2604,0.8977,0.9584,0.872,T2,2.0,1,12.7617,6.12,4.0333,0.0,2026-01-31 10:00:00
2026-01-31 13:00:00,2026-01-31 07:00:00,0.272,0.9038,0.9654,0.8511,T2,3.0,1,12.66,6.36,5.2333,0.0,2026-01-31 10:00:00
2026-01-31 14:00:00,2026-01-31 08:00:00,0.3416,0.8958,0.9572,0.8017,T2,4.0,1,12.1767,5.565,5.95,0.0,2026-01-31 10:00:00
2026-01-31 15:00:00,2026-01-31 09:00:00,0.3123,0.9057,0.9629,0.7639,T2,5.0,1,11.4,4.24,5.95,0.0,2026-01-31 10:00:00
2026-01-31 16:00:00,2026-01-31 10:00:00,0.1568,0.7885,0.9545,0.7536,T2,6.0,1,10.8033,2.95,5.0667,0.0,2026-01-31 10:00:00
2026-01-31 17:00:00,2026-01-31 11:00:00,0.0774,0.7409,0.9323,0.6898,T2,7.0,1,10.3267,2.285,3.45,0.0,2026-01-31 10:00:00
2026-01-31 18:00:00,2026-01-31 12:00:00,0.0305,0.5732,0.9068,0.5984,T2,8.0,1,9.5083,2.55,1.8833,0.0,2026-01-31 10:00:00
2026-01-31 19:00:00,2026-01-31 13:00:00,0.0,0.2582,0.66,0.4309,T2,9.0,1,8.0483,3.52,0.9,0.0,2026-01-31 10:00:00
2026-01-31 20:00:00,2026-01-31 14:00:00,0.0,0.113,0.4213,0.2732,T2,10.0,1,6.1117,4.99,0.1833,0.0,2026-01-31 10:00:00
2026-01-31 21:00:00,2026-01-31 15:00:00,0.0,0.0857,0.2544,0.2111,T2,11.0,1,5.1783,3.525,-0.5333,0.0,2026-01-31 10:00:00
2026-01-31 22:00:00,2026-01-31 16:00:00,0.0,0.0699,0.4533,0.2206,T2,12.0,1,5.3667,2.21,-1.15,0.0,2026-01-31 10:00:00
2026-01-31 23:00:00,2026-01-31 17:00:00,0.0,0.0685,0.3257,0.1676,T2,13.0,1,4.5233,4.175,-1.75,0.0,2026-01-31 10:00:00
2026-02-01 00:00:00,2026-01-31 18:00:00,0.0065,0.0146,0.1554,0.115,T2,14.0,1,3.4517,3.885,-2.2167,0.0,2026-01-31 10:00:00
2026-02-01 01:00:00,2026-01-31 19:00:00,0.0065,0.0123,0.082,0.1,T2,15.0,1,3.0683,3.645,-2.4,0.0,2026-01-31 10:00:00
2026-02-01 02:00:00,2026-01-31 20:00:00,0.0053,0.015,0.0666,0.0835,T2,16.0,1,2.7367,4.935,-2.4667,0.0,2026-01-31 10:00:00
2026-02-01 03:00:00,2026-01-31 21:00:00,0.0053,0.0144,0.069,0.1,T2,17.0,1,2.9817,6.56,-2.55,0.0,2026-01-31 10:00:00
2026-02-01 04:00:00,2026-01-31 22:00:00,0.0,0.008,0.1239,0.1275,T2,18.0,2,3.865,9.505,-3.1,0.0,2026-01-31 10:00:00
2026-02-01 05:00:00,2026-01-31 23:00:00,0.0,0.008,0.1335,0.1275,T2,19.0,2,3.8267,9.705,-3.0333,0.0,2026-01-31 10:00:00
2026-02-01 06:00:00,2026-02-01 00:00:00,0.0,0.0081,0.1193,0.1381,T2,20.0,2,3.9433,9.62,-2.7167,0.0,2026-01-31 10:00:00
2026-02-01 07:00:00,2026-02-01 01:00:00,0.0,0.0087,0.2171,0.1625,T2,21.0,2,4.425,9.865,-2.6833,0.0,2026-01-31 10:00:00
2026-02-01 08:00:00,2026-02-01 02:00:00,0.0076,0.0089,0.303,0.2365,T2,22.0,2,5.615,9.155,-2.5,0.0,2026-01-31 10:00:00
2026-02-01 09:00:00,2026-02-01 03:00:00,0.0,0.0629,0.462,0.3243,T2,23.0,2,6.6533,7.31,-1.5333,0.0,2026-01-31 10:00:00
2026-02-01 10:00:00,2026-02-01 04:00:00,0.0,0.0922,0.598,0.3725,T2,24.0,2,7.2917,6.075,0.3833,0.0,2026-01-31 10:00:00
2026-02-01 11:00:00,2026-02-01 05:00:00,0.0,0.214,0.7733,0.4212,T2,25.0,2,7.83,6.56,2.4333,0.0,2026-01-31 10:00:00
2026-02-01 12:00:00,2026-02-01 06:00:00,0.0,0.2914,0.8091,0.4253,T2,26.0,2,8.02,7.175,3.9,0.0,2026-01-31 10:00:00
2026-02-01 13:00:00,2026-02-01 07:00:00,0.0,0.371,0.813,0.4253,T2,27.0,2,8.0067,6.625,4.8667,0.0,2026-01-31 10:00:00
2026-02-01 14:00:00,2026-02-01 08:00:00,0.0045,0.4071,0.786,0.4253,T2,28.0,2,7.9433,6.08,5.4833,0.0,2026-01-31 10:00:00
2026-02-01 15:00:00,2026-02-01 09:00:00,0.0,0.4079,0.8002,0.4253,T2,29.0,2,7.9217,5.735,5.45,0.0,2026-01-31 10:00:00
2026-02-01 16:00:00,2026-02-01 10:00:00,0.0,0.4112,0.8031,0.4253,T2,30.0,2,8.0133,5.51,4.55,0.0,2026-01-31 10:00:00
2026-02-01 17:00:00,2026-02-01 11:00:00,0.0,0.327,0.7831,0.4212,T2,31.0,2,7.855,6.49,3.0667,0.0,2026-01-31 10:00:00
2026-02-01 18:00:00,2026-02-01 12:00:00,0.0,0.2917,0.7455,0.3974,T2,32.0,2,7.5633,7.23,1.55,0.0,2026-01-31 10:00:00
2026-02-01 19:00:00,2026-02-01 13:00:00,0.0,0.2855,0.6855,0.3974,T2,33.0,2,7.6283,6.68,0.4833,0.0,2026-01-31 10:00:00
2026-02-01 20:00:00,2026-02-01 14:00:00,0.0,0.2602,0.6556,0.4253,T2,34.0,2,7.8683,6.36,-0.0667,0.0,2026-01-31 10:00:00
2026-02-01 21:00:00,2026-02-01 15:00:00,0.0,0.29,0.6843,0.4396,T2,35.0,2,8.1333,6.465,-0.4,0.0,2026-01-31 10:00:00
2026-02-01 22:00:00,2026-02-01 16:00:00,0.0,0.2668,0.7192,0.4461,T2,36.0,2,8.2767,6.59,-0.5667,0.0,2026-01-31 10:00:00
2026-02-01 23:00:00,2026-02-01 17:00:00,0.0,0.1757,0.6789,0.4253,T2,37.0,2,7.98,7.225,-0.7167,0.0,2026-01-31 10:00:00
2026-02-02 00:00:00,2026-02-01 18:00:00,0.0,0.1475,0.6629,0.4212,T2,38.0,2,7.8217,7.78,-0.9167,0.0,2026-01-31 10:00:00
2026-02-02 01:00:00,2026-02-01 19:00:00,0.0053,0.1476,0.7089,0.4461,T2,39.0,2,8.2067,7.4,-1.1,0.0,2026-01-31 10:00:00
2026-02-02 02:00:00,2026-02-01 20:00:00,0.0233,0.2511,0.8115,0.519,T2,40.0,2,8.64,6.665,-1.3167,0.0,2026-01-31 10:00:00
2026-02-02 03:00:00,2026-02-01 21:00:00,0.006,0.3521,0.8978,0.5709,T2,41.0,2,9.1433,5.72,-1.5,0.0,2026-01-31 10:00:00
2026-02-02 04:00:00,2026-02-01 22:00:00,0.0,0.1715,0.8018,0.4461,T2,42.0,3,8.2083,9.84,-2.1833,0.0,2026-01-31 10:00:00
2026-02-02 05:00:00,2026-02-01 23:00:00,0.011,0.6417,0.9509,0.6794,T2,43.0,3,9.9217,4.97,-1.9,0.0,2026-01-31 10:00:00
2026-02-02 06:00:00,2026-02-02 00:00:00,0.4442,0.7083,0.9509,0.7831,T2,44.0,3,11.5483,0.55,-1.5667,0.0,2026-01-31 10:00:00
2026-02-02 07:00:00,2026-02-02 01:00:00,0.3363,0.5667,0.9528,0.8017,T2,45.0,3,11.8283,1.215,-1.5,0.0,2026-01-31 10:00:00
2026-02-02 08:00:00,2026-02-02 02:00:00,0.2655,0.3882,0.9287,0.8017,T2,46.0,3,11.9667,1.875,-1.1833,0.0,2026-01-31 10:00:00
2026-02-02 09:00:00,2026-02-02 03:00:00,0.2753,0.4398,0.9362,0.8017,T2,47.0,3,11.9317,1.805,0.0,0.0,2026-01-31 10:00:00
2026-02-02 10:00:00,2026-02-02 04:00:00,0.2641,0.5208,0.9304,0.8017,T2,48.0,3,11.7033,0.64,2.1167,0.0,2026-01-31 10:00:00
2026-01-31 11:00:00,2026-01-31 05:00:00,0.3419,0.7336,0.9764,0.8846,ВЭС,1.0,1,13.05,5.095,2.5167,0.0,2026-01-31 10:00:00
2026-01-31 12:00:00,2026-01-31 06:00:00,0.2789,0.8977,0.9616,0.872,ВЭС,2.0,1,12.7617,6.12,4.0333,0.0,2026-01-31 10:00:00
2026-01-31 13:00:00,2026-01-31 07:00:00,0.3269,0.9047,0.9694,0.8511,ВЭС,3.0,1,12.66,6.36,5.2333,0.0,2026-01-31 10:00:00
2026-01-31 14:00:00,2026-01-31 08:00:00,0.4252,0.8946,0.9608,0.8017,ВЭС,4.0,1,12.1767,5.565,5.95,0.0,2026-01-31 10:00:00
2026-01-31 15:00:00,2026-01-31 09:00:00,0.3128,0.9035,0.9668,0.7639,ВЭС,5.0,1,11.4,4.24,5.95,0.0,2026-01-31 10:00:00
2026-01-31 16:00:00,2026-01-31 10:00:00,0.1477,0.7864,0.9561,0.7536,ВЭС,6.0,1,10.8033,2.95,5.0667,0.0,2026-01-31 10:00:00
2026-01-31 17:00:00,2026-01-31 11:00:00,0.0736,0.7455,0.9337,0.6898,ВЭС,7.0,1,10.3267,2.285,3.45,0.0,2026-01-31 10:00:00
2026-01-31 18:00:00,2026-01-31 12:00:00,0.0256,0.5852,0.9073,0.5984,ВЭС,8.0,1,9.5083,2.55,1.8833,0.0,2026-01-31 10:00:00
2026-01-31 19:00:00,2026-01-31 13:00:00,0.0,0.2672,0.6599,0.4309,ВЭС,9.0,1,8.0483,3.52,0.9,0.0,2026-01-31 10:00:00
2026-01-31 20:00:00,2026-01-31 14:00:00,0.0,0.1131,0.4213,0.2732,ВЭС,10.0,1,6.1117,4.99,0.1833,0.0,2026-01-31 10:00:00
2026-01-31 21:00:00,2026-01-31 15:00:00,0.0,0.0857,0.2544,0.2111,ВЭС,11.0,1,5.1783,3.525,-0.5333,0.0,2026-01-31 10:00:00
2026-01-31 22:00:00,2026-01-31 16:00:00,0.0,0.0705,0.4533,0.2206,ВЭС,12.0,1,5.3667,2.21,-1.15,0.0,2026-01-31 10:00:00
2026-01-31 23:00:00,2026-01-31 17:00:00,0.0,0.0688,0.3257,0.1676,ВЭС,13.0,1,4.5233,4.175,-1.75,0.0,2026-01-31 10:00:00
2026-02-01 00:00:00,2026-01-31 18:00:00,0.0072,0.0149,0.1554,0.115,ВЭС,14.0,1,3.4517,3.885,-2.2167,0.0,2026-01-31 10:00:00
2026-02-01 01:00:00,2026-01-31 19:00:00,0.0076,0.0127,0.082,0.1,ВЭС,15.0,1,3.0683,3.645,-2.4,0.0,2026-01-31 10:00:00
2026-02-01 02:00:00,2026-01-31 20:00:00,0.0065,0.0154,0.0666,0.0835,ВЭС,16.0,1,2.7367,4.935,-2.4667,0.0,2026-01-31 10:00:00
2026-02-01 03:00:00,2026-01-31 21:00:00,0.0066,0.0148,0.069,0.1,ВЭС,17.0,1,2.9817,6.56,-2.55,0.0,2026-01-31 10:00:00
2026-02-01 04:00:00,2026-01-31 22:00:00,0.0,0.009,0.1239,0.1275,ВЭС,18.0,2,3.865,9.505,-3.1,0.0,2026-01-31 10:00:00
2026-02-01 05:00:00,2026-01-31 23:00:00,0.0,0.009,0.1335,0.1275,ВЭС,19.0,2,3.8267,9.705,-3.0333,0.0,2026-01-31 10:00:00
2026-02-01 06:00:00,2026-02-01 00:00:00,0.0,0.009,0.1193,0.1381,ВЭС,20.0,2,3.9433,9.62,-2.7167,0.0,2026-01-31 10:00:00
2026-02-01 07:00:00,2026-02-01 01:00:00,0.0,0.0093,0.2174,0.1625,ВЭС,21.0,2,4.425,9.865,-2.6833,0.0,2026-01-31 10:00:00
2026-02-01 08:00:00,2026-02-01 02:00:00,0.0078,0.0094,0.3038,0.2365,ВЭС,22.0,2,5.615,9.155,-2.5,0.0,2026-01-31 10:00:00
2026-02-01 09:00:00,2026-02-01 03:00:00,0.0,0.0647,0.4624,0.3243,ВЭС,23.0,2,6.6533,7.31,-1.5333,0.0,2026-01-31 10:00:00
2026-02-01 10:00:00,2026-02-01 04:00:00,0.0,0.0921,0.5984,0.3725,ВЭС,24.0,2,7.2917,6.075,0.3833,0.0,2026-01-31 10:00:00
2026-02-01 11:00:00,2026-02-01 05:00:00,0.0,0.2124,0.7743,0.4212,ВЭС,25.0,2,7.83,6.56,2.4333,0.0,2026-01-31 10:00:00
2026-02-01 12:00:00,2026-02-01 06:00:00,0.0,0.2899,0.8112,0.4253,ВЭС,26.0,2,8.02,7.175,3.9,0.0,2026-01-31 10:00:00
2026-02-01 13:00:00,2026-02-01 07:00:00,0.0,0.3696,0.8151,0.4253,ВЭС,27.0,2,8.0067,6.625,4.8667,0.0,2026-01-31 10:00:00
2026-02-01 14:00:00,2026-02-01 08:00:00,0.02,0.4057,0.7868,0.4253,ВЭС,28.0,2,7.9433,6.08,5.4833,0.0,2026-01-31 10:00:00
2026-02-01 15:00:00,2026-02-01 09:00:00,0.0202,0.4134,0.8009,0.4253,ВЭС,29.0,2,7.9217,5.735,5.45,0.0,2026-01-31 10:00:00
2026-02-01 16:00:00,2026-02-01 10:00:00,0.0,0.4168,0.8038,0.4253,ВЭС,30.0,2,8.0133,5.51,4.55,0.0,2026-01-31 10:00:00
2026-02-01 17:00:00,2026-02-01 11:00:00,0.0,0.3374,0.7838,0.4212,ВЭС,31.0,2,7.855,6.49,3.0667,0.0,2026-01-31 10:00:00
2026-02-01 18:00:00,2026-02-01 12:00:00,0.0,0.2997,0.7458,0.3974,ВЭС,32.0,2,7.5633,7.23,1.55,0.0,2026-01-31 10:00:00
2026-02-01 19:00:00,2026-02-01 13:00:00,0.0,0.2874,0.6855,0.3974,ВЭС,33.0,2,7.6283,6.68,0.4833,0.0,2026-01-31 10:00:00
2026-02-01 20:00:00,2026-02-01 14:00:00,0.0,0.2603,0.6556,0.4253,ВЭС,34.0,2,7.8683,6.36,-0.0667,0.0,2026-01-31 10:00:00
2026-02-01 21:00:00,2026-02-01 15:00:00,0.0,0.2901,0.6848,0.4396,ВЭС,35.0,2,8.1333,6.465,-0.4,0.0,2026-01-31 10:00:00
2026-02-01 22:00:00,2026-02-01 16:00:00,0.0,0.2672,0.7199,0.4461,ВЭС,36.0,2,8.2767,6.59,-0.5667,0.0,2026-01-31 10:00:00
2026-02-01 23:00:00,2026-02-01 17:00:00,0.0,0.1762,0.6796,0.4253,ВЭС,37.0,2,7.98,7.225,-0.7167,0.0,2026-01-31 10:00:00
2026-02-02 00:00:00,2026-02-01 18:00:00,0.0,0.1487,0.6636,0.4212,ВЭС,38.0,2,7.8217,7.78,-0.9167,0.0,2026-01-31 10:00:00
2026-02-02 01:00:00,2026-02-01 19:00:00,0.0026,0.1488,0.7099,0.4461,ВЭС,39.0,2,8.2067,7.4,-1.1,0.0,2026-01-31 10:00:00
2026-02-02 02:00:00,2026-02-01 20:00:00,0.0366,0.2524,0.8135,0.519,ВЭС,40.0,2,8.64,6.665,-1.3167,0.0,2026-01-31 10:00:00
2026-02-02 03:00:00,2026-02-01 21:00:00,0.0302,0.3531,0.9005,0.5709,ВЭС,41.0,2,9.1433,5.72,-1.5,0.0,2026-01-31 10:00:00
2026-02-02 04:00:00,2026-02-01 22:00:00,0.0,0.1725,0.8041,0.4461,ВЭС,42.0,3,8.2083,9.84,-2.1833,0.0,2026-01-31 10:00:00
2026-02-02 05:00:00,2026-02-01 23:00:00,0.0193,0.643,0.954,0.6794,ВЭС,43.0,3,9.9217,4.97,-1.9,0.0,2026-01-31 10:00:00
2026-02-02 06:00:00,2026-02-02 00:00:00,0.4473,0.711,0.9573,0.7831,ВЭС,44.0,3,11.5483,0.55,-1.5667,0.0,2026-01-31 10:00:00
2026-02-02 07:00:00,2026-02-02 01:00:00,0.3823,0.5695,0.9559,0.8017,ВЭС,45.0,3,11.8283,1.215,-1.5,0.0,2026-01-31 10:00:00
2026-02-02 08:00:00,2026-02-02 02:00:00,0.2857,0.3891,0.9311,0.8017,ВЭС,46.0,3,11.9667,1.875,-1.1833,0.0,2026-01-31 10:00:00
2026-02-02 09:00:00,2026-02-02 03:00:00,0.3258,0.4422,0.9393,0.8017,ВЭС,47.0,3,11.9317,1.805,0.0,0.0,2026-01-31 10:00:00
2026-02-02 10:00:00,2026-02-02 04:00:00,0.2837,0.522,0.9328,0.8017,ВЭС,48.0,3,11.7033,0.64,2.1167,0.0,2026-01-31 10:00:00
2026-01-31 23:00:00,2026-01-31 17:00:00,0.0,0.0692,0.3257,0.1676,T1,1.0,1,4.5233,4.175,-1.75,0.0,2026-01-31 22:00:00
2026-02-01 00:00:00,2026-01-31 18:00:00,0.0079,0.0153,0.1554,0.115,T1,2.0,1,3.4517,3.885,-2.2167,0.0,2026-01-31 22:00:00
2026-02-01 01:00:00,2026-01-31 19:00:00,0.0087,0.0131,0.082,0.1,T1,3.0,1,3.0683,3.645,-2.4,0.0,2026-01-31 22:00:00
2026-02-01 02:00:00,2026-01-31 20:00:00,0.0077,0.0158,0.0666,0.0835,T1,4.0,1,2.7367,4.935,-2.4667,0.0,2026-01-31 22:00:00
2026-02-01 03:00:00,2026-01-31 21:00:00,0.0079,0.0151,0.069,0.1,T1,5.0,1,2.9817,6.56,-2.55,0.0,2026-01-31 22:00:00
2026-02-01 04:00:00,2026-01-31 22:00:00,0.0083,0.0142,0.0223,0.1275,T1,6.0,1,3.7533,8.46,-2.7333,0.0,2026-01-31 22:00:00
2026-02-01 05:00:00,2026-01-31 23:00:00,0.0096,0.011,0.1679,0.1511,T1,7.0,1,4.28,9.795,-2.75,0.0,2026-01-31 22:00:00
2026-02-01 06:00:00,2026-02-01 00:00:00,0.01,0.01,0.2829,0.1964,T1,8.0,1,5.0167,9.8,-2.7,0.0,2026-01-31 22:00:00
2026-02-01 07:00:00,2026-02-01 01:00:00,0.003,0.01,0.3789,0.2753,T1,9.0,1,6.2083,8.38,-2.7667,0.0,2026-01-31 22:00:00
2026-02-01 08:00:00,2026-02-01 02:00:00,0.0,0.0404,0.3859,0.3725,T1,10.0,1,7.1633,6.175,-2.5167,0.0,2026-01-31 22:00:00
2026-02-01 09:00:00,2026-02-01 03:00:00,0.0,0.1741,0.739,0.4396,T1,11.0,1,8.09,4.44,-1.3667,0.0,2026-01-31 22:00:00
2026-02-01 10:00:00,2026-02-01 04:00:00,0.0,0.2131,0.8073,0.4837,T1,12.0,1,8.4383,4.275,0.6833,0.0,2026-01-31 22:00:00
2026-02-01 11:00:00,2026-02-01 05:00:00,0.0,0.1332,0.7947,0.4212,T1,13.0,1,7.785,4.77,2.5167,0.0,2026-01-31 22:00:00
2026-02-01 12:00:00,2026-02-01 06:00:00,0.0,0.179,0.6843,0.3725,T1,14.0,1,7.175,6.38,3.8,0.0,2026-01-31 22:00:00
2026-02-01 13:00:00,2026-02-01 07:00:00,0.0,0.2284,0.6705,0.3379,T1,15.0,1,6.9333,7.28,4.9,0.0,2026-01-31 22:00:00
2026-02-01 14:00:00,2026-02-01 08:00:00,0.0,0.212,0.6281,0.3243,T1,16.0,1,6.67,7.195,5.6,0.0,2026-01-31 22:00:00
2026-02-01 15:00:00,2026-02-01 09:00:00,0.0,0.1832,0.603,0.3243,T1,17.0,1,6.5467,7.01,5.4833,0.0,2026-01-31 22:00:00
2026-02-01 16:00:00,2026-02-01 10:00:00,0.0,0.4225,0.8045,0.4253,T1,18.0,2,8.0133,5.51,4.55,0.0,2026-01-31 22:00:00
2026-02-01 17:00:00,2026-02-01 11:00:00,0.0,0.3477,0.7845,0.4212,T1,19.0,2,7.855,6.49,3.0667,0.0,2026-01-31 22:00:00
2026-02-01 18:00:00,2026-02-01 12:00:00,0.0,0.3077,0.7461,0.3974,T1,20.0,2,7.5633,7.23,1.55,0.0,2026-01-31 22:00:00
2026-02-01 19:00:00,2026-02-01 13:00:00,0.0,0.2894,0.6855,0.3974,T1,21.0,2,7.6283,6.68,0.4833,0.0,2026-01-31 22:00:00
2026-02-01 20:00:00,2026-02-01 14:00:00,0.0,0.2603,0.6556,0.4253,T1,22.0,2,7.8683,6.36,-0.0667,0.0,2026-01-31 22:00:00
2026-02-01 21:00:00,2026-02-01 15:00:00,0.0,0.2901,0.6853,0.4396,T1,23.0,2,8.1333,6.465,-0.4,0.0,2026-01-31 22:00:00
2026-02-01 22:00:00,2026-02-01 16:00:00,0.0,0.2676,0.7206,0.4461,T1,24.0,2,8.2767,6.59,-0.5667,0.0,2026-01-31 22:00:00
2026-02-01 23:00:00,2026-02-01 17:00:00,0.0,0.1766,0.6803,0.4253,T1,25.0,2,7.98,7.225,-0.7167,0.0,2026-01-31 22:00:00
2026-02-02 00:00:00,2026-02-01 18:00:00,0.0,0.15,0.6644,0.4212,T1,26.0,2,7.8217,7.78,-0.9167,0.0,2026-01-31 22:00:00
2026-02-02 01:00:00,2026-02-01 19:00:00,0.0,0.1501,0.7109,0.4461,T1,27.0,2,8.2067,7.4,-1.1,0.0,2026-01-31 22:00:00
2026-02-02 02:00:00,2026-02-01 20:00:00,0.05,0.2537,0.8155,0.519,T1,28.0,2,8.64,6.665,-1.3167,0.0,2026-01-31 22:00:00
2026-02-02 03:00:00,2026-02-01 21:00:00,0.0545,0.3541,0.9032,0.5709,T1,29.0,2,9.1433,5.72,-1.5,0.0,2026-01-31 22:00:00
2026-02-02 04:00:00,2026-02-01 22:00:00,0.0189,0.4035,0.9167,0.65,T1,30.0,2,9.7017,4.98,-1.6,0.0,2026-01-31 22:00:00
2026-02-02 05:00:00,2026-02-01 23:00:00,0.1118,0.4697,0.9143,0.6898,T1,31.0,2,10.2233,3.81,-1.8,0.0,2026-01-31 22:00:00
2026-02-02 06:00:00,2026-02-02 00:00:00,0.133,0.3224,0.9028,0.7536,T1,32.0,2,10.6017,2.755,-2.0333,0.0,2026-01-31 22:00:00
2026-02-02 07:00:00,2026-02-02 01:00:00,0.2144,0.3371,0.8945,0.7639,T1,33.0,2,10.8383,2.435,-2.1167,0.0,2026-01-31 22:00:00
2026-02-02 08:00:00,2026-02-02 02:00:00,0.2392,0.3554,0.9157,0.7639,T1,34.0,2,11.13,1.97,-1.7167,0.0,2026-01-31 22:00:00
2026-02-02 09:00:00,2026-02-02 03:00:00,0.2488,0.6027,0.9471,0.7831,T1,35.0,2,11.3767,1.435,-0.15,0.0,2026-01-31 22:00:00
2026-02-02 10:00:00,2026-02-02 04:00:00,0.2937,0.5129,0.9443,0.8017,T1,36.0,2,11.855,1.82,2.15,0.0,2026-01-31 22:00:00
2026-02-02 11:00:00,2026-02-02 05:00:00,0.2439,0.8173,0.9555,0.8017,T1,37.0,2,11.9933,2.81,4.1833,0.0,2026-01-31 22:00:00
2026-02-02 12:00:00,2026-02-02 06:00:00,0.2427,0.8233,0.9532,0.8017,T1,38.0,2,11.85,3.925,5.7833,0.0,2026-01-31 22:00:00
2026-02-02 13:00:00,2026-02-02 07:00:00,0.2797,0.85,0.9546,0.8017,T1,39.0,2,12.2017,3.795,6.9167,0.0,2026-01-31 22:00:00
2026-02-02 14:00:00,2026-02-02 08:00:00,0.4259,0.8913,0.966,0.8217,T1,40.0,2,12.425,3.55,7.45,0.0,2026-01-31 22:00:00
2026-02-02 15:00:00,2026-02-02 09:00:00,0.3958,0.8937,0.9685,0.8217,T1,41.0,2,12.3783,3.095,7.1833,0.0,2026-01-31 22:00:00
2026-02-02 16:00:00,2026-02-02 10:00:00,0.1759,0.7518,0.9396,0.7415,T1,42.0,3,10.68,1.745,6.2667,0.0,2026-01-31 22:00:00
2026-02-02 17:00:00,2026-02-02 11:00:00,0.0,0.6482,0.9295,0.6355,T1,43.0,3,9.73,1.37,4.4167,0.0,2026-01-31 22:00:00
2026-02-02 18:00:00,2026-02-02 12:00:00,0.0,0.5244,0.8642,0.5291,T1,44.0,3,8.8867,1.79,2.65,0.0,2026-01-31 22:00:00
2026-02-02 19:00:00,2026-02-02 13:00:00,0.0,0.3306,0.763,0.3725,T1,45.0,3,7.41,1.515,1.4667,0.0,2026-01-31 22:00:00
2026-02-02 20:00:00,2026-02-02 14:00:00,0.0,0.2268,0.5882,0.2936,T1,46.0,3,6.355,1.605,0.6167,0.0,2026-01-31 22:00:00
2026-02-02 21:00:00,2026-02-02 15:00:00,0.0,0.1527,0.5011,0.2388,T1,47.0,3,5.8717,2.635,0.2167,0.0,2026-01-31 22:00:00
2026-02-02 22:00:00,2026-02-02 16:00:00,0.0,0.0885,0.4517,0.2388,T1,48.0,3,5.7933,3.25,0.15,0.0,2026-01-31 22:00:00
2026-01-31 23:00:00,2026-01-31 17:00:00,0.0,0.0685,0.3257,0.1676,T2,1.0,1,4.5233,4.175,-1.75,0.0,2026-01-31 22:00:00
2026-02-01 00:00:00,2026-01-31 18:00:00,0.0065,0.0146,0.1554,0.115,T2,2.0,1,3.4517,3.885,-2.2167,0.0,2026-01-31 22:00:00
2026-02-01 01:00:00,2026-01-31 19:00:00,0.0065,0.0123,0.082,0.1,T2,3.0,1,3.0683,3.645,-2.4,0.0,2026-01-31 22:00:00
2026-02-01 02:00:00,2026-01-31 20:00:00,0.0053,0.015,0.0666,0.0835,T2,4.0,1,2.7367,4.935,-2.4667,0.0,2026-01-31 22:00:00
2026-02-01 03:00:00,2026-01-31 21:00:00,0.0053,0.0144,0.069,0.1,T2,5.0,1,2.9817,6.56,-2.55,0.0,2026-01-31 22:00:00
2026-02-01 04:00:00,2026-01-31 22:00:00,0.0057,0.0135,0.0223,0.1275,T2,6.0,1,3.7533,8.46,-2.7333,0.0,2026-01-31 22:00:00
2026-02-01 05:00:00,2026-01-31 23:00:00,0.0078,0.0104,0.1672,0.1511,T2,7.0,1,4.28,9.795,-2.75,0.0,2026-01-31 22:00:00
2026-02-01 06:00:00,2026-02-01 00:00:00,0.0081,0.0115,0.2809,0.1964,T2,8.0,1,5.0167,9.8,-2.7,0.0,2026-01-31 22:00:00
2026-02-01 07:00:00,2026-02-01 01:00:00,0.0026,0.0091,0.3754,0.2753,T2,9.0,1,6.2083,8.38,-2.7667,0.0,2026-01-31 22:00:00
2026-02-01 08:00:00,2026-02-01 02:00:00,0.0,0.0361,0.3852,0.3725,T2,10.0,1,7.1633,6.175,-2.5167,0.0,2026-01-31 22:00:00
2026-02-01 09:00:00,2026-02-01 03:00:00,0.0,0.1706,0.7383,0.4396,T2,11.0,1,8.09,4.44,-1.3667,0.0,2026-01-31 22:00:00
2026-02-01 10:00:00,2026-02-01 04:00:00,0.0,0.2102,0.8048,0.4837,T2,12.0,1,8.4383,4.275,0.6833,0.0,2026-01-31 22:00:00
2026-02-01 11:00:00,2026-02-01 05:00:00,0.0,0.1342,0.7933,0.4212,T2,13.0,1,7.785,4.77,2.5167,0.0,2026-01-31 22:00:00
2026-02-01 12:00:00,2026-02-01 06:00:00,0.0,0.1822,0.6828,0.3725,T2,14.0,1,7.175,6.38,3.8,0.0,2026-01-31 22:00:00
2026-02-01 13:00:00,2026-02-01 07:00:00,0.0,0.2305,0.669,0.3379,T2,15.0,1,6.9333,7.28,4.9,0.0,2026-01-31 22:00:00
2026-02-01 14:00:00,2026-02-01 08:00:00,0.0,0.214,0.6274,0.3243,T2,16.0,1,6.67,7.195,5.6,0.0,2026-01-31 22:00:00
2026-02-01 15:00:00,2026-02-01 09:00:00,0.0,0.1867,0.603,0.3243,T2,17.0,1,6.5467,7.01,5.4833,0.0,2026-01-31 22:00:00
2026-02-01 16:00:00,2026-02-01 10:00:00,0.0,0.4112,0.8031,0.4253,T2,18.0,2,8.0133,5.51,4.55,0.0,2026-01-31 22:00:00
2026-02-01 17:00:00,2026-02-01 11:00:00,0.0,0.327,0.7831,0.4212,T2,19.0,2,7.855,6.49,3.0667,0.0,2026-01-31 22:00:00
2026-02-01 18:00:00,2026-02-01 12:00:00,0.0,0.2917,0.7455,0.3974,T2,20.0,2,7.5633,7.23,1.55,0.0,2026-01-31 22:00:00
2026-02-01 19:00:00,2026-02-01 13:00:00,0.0,0.2855,0.6855,0.3974,T2,21.0,2,7.6283,6.68,0.4833,0.0,2026-01-31 22:00:00
2026-02-01 20:00:00,2026-02-01 14:00:00,0.0,0.2602,0.6556,0.4253,T2,22.0,2,7.8683,6.36,-0.0667,0.0,2026-01-31 22:00:00
2026-02-01 21:00:00,2026-02-01 15:00:00,0.0,0.29,0.6843,0.4396,T2,23.0,2,8.1333,6.465,-0.4,0.0,2026-01-31 22:00:00
2026-02-01 22:00:00,2026-02-01 16:00:00,0.0,0.2668,0.7192,0.4461,T2,24.0,2,8.2767,6.59,-0.5667,0.0,2026-01-31 22:00:00
2026-02-01 23:00:00,2026-02-01 17:00:00,0.0,0.1757,0.6789,0.4253,T2,25.0,2,7.98,7.225,-0.7167,0.0,2026-01-31 22:00:00
2026-02-02 00:00:00,2026-02-01 18:00:00,0.0,0.1475,0.6629,0.4212,T2,26.0,2,7.8217,7.78,-0.9167,0.0,2026-01-31 22:00:00
2026-02-02 01:00:00,2026-02-01 19:00:00,0.0053,0.1476,0.7089,0.4461,T2,27.0,2,8.2067,7.4,-1.1,0.0,2026-01-31 22:00:00
2026-02-02 02:00:00,2026-02-01 20:00:00,0.0233,0.2511,0.8115,0.519,T2,28.0,2,8.64,6.665,-1.3167,0.0,2026-01-31 22:00:00
2026-02-02 03:00:00,2026-02-01 21:00:00,0.006,0.3521,0.8978,0.5709,T2,29.0,2,9.1433,5.72,-1.5,0.0,2026-01-31 22:00:00
2026-02-02 04:00:00,2026-02-01 22:00:00,0.0089,0.4015,0.9111,0.65,T2,30.0,2,9.7017,4.98,-1.6,0.0,2026-01-31 22:00:00
2026-02-02 05:00:00,2026-02-01 23:00:00,0.0791,0.4677,0.9109,0.6898,T2,31.0,2,10.2233,3.81,-1.8,0.0,2026-01-31 22:00:00
2026-02-02 06:00:00,2026-02-02 00:00:00,0.1452,0.3169,0.8982,0.7536,T2,32.0,2,10.6017,2.755,-2.0333,0.0,2026-01-31 22:00:00
2026-02-02 07:00:00,2026-02-02 01:00:00,0.1865,0.3319,0.89,0.7639,T2,33.0,2,10.8383,2.435,-2.1167,0.0,2026-01-31 22:00:00
2026-02-02 08:00:00,2026-02-02 02:00:00,0.1756,0.3502,0.9111,0.7639,T2,34.0,2,11.13,1.97,-1.7167,0.0,2026-01-31 22:00:00
2026-02-02 09:00:00,2026-02-02 03:00:00,0.2525,0.5991,0.9399,0.7831,T2,35.0,2,11.3767,1.435,-0.15,0.0,2026-01-31 22:00:00
2026-02-02 10:00:00,2026-02-02 04:00:00,0.2114,0.5103,0.9386,0.8017,T2,36.0,2,11.855,1.82,2.15,0.0,2026-01-31 22:00:00
2026-02-02 11:00:00,2026-02-02 05:00:00,0.1732,0.8171,0.9501,0.8017,T2,37.0,2,11.9933,2.81,4.1833,0.0,2026-01-31 22:00:00
2026-02-02 12:00:00,2026-02-02 06:00:00,0.1283,0.8236,0.9464,0.8017,T2,38.0,2,11.85,3.925,5.7833,0.0,2026-01-31 22:00:00
2026-02-02 13:00:00,2026-02-02 07:00:00,0.3189,0.851,0.9457,0.8017,T2,39.0,2,12.2017,3.795,6.9167,0.0,2026-01-31 22:00:00
2026-02-02 14:00:00,2026-02-02 08:00:00,0.4255,0.8879,0.9568,0.8217,T2,40.0,2,12.425,3.55,7.45,0.0,2026-01-31 22:00:00
2026-02-02 15:00:00,2026-02-02 09:00:00,0.3769,0.895,0.9592,0.8217,T2,41.0,2,12.3783,3.095,7.1833,0.0,2026-01-31 22:00:00
2026-02-02 16:00:00,2026-02-02 10:00:00,0.114,0.7543,0.9374,0.7415,T2,42.0,3,10.68,1.745,6.2667,0.0,2026-01-31 22:00:00
2026-02-02 17:00:00,2026-02-02 11:00:00,0.0,0.6255,0.9281,0.6355,T2,43.0,3,9.73,1.37,4.4167,0.0,2026-01-31 22:00:00
2026-02-02 18:00:00,2026-02-02 12:00:00,0.0,0.5006,0.8632,0.5291,T2,44.0,3,8.8867,1.79,2.65,0.0,2026-01-31 22:00:00
2026-02-02 19:00:00,2026-02-02 13:00:00,0.0,0.3236,0.7627,0.3725,T2,45.0,3,7.41,1.515,1.4667,0.0,2026-01-31 22:00:00
2026-02-02 20:00:00,2026-02-02 14:00:00,0.0,0.2246,0.5879,0.2936,T2,46.0,3,6.355,1.605,0.6167,0.0,2026-01-31 22:00:00
2026-02-02 21:00:00,2026-02-02 15:00:00,0.0,0.1506,0.5008,0.2388,T2,47.0,3,5.8717,2.635,0.2167,0.0,2026-01-31 22:00:00
2026-02-02 22:00:00,2026-02-02 16:00:00,0.0,0.0857,0.4517,0.2388,T2,48.0,3,5.7933,3.25,0.15,0.0,2026-01-31 22:00:00
2026-01-31 23:00:00,2026-01-31 17:00:00,0.0,0.0688,0.3257,0.1676,ВЭС,1.0,1,4.5233,4.175,-1.75,0.0,2026-01-31 22:00:00
2026-02-01 00:00:00,2026-01-31 18:00:00,0.0072,0.0149,0.1554,0.115,ВЭС,2.0,1,3.4517,3.885,-2.2167,0.0,2026-01-31 22:00:00
2026-02-01 01:00:00,2026-01-31 19:00:00,0.0076,0.0127,0.082,0.1,ВЭС,3.0,1,3.0683,3.645,-2.4,0.0,2026-01-31 22:00:00
2026-02-01 02:00:00,2026-01-31 20:00:00,0.0065,0.0154,0.0666,0.0835,ВЭС,4.0,1,2.7367,4.935,-2.4667,0.0,2026-01-31 22:00:00
2026-02-01 03:00:00,2026-01-31 21:00:00,0.0066,0.0148,0.069,0.1,ВЭС,5.0,1,2.9817,6.56,-2.55,0.0,2026-01-31 22:00:00
2026-02-01 04:00:00,2026-01-31 22:00:00,0.007,0.0138,0.0223,0.1275,ВЭС,6.0,1,3.7533,8.46,-2.7333,0.0,2026-01-31 22:00:00
2026-02-01 05:00:00,2026-01-31 23:00:00,0.0087,0.0107,0.1676,0.1511,ВЭС,7.0,1,4.28,9.795,-2.75,0.0,2026-01-31 22:00:00
2026-02-01 06:00:00,2026-02-01 00:00:00,0.009,0.0107,0.2819,0.1964,ВЭС,8.0,1,5.0167,9.8,-2.7,0.0,2026-01-31 22:00:00
2026-02-01 07:00:00,2026-02-01 01:00:00,0.0028,0.0096,0.3771,0.2753,ВЭС,9.0,1,6.2083,8.38,-2.7667,0.0,2026-01-31 22:00:00
2026-02-01 08:00:00,2026-02-01 02:00:00,0.0,0.0383,0.3856,0.3725,ВЭС,10.0,1,7.1633,6.175,-2.5167,0.0,2026-01-31 22:00:00
2026-02-01 09:00:00,2026-02-01 03:00:00,0.0,0.1724,0.7386,0.4396,ВЭС,11.0,1,8.09,4.44,-1.3667,0.0,2026-01-31 22:00:00
2026-02-01 10:00:00,2026-02-01 04:00:00,0.0,0.2117,0.806,0.4837,ВЭС,12.0,1,8.4383,4.275,0.6833,0.0,2026-01-31 22:00:00
2026-02-01 11:00:00,2026-02-01 05:00:00,0.0,0.1337,0.794,0.4212,ВЭС,13.0,1,7.785,4.77,2.5167,0.0,2026-01-31 22:00:00
2026-02-01 12:00:00,2026-02-01 06:00:00,0.0,0.1806,0.6835,0.3725,ВЭС,14.0,1,7.175,6.38,3.8,0.0,2026-01-31 22:00:00
2026-02-01 13:00:00,2026-02-01 07:00:00,0.0,0.2295,0.6698,0.3379,ВЭС,15.0,1,6.9333,7.28,4.9,0.0,2026-01-31 22:00:00
2026-02-01 14:00:00,2026-02-01 08:00:00,0.0,0.213,0.6278,0.3243,ВЭС,16.0,1,6.67,7.195,5.6,0.0,2026-01-31 22:00:00
2026-02-01 15:00:00,2026-02-01 09:00:00,0.0,0.1849,0.603,0.3243,ВЭС,17.0,1,6.5467,7.01,5.4833,0.0,2026-01-31 22:00:00
2026-02-01 16:00:00,2026-02-01 10:00:00,0.0,0.4168,0.8038,0.4253,ВЭС,18.0,2,8.0133,5.51,4.55,0.0,2026-01-31 22:00:00
2026-02-01 17:00:00,2026-02-01 11:00:00,0.0,0.3374,0.7838,0.4212,ВЭС,19.0,2,7.855,6.49,3.0667,0.0,2026-01-31 22:00:00
2026-02-01 18:00:00,2026-02-01 12:00:00,0.0,0.2997,0.7458,0.3974,ВЭС,20.0,2,7.5633,7.23,1.55,0.0,2026-01-31 22:00:00
2026-02-01 19:00:00,2026-02-01 13:00:00,0.0,0.2874,0.6855,0.3974,ВЭС,21.0,2,7.6283,6.68,0.4833,0.0,2026-01-31 22:00:00
2026-02-01 20:00:00,2026-02-01 14:00:00,0.0,0.2603,0.6556,0.4253,ВЭС,22.0,2,7.8683,6.36,-0.0667,0.0,2026-01-31 22:00:00
2026-02-01 21:00:00,2026-02-01 15:00:00,0.0,0.2901,0.6848,0.4396,ВЭС,23.0,2,8.1333,6.465,-0.4,0.0,2026-01-31 22:00:00
2026-02-01 22:00:00,2026-02-01 16:00:00,0.0,0.2672,0.7199,0.4461,ВЭС,24.0,2,8.2767,6.59,-0.5667,0.0,2026-01-31 22:00:00
2026-02-01 23:00:00,2026-02-01 17:00:00,0.0,0.1762,0.6796,0.4253,ВЭС,25.0,2,7.98,7.225,-0.7167,0.0,2026-01-31 22:00:00
2026-02-02 00:00:00,2026-02-01 18:00:00,0.0,0.1487,0.6636,0.4212,ВЭС,26.0,2,7.8217,7.78,-0.9167,0.0,2026-01-31 22:00:00
2026-02-02 01:00:00,2026-02-01 19:00:00,0.0026,0.1488,0.7099,0.4461,ВЭС,27.0,2,8.2067,7.4,-1.1,0.0,2026-01-31 22:00:00
2026-02-02 02:00:00,2026-02-01 20:00:00,0.0366,0.2524,0.8135,0.519,ВЭС,28.0,2,8.64,6.665,-1.3167,0.0,2026-01-31 22:00:00
2026-02-02 03:00:00,2026-02-01 21:00:00,0.0302,0.3531,0.9005,0.5709,ВЭС,29.0,2,9.1433,5.72,-1.5,0.0,2026-01-31 22:00:00
2026-02-02 04:00:00,2026-02-01 22:00:00,0.0139,0.4025,0.9139,0.65,ВЭС,30.0,2,9.7017,4.98,-1.6,0.0,2026-01-31 22:00:00
2026-02-02 05:00:00,2026-02-01 23:00:00,0.0955,0.4687,0.9126,0.6898,ВЭС,31.0,2,10.2233,3.81,-1.8,0.0,2026-01-31 22:00:00
2026-02-02 06:00:00,2026-02-02 00:00:00,0.1391,0.3197,0.9005,0.7536,ВЭС,32.0,2,10.6017,2.755,-2.0333,0.0,2026-01-31 22:00:00
2026-02-02 07:00:00,2026-02-02 01:00:00,0.2005,0.3345,0.8922,0.7639,ВЭС,33.0,2,10.8383,2.435,-2.1167,0.0,2026-01-31 22:00:00
2026-02-02 08:00:00,2026-02-02 02:00:00,0.2074,0.3528,0.9134,0.7639,ВЭС,34.0,2,11.13,1.97,-1.7167,0.0,2026-01-31 22:00:00
2026-02-02 09:00:00,2026-02-02 03:00:00,0.2507,0.6009,0.9435,0.7831,ВЭС,35.0,2,11.3767,1.435,-0.15,0.0,2026-01-31 22:00:00
2026-02-02 10:00:00,2026-02-02 04:00:00,0.2525,0.5116,0.9415,0.8017,ВЭС,36.0,2,11.855,1.82,2.15,0.0,2026-01-31 22:00:00
2026-02-02 11:00:00,2026-02-02 05:00:00,0.2085,0.8172,0.9528,0.8017,ВЭС,37.0,2,11.9933,2.81,4.1833,0.0,2026-01-31 22:00:00
2026-02-02 12:00:00,2026-02-02 06:00:00,0.1855,0.8234,0.9498,0.8017,ВЭС,38.0,2,11.85,3.925,5.7833,0.0,2026-01-31 22:00:00
2026-02-02 13:00:00,2026-02-02 07:00:00,0.2993,0.8505,0.9502,0.8017,ВЭС,39.0,2,12.2017,3.795,6.9167,0.0,2026-01-31 22:00:00
2026-02-02 14:00:00,2026-02-02 08:00:00,0.4257,0.8896,0.9614,0.8217,ВЭС,40.0,2,12.425,3.55,7.45,0.0,2026-01-31 22:00:00
2026-02-02 15:00:00,2026-02-02 09:00:00,0.3864,0.8943,0.9638,0.8217,ВЭС,41.0,2,12.3783,3.095,7.1833,0.0,2026-01-31 22:00:00
2026-02-02 16:00:00,2026-02-02 10:00:00,0.1449,0.753,0.9385,0.7415,ВЭС,42.0,3,10.68,1.745,6.2667,0.0,2026-01-31 22:00:00
2026-02-02 17:00:00,2026-02-02 11:00:00,0.0,0.6369,0.9288,0.6355,ВЭС,43.0,3,9.73,1.37,4.4167,0.0,2026-01-31 22:00:00
2026-02-02 18:00:00,2026-02-02 12:00:00,0.0,0.5125,0.8637,0.5291,ВЭС,44.0,3,8.8867,1.79,2.65,0.0,2026-01-31 22:00:00
2026-02-02 19:00:00,2026-02-02 13:00:00,0.0,0.3271,0.7629,0.3725,ВЭС,45.0,3,7.41,1.515,1.4667,0.0,2026-01-31 22:00:00
2026-02-02 20:00:00,2026-02-02 14:00:00,0.0,0.2257,0.5881,0.2936,ВЭС,46.0,3,6.355,1.605,0.6167,0.0,2026-01-31 22:00:00
2026-02-02 21:00:00,2026-02-02 15:00:00,0.0,0.1516,0.501,0.2388,ВЭС,47.0,3,5.8717,2.635,0.2167,0.0,2026-01-31 22:00:00
2026-02-02 22:00:00,2026-02-02 16:00:00,0.0,0.0871,0.4517,0.2388,ВЭС,48.0,3,5.7933,3.25,0.15,0.0,2026-01-31 22:00:00
2026-02-01 11:00:00,2026-02-01 05:00:00,0.0,0.1332,0.7947,0.4212,T1,1.0,1,7.785,4.77,2.5167,0.0,2026-02-01 10:00:00
2026-02-01 12:00:00,2026-02-01 06:00:00,0.0,0.179,0.6843,0.3725,T1,2.0,1,7.175,6.38,3.8,0.0,2026-02-01 10:00:00
2026-02-01 13:00:00,2026-02-01 07:00:00,0.0,0.2284,0.6705,0.3379,T1,3.0,1,6.9333,7.28,4.9,0.0,2026-02-01 10:00:00
2026-02-01 14:00:00,2026-02-01 08:00:00,0.0,0.212,0.6281,0.3243,T1,4.0,1,6.67,7.195,5.6,0.0,2026-02-01 10:00:00
2026-02-01 15:00:00,2026-02-01 09:00:00,0.0,0.1832,0.603,0.3243,T1,5.0,1,6.5467,7.01,5.4833,0.0,2026-02-01 10:00:00
2026-02-01 16:00:00,2026-02-01 10:00:00,0.0,0.1861,0.6663,0.3243,T1,6.0,1,6.755,6.76,4.4333,0.0,2026-02-01 10:00:00
2026-02-01 17:00:00,2026-02-01 11:00:00,0.0,0.2176,0.5887,0.3243,T1,7.0,1,6.6033,6.61,2.85,0.0,2026-02-01 10:00:00
2026-02-01 18:00:00,2026-02-01 12:00:00,0.0,0.1879,0.5641,0.3243,T1,8.0,1,6.535,6.6,1.4,0.0,2026-02-01 10:00:00
2026-02-01 19:00:00,2026-02-01 13:00:00,0.0,0.2357,0.6029,0.3379,T1,9.0,1,6.9033,6.135,0.55,0.0,2026-02-01 10:00:00
2026-02-01 20:00:00,2026-02-01 14:00:00,0.0,0.2266,0.587,0.3725,T1,10.0,1,7.175,5.495,0.0833,0.0,2026-02-01 10:00:00
2026-02-01 21:00:00,2026-02-01 15:00:00,0.0,0.2009,0.5972,0.3725,T1,11.0,1,7.4117,5.075,-0.1833,0.0,2026-02-01 10:00:00
2026-02-01 22:00:00,2026-02-01 16:00:00,0.08,0.2658,0.6569,0.3974,T1,12.0,1,7.595,4.875,-0.4167,0.0,2026-02-01 10:00:00
2026-02-01 23:00:00,2026-02-01 17:00:00,0.0496,0.2195,0.6588,0.4212,T1,13.0,1,7.7417,5.0,-0.7,0.0,2026-02-01 10:00:00
2026-02-02 00:00:00,2026-02-01 18:00:00,0.0376,0.1791,0.6595,0.4253,T1,14.0,1,7.8967,5.44,-0.8833,0.0,2026-02-01 10:00:00
2026-02-02 01:00:00,2026-02-01 19:00:00,0.0771,0.1561,0.7081,0.4461,T1,15.0,1,8.2367,6.075,-1.05,0.0,2026-02-01 10:00:00
2026-02-02 02:00:00,2026-02-01 20:00:00,0.0375,0.3065,0.8206,0.5291,T1,16.0,1,8.765,6.07,-1.25,0.0,2026-02-01 10:00:00
2026-02-02 03:00:00,2026-02-01 21:00:00,0.0322,0.5266,0.9275,0.5984,T1,17.0,1,9.435,5.195,-1.5,0.0,2026-02-01 10:00:00
2026-02-02 04:00:00,2026-02-01 22:00:00,0.0189,0.4035,0.9167,0.65,T1,18.0,2,9.7017,4.98,-1.6,0.0,2026-02-01 10:00:00
2026-02-02 05:00:00,2026-02-01 23:00:00,0.1118,0.4697,0.9143,0.6898,T1,19.0,2,10.2233,3.81,-1.8,0.0,2026-02-01 10:00:00
2026-02-02 06:00:00,2026-02-02 00:00:00,0.133,0.3224,0.9028,0.7536,T1,20.0,2,10.6017,2.755,-2.0333,0.0,2026-02-01 10:00:00
2026-02-02 07:00:00,2026-02-02 01:00:00,0.2144,0.3371,0.8945,0.7639,T1,21.0,2,10.8383,2.435,-2.1167,0.0,2026-02-01 10:00:00
2026-02-02 08:00:00,2026-02-02 02:00:00,0.2392,0.3554,0.9157,0.7639,T1,22.0,2,11.13,1.97,-1.7167,0.0,2026-02-01 10:00:00
2026-02-02 09:00:00,2026-02-02 03:00:00,0.2488,0.6027,0.9471,0.7831,T1,23.0,2,11.3767,1.435,-0.15,0.0,2026-02-01 10:00:00
2026-02-02 10:00:00,2026-02-02 04:00:00,0.2937,0.5129,0.9443,0.8017,T1,24.0,2,11.855,1.82,2.15,0.0,2026-02-01 10:00:00
2026-02-02 11:00:00,2026-02-02 05:00:00,0.2439,0.8173,0.9555,0.8017,T1,25.0,2,11.9933,2.81,4.1833,0.0,2026-02-01 10:00:00
2026-02-02 12:00:00,2026-02-02 06:00:00,0.2427,0.8233,0.9532,0.8017,T1,26.0,2,11.85,3.925,5.7833,0.0,2026-02-01 10:00:00
2026-02-02 13:00:00,2026-02-02 07:00:00,0.2797,0.85,0.9546,0.8017,T1,27.0,2,12.2017,3.795,6.9167,0.0,2026-02-01 10:00:00
2026-02-02 14:00:00,2026-02-02 08:00:00,0.4259,0.8913,0.966,0.8217,T1,28.0,2,12.425,3.55,7.45,0.0,2026-02-01 10:00:00
2026-02-02 15:00:00,2026-02-02 09:00:00,0.3958,0.8937,0.9685,0.8217,T1,29.0,2,12.3783,3.095,7.1833,0.0,2026-02-01 10:00:00
2026-02-02 16:00:00,2026-02-02 10:00:00,0.3009,0.9518,0.9703,0.8017,T1,30.0,2,12.2117,2.505,6.05,0.0,2026-02-01 10:00:00
2026-02-02 17:00:00,2026-02-02 11:00:00,0.174,0.8196,0.9384,0.7639,T1,31.0,2,11.2033,1.185,4.3333,0.0,2026-02-01 10:00:00
2026-02-02 18:00:00,2026-02-02 12:00:00,0.0,0.538,0.8031,0.5709,T1,32.0,2,9.3017,2.54,2.6667,0.0,2026-02-01 10:00:00
2026-02-02 19:00:00,2026-02-02 13:00:00,0.0,0.3104,0.7695,0.4057,T1,33.0,2,7.685,4.26,1.5167,0.0,2026-02-01 10:00:00
2026-02-02 20:00:00,2026-02-02 14:00:00,0.0,0.276,0.6358,0.3565,T1,34.0,2,6.9367,4.265,0.8667,0.0,2026-02-01 10:00:00
2026-02-02 21:00:00,2026-02-02 15:00:00,0.0,0.2161,0.6286,0.3243,T1,35.0,2,6.7517,2.975,0.4667,0.0,2026-02-01 10:00:00
2026-02-02 22:00:00,2026-02-02 16:00:00,0.0143,0.2262,0.6413,0.3243,T1,36.0,2,6.7617,1.115,0.0833,0.0,2026-02-01 10:00:00
2026-02-02 23:00:00,2026-02-02 17:00:00,0.0063,0.2295,0.6162,0.3243,T1,37.0,2,6.6333,0.375,-0.15,0.0,2026-02-01 10:00:00
2026-02-03 00:00:00,2026-02-02 18:00:00,0.0,0.2489,0.629,0.3379,T1,38.0,2,6.905,0.77,-0.1667,0.0,2026-02-01 10:00:00
2026-02-03 01:00:00,2026-02-02 19:00:00,0.0089,0.2929,0.7104,0.4253,T1,39.0,2,8.0,1.4,-0.0167,0.0,2026-02-01 10:00:00
2026-02-03 02:00:00,2026-02-02 20:00:00,0.0,0.3274,0.814,0.5417,T1,40.0,2,9.0733,2.21,0.15,0.0,2026-02-01 10:00:00
2026-02-03 03:00:00,2026-02-02 21:00:00,0.0,0.3554,0.8448,0.6301,T1,41.0,2,9.5883,2.335,0.0833,0.0,2026-02-01 10:00:00
2026-02-03 04:00:00,2026-02-02 22:00:00,0.0,0.0838,0.3649,0.2347,T1,42.0,3,5.4483,0.945,-0.4167,0.0,2026-02-01 10:00:00
2026-02-03 05:00:00,2026-02-02 23:00:00,0.0,0.1737,0.6217,0.331,T1,43.0,3,6.7783,0.775,-0.4333,0.0,2026-02-01 10:00:00
2026-02-03 06:00:00,2026-02-03 00:00:00,0.0,0.1071,0.6077,0.3567,T1,44.0,3,6.98,3.01,-0.85,0.0,2026-02-01 10:00:00
2026-02-03 07:00:00,2026-02-03 01:00:00,0.0,0.11,0.4968,0.2732,T1,45.0,3,6.0583,6.64,-1.3,0.0,2026-02-01 10:00:00
2026-02-03 08:00:00,2026-02-03 02:00:00,0.0,0.1004,0.5289,0.2936,T1,46.0,3,6.365,5.385,-1.0333,0.0,2026-02-01 10:00:00
2026-02-03 09:00:00,2026-02-03 03:00:00,0.0,0.1024,0.507,0.2753,T1,47.0,3,6.27,2.995,0.3667,0.0,2026-02-01 10:00:00
2026-02-03 10:00:00,2026-02-03 04:00:00,0.0,0.0531,0.4107,0.1964,T1,48.0,3,5.0817,3.635,2.4833,0.0,2026-02-01 10:00:00
2026-02-01 11:00:00,2026-02-01 05:00:00,0.0,0.1342,0.7933,0.4212,T2,1.0,1,7.785,4.77,2.5167,0.0,2026-02-01 10:00:00
2026-02-01 12:00:00,2026-02-01 06:00:00,0.0,0.1822,0.6828,0.3725,T2,2.0,1,7.175,6.38,3.8,0.0,2026-02-01 10:00:00
2026-02-01 13:00:00,2026-02-01 07:00:00,0.0,0.2305,0.669,0.3379,T2,3.0,1,6.9333,7.28,4.9,0.0,2026-02-01 10:00:00
2026-02-01 14:00:00,2026-02-01 08:00:00,0.0,0.214,0.6274,0.3243,T2,4.0,1,6.67,7.195,5.6,0.0,2026-02-01 10:00:00
2026-02-01 15:00:00,2026-02-01 09:00:00,0.0,0.1867,0.603,0.3243,T2,5.0,1,6.5467,7.01,5.4833,0.0,2026-02-01 10:00:00
2026-02-01 16:00:00,2026-02-01 10:00:00,0.0,0.1852,0.6664,0.3243,T2,6.0,1,6.755,6.76,4.4333,0.0,2026-02-01 10:00:00
2026-02-01 17:00:00,2026-02-01 11:00:00,0.0,0.2116,0.5887,0.3243,T2,7.0,1,6.6033,6.61,2.85,0.0,2026-02-01 10:00:00
2026-02-01 18:00:00,2026-02-01 12:00:00,0.0,0.181,0.5641,0.3243,T2,8.0,1,6.535,6.6,1.4,0.0,2026-02-01 10:00:00
2026-02-01 19:00:00,2026-02-01 13:00:00,0.0,0.2302,0.6029,0.3379,T2,9.0,1,6.9033,6.135,0.55,0.0,2026-02-01 10:00:00
2026-02-01 20:00:00,2026-02-01 14:00:00,0.0,0.2294,0.587,0.3725,T2,10.0,1,7.175,5.495,0.0833,0.0,2026-02-01 10:00:00
2026-02-01 21:00:00,2026-02-01 15:00:00,0.0,0.203,0.5972,0.3725,T2,11.0,1,7.4117,5.075,-0.1833,0.0,2026-02-01 10:00:00
2026-02-01 22:00:00,2026-02-01 16:00:00,0.0,0.2651,0.6569,0.3974,T2,12.0,1,7.595,4.875,-0.4167,0.0,2026-02-01 10:00:00
2026-02-01 23:00:00,2026-02-01 17:00:00,0.0,0.2186,0.6588,0.4212,T2,13.0,1,7.7417,5.0,-0.7,0.0,2026-02-01 10:00:00
2026-02-02 00:00:00,2026-02-01 18:00:00,0.0,0.1766,0.6595,0.4253,T2,14.0,1,7.8967,5.44,-0.8833,0.0,2026-02-01 10:00:00
2026-02-02 01:00:00,2026-02-01 19:00:00,0.0189,0.1536,0.7067,0.4461,T2,15.0,1,8.2367,6.075,-1.05,0.0,2026-02-01 10:00:00
2026-02-02 02:00:00,2026-02-01 20:00:00,0.0143,0.3038,0.8166,0.5291,T2,16.0,1,8.765,6.07,-1.25,0.0,2026-02-01 10:00:00
2026-02-02 03:00:00,2026-02-01 21:00:00,0.0,0.5296,0.9224,0.5984,T2,17.0,1,9.435,5.195,-1.5,0.0,2026-02-01 10:00:00
2026-02-02 04:00:00,2026-02-01 22:00:00,0.0089,0.4015,0.9111,0.65,T2,18.0,2,9.7017,4.98,-1.6,0.0,2026-02-01 10:00:00
2026-02-02 05:00:00,2026-02-01 23:00:00,0.0791,0.4677,0.9109,0.6898,T2,19.0,2,10.2233,3.81,-1.8,0.0,2026-02-01 10:00:00
2026-02-02 06:00:00,2026-02-02 00:00:00,0.1452,0.3169,0.8982,0.7536,T2,20.0,2,10.6017,2.755,-2.0333,0.0,2026-02-01 10:00:00
2026-02-02 07:00:00,2026-02-02 01:00:00,0.1865,0.3319,0.89,0.7639,T2,21.0,2,10.8383,2.435,-2.1167,0.0,2026-02-01 10:00:00
2026-02-02 08:00:00,2026-02-02 02:00:00,0.1756,0.3502,0.9111,0.7639,T2,22.0,2,11.13,1.97,-1.7167,0.0,2026-02-01 10:00:00
2026-02-02 09:00:00,2026-02-02 03:00:00,0.2525,0.5991,0.9399,0.7831,T2,23.0,2,11.3767,1.435,-0.15,0.0,2026-02-01 10:00:00
2026-02-02 10:00:00,2026-02-02 04:00:00,0.2114,0.5103,0.9386,0.8017,T2,24.0,2,11.855,1.82,2.15,0.0,2026-02-01 10:00:00
2026-02-02 11:00:00,2026-02-02 05:00:00,0.1732,0.8171,0.9501,0.8017,T2,25.0,2,11.9933,2.81,4.1833,0.0,2026-02-01 10:00:00
2026-02-02 12:00:00,2026-02-02 06:00:00,0.1283,0.8236,0.9464,0.8017,T2,26.0,2,11.85,3.925,5.7833,0.0,2026-02-01 10:00:00
2026-02-02 13:00:00,2026-02-02 07:00:00,0.3189,0.851,0.9457,0.8017,T2,27.0,2,12.2017,3.795,6.9167,0.0,2026-02-01 10:00:00
2026-02-02 14:00:00,2026-02-02 08:00:00,0.4255,0.8879,0.9568,0.8217,T2,28.0,2,12.425,3.55,7.45,0.0,2026-02-01 10:00:00
2026-02-02 15:00:00,2026-02-02 09:00:00,0.3769,0.895,0.9592,0.8217,T2,29.0,2,12.3783,3.095,7.1833,0.0,2026-02-01 10:00:00
2026-02-02 16:00:00,2026-02-02 10:00:00,0.2054,0.9506,0.9648,0.8017,T2,30.0,2,12.2117,2.505,6.05,0.0,2026-02-01 10:00:00
2026-02-02 17:00:00,2026-02-02 11:00:00,0.1136,0.8226,0.9346,0.7639,T2,31.0,2,11.2033,1.185,4.3333,0.0,2026-02-01 10:00:00
2026-02-02 18:00:00,2026-02-02 12:00:00,0.0,0.5141,0.8025,0.5709,T2,32.0,2,9.3017,2.54,2.6667,0.0,2026-02-01 10:00:00
2026-02-02 19:00:00,2026-02-02 13:00:00,0.0,0.3075,0.7704,0.4057,T2,33.0,2,7.685,4.26,1.5167,0.0,2026-02-01 10:00:00
2026-02-02 20:00:00,2026-02-02 14:00:00,0.0,0.2784,0.6358,0.3565,T2,34.0,2,6.9367,4.265,0.8667,0.0,2026-02-01 10:00:00
2026-02-02 21:00:00,2026-02-02 15:00:00,0.0,0.2179,0.6286,0.3243,T2,35.0,2,6.7517,2.975,0.4667,0.0,2026-02-01 10:00:00
2026-02-02 22:00:00,2026-02-02 16:00:00,0.0,0.2228,0.6413,0.3243,T2,36.0,2,6.7617,1.115,0.0833,0.0,2026-02-01 10:00:00
2026-02-02 23:00:00,2026-02-02 17:00:00,0.0161,0.2266,0.6162,0.3243,T2,37.0,2,6.6333,0.375,-0.15,0.0,2026-02-01 10:00:00
2026-02-03 00:00:00,2026-02-02 18:00:00,0.0078,0.2454,0.6291,0.3379,T2,38.0,2,6.905,0.77,-0.1667,0.0,2026-02-01 10:00:00
2026-02-03 01:00:00,2026-02-02 19:00:00,0.0,0.2895,0.7103,0.4253,T2,39.0,2,8.0,1.4,-0.0167,0.0,2026-02-01 10:00:00
2026-02-03 02:00:00,2026-02-02 20:00:00,0.0077,0.3138,0.813,0.5417,T2,40.0,2,9.0733,2.21,0.15,0.0,2026-02-01 10:00:00
2026-02-03 03:00:00,2026-02-02 21:00:00,0.0208,0.342,0.8424,0.6301,T2,41.0,2,9.5883,2.335,0.0833,0.0,2026-02-01 10:00:00
2026-02-03 04:00:00,2026-02-02 22:00:00,0.0,0.0782,0.3649,0.2347,T2,42.0,3,5.4483,0.945,-0.4167,0.0,2026-02-01 10:00:00
2026-02-03 05:00:00,2026-02-02 23:00:00,0.0,0.1681,0.6217,0.331,T2,43.0,3,6.7783,0.775,-0.4333,0.0,2026-02-01 10:00:00
2026-02-03 06:00:00,2026-02-03 00:00:00,0.0,0.1029,0.6077,0.3567,T2,44.0,3,6.98,3.01,-0.85,0.0,2026-02-01 10:00:00
2026-02-03 07:00:00,2026-02-03 01:00:00,0.0,0.109,0.4968,0.2732,T2,45.0,3,6.0583,6.64,-1.3,0.0,2026-02-01 10:00:00
2026-02-03 08:00:00,2026-02-03 02:00:00,0.0,0.0987,0.5289,0.2936,T2,46.0,3,6.365,5.385,-1.0333,0.0,2026-02-01 10:00:00
2026-02-03 09:00:00,2026-02-03 03:00:00,0.0,0.1006,0.507,0.2753,T2,47.0,3,6.27,2.995,0.3667,0.0,2026-02-01 10:00:00
2026-02-03 10:00:00,2026-02-03 04:00:00,0.0,0.0515,0.4107,0.1964,T2,48.0,3,5.0817,3.635,2.4833,0.0,2026-02-01 10:00:00
2026-02-01 11:00:00,2026-02-01 05:00:00,0.0,0.1337,0.794,0.4212,ВЭС,1.0,1,7.785,4.77,2.5167,0.0,2026-02-01 10:00:00
2026-02-01 12:00:00,2026-02-01 06:00:00,0.0,0.1806,0.6835,0.3725,ВЭС,2.0,1,7.175,6.38,3.8,0.0,2026-02-01 10:00:00
2026-02-01 13:00:00,2026-02-01 07:00:00,0.0,0.2295,0.6698,0.3379,ВЭС,3.0,1,6.9333,7.28,4.9,0.0,2026-02-01 10:00:00
2026-02-01 14:00:00,2026-02-01 08:00:00,0.0,0.213,0.6278,0.3243,ВЭС,4.0,1,6.67,7.195,5.6,0.0,2026-02-01 10:00:00
2026-02-01 15:00:00,2026-02-01 09:00:00,0.0,0.1849,0.603,0.3243,ВЭС,5.0,1,6.5467,7.01,5.4833,0.0,2026-02-01 10:00:00
2026-02-01 16:00:00,2026-02-01 10:00:00,0.0,0.1857,0.6664,0.3243,ВЭС,6.0,1,6.755,6.76,4.4333,0.0,2026-02-01 10:00:00
2026-02-01 17:00:00,2026-02-01 11:00:00,0.0,0.2146,0.5887,0.3243,ВЭС,7.0,1,6.6033,6.61,2.85,0.0,2026-02-01 10:00:00
2026-02-01 18:00:00,2026-02-01 12:00:00,0.0,0.1845,0.5641,0.3243,ВЭС,8.0,1,6.535,6.6,1.4,0.0,2026-02-01 10:00:00
2026-02-01 19:00:00,2026-02-01 13:00:00,0.0,0.233,0.6029,0.3379,ВЭС,9.0,1,6.9033,6.135,0.55,0.0,2026-02-01 10:00:00
2026-02-01 20:00:00,2026-02-01 14:00:00,0.0,0.228,0.587,0.3725,ВЭС,10.0,1,7.175,5.495,0.0833,0.0,2026-02-01 10:00:00
2026-02-01 21:00:00,2026-02-01 15:00:00,0.0,0.2019,0.5972,0.3725,ВЭС,11.0,1,7.4117,5.075,-0.1833,0.0,2026-02-01 10:00:00
2026-02-01 22:00:00,2026-02-01 16:00:00,0.04,0.2654,0.6569,0.3974,ВЭС,12.0,1,7.595,4.875,-0.4167,0.0,2026-02-01 10:00:00
2026-02-01 23:00:00,2026-02-01 17:00:00,0.0248,0.2191,0.6588,0.4212,ВЭС,13.0,1,7.7417,5.0,-0.7,0.0,2026-02-01 10:00:00
2026-02-02 00:00:00,2026-02-01 18:00:00,0.0188,0.1779,0.6595,0.4253,ВЭС,14.0,1,7.8967,5.44,-0.8833,0.0,2026-02-01 10:00:00
2026-02-02 01:00:00,2026-02-01 19:00:00,0.048,0.1549,0.7074,0.4461,ВЭС,15.0,1,8.2367,6.075,-1.05,0.0,2026-02-01 10:00:00
2026-02-02 02:00:00,2026-02-01 20:00:00,0.0259,0.3051,0.8186,0.5291,ВЭС,16.0,1,8.765,6.07,-1.25,0.0,2026-02-01 10:00:00
2026-02-02 03:00:00,2026-02-01 21:00:00,0.0161,0.5281,0.925,0.5984,ВЭС,17.0,1,9.435,5.195,-1.5,0.0,2026-02-01 10:00:00
2026-02-02 04:00:00,2026-02-01 22:00:00,0.0139,0.4025,0.9139,0.65,ВЭС,18.0,2,9.7017,4.98,-1.6,0.0,2026-02-01 10:00:00
2026-02-02 05:00:00,2026-02-01 23:00:00,0.0955,0.4687,0.9126,0.6898,ВЭС,19.0,2,10.2233,3.81,-1.8,0.0,2026-02-01 10:00:00
2026-02-02 06:00:00,2026-02-02 00:00:00,0.1391,0.3197,0.9005,0.7536,ВЭС,20.0,2,10.6017,2.755,-2.0333,0.0,2026-02-01 10:00:00
2026-02-02 07:00:00,2026-02-02 01:00:00,0.2005,0.3345,0.8922,0.7639,ВЭС,21.0,2,10.8383,2.435,-2.1167,0.0,2026-02-01 10:00:00
2026-02-02 08:00:00,2026-02-02 02:00:00,0.2074,0.3528,0.9134,0.7639,ВЭС,22.0,2,11.13,1.97,-1.7167,0.0,2026-02-01 10:00:00
2026-02-02 09:00:00,2026-02-02 03:00:00,0.2507,0.6009,0.9435,0.7831,ВЭС,23.0,2,11.3767,1.435,-0.15,0.0,2026-02-01 10:00:00
2026-02-02 10:00:00,2026-02-02 04:00:00,0.2525,0.5116,0.9415,0.8017,ВЭС,24.0,2,11.855,1.82,2.15,0.0,2026-02-01 10:00:00
2026-02-02 11:00:00,2026-02-02 05:00:00,0.2085,0.8172,0.9528,0.8017,ВЭС,25.0,2,11.9933,2.81,4.1833,0.0,2026-02-01 10:00:00
2026-02-02 12:00:00,2026-02-02 06:00:00,0.1855,0.8234,0.9498,0.8017,ВЭС,26.0,2,11.85,3.925,5.7833,0.0,2026-02-01 10:00:00
2026-02-02 13:00:00,2026-02-02 07:00:00,0.2993,0.8505,0.9502,0.8017,ВЭС,27.0,2,12.2017,3.795,6.9167,0.0,2026-02-01 10:00:00
2026-02-02 14:00:00,2026-02-02 08:00:00,0.4257,0.8896,0.9614,0.8217,ВЭС,28.0,2,12.425,3.55,7.45,0.0,2026-02-01 10:00:00
2026-02-02 15:00:00,2026-02-02 09:00:00,0.3864,0.8943,0.9638,0.8217,ВЭС,29.0,2,12.3783,3.095,7.1833,0.0,2026-02-01 10:00:00
2026-02-02 16:00:00,2026-02-02 10:00:00,0.2532,0.9512,0.9676,0.8017,ВЭС,30.0,2,12.2117,2.505,6.05,0.0,2026-02-01 10:00:00
2026-02-02 17:00:00,2026-02-02 11:00:00,0.1438,0.8211,0.9365,0.7639,ВЭС,31.0,2,11.2033,1.185,4.3333,0.0,2026-02-01 10:00:00
2026-02-02 18:00:00,2026-02-02 12:00:00,0.0,0.5261,0.8028,0.5709,ВЭС,32.0,2,9.3017,2.54,2.6667,0.0,2026-02-01 10:00:00
2026-02-02 19:00:00,2026-02-02 13:00:00,0.0,0.3089,0.7699,0.4057,ВЭС,33.0,2,7.685,4.26,1.5167,0.0,2026-02-01 10:00:00
2026-02-02 20:00:00,2026-02-02 14:00:00,0.0,0.2772,0.6358,0.3565,ВЭС,34.0,2,6.9367,4.265,0.8667,0.0,2026-02-01 10:00:00
2026-02-02 21:00:00,2026-02-02 15:00:00,0.0,0.217,0.6286,0.3243,ВЭС,35.0,2,6.7517,2.975,0.4667,0.0,2026-02-01 10:00:00
2026-02-02 22:00:00,2026-02-02 16:00:00,0.0072,0.2245,0.6413,0.3243,ВЭС,36.0,2,6.7617,1.115,0.0833,0.0,2026-02-01 10:00:00
2026-02-02 23:00:00,2026-02-02 17:00:00,0.0112,0.2281,0.6162,0.3243,ВЭС,37.0,2,6.6333,0.375,-0.15,0.0,2026-02-01 10:00:00
2026-02-03 00:00:00,2026-02-02 18:00:00,0.0039,0.2471,0.6291,0.3379,ВЭС,38.0,2,6.905,0.77,-0.1667,0.0,2026-02-01 10:00:00
2026-02-03 01:00:00,2026-02-02 19:00:00,0.0044,0.2912,0.7103,0.4253,ВЭС,39.0,2,8.0,1.4,-0.0167,0.0,2026-02-01 10:00:00
2026-02-03 02:00:00,2026-02-02 20:00:00,0.0038,0.3206,0.8135,0.5417,ВЭС,40.0,2,9.0733,2.21,0.15,0.0,2026-02-01 10:00:00
2026-02-03 03:00:00,2026-02-02 21:00:00,0.0104,0.3487,0.8436,0.6301,ВЭС,41.0,2,9.5883,2.335,0.0833,0.0,2026-02-01 10:00:00
2026-02-03 04:00:00,2026-02-02 22:00:00,0.0,0.081,0.3649,0.2347,ВЭС,42.0,3,5.4483,0.945,-0.4167,0.0,2026-02-01 10:00:00
2026-02-03 05:00:00,2026-02-02 23:00:00,0.0,0.1709,0.6217,0.331,ВЭС,43.0,3,6.7783,0.775,-0.4333,0.0,2026-02-01 10:00:00
2026-02-03 06:00:00,2026-02-03 00:00:00,0.0,0.105,0.6077,0.3567,ВЭС,44.0,3,6.98,3.01,-0.85,0.0,2026-02-01 10:00:00
2026-02-03 07:00:00,2026-02-03 01:00:00,0.0,0.1095,0.4968,0.2732,ВЭС,45.0,3,6.0583,6.64,-1.3,0.0,2026-02-01 10:00:00
2026-02-03 08:00:00,2026-02-03 02:00:00,0.0,0.0996,0.5289,0.2936,ВЭС,46.0,3,6.365,5.385,-1.0333,0.0,2026-02-01 10:00:00
2026-02-03 09:00:00,2026-02-03 03:00:00,0.0,0.1015,0.507,0.2753,ВЭС,47.0,3,6.27,2.995,0.3667,0.0,2026-02-01 10:00:00
2026-02-03 10:00:00,2026-02-03 04:00:00,0.0,0.0523,0.4107,0.1964,ВЭС,48.0,3,5.0817,3.635,2.4833,0.0,2026-02-01 10:00:00
2026-02-01 23:00:00,2026-02-01 17:00:00,0.0496,0.2195,0.6588,0.4212,T1,1.0,1,7.7417,5.0,-0.7,0.0,2026-02-01 22:00:00
2026-02-02 00:00:00,2026-02-01 18:00:00,0.0376,0.1791,0.6595,0.4253,T1,2.0,1,7.8967,5.44,-0.8833,0.0,2026-02-01 22:00:00
2026-02-02 01:00:00,2026-02-01 19:00:00,0.0771,0.1561,0.7081,0.4461,T1,3.0,1,8.2367,6.075,-1.05,0.0,2026-02-01 22:00:00
2026-02-02 02:00:00,2026-02-01 20:00:00,0.0375,0.3065,0.8206,0.5291,T1,4.0,1,8.765,6.07,-1.25,0.0,2026-02-01 22:00:00
2026-02-02 03:00:00,2026-02-01 21:00:00,0.0322,0.5266,0.9275,0.5984,T1,5.0,1,9.435,5.195,-1.5,0.0,2026-02-01 22:00:00
2026-02-02 04:00:00,2026-02-01 22:00:00,0.0962,0.7667,0.9496,0.681,T1,6.0,1,10.0883,4.19,-1.7333,0.0,2026-02-01 22:00:00
2026-02-02 05:00:00,2026-02-01 23:00:00,0.3521,0.7857,0.9547,0.7536,T1,7.0,1,10.7333,3.19,-1.8,0.0,2026-02-01 22:00:00
2026-02-02 06:00:00,2026-02-02 00:00:00,0.3524,0.6877,0.9585,0.7639,T1,8.0,1,11.2983,2.395,-1.8,0.0,2026-02-01 22:00:00
2026-02-02 07:00:00,2026-02-02 01:00:00,0.2709,0.5876,0.9549,0.8017,T1,9.0,1,11.6167,2.105,-1.8667,0.0,2026-02-01 22:00:00
2026-02-02 08:00:00,2026-02-02 02:00:00,0.3285,0.5775,0.9528,0.8017,T1,10.0,1,11.925,2.36,-1.4667,0.0,2026-02-01 22:00:00
2026-02-02 09:00:00,2026-02-02 03:00:00,0.3819,0.6671,0.9609,0.8017,T1,11.0,1,12.1283,2.26,-0.0667,0.0,2026-02-01 22:00:00
2026-02-02 10:00:00,2026-02-02 04:00:00,0.3091,0.5972,0.9538,0.8291,T1,12.0,1,12.3433,2.555,2.05,0.0,2026-02-01 22:00:00
2026-02-02 11:00:00,2026-02-02 05:00:00,0.3283,0.8983,0.9579,0.8017,T1,13.0,1,12.1933,2.875,4.3167,0.0,2026-02-01 22:00:00
2026-02-02 12:00:00,2026-02-02 06:00:00,0.4068,0.872,0.9607,0.8017,T1,14.0,1,12.09,3.315,6.1167,0.0,2026-02-01 22:00:00
2026-02-02 13:00:00,2026-02-02 07:00:00,0.5774,0.9661,0.9679,0.8291,T1,15.0,1,12.435,3.67,7.2,0.0,2026-02-01 22:00:00
2026-02-02 14:00:00,2026-02-02 08:00:00,0.6212,0.9594,0.9672,0.8291,T1,16.0,1,12.47,3.695,7.6833,0.0,2026-02-01 22:00:00
2026-02-02 15:00:00,2026-02-02 09:00:00,0.5017,0.9468,0.9635,0.8017,T1,17.0,1,12.13,2.785,7.45,0.0,2026-02-01 22:00:00
2026-02-02 16:00:00,2026-02-02 10:00:00,0.3009,0.9518,0.9703,0.8017,T1,18.0,2,12.2117,2.505,6.05,0.0,2026-02-01 22:00:00
2026-02-02 17:00:00,2026-02-02 11:00:00,0.174,0.8196,0.9384,0.7639,T1,19.0,2,11.2033,1.185,4.3333,0.0,2026-02-01 22:00:00
2026-02-02 18:00:00,2026-02-02 12:00:00,0.0,0.538,0.8031,0.5709,T1,20.0,2,9.3017,2.54,2.6667,0.0,2026-02-01 22:00:00
2026-02-02 19:00:00,2026-02-02 13:00:00,0.0,0.3104,0.7695,0.4057,T1,21.0,2,7.685,4.26,1.5167,0.0,2026-02-01 22:00:00
2026-02-02 20:00:00,2026-02-02 14:00:00,0.0,0.276,0.6358,0.3565,T1,22.0,2,6.9367,4.265,0.8667,0.0,2026-02-01 22:00:00
2026-02-02 21:00:00,2026-02-02 15:00:00,0.0,0.2161,0.6286,0.3243,T1,23.0,2,6.7517,2.975,0.4667,0.0,2026-02-01 22:00:00
2026-02-02 22:00:00,2026-02-02 16:00:00,0.0143,0.2262,0.6413,0.3243,T1,24.0,2,6.7617,1.115,0.0833,0.0,2026-02-01 22:00:00
2026-02-02 23:00:00,2026-02-02 17:00:00,0.0063,0.2295,0.6162,0.3243,T1,25.0,2,6.6333,0.375,-0.15,0.0,2026-02-01 22:00:00
2026-02-03 00:00:00,2026-02-02 18:00:00,0.0,0.2489,0.629,0.3379,T1,26.0,2,6.905,0.77,-0.1667,0.0,2026-02-01 22:00:00
2026-02-03 01:00:00,2026-02-02 19:00:00,0.0089,0.2929,0.7104,0.4253,T1,27.0,2,8.0,1.4,-0.0167,0.0,2026-02-01 22:00:00
2026-02-03 02:00:00,2026-02-02 20:00:00,0.0,0.3274,0.814,0.5417,T1,28.0,2,9.0733,2.21,0.15,0.0,2026-02-01 22:00:00
2026-02-03 03:00:00,2026-02-02 21:00:00,0.0,0.3554,0.8448,0.6301,T1,29.0,2,9.5883,2.335,0.0833,0.0,2026-02-01 22:00:00
2026-02-03 04:00:00,2026-02-02 22:00:00,0.019,0.3661,0.8523,0.6587,T1,30.0,2,9.845,2.465,-0.1333,0.0,2026-02-01 22:00:00
2026-02-03 05:00:00,2026-02-02 23:00:00,0.0,0.2697,0.8065,0.5984,T1,31.0,2,9.4667,3.59,-0.4,0.0,2026-02-01 22:00:00
2026-02-03 06:00:00,2026-02-03 00:00:00,0.0,0.0944,0.6361,0.4461,T1,32.0,2,8.2667,6.705,-0.7667,0.0,2026-02-01 22:00:00
2026-02-03 07:00:00,2026-02-03 01:00:00,0.0,0.0713,0.5961,0.3567,T1,33.0,2,7.0717,8.76,-1.2667,0.0,2026-02-01 22:00:00
2026-02-03 08:00:00,2026-02-03 02:00:00,0.0,0.091,0.4307,0.3243,T1,34.0,2,6.5733,7.275,-1.2833,0.0,2026-02-01 22:00:00
2026-02-03 09:00:00,2026-02-03 03:00:00,0.0,0.0724,0.2881,0.2678,T1,35.0,2,6.015,4.725,0.0167,0.0,2026-02-01 22:00:00
2026-02-03 10:00:00,2026-02-03 04:00:00,0.0,0.0355,0.3346,0.1852,T1,36.0,2,4.7533,4.515,2.25,0.0,2026-02-01 22:00:00
2026-02-03 11:00:00,2026-02-03 05:00:00,0.0092,0.0121,0.2401,0.1275,T1,37.0,2,3.645,6.82,4.4167,0.0,2026-02-01 22:00:00
2026-02-03 12:00:00,2026-02-03 06:00:00,0.0097,0.0108,0.1071,0.1082,T1,38.0,2,3.195,7.45,6.0833,0.0,2026-02-01 22:00:00
2026-02-03 13:00:00,2026-02-03 07:00:00,0.0083,0.0142,0.1214,0.1082,T1,39.0,2,3.2767,6.325,7.2333,0.0,2026-02-01 22:00:00
2026-02-03 14:00:00,2026-02-03 08:00:00,0.0051,0.0222,0.108,0.115,T1,40.0,2,3.43,5.26,7.7833,0.0,2026-02-01 22:00:00
2026-02-03 15:00:00,2026-02-03 09:00:00,0.0025,0.0287,0.148,0.1275,T1,41.0,2,3.755,3.43,7.55,0.0,2026-02-01 22:00:00
2026-02-03 16:00:00,2026-02-03 10:00:00,0.0,0.0841,0.3566,0.1381,T1,42.0,3,4.06,4.09,5.65,0.0,2026-02-01 22:00:00
2026-02-03 17:00:00,2026-02-03 11:00:00,0.0,0.1561,0.5633,0.2111,T1,43.0,3,5.1483,4.055,4.25,0.0,2026-02-01 22:00:00
2026-02-03 18:00:00,2026-02-03 12:00:00,0.0,0.2076,0.6745,0.2388,T1,44.0,3,5.7717,3.575,3.15,0.0,2026-02-01 22:00:00
2026-02-03 19:00:00,2026-02-03 13:00:00,0.0,0.2168,0.6767,0.2678,T1,45.0,3,5.9933,2.095,2.5,0.0,2026-02-01 22:00:00
2026-02-03 20:00:00,2026-02-03 14:00:00,0.0,0.1885,0.5987,0.2388,T1,46.0,3,5.7867,0.36,2.1333,0.0,2026-02-01 22:00:00
2026-02-03 21:00:00,2026-02-03 15:00:00,0.0051,0.1544,0.5381,0.2111,T1,47.0,3,5.3017,1.245,1.8333,0.0,2026-02-01 22:00:00
2026-02-03 22:00:00,2026-02-03 16:00:00,0.0,0.1433,0.4975,0.1864,T1,48.0,3,4.8683,2.555,1.5833,0.0,2026-02-01 22:00:00
2026-02-01 23:00:00,2026-02-01 17:00:00,0.0,0.2186,0.6588,0.4212,T2,1.0,1,7.7417,5.0,-0.7,0.0,2026-02-01 22:00:00
2026-02-02 00:00:00,2026-02-01 18:00:00,0.0,0.1766,0.6595,0.4253,T2,2.0,1,7.8967,5.44,-0.8833,0.0,2026-02-01 22:00:00
2026-02-02 01:00:00,2026-02-01 19:00:00,0.0189,0.1536,0.7067,0.4461,T2,3.0,1,8.2367,6.075,-1.05,0.0,2026-02-01 22:00:00
2026-02-02 02:00:00,2026-02-01 20:00:00,0.0143,0.3038,0.8166,0.5291,T2,4.0,1,8.765,6.07,-1.25,0.0,2026-02-01 22:00:00
2026-02-02 03:00:00,2026-02-01 21:00:00,0.0,0.5296,0.9224,0.5984,T2,5.0,1,9.435,5.195,-1.5,0.0,2026-02-01 22:00:00
2026-02-02 04:00:00,2026-02-01 22:00:00,0.0851,0.7697,0.9438,0.681,T2,6.0,1,10.0883,4.19,-1.7333,0.0,2026-02-01 22:00:00
2026-02-02 05:00:00,2026-02-01 23:00:00,0.375,0.7837,0.9425,0.7536,T2,7.0,1,10.7333,3.19,-1.8,0.0,2026-02-01 22:00:00
2026-02-02 06:00:00,2026-02-02 00:00:00,0.3761,0.6825,0.9455,0.7639,T2,8.0,1,11.2983,2.395,-1.8,0.0,2026-02-01 22:00:00
2026-02-02 07:00:00,2026-02-02 01:00:00,0.3677,0.5819,0.9432,0.8017,T2,9.0,1,11.6167,2.105,-1.8667,0.0,2026-02-01 22:00:00
2026-02-02 08:00:00,2026-02-02 02:00:00,0.3777,0.5718,0.9407,0.8017,T2,10.0,1,11.925,2.36,-1.4667,0.0,2026-02-01 22:00:00
2026-02-02 09:00:00,2026-02-02 03:00:00,0.264,0.6635,0.9537,0.8017,T2,11.0,1,12.1283,2.26,-0.0667,0.0,2026-02-01 22:00:00
2026-02-02 10:00:00,2026-02-02 04:00:00,0.2007,0.5849,0.9474,0.8291,T2,12.0,1,12.3433,2.555,2.05,0.0,2026-02-01 22:00:00
2026-02-02 11:00:00,2026-02-02 05:00:00,0.206,0.8966,0.9521,0.8017,T2,13.0,1,12.1933,2.875,4.3167,0.0,2026-02-01 22:00:00
2026-02-02 12:00:00,2026-02-02 06:00:00,0.3203,0.8743,0.954,0.8017,T2,14.0,1,12.09,3.315,6.1167,0.0,2026-02-01 22:00:00
2026-02-02 13:00:00,2026-02-02 07:00:00,0.6286,0.9568,0.9571,0.8291,T2,15.0,1,12.435,3.67,7.2,0.0,2026-02-01 22:00:00
2026-02-02 14:00:00,2026-02-02 08:00:00,0.5898,0.9463,0.958,0.8291,T2,16.0,1,12.47,3.695,7.6833,0.0,2026-02-01 22:00:00
2026-02-02 15:00:00,2026-02-02 09:00:00,0.4341,0.945,0.955,0.8017,T2,17.0,1,12.13,2.785,7.45,0.0,2026-02-01 22:00:00
2026-02-02 16:00:00,2026-02-02 10:00:00,0.2054,0.9506,0.9648,0.8017,T2,18.0,2,12.2117,2.505,6.05,0.0,2026-02-01 22:00:00
2026-02-02 17:00:00,2026-02-02 11:00:00,0.1136,0.8226,0.9346,0.7639,T2,19.0,2,11.2033,1.185,4.3333,0.0,2026-02-01 22:00:00
2026-02-02 18:00:00,2026-02-02 12:00:00,0.0,0.5141,0.8025,0.5709,T2,20.0,2,9.3017,2.54,2.6667,0.0,2026-02-01 22:00:00
2026-02-02 19:00:00,2026-02-02 13:00:00,0.0,0.3075,0.7704,0.4057,T2,21.0,2,7.685,4.26,1.5167,0.0,2026-02-01 22:00:00
2026-02-02 20:00:00,2026-02-02 14:00:00,0.0,0.2784,0.6358,0.3565,T2,22.0,2,6.9367,4.265,0.8667,0.0,2026-02-01 22:00:00
2026-02-02 21:00:00,2026-02-02 15:00:00,0.0,0.2179,0.6286,0.3243,T2,23.0,2,6.7517,2.975,0.4667,0.0,2026-02-01 22:00:00
2026-02-02 22:00:00,2026-02-02 16:00:00,0.0,0.2228,0.6413,0.3243,T2,24.0,2,6.7617,1.115,0.0833,0.0,2026-02-01 22:00:00
2026-02-02 23:00:00,2026-02-02 17:00:00,0.0161,0.2266,0.6162,0.3243,T2,25.0,2,6.6333,0.375,-0.15,0.0,2026-02-01 22:00:00
2026-02-03 00:00:00,2026-02-02 18:00:00,0.0078,0.2454,0.6291,0.3379,T2,26.0,2,6.905,0.77,-0.1667,0.0,2026-02-01 22:00:00
2026-02-03 01:00:00,2026-02-02 19:00:00,0.0,0.2895,0.7103,0.4253,T2,27.0,2,8.0,1.4,-0.0167,0.0,2026-02-01 22:00:00
2026-02-03 02:00:00,2026-02-02 20:00:00,0.0077,0.3138,0.813,0.5417,T2,28.0,2,9.0733,2.21,0.15,0.0,2026-02-01 22:00:00
2026-02-03 03:00:00,2026-02-02 21:00:00,0.0208,0.342,0.8424,0.6301,T2,29.0,2,9.5883,2.335,0.0833,0.0,2026-02-01 22:00:00
2026-02-03 04:00:00,2026-02-02 22:00:00,0.0139,0.362,0.8494,0.6587,T2,30.0,2,9.845,2.465,-0.1333,0.0,2026-02-01 22:00:00
2026-02-03 05:00:00,2026-02-02 23:00:00,0.0,0.2655,0.8017,0.5984,T2,31.0,2,9.4667,3.59,-0.4,0.0,2026-02-01 22:00:00
2026-02-03 06:00:00,2026-02-03 00:00:00,0.0,0.0903,0.6322,0.4461,T2,32.0,2,8.2667,6.705,-0.7667,0.0,2026-02-01 22:00:00
2026-02-03 07:00:00,2026-02-03 01:00:00,0.0,0.0702,0.5947,0.3567,T2,33.0,2,7.0717,8.76,-1.2667,0.0,2026-02-01 22:00:00
2026-02-03 08:00:00,2026-02-03 02:00:00,0.0,0.0892,0.4307,0.3243,T2,34.0,2,6.5733,7.275,-1.2833,0.0,2026-02-01 22:00:00
2026-02-03 09:00:00,2026-02-03 03:00:00,0.0,0.0706,0.2881,0.2678,T2,35.0,2,6.015,4.725,0.0167,0.0,2026-02-01 22:00:00
2026-02-03 10:00:00,2026-02-03 04:00:00,0.0,0.034,0.3346,0.1852,T2,36.0,2,4.7533,4.515,2.25,0.0,2026-02-01 22:00:00
2026-02-03 11:00:00,2026-02-03 05:00:00,0.0069,0.0123,0.2401,0.1275,T2,37.0,2,3.645,6.82,4.4167,0.0,2026-02-01 22:00:00
2026-02-03 12:00:00,2026-02-03 06:00:00,0.008,0.011,0.1071,0.1082,T2,38.0,2,3.195,7.45,6.0833,0.0,2026-02-01 22:00:00
2026-02-03 13:00:00,2026-02-03 07:00:00,0.0066,0.0142,0.1214,0.1082,T2,39.0,2,3.2767,6.325,7.2333,0.0,2026-02-01 22:00:00
2026-02-03 14:00:00,2026-02-03 08:00:00,0.0039,0.0225,0.108,0.115,T2,40.0,2,3.43,5.26,7.7833,0.0,2026-02-01 22:00:00
2026-02-03 15:00:00,2026-02-03 09:00:00,0.0017,0.0285,0.148,0.1275,T2,41.0,2,3.755,3.43,7.55,0.0,2026-02-01 22:00:00
2026-02-03 16:00:00,2026-02-03 10:00:00,0.0,0.0837,0.3566,0.1381,T2,42.0,3,4.06,4.09,5.65,0.0,2026-02-01 22:00:00
2026-02-03 17:00:00,2026-02-03 11:00:00,0.0,0.1558,0.5633,0.2111,T2,43.0,3,5.1483,4.055,4.25,0.0,2026-02-01 22:00:00
2026-02-03 18:00:00,2026-02-03 12:00:00,0.0,0.2073,0.6745,0.2388,T2,44.0,3,5.7717,3.575,3.15,0.0,2026-02-01 22:00:00
2026-02-03 19:00:00,2026-02-03 13:00:00,0.0,0.2165,0.6767,0.2678,T2,45.0,3,5.9933,2.095,2.5,0.0,2026-02-01 22:00:00
2026-02-03 20:00:00,2026-02-03 14:00:00,0.0,0.1881,0.5987,0.2388,T2,46.0,3,5.7867,0.36,2.1333,0.0,2026-02-01 22:00:00
2026-02-03 21:00:00,2026-02-03 15:00:00,0.0,0.1539,0.5381,0.2111,T2,47.0,3,5.3017,1.245,1.8333,0.0,2026-02-01 22:00:00
2026-02-03 22:00:00,2026-02-03 16:00:00,0.0,0.1428,0.4975,0.1864,T2,48.0,3,4.8683,2.555,1.5833,0.0,2026-02-01 22:00:00
2026-02-01 23:00:00,2026-02-01 17:00:00,0.0248,0.2191,0.6588,0.4212,ВЭС,1.0,1,7.7417,5.0,-0.7,0.0,2026-02-01 22:00:00
2026-02-02 00:00:00,2026-02-01 18:00:00,0.0188,0.1779,0.6595,0.4253,ВЭС,2.0,1,7.8967,5.44,-0.8833,0.0,2026-02-01 22:00:00
2026-02-02 01:00:00,2026-02-01 19:00:00,0.048,0.1549,0.7074,0.4461,ВЭС,3.0,1,8.2367,6.075,-1.05,0.0,2026-02-01 22:00:00
2026-02-02 02:00:00,2026-02-01 20:00:00,0.0259,0.3051,0.8186,0.5291,ВЭС,4.0,1,8.765,6.07,-1.25,0.0,2026-02-01 22:00:00
2026-02-02 03:00:00,2026-02-01 21:00:00,0.0161,0.5281,0.925,0.5984,ВЭС,5.0,1,9.435,5.195,-1.5,0.0,2026-02-01 22:00:00
2026-02-02 04:00:00,2026-02-01 22:00:00,0.0906,0.7682,0.9467,0.681,ВЭС,6.0,1,10.0883,4.19,-1.7333,0.0,2026-02-01 22:00:00
2026-02-02 05:00:00,2026-02-01 23:00:00,0.3635,0.7847,0.9486,0.7536,ВЭС,7.0,1,10.7333,3.19,-1.8,0.0,2026-02-01 22:00:00
2026-02-02 06:00:00,2026-02-02 00:00:00,0.3642,0.6851,0.952,0.7639,ВЭС,8.0,1,11.2983,2.395,-1.8,0.0,2026-02-01 22:00:00
2026-02-02 07:00:00,2026-02-02 01:00:00,0.3193,0.5847,0.949,0.8017,ВЭС,9.0,1,11.6167,2.105,-1.8667,0.0,2026-02-01 22:00:00
2026-02-02 08:00:00,2026-02-02 02:00:00,0.3531,0.5747,0.9467,0.8017,ВЭС,10.0,1,11.925,2.36,-1.4667,0.0,2026-02-01 22:00:00
2026-02-02 09:00:00,2026-02-02 03:00:00,0.3229,0.6653,0.9573,0.8017,ВЭС,11.0,1,12.1283,2.26,-0.0667,0.0,2026-02-01 22:00:00
2026-02-02 10:00:00,2026-02-02 04:00:00,0.2549,0.5911,0.9506,0.8291,ВЭС,12.0,1,12.3433,2.555,2.05,0.0,2026-02-01 22:00:00
2026-02-02 11:00:00,2026-02-02 05:00:00,0.2671,0.8975,0.955,0.8017,ВЭС,13.0,1,12.1933,2.875,4.3167,0.0,2026-02-01 22:00:00
2026-02-02 12:00:00,2026-02-02 06:00:00,0.3635,0.8732,0.9573,0.8017,ВЭС,14.0,1,12.09,3.315,6.1167,0.0,2026-02-01 22:00:00
2026-02-02 13:00:00,2026-02-02 07:00:00,0.603,0.9614,0.9625,0.8291,ВЭС,15.0,1,12.435,3.67,7.2,0.0,2026-02-01 22:00:00
2026-02-02 14:00:00,2026-02-02 08:00:00,0.6055,0.9528,0.9626,0.8291,ВЭС,16.0,1,12.47,3.695,7.6833,0.0,2026-02-01 22:00:00
2026-02-02 15:00:00,2026-02-02 09:00:00,0.4679,0.9459,0.9593,0.8017,ВЭС,17.0,1,12.13,2.785,7.45,0.0,2026-02-01 22:00:00
2026-02-02 16:00:00,2026-02-02 10:00:00,0.2532,0.9512,0.9676,0.8017,ВЭС,18.0,2,12.2117,2.505,6.05,0.0,2026-02-01 22:00:00
2026-02-02 17:00:00,2026-02-02 11:00:00,0.1438,0.8211,0.9365,0.7639,ВЭС,19.0,2,11.2033,1.185,4.3333,0.0,2026-02-01 22:00:00
2026-02-02 18:00:00,2026-02-02 12:00:00,0.0,0.5261,0.8028,0.5709,ВЭС,20.0,2,9.3017,2.54,2.6667,0.0,2026-02-01 22:00:00
2026-02-02 19:00:00,2026-02-02 13:00:00,0.0,0.3089,0.7699,0.4057,ВЭС,21.0,2,7.685,4.26,1.5167,0.0,2026-02-01 22:00:00
2026-02-02 20:00:00,2026-02-02 14:00:00,0.0,0.2772,0.6358,0.3565,ВЭС,22.0,2,6.9367,4.265,0.8667,0.0,2026-02-01 22:00:00
2026-02-02 21:00:00,2026-02-02 15:00:00,0.0,0.217,0.6286,0.3243,ВЭС,23.0,2,6.7517,2.975,0.4667,0.0,2026-02-01 22:00:00
2026-02-02 22:00:00,2026-02-02 16:00:00,0.0072,0.2245,0.6413,0.3243,ВЭС,24.0,2,6.7617,1.115,0.0833,0.0,2026-02-01 22:00:00
2026-02-02 23:00:00,2026-02-02 17:00:00,0.0112,0.2281,0.6162,0.3243,ВЭС,25.0,2,6.6333,0.375,-0.15,0.0,2026-02-01 22:00:00
2026-02-03 00:00:00,2026-02-02 18:00:00,0.0039,0.2471,0.6291,0.3379,ВЭС,26.0,2,6.905,0.77,-0.1667,0.0,2026-02-01 22:00:00
2026-02-03 01:00:00,2026-02-02 19:00:00,0.0044,0.2912,0.7103,0.4253,ВЭС,27.0,2,8.0,1.4,-0.0167,0.0,2026-02-01 22:00:00
2026-02-03 02:00:00,2026-02-02 20:00:00,0.0038,0.3206,0.8135,0.5417,ВЭС,28.0,2,9.0733,2.21,0.15,0.0,2026-02-01 22:00:00
2026-02-03 03:00:00,2026-02-02 21:00:00,0.0104,0.3487,0.8436,0.6301,ВЭС,29.0,2,9.5883,2.335,0.0833,0.0,2026-02-01 22:00:00
2026-02-03 04:00:00,2026-02-02 22:00:00,0.0164,0.364,0.8509,0.6587,ВЭС,30.0,2,9.845,2.465,-0.1333,0.0,2026-02-01 22:00:00
2026-02-03 05:00:00,2026-02-02 23:00:00,0.0,0.2676,0.8041,0.5984,ВЭС,31.0,2,9.4667,3.59,-0.4,0.0,2026-02-01 22:00:00
2026-02-03 06:00:00,2026-02-03 00:00:00,0.0,0.0924,0.6341,0.4461,ВЭС,32.0,2,8.2667,6.705,-0.7667,0.0,2026-02-01 22:00:00
2026-02-03 07:00:00,2026-02-03 01:00:00,0.0,0.0708,0.5954,0.3567,ВЭС,33.0,2,7.0717,8.76,-1.2667,0.0,2026-02-01 22:00:00
2026-02-03 08:00:00,2026-02-03 02:00:00,0.0,0.0901,0.4307,0.3243,ВЭС,34.0,2,6.5733,7.275,-1.2833,0.0,2026-02-01 22:00:00
2026-02-03 09:00:00,2026-02-03 03:00:00,0.0,0.0715,0.2881,0.2678,ВЭС,35.0,2,6.015,4.725,0.0167,0.0,2026-02-01 22:00:00
2026-02-03 10:00:00,2026-02-03 04:00:00,0.0,0.0347,0.3346,0.1852,ВЭС,36.0,2,4.7533,4.515,2.25,0.0,2026-02-01 22:00:00
2026-02-03 11:00:00,2026-02-03 05:00:00,0.008,0.0122,0.2401,0.1275,ВЭС,37.0,2,3.645,6.82,4.4167,0.0,2026-02-01 22:00:00
2026-02-03 12:00:00,2026-02-03 06:00:00,0.0088,0.0109,0.1071,0.1082,ВЭС,38.0,2,3.195,7.45,6.0833,0.0,2026-02-01 22:00:00
2026-02-03 13:00:00,2026-02-03 07:00:00,0.0074,0.0142,0.1214,0.1082,ВЭС,39.0,2,3.2767,6.325,7.2333,0.0,2026-02-01 22:00:00
2026-02-03 14:00:00,2026-02-03 08:00:00,0.0045,0.0223,0.108,0.115,ВЭС,40.0,2,3.43,5.26,7.7833,0.0,2026-02-01 22:00:00
2026-02-03 15:00:00,2026-02-03 09:00:00,0.0021,0.0286,0.148,0.1275,ВЭС,41.0,2,3.755,3.43,7.55,0.0,2026-02-01 22:00:00
2026-02-03 16:00:00,2026-02-03 10:00:00,0.0,0.0839,0.3566,0.1381,ВЭС,42.0,3,4.06,4.09,5.65,0.0,2026-02-01 22:00:00
2026-02-03 17:00:00,2026-02-03 11:00:00,0.0,0.1559,0.5633,0.2111,ВЭС,43.0,3,5.1483,4.055,4.25,0.0,2026-02-01 22:00:00
2026-02-03 18:00:00,2026-02-03 12:00:00,0.0,0.2075,0.6745,0.2388,ВЭС,44.0,3,5.7717,3.575,3.15,0.0,2026-02-01 22:00:00
2026-02-03 19:00:00,2026-02-03 13:00:00,0.0,0.2166,0.6767,0.2678,ВЭС,45.0,3,5.9933,2.095,2.5,0.0,2026-02-01 22:00:00
2026-02-03 20:00:00,2026-02-03 14:00:00,0.0,0.1883,0.5987,0.2388,ВЭС,46.0,3,5.7867,0.36,2.1333,0.0,2026-02-01 22:00:00
2026-02-03 21:00:00,2026-02-03 15:00:00,0.0025,0.1542,0.5381,0.2111,ВЭС,47.0,3,5.3017,1.245,1.8333,0.0,2026-02-01 22:00:00
2026-02-03 22:00:00,2026-02-03 16:00:00,0.0,0.1431,0.4975,0.1864,ВЭС,48.0,3,4.8683,2.555,1.5833,0.0,2026-02-01 22:00:00
2026-02-02 11:00:00,2026-02-02 05:00:00,0.3283,0.8983,0.9579,0.8017,T1,1.0,1,12.1933,2.875,4.3167,0.0,2026-02-02 10:00:00
2026-02-02 12:00:00,2026-02-02 06:00:00,0.4068,0.872,0.9607,0.8017,T1,2.0,1,12.09,3.315,6.1167,0.0,2026-02-02 10:00:00
2026-02-02 13:00:00,2026-02-02 07:00:00,0.5774,0.9661,0.9679,0.8291,T1,3.0,1,12.435,3.67,7.2,0.0,2026-02-02 10:00:00
2026-02-02 14:00:00,2026-02-02 08:00:00,0.6212,0.9594,0.9672,0.8291,T1,4.0,1,12.47,3.695,7.6833,0.0,2026-02-02 10:00:00
2026-02-02 15:00:00,2026-02-02 09:00:00,0.5017,0.9468,0.9635,0.8017,T1,5.0,1,12.13,2.785,7.45,0.0,2026-02-02 10:00:00
2026-02-02 16:00:00,2026-02-02 10:00:00,0.2093,0.8567,0.9638,0.7639,T1,6.0,1,11.2533,1.97,6.3667,0.0,2026-02-02 10:00:00
2026-02-02 17:00:00,2026-02-02 11:00:00,0.0107,0.6783,0.9202,0.65,T1,7.0,1,9.7933,3.985,4.5167,0.0,2026-02-02 10:00:00
2026-02-02 18:00:00,2026-02-02 12:00:00,0.0,0.4255,0.7297,0.4309,T1,8.0,1,8.1017,6.445,2.7333,0.0,2026-02-02 10:00:00
2026-02-02 19:00:00,2026-02-02 13:00:00,0.0,0.1996,0.6552,0.3243,T1,9.0,1,6.765,6.79,1.6,0.0,2026-02-02 10:00:00
2026-02-02 20:00:00,2026-02-02 14:00:00,0.0,0.1326,0.4572,0.2678,T1,10.0,1,5.9133,6.16,0.95,0.0,2026-02-02 10:00:00
2026-02-02 21:00:00,2026-02-02 15:00:00,0.0,0.0936,0.4393,0.2347,T1,11.0,1,5.61,5.37,0.55,0.0,2026-02-02 10:00:00
2026-02-02 22:00:00,2026-02-02 16:00:00,0.0,0.0903,0.3728,0.2388,T1,12.0,1,5.7683,4.49,0.1,0.0,2026-02-02 10:00:00
2026-02-02 23:00:00,2026-02-02 17:00:00,0.0,0.1131,0.3907,0.2678,T1,13.0,1,5.895,4.14,-0.35,0.0,2026-02-02 10:00:00
2026-02-03 00:00:00,2026-02-02 18:00:00,0.0,0.1211,0.4653,0.2843,T1,14.0,1,6.315,3.895,-0.4333,0.0,2026-02-02 10:00:00
2026-02-03 01:00:00,2026-02-02 19:00:00,0.0661,0.2349,0.6716,0.3725,T1,15.0,1,7.4067,3.19,-0.25,0.0,2026-02-02 10:00:00
2026-02-03 02:00:00,2026-02-02 20:00:00,0.046,0.3145,0.8642,0.519,T1,16.0,1,8.6183,2.775,-0.0667,0.0,2026-02-02 10:00:00
2026-02-03 03:00:00,2026-02-02 21:00:00,0.0398,0.4469,0.9197,0.6301,T1,17.0,1,9.5133,3.005,0.0167,0.0,2026-02-02 10:00:00
2026-02-03 04:00:00,2026-02-02 22:00:00,0.019,0.3661,0.8523,0.6587,T1,18.0,2,9.845,2.465,-0.1333,0.0,2026-02-02 10:00:00
2026-02-03 05:00:00,2026-02-02 23:00:00,0.0,0.2697,0.8065,0.5984,T1,19.0,2,9.4667,3.59,-0.4,0.0,2026-02-02 10:00:00
2026-02-03 06:00:00,2026-02-03 00:00:00,0.0,0.0944,0.6361,0.4461,T1,20.0,2,8.2667,6.705,-0.7667,0.0,2026-02-02 10:00:00
2026-02-03 07:00:00,2026-02-03 01:00:00,0.0,0.0713,0.5961,0.3567,T1,21.0,2,7.0717,8.76,-1.2667,0.0,2026-02-02 10:00:00
2026-02-03 08:00:00,2026-02-03 02:00:00,0.0,0.091,0.4307,0.3243,T1,22.0,2,6.5733,7.275,-1.2833,0.0,2026-02-02 10:00:00
2026-02-03 09:00:00,2026-02-03 03:00:00,0.0,0.0724,0.2881,0.2678,T1,23.0,2,6.015,4.725,0.0167,0.0,2026-02-02 10:00:00
2026-02-03 10:00:00,2026-02-03 04:00:00,0.0,0.0355,0.3346,0.1852,T1,24.0,2,4.7533,4.515,2.25,0.0,2026-02-02 10:00:00
2026-02-03 11:00:00,2026-02-03 05:00:00,0.0092,0.0121,0.2401,0.1275,T1,25.0,2,3.645,6.82,4.4167,0.0,2026-02-02 10:00:00
2026-02-03 12:00:00,2026-02-03 06:00:00,0.0097,0.0108,0.1071,0.1082,T1,26.0,2,3.195,7.45,6.0833,0.0,2026-02-02 10:00:00
2026-02-03 13:00:00,2026-02-03 07:00:00,0.0083,0.0142,0.1214,0.1082,T1,27.0,2,3.2767,6.325,7.2333,0.0,2026-02-02 10:00:00
2026-02-03 14:00:00,2026-02-03 08:00:00,0.0051,0.0222,0.108,0.115,T1,28.0,2,3.43,5.26,7.7833,0.0,2026-02-02 10:00:00
2026-02-03 15:00:00,2026-02-03 09:00:00,0.0025,0.0287,0.148,0.1275,T1,29.0,2,3.755,3.43,7.55,0.0,2026-02-02 10:00:00
2026-02-03 16:00:00,2026-02-03 10:00:00,0.0,0.0656,0.309,0.1676,T1,30.0,2,4.58,1.43,6.35,0.0,2026-02-02 10:00:00
2026-02-03 17:00:00,2026-02-03 11:00:00,0.0,0.126,0.5803,0.2111,T1,31.0,2,5.19,3.96,4.45,0.0,2026-02-02 10:00:00
2026-02-03 18:00:00,2026-02-03 12:00:00,0.0,0.1578,0.6282,0.2206,T1,32.0,2,5.3633,6.415,3.1667,0.0,2026-02-02 10:00:00
2026-02-03 19:00:00,2026-02-03 13:00:00,0.0,0.2127,0.7843,0.2347,T1,33.0,2,5.5033,6.495,2.8333,0.0,2026-02-02 10:00:00
2026-02-03 20:00:00,2026-02-03 14:00:00,0.0,0.254,0.7996,0.2347,T1,34.0,2,5.6033,6.6,2.8167,0.0,2026-02-02 10:00:00
2026-02-03 21:00:00,2026-02-03 15:00:00,0.0,0.2476,0.7668,0.2388,T1,35.0,2,5.8133,5.925,2.8833,0.0,2026-02-02 10:00:00
2026-02-03 22:00:00,2026-02-03 16:00:00,0.0,0.2028,0.7379,0.2365,T1,36.0,2,5.6633,4.88,2.9333,0.0,2026-02-02 10:00:00
2026-02-03 23:00:00,2026-02-03 17:00:00,0.0,0.1714,0.676,0.2388,T1,37.0,2,5.6783,3.48,2.9167,0.0,2026-02-02 10:00:00
2026-02-04 00:00:00,2026-02-03 18:00:00,0.0,0.2636,0.7451,0.2732,T1,38.0,2,6.1367,2.44,2.7167,0.0,2026-02-02 10:00:00
2026-02-04 01:00:00,2026-02-03 19:00:00,0.0,0.2626,0.7495,0.2753,T1,39.0,2,6.1833,2.565,2.55,0.0,2026-02-02 10:00:00
2026-02-04 02:00:00,2026-02-03 20:00:00,0.0,0.2718,0.7139,0.2678,T1,40.0,2,6.05,2.76,2.55,0.0,2026-02-02 10:00:00
2026-02-04 03:00:00,2026-02-03 21:00:00,0.0,0.2627,0.8396,0.3243,T1,41.0,2,6.5467,2.53,2.5333,0.0,2026-02-02 10:00:00
2026-02-04 04:00:00,2026-02-03 22:00:00,0.0,0.2253,0.7084,0.2732,T1,42.0,3,6.1467,1.31,2.05,0.0,2026-02-02 10:00:00
2026-02-04 05:00:00,2026-02-03 23:00:00,0.0,0.2195,0.7104,0.2936,T1,43.0,3,6.3483,0.8,2.1167,0.0,2026-02-02 10:00:00
2026-02-04 06:00:00,2026-02-04 00:00:00,0.0,0.1836,0.5906,0.2678,T1,44.0,3,5.94,0.735,2.0833,0.0,2026-02-02 10:00:00
2026-02-04 07:00:00,2026-02-04 01:00:00,0.0,0.1406,0.4673,0.2111,T1,45.0,3,5.3217,1.67,1.8167,0.0,2026-02-02 10:00:00
2026-02-04 08:00:00,2026-02-04 02:00:00,0.0,0.1023,0.3959,0.1864,T1,46.0,3,4.865,2.99,1.6833,0.0,2026-02-02 10:00:00
2026-02-04 09:00:00,2026-02-04 03:00:00,0.0,0.12,0.3664,0.1511,T1,47.0,3,4.35,3.695,1.9,0.0,2026-02-02 10:00:00
2026-02-04 10:00:00,2026-02-04 04:00:00,0.0,0.1366,0.3287,0.1275,T1,48.0,3,3.7433,4.675,2.4833,0.0,2026-02-02 10:00:00
2026-02-02 11:00:00,2026-02-02 05:00:00,0.206,0.8966,0.9521,0.8017,T2,1.0,1,12.1933,2.875,4.3167,0.0,2026-02-02 10:00:00
2026-02-02 12:00:00,2026-02-02 06:00:00,0.3203,0.8743,0.954,0.8017,T2,2.0,1,12.09,3.315,6.1167,0.0,2026-02-02 10:00:00
2026-02-02 13:00:00,2026-02-02 07:00:00,0.6286,0.9568,0.9571,0.8291,T2,3.0,1,12.435,3.67,7.2,0.0,2026-02-02 10:00:00
2026-02-02 14:00:00,2026-02-02 08:00:00,0.5898,0.9463,0.958,0.8291,T2,4.0,1,12.47,3.695,7.6833,0.0,2026-02-02 10:00:00
2026-02-02 15:00:00,2026-02-02 09:00:00,0.4341,0.945,0.955,0.8017,T2,5.0,1,12.13,2.785,7.45,0.0,2026-02-02 10:00:00
2026-02-02 16:00:00,2026-02-02 10:00:00,0.1915,0.858,0.9596,0.7639,T2,6.0,1,11.2533,1.97,6.3667,0.0,2026-02-02 10:00:00
2026-02-02 17:00:00,2026-02-02 11:00:00,0.0,0.6762,0.9168,0.65,T2,7.0,1,9.7933,3.985,4.5167,0.0,2026-02-02 10:00:00
2026-02-02 18:00:00,2026-02-02 12:00:00,0.0,0.3992,0.7292,0.4309,T2,8.0,1,8.1017,6.445,2.7333,0.0,2026-02-02 10:00:00
2026-02-02 19:00:00,2026-02-02 13:00:00,0.0,0.1952,0.6552,0.3243,T2,9.0,1,6.765,6.79,1.6,0.0,2026-02-02 10:00:00
2026-02-02 20:00:00,2026-02-02 14:00:00,0.0,0.132,0.4572,0.2678,T2,10.0,1,5.9133,6.16,0.95,0.0,2026-02-02 10:00:00
2026-02-02 21:00:00,2026-02-02 15:00:00,0.0,0.0923,0.4393,0.2347,T2,11.0,1,5.61,5.37,0.55,0.0,2026-02-02 10:00:00
2026-02-02 22:00:00,2026-02-02 16:00:00,0.0,0.0878,0.3729,0.2388,T2,12.0,1,5.7683,4.49,0.1,0.0,2026-02-02 10:00:00
2026-02-02 23:00:00,2026-02-02 17:00:00,0.0,0.1102,0.3907,0.2678,T2,13.0,1,5.895,4.14,-0.35,0.0,2026-02-02 10:00:00
2026-02-03 00:00:00,2026-02-02 18:00:00,0.0,0.1184,0.4653,0.2843,T2,14.0,1,6.315,3.895,-0.4333,0.0,2026-02-02 10:00:00
2026-02-03 01:00:00,2026-02-02 19:00:00,0.0455,0.2355,0.6716,0.3725,T2,15.0,1,7.4067,3.19,-0.25,0.0,2026-02-02 10:00:00
2026-02-03 02:00:00,2026-02-02 20:00:00,0.0362,0.3103,0.8628,0.519,T2,16.0,1,8.6183,2.775,-0.0667,0.0,2026-02-02 10:00:00
2026-02-03 03:00:00,2026-02-02 21:00:00,0.0582,0.4333,0.9181,0.6301,T2,17.0,1,9.5133,3.005,0.0167,0.0,2026-02-02 10:00:00
2026-02-03 04:00:00,2026-02-02 22:00:00,0.0139,0.362,0.8494,0.6587,T2,18.0,2,9.845,2.465,-0.1333,0.0,2026-02-02 10:00:00
2026-02-03 05:00:00,2026-02-02 23:00:00,0.0,0.2655,0.8017,0.5984,T2,19.0,2,9.4667,3.59,-0.4,0.0,2026-02-02 10:00:00
2026-02-03 06:00:00,2026-02-03 00:00:00,0.0,0.0903,0.6322,0.4461,T2,20.0,2,8.2667,6.705,-0.7667,0.0,2026-02-02 10:00:00
2026-02-03 07:00:00,2026-02-03 01:00:00,0.0,0.0702,0.5947,0.3567,T2,21.0,2,7.0717,8.76,-1.2667,0.0,2026-02-02 10:00:00
2026-02-03 08:00:00,2026-02-03 02:00:00,0.0,0.0892,0.4307,0.3243,T2,22.0,2,6.5733,7.275,-1.2833,0.0,2026-02-02 10:00:00
2026-02-03 09:00:00,2026-02-03 03:00:00,0.0,0.0706,0.2881,0.2678,T2,23.0,2,6.015,4.725,0.0167,0.0,2026-02-02 10:00:00
2026-02-03 10:00:00,2026-02-03 04:00:00,0.0,0.034,0.3346,0.1852,T2,24.0,2,4.7533,4.515,2.25,0.0,2026-02-02 10:00:00
2026-02-03 11:00:00,2026-02-03 05:00:00,0.0069,0.0123,0.2401,0.1275,T2,25.0,2,3.645,6.82,4.4167,0.0,2026-02-02 10:00:00
2026-02-03 12:00:00,2026-02-03 06:00:00,0.008,0.011,0.1071,0.1082,T2,26.0,2,3.195,7.45,6.0833,0.0,2026-02-02 10:00:00
2026-02-03 13:00:00,2026-02-03 07:00:00,0.0066,0.0142,0.1214,0.1082,T2,27.0,2,3.2767,6.325,7.2333,0.0,2026-02-02 10:00:00
2026-02-03 14:00:00,2026-02-03 08:00:00,0.0039,0.0225,0.108,0.115,T2,28.0,2,3.43,5.26,7.7833,0.0,2026-02-02 10:00:00
2026-02-03 15:00:00,2026-02-03 09:00:00,0.0017,0.0285,0.148,0.1275,T2,29.0,2,3.755,3.43,7.55,0.0,2026-02-02 10:00:00
2026-02-03 16:00:00,2026-02-03 10:00:00,0.0,0.0653,0.309,0.1676,T2,30.0,2,4.58,1.43,6.35,0.0,2026-02-02 10:00:00
2026-02-03 17:00:00,2026-02-03 11:00:00,0.0,0.1257,0.5803,0.2111,T2,31.0,2,5.19,3.96,4.45,0.0,2026-02-02 10:00:00
2026-02-03 18:00:00,2026-02-03 12:00:00,0.0,0.1574,0.6282,0.2206,T2,32.0,2,5.3633,6.415,3.1667,0.0,2026-02-02 10:00:00
2026-02-03 19:00:00,2026-02-03 13:00:00,0.0,0.2124,0.7843,0.2347,T2,33.0,2,5.5033,6.495,2.8333,0.0,2026-02-02 10:00:00
2026-02-03 20:00:00,2026-02-03 14:00:00,0.0,0.2518,0.7997,0.2347,T2,34.0,2,5.6033,6.6,2.8167,0.0,2026-02-02 10:00:00
2026-02-03 21:00:00,2026-02-03 15:00:00,0.0,0.2454,0.7668,0.2388,T2,35.0,2,5.8133,5.925,2.8833,0.0,2026-02-02 10:00:00
2026-02-03 22:00:00,2026-02-03 16:00:00,0.0,0.2022,0.7379,0.2365,T2,36.0,2,5.6633,4.88,2.9333,0.0,2026-02-02 10:00:00
2026-02-03 23:00:00,2026-02-03 17:00:00,0.0,0.1709,0.676,0.2388,T2,37.0,2,5.6783,3.48,2.9167,0.0,2026-02-02 10:00:00
2026-02-04 00:00:00,2026-02-03 18:00:00,0.0,0.2628,0.7451,0.2732,T2,38.0,2,6.1367,2.44,2.7167,0.0,2026-02-02 10:00:00
2026-02-04 01:00:00,2026-02-03 19:00:00,0.0,0.2618,0.7495,0.2753,T2,39.0,2,6.1833,2.565,2.55,0.0,2026-02-02 10:00:00
2026-02-04 02:00:00,2026-02-03 20:00:00,0.0,0.2706,0.7139,0.2678,T2,40.0,2,6.05,2.76,2.55,0.0,2026-02-02 10:00:00
2026-02-04 03:00:00,2026-02-03 21:00:00,0.0,0.2615,0.8396,0.3243,T2,41.0,2,6.5467,2.53,2.5333,0.0,2026-02-02 10:00:00
2026-02-04 04:00:00,2026-02-03 22:00:00,0.0,0.2235,0.7084,0.2732,T2,42.0,3,6.1467,1.31,2.05,0.0,2026-02-02 10:00:00
2026-02-04 05:00:00,2026-02-03 23:00:00,0.0,0.2177,0.7104,0.2936,T2,43.0,3,6.3483,0.8,2.1167,0.0,2026-02-02 10:00:00
2026-02-04 06:00:00,2026-02-04 00:00:00,0.0,0.1824,0.5906,0.2678,T2,44.0,3,5.94,0.735,2.0833,0.0,2026-02-02 10:00:00
2026-02-04 07:00:00,2026-02-04 01:00:00,0.0,0.1388,0.4673,0.2111,T2,45.0,3,5.3217,1.67,1.8167,0.0,2026-02-02 10:00:00
2026-02-04 08:00:00,2026-02-04 02:00:00,0.0,0.1005,0.396,0.1864,T2,46.0,3,4.865,2.99,1.6833,0.0,2026-02-02 10:00:00
2026-02-04 09:00:00,2026-02-04 03:00:00,0.0,0.1182,0.3664,0.1511,T2,47.0,3,4.35,3.695,1.9,0.0,2026-02-02 10:00:00
2026-02-04 10:00:00,2026-02-04 04:00:00,0.0,0.1348,0.3287,0.1275,T2,48.0,3,3.7433,4.675,2.4833,0.0,2026-02-02 10:00:00
2026-02-02 11:00:00,2026-02-02 05:00:00,0.2671,0.8975,0.955,0.8017,ВЭС,1.0,1,12.1933,2.875,4.3167,0.0,2026-02-02 10:00:00
2026-02-02 12:00:00,2026-02-02 06:00:00,0.3635,0.8732,0.9573,0.8017,ВЭС,2.0,1,12.09,3.315,6.1167,0.0,2026-02-02 10:00:00
2026-02-02 13:00:00,2026-02-02 07:00:00,0.603,0.9614,0.9625,0.8291,ВЭС,3.0,1,12.435,3.67,7.2,0.0,2026-02-02 10:00:00
2026-02-02 14:00:00,2026-02-02 08:00:00,0.6055,0.9528,0.9626,0.8291,ВЭС,4.0,1,12.47,3.695,7.6833,0.0,2026-02-02 10:00:00
2026-02-02 15:00:00,2026-02-02 09:00:00,0.4679,0.9459,0.9593,0.8017,ВЭС,5.0,1,12.13,2.785,7.45,0.0,2026-02-02 10:00:00
2026-02-02 16:00:00,2026-02-02 10:00:00,0.2004,0.8573,0.9617,0.7639,ВЭС,6.0,1,11.2533,1.97,6.3667,0.0,2026-02-02 10:00:00
2026-02-02 17:00:00,2026-02-02 11:00:00,0.0053,0.6772,0.9185,0.65,ВЭС,7.0,1,9.7933,3.985,4.5167,0.0,2026-02-02 10:00:00
2026-02-02 18:00:00,2026-02-02 12:00:00,0.0,0.4123,0.7294,0.4309,ВЭС,8.0,1,8.1017,6.445,2.7333,0.0,2026-02-02 10:00:00
2026-02-02 19:00:00,2026-02-02 13:00:00,0.0,0.1974,0.6552,0.3243,ВЭС,9.0,1,6.765,6.79,1.6,0.0,2026-02-02 10:00:00
2026-02-02 20:00:00,2026-02-02 14:00:00,0.0,0.1323,0.4572,0.2678,ВЭС,10.0,1,5.9133,6.16,0.95,0.0,2026-02-02 10:00:00
2026-02-02 21:00:00,2026-02-02 15:00:00,0.0,0.0929,0.4393,0.2347,ВЭС,11.0,1,5.61,5.37,0.55,0.0,2026-02-02 10:00:00
2026-02-02 22:00:00,2026-02-02 16:00:00,0.0,0.089,0.3728,0.2388,ВЭС,12.0,1,5.7683,4.49,0.1,0.0,2026-02-02 10:00:00
2026-02-02 23:00:00,2026-02-02 17:00:00,0.0,0.1116,0.3907,0.2678,ВЭС,13.0,1,5.895,4.14,-0.35,0.0,2026-02-02 10:00:00
2026-02-03 00:00:00,2026-02-02 18:00:00,0.0,0.1197,0.4653,0.2843,ВЭС,14.0,1,6.315,3.895,-0.4333,0.0,2026-02-02 10:00:00
2026-02-03 01:00:00,2026-02-02 19:00:00,0.0558,0.2352,0.6716,0.3725,ВЭС,15.0,1,7.4067,3.19,-0.25,0.0,2026-02-02 10:00:00
2026-02-03 02:00:00,2026-02-02 20:00:00,0.0411,0.3124,0.8635,0.519,ВЭС,16.0,1,8.6183,2.775,-0.0667,0.0,2026-02-02 10:00:00
2026-02-03 03:00:00,2026-02-02 21:00:00,0.049,0.4401,0.9189,0.6301,ВЭС,17.0,1,9.5133,3.005,0.0167,0.0,2026-02-02 10:00:00
2026-02-03 04:00:00,2026-02-02 22:00:00,0.0164,0.364,0.8509,0.6587,ВЭС,18.0,2,9.845,2.465,-0.1333,0.0,2026-02-02 10:00:00
2026-02-03 05:00:00,2026-02-02 23:00:00,0.0,0.2676,0.8041,0.5984,ВЭС,19.0,2,9.4667,3.59,-0.4,0.0,2026-02-02 10:00:00
2026-02-03 06:00:00,2026-02-03 00:00:00,0.0,0.0924,0.6341,0.4461,ВЭС,20.0,2,8.2667,6.705,-0.7667,0.0,2026-02-02 10:00:00
2026-02-03 07:00:00,2026-02-03 01:00:00,0.0,0.0708,0.5954,0.3567,ВЭС,21.0,2,7.0717,8.76,-1.2667,0.0,2026-02-02 10:00:00
2026-02-03 08:00:00,2026-02-03 02:00:00,0.0,0.0901,0.4307,0.3243,ВЭС,22.0,2,6.5733,7.275,-1.2833,0.0,2026-02-02 10:00:00
2026-02-03 09:00:00,2026-02-03 03:00:00,0.0,0.0715,0.2881,0.2678,ВЭС,23.0,2,6.015,4.725,0.0167,0.0,2026-02-02 10:00:00
2026-02-03 10:00:00,2026-02-03 04:00:00,0.0,0.0347,0.3346,0.1852,ВЭС,24.0,2,4.7533,4.515,2.25,0.0,2026-02-02 10:00:00
2026-02-03 11:00:00,2026-02-03 05:00:00,0.008,0.0122,0.2401,0.1275,ВЭС,25.0,2,3.645,6.82,4.4167,0.0,2026-02-02 10:00:00
2026-02-03 12:00:00,2026-02-03 06:00:00,0.0088,0.0109,0.1071,0.1082,ВЭС,26.0,2,3.195,7.45,6.0833,0.0,2026-02-02 10:00:00
2026-02-03 13:00:00,2026-02-03 07:00:00,0.0074,0.0142,0.1214,0.1082,ВЭС,27.0,2,3.2767,6.325,7.2333,0.0,2026-02-02 10:00:00
2026-02-03 14:00:00,2026-02-03 08:00:00,0.0045,0.0223,0.108,0.115,ВЭС,28.0,2,3.43,5.26,7.7833,0.0,2026-02-02 10:00:00
2026-02-03 15:00:00,2026-02-03 09:00:00,0.0021,0.0286,0.148,0.1275,ВЭС,29.0,2,3.755,3.43,7.55,0.0,2026-02-02 10:00:00
2026-02-03 16:00:00,2026-02-03 10:00:00,0.0,0.0655,0.309,0.1676,ВЭС,30.0,2,4.58,1.43,6.35,0.0,2026-02-02 10:00:00
2026-02-03 17:00:00,2026-02-03 11:00:00,0.0,0.1258,0.5803,0.2111,ВЭС,31.0,2,5.19,3.96,4.45,0.0,2026-02-02 10:00:00
2026-02-03 18:00:00,2026-02-03 12:00:00,0.0,0.1576,0.6282,0.2206,ВЭС,32.0,2,5.3633,6.415,3.1667,0.0,2026-02-02 10:00:00
2026-02-03 19:00:00,2026-02-03 13:00:00,0.0,0.2126,0.7843,0.2347,ВЭС,33.0,2,5.5033,6.495,2.8333,0.0,2026-02-02 10:00:00
2026-02-03 20:00:00,2026-02-03 14:00:00,0.0,0.2529,0.7997,0.2347,ВЭС,34.0,2,5.6033,6.6,2.8167,0.0,2026-02-02 10:00:00
2026-02-03 21:00:00,2026-02-03 15:00:00,0.0,0.2465,0.7668,0.2388,ВЭС,35.0,2,5.8133,5.925,2.8833,0.0,2026-02-02 10:00:00
2026-02-03 22:00:00,2026-02-03 16:00:00,0.0,0.2025,0.7379,0.2365,ВЭС,36.0,2,5.6633,4.88,2.9333,0.0,2026-02-02 10:00:00
2026-02-03 23:00:00,2026-02-03 17:00:00,0.0,0.1711,0.676,0.2388,ВЭС,37.0,2,5.6783,3.48,2.9167,0.0,2026-02-02 10:00:00
2026-02-04 00:00:00,2026-02-03 18:00:00,0.0,0.2632,0.7451,0.2732,ВЭС,38.0,2,6.1367,2.44,2.7167,0.0,2026-02-02 10:00:00
2026-02-04 01:00:00,2026-02-03 19:00:00,0.0,0.2622,0.7495,0.2753,ВЭС,39.0,2,6.1833,2.565,2.55,0.0,2026-02-02 10:00:00
2026-02-04 02:00:00,2026-02-03 20:00:00,0.0,0.2712,0.7139,0.2678,ВЭС,40.0,2,6.05,2.76,2.55,0.0,2026-02-02 10:00:00
2026-02-04 03:00:00,2026-02-03 21:00:00,0.0,0.2621,0.8396,0.3243,ВЭС,41.0,2,6.5467,2.53,2.5333,0.0,2026-02-02 10:00:00
2026-02-04 04:00:00,2026-02-03 22:00:00,0.0,0.2244,0.7084,0.2732,ВЭС,42.0,3,6.1467,1.31,2.05,0.0,2026-02-02 10:00:00
2026-02-04 05:00:00,2026-02-03 23:00:00,0.0,0.2186,0.7104,0.2936,ВЭС,43.0,3,6.3483,0.8,2.1167,0.0,2026-02-02 10:00:00
2026-02-04 06:00:00,2026-02-04 00:00:00,0.0,0.183,0.5906,0.2678,ВЭС,44.0,3,5.94,0.735,2.0833,0.0,2026-02-02 10:00:00
2026-02-04 07:00:00,2026-02-04 01:00:00,0.0,0.1397,0.4673,0.2111,ВЭС,45.0,3,5.3217,1.67,1.8167,0.0,2026-02-02 10:00:00
2026-02-04 08:00:00,2026-02-04 02:00:00,0.0,0.1014,0.3959,0.1864,ВЭС,46.0,3,4.865,2.99,1.6833,0.0,2026-02-02 10:00:00
2026-02-04 09:00:00,2026-02-04 03:00:00,0.0,0.1191,0.3664,0.1511,ВЭС,47.0,3,4.35,3.695,1.9,0.0,2026-02-02 10:00:00
2026-02-04 10:00:00,2026-02-04 04:00:00,0.0,0.1357,0.3287,0.1275,ВЭС,48.0,3,3.7433,4.675,2.4833,0.0,2026-02-02 10:00:00
2026-02-02 23:00:00,2026-02-02 17:00:00,0.0,0.1131,0.3907,0.2678,T1,1.0,1,5.895,4.14,-0.35,0.0,2026-02-02 22:00:00
2026-02-03 00:00:00,2026-02-02 18:00:00,0.0,0.1211,0.4653,0.2843,T1,2.0,1,6.315,3.895,-0.4333,0.0,2026-02-02 22:00:00
2026-02-03 01:00:00,2026-02-02 19:00:00,0.0661,0.2349,0.6716,0.3725,T1,3.0,1,7.4067,3.19,-0.25,0.0,2026-02-02 22:00:00
2026-02-03 02:00:00,2026-02-02 20:00:00,0.046,0.3145,0.8642,0.519,T1,4.0,1,8.6183,2.775,-0.0667,0.0,2026-02-02 22:00:00
2026-02-03 03:00:00,2026-02-02 21:00:00,0.0398,0.4469,0.9197,0.6301,T1,5.0,1,9.5133,3.005,0.0167,0.0,2026-02-02 22:00:00
2026-02-03 04:00:00,2026-02-02 22:00:00,0.0616,0.3674,0.912,0.681,T1,6.0,1,10.095,3.5,-0.15,0.0,2026-02-02 22:00:00
2026-02-03 05:00:00,2026-02-02 23:00:00,0.0138,0.3026,0.8906,0.6794,T1,7.0,1,9.9567,3.425,-0.45,0.0,2026-02-02 22:00:00
2026-02-03 06:00:00,2026-02-03 00:00:00,0.0,0.3783,0.8398,0.5709,T1,8.0,1,9.29,2.7,-0.7833,0.0,2026-02-02 22:00:00
2026-02-03 07:00:00,2026-02-03 01:00:00,0.0,0.2494,0.7638,0.4837,T1,9.0,1,8.5233,2.055,-1.1333,0.0,2026-02-02 22:00:00
2026-02-03 08:00:00,2026-02-03 02:00:00,0.0,0.1446,0.6551,0.3725,T1,10.0,1,7.3767,1.78,-1.0167,0.0,2026-02-02 22:00:00
2026-02-03 09:00:00,2026-02-03 03:00:00,0.0,0.0451,0.3266,0.2347,T1,11.0,1,5.5417,3.265,0.2667,0.0,2026-02-02 22:00:00
2026-02-03 10:00:00,2026-02-03 04:00:00,0.0058,0.0205,0.1098,0.1275,T1,12.0,1,3.6333,4.62,2.2833,0.0,2026-02-02 22:00:00
2026-02-03 11:00:00,2026-02-03 05:00:00,0.0004,0.01,0.1297,0.1082,T1,13.0,1,3.2517,5.3,4.1333,0.0,2026-02-02 22:00:00
2026-02-03 12:00:00,2026-02-03 06:00:00,0.0082,0.0145,0.1291,0.115,T1,14.0,1,3.5033,5.245,5.5667,0.0,2026-02-02 22:00:00
2026-02-03 13:00:00,2026-02-03 07:00:00,0.0066,0.0185,0.0523,0.1082,T1,15.0,1,3.13,5.21,6.5333,0.0,2026-02-02 22:00:00
2026-02-03 14:00:00,2026-02-03 08:00:00,0.0073,0.0167,0.0574,0.0968,T1,16.0,1,2.9967,4.175,7.0833,0.0,2026-02-02 22:00:00
2026-02-03 15:00:00,2026-02-03 09:00:00,0.0087,0.0132,0.0844,0.1082,T1,17.0,1,3.2017,2.265,7.0167,0.0,2026-02-02 22:00:00
2026-02-03 16:00:00,2026-02-03 10:00:00,0.0,0.0656,0.309,0.1676,T1,18.0,2,4.58,1.43,6.35,0.0,2026-02-02 22:00:00
2026-02-03 17:00:00,2026-02-03 11:00:00,0.0,0.126,0.5803,0.2111,T1,19.0,2,5.19,3.96,4.45,0.0,2026-02-02 22:00:00
2026-02-03 18:00:00,2026-02-03 12:00:00,0.0,0.1578,0.6282,0.2206,T1,20.0,2,5.3633,6.415,3.1667,0.0,2026-02-02 22:00:00
2026-02-03 19:00:00,2026-02-03 13:00:00,0.0,0.2127,0.7843,0.2347,T1,21.0,2,5.5033,6.495,2.8333,0.0,2026-02-02 22:00:00
2026-02-03 20:00:00,2026-02-03 14:00:00,0.0,0.254,0.7996,0.2347,T1,22.0,2,5.6033,6.6,2.8167,0.0,2026-02-02 22:00:00
2026-02-03 21:00:00,2026-02-03 15:00:00,0.0,0.2476,0.7668,0.2388,T1,23.0,2,5.8133,5.925,2.8833,0.0,2026-02-02 22:00:00
2026-02-03 22:00:00,2026-02-03 16:00:00,0.0,0.2028,0.7379,0.2365,T1,24.0,2,5.6633,4.88,2.9333,0.0,2026-02-02 22:00:00
2026-02-03 23:00:00,2026-02-03 17:00:00,0.0,0.1714,0.676,0.2388,T1,25.0,2,5.6783,3.48,2.9167,0.0,2026-02-02 22:00:00
2026-02-04 00:00:00,2026-02-03 18:00:00,0.0,0.2636,0.7451,0.2732,T1,26.0,2,6.1367,2.44,2.7167,0.0,2026-02-02 22:00:00
2026-02-04 01:00:00,2026-02-03 19:00:00,0.0,0.2626,0.7495,0.2753,T1,27.0,2,6.1833,2.565,2.55,0.0,2026-02-02 22:00:00
2026-02-04 02:00:00,2026-02-03 20:00:00,0.0,0.2718,0.7139,0.2678,T1,28.0,2,6.05,2.76,2.55,0.0,2026-02-02 22:00:00
2026-02-04 03:00:00,2026-02-03 21:00:00,0.0,0.2627,0.8396,0.3243,T1,29.0,2,6.5467,2.53,2.5333,0.0,2026-02-02 22:00:00
2026-02-04 04:00:00,2026-02-03 22:00:00,0.0,0.3796,0.8936,0.3725,T1,30.0,2,7.3617,3.285,2.5,0.0,2026-02-02 22:00:00
2026-02-04 05:00:00,2026-02-03 23:00:00,0.0,0.3875,0.8816,0.3725,T1,31.0,2,7.4567,2.65,2.3,0.0,2026-02-02 22:00:00
2026-02-04 06:00:00,2026-02-04 00:00:00,0.0,0.3736,0.8969,0.3974,T1,32.0,2,7.6283,1.745,2.1333,0.0,2026-02-02 22:00:00
2026-02-04 07:00:00,2026-02-04 01:00:00,0.0,0.4667,0.8826,0.4309,T1,33.0,2,8.0617,1.705,2.1667,0.0,2026-02-02 22:00:00
2026-02-04 08:00:00,2026-02-04 02:00:00,0.0,0.4413,0.8808,0.4253,T1,34.0,2,8.015,1.44,2.1667,0.0,2026-02-02 22:00:00
2026-02-04 09:00:00,2026-02-04 03:00:00,0.0,0.3712,0.8551,0.4212,T1,35.0,2,7.7533,1.45,2.4167,0.0,2026-02-02 22:00:00
2026-02-04 10:00:00,2026-02-04 04:00:00,0.0,0.2851,0.8045,0.3567,T1,36.0,2,7.14,1.345,2.9667,0.0,2026-02-02 22:00:00
2026-02-04 11:00:00,2026-02-04 05:00:00,0.0,0.2532,0.7866,0.3243,T1,37.0,2,6.7133,2.325,3.6167,0.0,2026-02-02 22:00:00
2026-02-04 12:00:00,2026-02-04 06:00:00,0.0,0.2681,0.6864,0.2753,T1,38.0,2,6.2667,3.2,4.3,0.0,2026-02-02 22:00:00
2026-02-04 13:00:00,2026-02-04 07:00:00,0.0,0.2149,0.6577,0.2365,T1,39.0,2,5.66,2.495,5.0667,0.0,2026-02-02 22:00:00
2026-02-04 14:00:00,2026-02-04 08:00:00,0.0054,0.159,0.6804,0.2347,T1,40.0,2,5.5117,2.305,5.8333,0.0,2026-02-02 22:00:00
2026-02-04 15:00:00,2026-02-04 09:00:00,0.0,0.1828,0.6545,0.2347,T1,41.0,2,5.5533,2.125,6.1667,0.0,2026-02-02 22:00:00
2026-02-04 16:00:00,2026-02-04 10:00:00,0.0,0.0505,0.3198,0.0835,T1,42.0,3,2.7917,4.765,5.1333,0.0,2026-02-02 22:00:00
2026-02-04 17:00:00,2026-02-04 11:00:00,0.0,0.0752,0.3147,0.115,T1,43.0,3,3.4217,3.045,4.2667,0.0,2026-02-02 22:00:00
2026-02-04 18:00:00,2026-02-04 12:00:00,0.0,0.0359,0.1945,0.0923,T1,44.0,3,2.8783,1.49,3.2167,0.0,2026-02-02 22:00:00
2026-02-04 19:00:00,2026-02-04 13:00:00,0.0,0.0486,0.2556,0.0771,T1,45.0,3,2.4633,0.54,2.2333,0.0,2026-02-02 22:00:00
2026-02-04 20:00:00,2026-02-04 14:00:00,0.0,0.1942,0.4173,0.1381,T1,46.0,3,4.0583,4.56,1.4,1.0,2026-02-02 22:00:00
2026-02-04 21:00:00,2026-02-04 15:00:00,0.0,0.3034,0.8158,0.2347,T1,47.0,3,5.62,7.935,0.8167,1.0,2026-02-02 22:00:00
2026-02-04 22:00:00,2026-02-04 16:00:00,0.0,0.3813,0.8565,0.3243,T1,48.0,3,6.7117,9.46,0.3833,1.0,2026-02-02 22:00:00
2026-02-02 23:00:00,2026-02-02 17:00:00,0.0,0.1102,0.3907,0.2678,T2,1.0,1,5.895,4.14,-0.35,0.0,2026-02-02 22:00:00
2026-02-03 00:00:00,2026-02-02 18:00:00,0.0,0.1184,0.4653,0.2843,T2,2.0,1,6.315,3.895,-0.4333,0.0,2026-02-02 22:00:00
2026-02-03 01:00:00,2026-02-02 19:00:00,0.0455,0.2355,0.6716,0.3725,T2,3.0,1,7.4067,3.19,-0.25,0.0,2026-02-02 22:00:00
2026-02-03 02:00:00,2026-02-02 20:00:00,0.0362,0.3103,0.8628,0.519,T2,4.0,1,8.6183,2.775,-0.0667,0.0,2026-02-02 22:00:00
2026-02-03 03:00:00,2026-02-02 21:00:00,0.0582,0.4333,0.9181,0.6301,T2,5.0,1,9.5133,3.005,0.0167,0.0,2026-02-02 22:00:00
2026-02-03 04:00:00,2026-02-02 22:00:00,0.0909,0.3657,0.9077,0.681,T2,6.0,1,10.095,3.5,-0.15,0.0,2026-02-02 22:00:00
2026-02-03 05:00:00,2026-02-02 23:00:00,0.0513,0.3008,0.8885,0.6794,T2,7.0,1,9.9567,3.425,-0.45,0.0,2026-02-02 22:00:00
2026-02-03 06:00:00,2026-02-03 00:00:00,0.0048,0.3671,0.8395,0.5709,T2,8.0,1,9.29,2.7,-0.7833,0.0,2026-02-02 22:00:00
2026-02-03 07:00:00,2026-02-03 01:00:00,0.0,0.236,0.7633,0.4837,T2,9.0,1,8.5233,2.055,-1.1333,0.0,2026-02-02 22:00:00
2026-02-03 08:00:00,2026-02-03 02:00:00,0.0,0.1404,0.6551,0.3725,T2,10.0,1,7.3767,1.78,-1.0167,0.0,2026-02-02 22:00:00
2026-02-03 09:00:00,2026-02-03 03:00:00,0.0,0.0411,0.3266,0.2347,T2,11.0,1,5.5417,3.265,0.2667,0.0,2026-02-02 22:00:00
2026-02-03 10:00:00,2026-02-03 04:00:00,0.0046,0.0192,0.1098,0.1275,T2,12.0,1,3.6333,4.62,2.2833,0.0,2026-02-02 22:00:00
2026-02-03 11:00:00,2026-02-03 05:00:00,0.0,0.0086,0.1297,0.1082,T2,13.0,1,3.2517,5.3,4.1333,0.0,2026-02-02 22:00:00
2026-02-03 12:00:00,2026-02-03 06:00:00,0.0068,0.0136,0.1291,0.115,T2,14.0,1,3.5033,5.245,5.5667,0.0,2026-02-02 22:00:00
2026-02-03 13:00:00,2026-02-03 07:00:00,0.0048,0.0181,0.0523,0.1082,T2,15.0,1,3.13,5.21,6.5333,0.0,2026-02-02 22:00:00
2026-02-03 14:00:00,2026-02-03 08:00:00,0.0064,0.0161,0.0574,0.0968,T2,16.0,1,2.9967,4.175,7.0833,0.0,2026-02-02 22:00:00
2026-02-03 15:00:00,2026-02-03 09:00:00,0.008,0.013,0.0844,0.1082,T2,17.0,1,3.2017,2.265,7.0167,0.0,2026-02-02 22:00:00
2026-02-03 16:00:00,2026-02-03 10:00:00,0.0,0.0653,0.309,0.1676,T2,18.0,2,4.58,1.43,6.35,0.0,2026-02-02 22:00:00
2026-02-03 17:00:00,2026-02-03 11:00:00,0.0,0.1257,0.5803,0.2111,T2,19.0,2,5.19,3.96,4.45,0.0,2026-02-02 22:00:00
2026-02-03 18:00:00,2026-02-03 12:00:00,0.0,0.1574,0.6282,0.2206,T2,20.0,2,5.3633,6.415,3.1667,0.0,2026-02-02 22:00:00
2026-02-03 19:00:00,2026-02-03 13:00:00,0.0,0.2124,0.7843,0.2347,T2,21.0,2,5.5033,6.495,2.8333,0.0,2026-02-02 22:00:00
2026-02-03 20:00:00,2026-02-03 14:00:00,0.0,0.2518,0.7997,0.2347,T2,22.0,2,5.6033,6.6,2.8167,0.0,2026-02-02 22:00:00
2026-02-03 21:00:00,2026-02-03 15:00:00,0.0,0.2454,0.7668,0.2388,T2,23.0,2,5.8133,5.925,2.8833,0.0,2026-02-02 22:00:00
2026-02-03 22:00:00,2026-02-03 16:00:00,0.0,0.2022,0.7379,0.2365,T2,24.0,2,5.6633,4.88,2.9333,0.0,2026-02-02 22:00:00
2026-02-03 23:00:00,2026-02-03 17:00:00,0.0,0.1709,0.676,0.2388,T2,25.0,2,5.6783,3.48,2.9167,0.0,2026-02-02 22:00:00
2026-02-04 00:00:00,2026-02-03 18:00:00,0.0,0.2628,0.7451,0.2732,T2,26.0,2,6.1367,2.44,2.7167,0.0,2026-02-02 22:00:00
2026-02-04 01:00:00,2026-02-03 19:00:00,0.0,0.2618,0.7495,0.2753,T2,27.0,2,6.1833,2.565,2.55,0.0,2026-02-02 22:00:00
2026-02-04 02:00:00,2026-02-03 20:00:00,0.0,0.2706,0.7139,0.2678,T2,28.0,2,6.05,2.76,2.55,0.0,2026-02-02 22:00:00
2026-02-04 03:00:00,2026-02-03 21:00:00,0.0,0.2615,0.8396,0.3243,T2,29.0,2,6.5467,2.53,2.5333,0.0,2026-02-02 22:00:00
2026-02-04 04:00:00,2026-02-03 22:00:00,0.0,0.3813,0.8935,0.3725,T2,30.0,2,7.3617,3.285,2.5,0.0,2026-02-02 22:00:00
2026-02-04 05:00:00,2026-02-03 23:00:00,0.0,0.386,0.8815,0.3725,T2,31.0,2,7.4567,2.65,2.3,0.0,2026-02-02 22:00:00
2026-02-04 06:00:00,2026-02-04 00:00:00,0.0,0.3721,0.8969,0.3974,T2,32.0,2,7.6283,1.745,2.1333,0.0,2026-02-02 22:00:00
2026-02-04 07:00:00,2026-02-04 01:00:00,0.0,0.4652,0.8825,0.4309,T2,33.0,2,8.0617,1.705,2.1667,0.0,2026-02-02 22:00:00
2026-02-04 08:00:00,2026-02-04 02:00:00,0.0,0.4452,0.8807,0.4253,T2,34.0,2,8.015,1.44,2.1667,0.0,2026-02-02 22:00:00
2026-02-04 09:00:00,2026-02-04 03:00:00,0.0,0.375,0.855,0.4212,T2,35.0,2,7.7533,1.45,2.4167,0.0,2026-02-02 22:00:00
2026-02-04 10:00:00,2026-02-04 04:00:00,0.0,0.2894,0.8045,0.3567,T2,36.0,2,7.14,1.345,2.9667,0.0,2026-02-02 22:00:00
2026-02-04 11:00:00,2026-02-04 05:00:00,0.0,0.2521,0.7866,0.3243,T2,37.0,2,6.7133,2.325,3.6167,0.0,2026-02-02 22:00:00
2026-02-04 12:00:00,2026-02-04 06:00:00,0.0,0.2674,0.6863,0.2753,T2,38.0,2,6.2667,3.2,4.3,0.0,2026-02-02 22:00:00
2026-02-04 13:00:00,2026-02-04 07:00:00,0.0,0.2145,0.6577,0.2365,T2,39.0,2,5.66,2.495,5.0667,0.0,2026-02-02 22:00:00
2026-02-04 14:00:00,2026-02-04 08:00:00,0.0,0.1586,0.6804,0.2347,T2,40.0,2,5.5117,2.305,5.8333,0.0,2026-02-02 22:00:00
2026-02-04 15:00:00,2026-02-04 09:00:00,0.0,0.1825,0.6545,0.2347,T2,41.0,2,5.5533,2.125,6.1667,0.0,2026-02-02 22:00:00
2026-02-04 16:00:00,2026-02-04 10:00:00,0.0,0.0483,0.3199,0.0835,T2,42.0,3,2.7917,4.765,5.1333,0.0,2026-02-02 22:00:00
2026-02-04 17:00:00,2026-02-04 11:00:00,0.0,0.0749,0.3147,0.115,T2,43.0,3,3.4217,3.045,4.2667,0.0,2026-02-02 22:00:00
2026-02-04 18:00:00,2026-02-04 12:00:00,0.0,0.0355,0.1945,0.0923,T2,44.0,3,2.8783,1.49,3.2167,0.0,2026-02-02 22:00:00
2026-02-04 19:00:00,2026-02-04 13:00:00,0.0,0.0494,0.2556,0.0771,T2,45.0,3,2.4633,0.54,2.2333,0.0,2026-02-02 22:00:00
2026-02-04 20:00:00,2026-02-04 14:00:00,0.0,0.1951,0.4173,0.1381,T2,46.0,3,4.0583,4.56,1.4,1.0,2026-02-02 22:00:00
2026-02-04 21:00:00,2026-02-04 15:00:00,0.0,0.3057,0.8158,0.2347,T2,47.0,3,5.62,7.935,0.8167,1.0,2026-02-02 22:00:00
2026-02-04 22:00:00,2026-02-04 16:00:00,0.0,0.3775,0.856,0.3243,T2,48.0,3,6.7117,9.46,0.3833,1.0,2026-02-02 22:00:00
2026-02-02 23:00:00,2026-02-02 17:00:00,0.0,0.1116,0.3907,0.2678,ВЭС,1.0,1,5.895,4.14,-0.35,0.0,2026-02-02 22:00:00
2026-02-03 00:00:00,2026-02-02 18:00:00,0.0,0.1197,0.4653,0.2843,ВЭС,2.0,1,6.315,3.895,-0.4333,0.0,2026-02-02 22:00:00
2026-02-03 01:00:00,2026-02-02 19:00:00,0.0558,0.2352,0.6716,0.3725,ВЭС,3.0,1,7.4067,3.19,-0.25,0.0,2026-02-02 22:00:00
2026-02-03 02:00:00,2026-02-02 20:00:00,0.0411,0.3124,0.8635,0.519,ВЭС,4.0,1,8.6183,2.775,-0.0667,0.0,2026-02-02 22:00:00
2026-02-03 03:00:00,2026-02-02 21:00:00,0.049,0.4401,0.9189,0.6301,ВЭС,5.0,1,9.5133,3.005,0.0167,0.0,2026-02-02 22:00:00
2026-02-03 04:00:00,2026-02-02 22:00:00,0.0762,0.3666,0.9098,0.681,ВЭС,6.0,1,10.095,3.5,-0.15,0.0,2026-02-02 22:00:00
2026-02-03 05:00:00,2026-02-02 23:00:00,0.0326,0.3017,0.8895,0.6794,ВЭС,7.0,1,9.9567,3.425,-0.45,0.0,2026-02-02 22:00:00
2026-02-03 06:00:00,2026-02-03 00:00:00,0.0024,0.3727,0.8396,0.5709,ВЭС,8.0,1,9.29,2.7,-0.7833,0.0,2026-02-02 22:00:00
2026-02-03 07:00:00,2026-02-03 01:00:00,0.0,0.2427,0.7635,0.4837,ВЭС,9.0,1,8.5233,2.055,-1.1333,0.0,2026-02-02 22:00:00
2026-02-03 08:00:00,2026-02-03 02:00:00,0.0,0.1425,0.6551,0.3725,ВЭС,10.0,1,7.3767,1.78,-1.0167,0.0,2026-02-02 22:00:00
2026-02-03 09:00:00,2026-02-03 03:00:00,0.0,0.0431,0.3266,0.2347,ВЭС,11.0,1,5.5417,3.265,0.2667,0.0,2026-02-02 22:00:00
2026-02-03 10:00:00,2026-02-03 04:00:00,0.0052,0.0198,0.1098,0.1275,ВЭС,12.0,1,3.6333,4.62,2.2833,0.0,2026-02-02 22:00:00
2026-02-03 11:00:00,2026-02-03 05:00:00,0.0002,0.0093,0.1297,0.1082,ВЭС,13.0,1,3.2517,5.3,4.1333,0.0,2026-02-02 22:00:00
2026-02-03 12:00:00,2026-02-03 06:00:00,0.0075,0.014,0.1291,0.115,ВЭС,14.0,1,3.5033,5.245,5.5667,0.0,2026-02-02 22:00:00
2026-02-03 13:00:00,2026-02-03 07:00:00,0.0057,0.0183,0.0523,0.1082,ВЭС,15.0,1,3.13,5.21,6.5333,0.0,2026-02-02 22:00:00
2026-02-03 14:00:00,2026-02-03 08:00:00,0.0069,0.0164,0.0574,0.0968,ВЭС,16.0,1,2.9967,4.175,7.0833,0.0,2026-02-02 22:00:00
2026-02-03 15:00:00,2026-02-03 09:00:00,0.0084,0.0131,0.0844,0.1082,ВЭС,17.0,1,3.2017,2.265,7.0167,0.0,2026-02-02 22:00:00
2026-02-03 16:00:00,2026-02-03 10:00:00,0.0,0.0655,0.309,0.1676,ВЭС,18.0,2,4.58,1.43,6.35,0.0,2026-02-02 22:00:00
2026-02-03 17:00:00,2026-02-03 11:00:00,0.0,0.1258,0.5803,0.2111,ВЭС,19.0,2,5.19,3.96,4.45,0.0,2026-02-02 22:00:00
2026-02-03 18:00:00,2026-02-03 12:00:00,0.0,0.1576,0.6282,0.2206,ВЭС,20.0,2,5.3633,6.415,3.1667,0.0,2026-02-02 22:00:00
2026-02-03 19:00:00,2026-02-03 13:00:00,0.0,0.2126,0.7843,0.2347,ВЭС,21.0,2,5.5033,6.495,2.8333,0.0,2026-02-02 22:00:00
2026-02-03 20:00:00,2026-02-03 14:00:00,0.0,0.2529,0.7997,0.2347,ВЭС,22.0,2,5.6033,6.6,2.8167,0.0,2026-02-02 22:00:00
2026-02-03 21:00:00,2026-02-03 15:00:00,0.0,0.2465,0.7668,0.2388,ВЭС,23.0,2,5.8133,5.925,2.8833,0.0,2026-02-02 22:00:00
2026-02-03 22:00:00,2026-02-03 16:00:00,0.0,0.2025,0.7379,0.2365,ВЭС,24.0,2,5.6633,4.88,2.9333,0.0,2026-02-02 22:00:00
2026-02-03 23:00:00,2026-02-03 17:00:00,0.0,0.1711,0.676,0.2388,ВЭС,25.0,2,5.6783,3.48,2.9167,0.0,2026-02-02 22:00:00
2026-02-04 00:00:00,2026-02-03 18:00:00,0.0,0.2632,0.7451,0.2732,ВЭС,26.0,2,6.1367,2.44,2.7167,0.0,2026-02-02 22:00:00
2026-02-04 01:00:00,2026-02-03 19:00:00,0.0,0.2622,0.7495,0.2753,ВЭС,27.0,2,6.1833,2.565,2.55,0.0,2026-02-02 22:00:00
2026-02-04 02:00:00,2026-02-03 20:00:00,0.0,0.2712,0.7139,0.2678,ВЭС,28.0,2,6.05,2.76,2.55,0.0,2026-02-02 22:00:00
2026-02-04 03:00:00,2026-02-03 21:00:00,0.0,0.2621,0.8396,0.3243,ВЭС,29.0,2,6.5467,2.53,2.5333,0.0,2026-02-02 22:00:00
2026-02-04 04:00:00,2026-02-03 22:00:00,0.0,0.3804,0.8936,0.3725,ВЭС,30.0,2,7.3617,3.285,2.5,0.0,2026-02-02 22:00:00
2026-02-04 05:00:00,2026-02-03 23:00:00,0.0,0.3867,0.8816,0.3725,ВЭС,31.0,2,7.4567,2.65,2.3,0.0,2026-02-02 22:00:00
2026-02-04 06:00:00,2026-02-04 00:00:00,0.0,0.3729,0.8969,0.3974,ВЭС,32.0,2,7.6283,1.745,2.1333,0.0,2026-02-02 22:00:00
2026-02-04 07:00:00,2026-02-04 01:00:00,0.0,0.4659,0.8826,0.4309,ВЭС,33.0,2,8.0617,1.705,2.1667,0.0,2026-02-02 22:00:00
2026-02-04 08:00:00,2026-02-04 02:00:00,0.0,0.4433,0.8807,0.4253,ВЭС,34.0,2,8.015,1.44,2.1667,0.0,2026-02-02 22:00:00
2026-02-04 09:00:00,2026-02-04 03:00:00,0.0,0.3731,0.8551,0.4212,ВЭС,35.0,2,7.7533,1.45,2.4167,0.0,2026-02-02 22:00:00
2026-02-04 10:00:00,2026-02-04 04:00:00,0.0,0.2872,0.8045,0.3567,ВЭС,36.0,2,7.14,1.345,2.9667,0.0,2026-02-02 22:00:00
2026-02-04 11:00:00,2026-02-04 05:00:00,0.0,0.2527,0.7866,0.3243,ВЭС,37.0,2,6.7133,2.325,3.6167,0.0,2026-02-02 22:00:00
2026-02-04 12:00:00,2026-02-04 06:00:00,0.0,0.2677,0.6864,0.2753,ВЭС,38.0,2,6.2667,3.2,4.3,0.0,2026-02-02 22:00:00
2026-02-04 13:00:00,2026-02-04 07:00:00,0.0,0.2147,0.6577,0.2365,ВЭС,39.0,2,5.66,2.495,5.0667,0.0,2026-02-02 22:00:00
2026-02-04 14:00:00,2026-02-04 08:00:00,0.0027,0.1588,0.6804,0.2347,ВЭС,40.0,2,5.5117,2.305,5.8333,0.0,2026-02-02 22:00:00
2026-02-04 15:00:00,2026-02-04 09:00:00,0.0,0.1826,0.6545,0.2347,ВЭС,41.0,2,5.5533,2.125,6.1667,0.0,2026-02-02 22:00:00
2026-02-04 16:00:00,2026-02-04 10:00:00,0.0,0.0494,0.3198,0.0835,ВЭС,42.0,3,2.7917,4.765,5.1333,0.0,2026-02-02 22:00:00
2026-02-04 17:00:00,2026-02-04 11:00:00,0.0,0.075,0.3147,0.115,ВЭС,43.0,3,3.4217,3.045,4.2667,0.0,2026-02-02 22:00:00
2026-02-04 18:00:00,2026-02-04 12:00:00,0.0,0.0357,0.1945,0.0923,ВЭС,44.0,3,2.8783,1.49,3.2167,0.0,2026-02-02 22:00:00
2026-02-04 19:00:00,2026-02-04 13:00:00,0.0,0.049,0.2556,0.0771,ВЭС,45.0,3,2.4633,0.54,2.2333,0.0,2026-02-02 22:00:00
2026-02-04 20:00:00,2026-02-04 14:00:00,0.0,0.1947,0.4173,0.1381,ВЭС,46.0,3,4.0583,4.56,1.4,1.0,2026-02-02 22:00:00
2026-02-04 21:00:00,2026-02-04 15:00:00,0.0,0.3045,0.8158,0.2347,ВЭС,47.0,3,5.62,7.935,0.8167,1.0,2026-02-02 22:00:00
2026-02-04 22:00:00,2026-02-04 16:00:00,0.0,0.3794,0.8562,0.3243,ВЭС,48.0,3,6.7117,9.46,0.3833,1.0,2026-02-02 22:00:00
2026-02-03 11:00:00,2026-02-03 05:00:00,0.0004,0.01,0.1297,0.1082,T1,1.0,1,3.2517,5.3,4.1333,0.0,2026-02-03 10:00:00
2026-02-03 12:00:00,2026-02-03 06:00:00,0.0082,0.0145,0.1291,0.115,T1,2.0,1,3.5033,5.245,5.5667,0.0,2026-02-03 10:00:00
2026-02-03 13:00:00,2026-02-03 07:00:00,0.0066,0.0185,0.0523,0.1082,T1,3.0,1,3.13,5.21,6.5333,0.0,2026-02-03 10:00:00
2026-02-03 14:00:00,2026-02-03 08:00:00,0.0073,0.0167,0.0574,0.0968,T1,4.0,1,2.9967,4.175,7.0833,0.0,2026-02-03 10:00:00
2026-02-03 15:00:00,2026-02-03 09:00:00,0.0087,0.0132,0.0844,0.1082,T1,5.0,1,3.2017,2.265,7.0167,0.0,2026-02-03 10:00:00
2026-02-03 16:00:00,2026-02-03 10:00:00,0.0,0.0544,0.2274,0.115,T1,6.0,1,3.4217,2.81,6.1333,0.0,2026-02-03 10:00:00
2026-02-03 17:00:00,2026-02-03 11:00:00,0.0,0.1517,0.4303,0.1636,T1,7.0,1,4.4783,4.59,4.8167,0.0,2026-02-03 10:00:00
2026-02-03 18:00:00,2026-02-03 12:00:00,0.0,0.2456,0.6625,0.2678,T1,8.0,1,6.0017,4.235,3.65,0.0,2026-02-03 10:00:00
2026-02-03 19:00:00,2026-02-03 13:00:00,0.0,0.3846,0.8067,0.3567,T1,9.0,1,7.07,2.87,2.8833,0.0,2026-02-03 10:00:00
2026-02-03 20:00:00,2026-02-03 14:00:00,0.0,0.4398,0.8298,0.3974,T1,10.0,1,7.6317,1.925,2.6667,0.0,2026-02-03 10:00:00
2026-02-03 21:00:00,2026-02-03 15:00:00,0.0,0.4276,0.8289,0.4212,T1,11.0,1,7.8117,1.74,2.7333,0.0,2026-02-03 10:00:00
2026-02-03 22:00:00,2026-02-03 16:00:00,0.0,0.4425,0.8715,0.4253,T1,12.0,1,8.005,1.2,2.7333,0.0,2026-02-03 10:00:00
2026-02-03 23:00:00,2026-02-03 17:00:00,0.0,0.4655,0.8966,0.4253,T1,13.0,1,7.995,0.92,2.5333,0.0,2026-02-03 10:00:00
2026-02-04 00:00:00,2026-02-03 18:00:00,0.0,0.4474,0.922,0.4253,T1,14.0,1,7.9783,2.12,2.3833,0.0,2026-02-03 10:00:00
2026-02-04 01:00:00,2026-02-03 19:00:00,0.0,0.4306,0.9352,0.4253,T1,15.0,1,7.9133,3.145,2.5833,0.0,2026-02-03 10:00:00
2026-02-04 02:00:00,2026-02-03 20:00:00,0.0,0.4207,0.9137,0.3974,T1,16.0,1,7.6267,3.695,2.7833,0.0,2026-02-03 10:00:00
2026-02-04 03:00:00,2026-02-03 21:00:00,0.0,0.4506,0.9094,0.4212,T1,17.0,1,7.7167,3.7,2.8167,0.0,2026-02-03 10:00:00
2026-02-04 04:00:00,2026-02-03 22:00:00,0.0,0.3796,0.8936,0.3725,T1,18.0,2,7.3617,3.285,2.5,0.0,2026-02-03 10:00:00
2026-02-04 05:00:00,2026-02-03 23:00:00,0.0,0.3875,0.8816,0.3725,T1,19.0,2,7.4567,2.65,2.3,0.0,2026-02-03 10:00:00
2026-02-04 06:00:00,2026-02-04 00:00:00,0.0,0.3736,0.8969,0.3974,T1,20.0,2,7.6283,1.745,2.1333,0.0,2026-02-03 10:00:00
2026-02-04 07:00:00,2026-02-04 01:00:00,0.0,0.4667,0.8826,0.4309,T1,21.0,2,8.0617,1.705,2.1667,0.0,2026-02-03 10:00:00
2026-02-04 08:00:00,2026-02-04 02:00:00,0.0,0.4413,0.8808,0.4253,T1,22.0,2,8.015,1.44,2.1667,0.0,2026-02-03 10:00:00
2026-02-04 09:00:00,2026-02-04 03:00:00,0.0,0.3712,0.8551,0.4212,T1,23.0,2,7.7533,1.45,2.4167,0.0,2026-02-03 10:00:00
2026-02-04 10:00:00,2026-02-04 04:00:00,0.0,0.2851,0.8045,0.3567,T1,24.0,2,7.14,1.345,2.9667,0.0,2026-02-03 10:00:00
2026-02-04 11:00:00,2026-02-04 05:00:00,0.0,0.2532,0.7866,0.3243,T1,25.0,2,6.7133,2.325,3.6167,0.0,2026-02-03 10:00:00
2026-02-04 12:00:00,2026-02-04 06:00:00,0.0,0.2681,0.6864,0.2753,T1,26.0,2,6.2667,3.2,4.3,0.0,2026-02-03 10:00:00
2026-02-04 13:00:00,2026-02-04 07:00:00,0.0,0.2149,0.6577,0.2365,T1,27.0,2,5.66,2.495,5.0667,0.0,2026-02-03 10:00:00
2026-02-04 14:00:00,2026-02-04 08:00:00,0.0054,0.159,0.6804,0.2347,T1,28.0,2,5.5117,2.305,5.8333,0.0,2026-02-03 10:00:00
2026-02-04 15:00:00,2026-02-04 09:00:00,0.0,0.1828,0.6545,0.2347,T1,29.0,2,5.5533,2.125,6.1667,0.0,2026-02-03 10:00:00
2026-02-04 16:00:00,2026-02-04 10:00:00,0.0,0.1757,0.5932,0.2347,T1,30.0,2,5.4867,1.55,5.6,0.0,2026-02-03 10:00:00
2026-02-04 17:00:00,2026-02-04 11:00:00,0.0,0.0846,0.3983,0.1511,T1,31.0,2,4.405,0.865,4.7667,0.0,2026-02-03 10:00:00
2026-02-04 18:00:00,2026-02-04 12:00:00,0.0,0.0511,0.2416,0.1082,T1,32.0,2,3.2067,2.135,3.7,0.0,2026-02-03 10:00:00
2026-02-04 19:00:00,2026-02-04 13:00:00,0.0,0.057,0.254,0.1275,T1,33.0,2,3.7733,4.375,2.4,0.0,2026-02-03 10:00:00
2026-02-04 20:00:00,2026-02-04 14:00:00,0.0,0.1979,0.6012,0.2388,T1,34.0,2,5.82,6.265,1.5,0.0,2026-02-03 10:00:00
2026-02-04 21:00:00,2026-02-04 15:00:00,0.0216,0.6563,0.947,0.4837,T1,35.0,2,8.3867,5.595,0.9,1.0,2026-02-03 10:00:00
2026-02-04 22:00:00,2026-02-04 16:00:00,0.3678,0.894,0.989,0.681,T1,36.0,2,10.085,2.915,0.5167,1.0,2026-02-03 10:00:00
2026-02-04 23:00:00,2026-02-04 17:00:00,0.4626,0.7894,0.9878,0.7536,T1,37.0,2,10.6017,1.7,0.3167,1.0,2026-02-03 10:00:00
2026-02-05 00:00:00,2026-02-04 18:00:00,0.4322,0.8055,0.979,0.7639,T1,38.0,2,11.155,1.33,0.3,1.0,2026-02-03 10:00:00
2026-02-05 01:00:00,2026-02-04 19:00:00,0.5223,0.801,0.9783,0.8017,T1,39.0,2,12.04,1.16,0.4167,1.0,2026-02-03 10:00:00
2026-02-05 02:00:00,2026-02-04 20:00:00,0.7063,0.9123,0.986,0.8813,T1,40.0,2,12.9033,0.835,0.5833,0.0,2026-02-03 10:00:00
2026-02-05 03:00:00,2026-02-04 21:00:00,0.8707,0.9238,0.99,0.8986,T1,41.0,2,13.705,0.475,0.6333,0.0,2026-02-03 10:00:00
2026-02-05 04:00:00,2026-02-04 22:00:00,0.6021,0.8966,0.9834,0.8794,T1,42.0,3,12.8083,7.695,-0.0833,1.0,2026-02-03 10:00:00
2026-02-05 05:00:00,2026-02-04 23:00:00,0.8099,0.9719,0.99,0.8986,T1,43.0,3,13.87,4.43,-0.1833,1.0,2026-02-03 10:00:00
2026-02-05 06:00:00,2026-02-05 00:00:00,0.9075,0.9573,0.99,0.9486,T1,44.0,3,14.9117,2.605,-0.1333,0.0,2026-02-03 10:00:00
2026-02-05 07:00:00,2026-02-05 01:00:00,0.8997,0.9573,0.99,0.9486,T1,45.0,3,15.3983,2.995,-0.05,0.0,2026-02-03 10:00:00
2026-02-05 08:00:00,2026-02-05 02:00:00,0.9601,0.9607,0.99,0.9539,T1,46.0,3,15.9817,3.5,0.2833,0.0,2026-02-03 10:00:00
2026-02-05 09:00:00,2026-02-05 03:00:00,0.9366,0.958,0.99,0.9539,T1,47.0,3,16.6117,4.29,1.3333,0.0,2026-02-03 10:00:00
2026-02-05 10:00:00,2026-02-05 04:00:00,0.9205,0.9677,0.99,0.9539,T1,48.0,3,17.085,4.975,2.85,0.0,2026-02-03 10:00:00
2026-02-03 11:00:00,2026-02-03 05:00:00,0.0,0.0086,0.1297,0.1082,T2,1.0,1,3.2517,5.3,4.1333,0.0,2026-02-03 10:00:00
2026-02-03 12:00:00,2026-02-03 06:00:00,0.0068,0.0136,0.1291,0.115,T2,2.0,1,3.5033,5.245,5.5667,0.0,2026-02-03 10:00:00
2026-02-03 13:00:00,2026-02-03 07:00:00,0.0048,0.0181,0.0523,0.1082,T2,3.0,1,3.13,5.21,6.5333,0.0,2026-02-03 10:00:00
2026-02-03 14:00:00,2026-02-03 08:00:00,0.0064,0.0161,0.0574,0.0968,T2,4.0,1,2.9967,4.175,7.0833,0.0,2026-02-03 10:00:00
2026-02-03 15:00:00,2026-02-03 09:00:00,0.008,0.013,0.0844,0.1082,T2,5.0,1,3.2017,2.265,7.0167,0.0,2026-02-03 10:00:00
2026-02-03 16:00:00,2026-02-03 10:00:00,0.0,0.054,0.2274,0.115,T2,6.0,1,3.4217,2.81,6.1333,0.0,2026-02-03 10:00:00
2026-02-03 17:00:00,2026-02-03 11:00:00,0.0,0.1513,0.4303,0.1636,T2,7.0,1,4.4783,4.59,4.8167,0.0,2026-02-03 10:00:00
2026-02-03 18:00:00,2026-02-03 12:00:00,0.0,0.2435,0.6625,0.2678,T2,8.0,1,6.0017,4.235,3.65,0.0,2026-02-03 10:00:00
2026-02-03 19:00:00,2026-02-03 13:00:00,0.0,0.3843,0.8066,0.3567,T2,9.0,1,7.07,2.87,2.8833,0.0,2026-02-03 10:00:00
2026-02-03 20:00:00,2026-02-03 14:00:00,0.0,0.4393,0.8297,0.3974,T2,10.0,1,7.6317,1.925,2.6667,0.0,2026-02-03 10:00:00
2026-02-03 21:00:00,2026-02-03 15:00:00,0.0,0.4272,0.8289,0.4212,T2,11.0,1,7.8117,1.74,2.7333,0.0,2026-02-03 10:00:00
2026-02-03 22:00:00,2026-02-03 16:00:00,0.0,0.4419,0.8714,0.4253,T2,12.0,1,8.005,1.2,2.7333,0.0,2026-02-03 10:00:00
2026-02-03 23:00:00,2026-02-03 17:00:00,0.0,0.4649,0.8965,0.4253,T2,13.0,1,7.995,0.92,2.5333,0.0,2026-02-03 10:00:00
2026-02-04 00:00:00,2026-02-03 18:00:00,0.0,0.452,0.9219,0.4253,T2,14.0,1,7.9783,2.12,2.3833,0.0,2026-02-03 10:00:00
2026-02-04 01:00:00,2026-02-03 19:00:00,0.0,0.4323,0.9351,0.4253,T2,15.0,1,7.9133,3.145,2.5833,0.0,2026-02-03 10:00:00
2026-02-04 02:00:00,2026-02-03 20:00:00,0.0,0.4224,0.9136,0.3974,T2,16.0,1,7.6267,3.695,2.7833,0.0,2026-02-03 10:00:00
2026-02-04 03:00:00,2026-02-03 21:00:00,0.0,0.4522,0.9093,0.4212,T2,17.0,1,7.7167,3.7,2.8167,0.0,2026-02-03 10:00:00
2026-02-04 04:00:00,2026-02-03 22:00:00,0.0,0.3813,0.8935,0.3725,T2,18.0,2,7.3617,3.285,2.5,0.0,2026-02-03 10:00:00
2026-02-04 05:00:00,2026-02-03 23:00:00,0.0,0.386,0.8815,0.3725,T2,19.0,2,7.4567,2.65,2.3,0.0,2026-02-03 10:00:00
2026-02-04 06:00:00,2026-02-04 00:00:00,0.0,0.3721,0.8969,0.3974,T2,20.0,2,7.6283,1.745,2.1333,0.0,2026-02-03 10:00:00
2026-02-04 07:00:00,2026-02-04 01:00:00,0.0,0.4652,0.8825,0.4309,T2,21.0,2,8.0617,1.705,2.1667,0.0,2026-02-03 10:00:00
2026-02-04 08:00:00,2026-02-04 02:00:00,0.0,0.4452,0.8807,0.4253,T2,22.0,2,8.015,1.44,2.1667,0.0,2026-02-03 10:00:00
2026-02-04 09:00:00,2026-02-04 03:00:00,0.0,0.375,0.855,0.4212,T2,23.0,2,7.7533,1.45,2.4167,0.0,2026-02-03 10:00:00
2026-02-04 10:00:00,2026-02-04 04:00:00,0.0,0.2894,0.8045,0.3567,T2,24.0,2,7.14,1.345,2.9667,0.0,2026-02-03 10:00:00
2026-02-04 11:00:00,2026-02-04 05:00:00,0.0,0.2521,0.7866,0.3243,T2,25.0,2,6.7133,2.325,3.6167,0.0,2026-02-03 10:00:00
2026-02-04 12:00:00,2026-02-04 06:00:00,0.0,0.2674,0.6863,0.2753,T2,26.0,2,6.2667,3.2,4.3,0.0,2026-02-03 10:00:00
2026-02-04 13:00:00,2026-02-04 07:00:00,0.0,0.2145,0.6577,0.2365,T2,27.0,2,5.66,2.495,5.0667,0.0,2026-02-03 10:00:00
2026-02-04 14:00:00,2026-02-04 08:00:00,0.0,0.1586,0.6804,0.2347,T2,28.0,2,5.5117,2.305,5.8333,0.0,2026-02-03 10:00:00
2026-02-04 15:00:00,2026-02-04 09:00:00,0.0,0.1825,0.6545,0.2347,T2,29.0,2,5.5533,2.125,6.1667,0.0,2026-02-03 10:00:00
2026-02-04 16:00:00,2026-02-04 10:00:00,0.0,0.1753,0.5932,0.2347,T2,30.0,2,5.4867,1.55,5.6,0.0,2026-02-03 10:00:00
2026-02-04 17:00:00,2026-02-04 11:00:00,0.0,0.0842,0.3983,0.1511,T2,31.0,2,4.405,0.865,4.7667,0.0,2026-02-03 10:00:00
2026-02-04 18:00:00,2026-02-04 12:00:00,0.0,0.0519,0.2416,0.1082,T2,32.0,2,3.2067,2.135,3.7,0.0,2026-02-03 10:00:00
2026-02-04 19:00:00,2026-02-04 13:00:00,0.0,0.0564,0.254,0.1275,T2,33.0,2,3.7733,4.375,2.4,0.0,2026-02-03 10:00:00
2026-02-04 20:00:00,2026-02-04 14:00:00,0.0,0.2025,0.6012,0.2388,T2,34.0,2,5.82,6.265,1.5,0.0,2026-02-03 10:00:00
2026-02-04 21:00:00,2026-02-04 15:00:00,0.069,0.6543,0.9447,0.4837,T2,35.0,2,8.3867,5.595,0.9,1.0,2026-02-03 10:00:00
2026-02-04 22:00:00,2026-02-04 16:00:00,0.4623,0.8957,0.97,0.681,T2,36.0,2,10.085,2.915,0.5167,1.0,2026-02-03 10:00:00
2026-02-04 23:00:00,2026-02-04 17:00:00,0.4464,0.7963,0.97,0.7536,T2,37.0,2,10.6017,1.7,0.3167,1.0,2026-02-03 10:00:00
2026-02-05 00:00:00,2026-02-04 18:00:00,0.3723,0.8124,0.97,0.7639,T2,38.0,2,11.155,1.33,0.3,1.0,2026-02-03 10:00:00
2026-02-05 01:00:00,2026-02-04 19:00:00,0.4996,0.8042,0.97,0.8017,T2,39.0,2,12.04,1.16,0.4167,1.0,2026-02-03 10:00:00
2026-02-05 02:00:00,2026-02-04 20:00:00,0.581,0.8983,0.97,0.8813,T2,40.0,2,12.9033,0.835,0.5833,0.0,2026-02-03 10:00:00
2026-02-05 03:00:00,2026-02-04 21:00:00,0.7502,0.9107,0.97,0.8986,T2,41.0,2,13.705,0.475,0.6333,0.0,2026-02-03 10:00:00
2026-02-05 04:00:00,2026-02-04 22:00:00,0.54,0.8896,0.97,0.8794,T2,42.0,3,12.8083,7.695,-0.0833,1.0,2026-02-03 10:00:00
2026-02-05 05:00:00,2026-02-04 23:00:00,0.9052,0.9624,0.97,0.8986,T2,43.0,3,13.87,4.43,-0.1833,1.0,2026-02-03 10:00:00
2026-02-05 06:00:00,2026-02-05 00:00:00,0.8574,0.9484,0.97,0.9486,T2,44.0,3,14.9117,2.605,-0.1333,0.0,2026-02-03 10:00:00
2026-02-05 07:00:00,2026-02-05 01:00:00,0.8439,0.9486,0.97,0.9486,T2,45.0,3,15.3983,2.995,-0.05,0.0,2026-02-03 10:00:00
2026-02-05 08:00:00,2026-02-05 02:00:00,0.9202,0.9514,0.97,0.9539,T2,46.0,3,15.9817,3.5,0.2833,0.0,2026-02-03 10:00:00
2026-02-05 09:00:00,2026-02-05 03:00:00,0.8485,0.9498,0.97,0.9539,T2,47.0,3,16.6117,4.29,1.3333,0.0,2026-02-03 10:00:00
2026-02-05 10:00:00,2026-02-05 04:00:00,0.8417,0.9575,0.97,0.9539,T2,48.0,3,17.085,4.975,2.85,0.0,2026-02-03 10:00:00
2026-02-03 11:00:00,2026-02-03 05:00:00,0.0002,0.0093,0.1297,0.1082,ВЭС,1.0,1,3.2517,5.3,4.1333,0.0,2026-02-03 10:00:00
2026-02-03 12:00:00,2026-02-03 06:00:00,0.0075,0.014,0.1291,0.115,ВЭС,2.0,1,3.5033,5.245,5.5667,0.0,2026-02-03 10:00:00
2026-02-03 13:00:00,2026-02-03 07:00:00,0.0057,0.0183,0.0523,0.1082,ВЭС,3.0,1,3.13,5.21,6.5333,0.0,2026-02-03 10:00:00
2026-02-03 14:00:00,2026-02-03 08:00:00,0.0069,0.0164,0.0574,0.0968,ВЭС,4.0,1,2.9967,4.175,7.0833,0.0,2026-02-03 10:00:00
2026-02-03 15:00:00,2026-02-03 09:00:00,0.0084,0.0131,0.0844,0.1082,ВЭС,5.0,1,3.2017,2.265,7.0167,0.0,2026-02-03 10:00:00
2026-02-03 16:00:00,2026-02-03 10:00:00,0.0,0.0542,0.2274,0.115,ВЭС,6.0,1,3.4217,2.81,6.1333,0.0,2026-02-03 10:00:00
2026-02-03 17:00:00,2026-02-03 11:00:00,0.0,0.1515,0.4303,0.1636,ВЭС,7.0,1,4.4783,4.59,4.8167,0.0,2026-02-03 10:00:00
2026-02-03 18:00:00,2026-02-03 12:00:00,0.0,0.2446,0.6625,0.2678,ВЭС,8.0,1,6.0017,4.235,3.65,0.0,2026-02-03 10:00:00
2026-02-03 19:00:00,2026-02-03 13:00:00,0.0,0.3845,0.8067,0.3567,ВЭС,9.0,1,7.07,2.87,2.8833,0.0,2026-02-03 10:00:00
2026-02-03 20:00:00,2026-02-03 14:00:00,0.0,0.4396,0.8298,0.3974,ВЭС,10.0,1,7.6317,1.925,2.6667,0.0,2026-02-03 10:00:00
2026-02-03 21:00:00,2026-02-03 15:00:00,0.0,0.4274,0.8289,0.4212,ВЭС,11.0,1,7.8117,1.74,2.7333,0.0,2026-02-03 10:00:00
2026-02-03 22:00:00,2026-02-03 16:00:00,0.0,0.4422,0.8714,0.4253,ВЭС,12.0,1,8.005,1.2,2.7333,0.0,2026-02-03 10:00:00
2026-02-03 23:00:00,2026-02-03 17:00:00,0.0,0.4652,0.8966,0.4253,ВЭС,13.0,1,7.995,0.92,2.5333,0.0,2026-02-03 10:00:00
2026-02-04 00:00:00,2026-02-03 18:00:00,0.0,0.4497,0.9219,0.4253,ВЭС,14.0,1,7.9783,2.12,2.3833,0.0,2026-02-03 10:00:00
2026-02-04 01:00:00,2026-02-03 19:00:00,0.0,0.4314,0.9352,0.4253,ВЭС,15.0,1,7.9133,3.145,2.5833,0.0,2026-02-03 10:00:00
2026-02-04 02:00:00,2026-02-03 20:00:00,0.0,0.4215,0.9137,0.3974,ВЭС,16.0,1,7.6267,3.695,2.7833,0.0,2026-02-03 10:00:00
2026-02-04 03:00:00,2026-02-03 21:00:00,0.0,0.4514,0.9093,0.4212,ВЭС,17.0,1,7.7167,3.7,2.8167,0.0,2026-02-03 10:00:00
2026-02-04 04:00:00,2026-02-03 22:00:00,0.0,0.3804,0.8936,0.3725,ВЭС,18.0,2,7.3617,3.285,2.5,0.0,2026-02-03 10:00:00
2026-02-04 05:00:00,2026-02-03 23:00:00,0.0,0.3867,0.8816,0.3725,ВЭС,19.0,2,7.4567,2.65,2.3,0.0,2026-02-03 10:00:00
2026-02-04 06:00:00,2026-02-04 00:00:00,0.0,0.3729,0.8969,0.3974,ВЭС,20.0,2,7.6283,1.745,2.1333,0.0,2026-02-03 10:00:00
2026-02-04 07:00:00,2026-02-04 01:00:00,0.0,0.4659,0.8826,0.4309,ВЭС,21.0,2,8.0617,1.705,2.1667,0.0,2026-02-03 10:00:00
2026-02-04 08:00:00,2026-02-04 02:00:00,0.0,0.4433,0.8807,0.4253,ВЭС,22.0,2,8.015,1.44,2.1667,0.0,2026-02-03 10:00:00
2026-02-04 09:00:00,2026-02-04 03:00:00,0.0,0.3731,0.8551,0.4212,ВЭС,23.0,2,7.7533,1.45,2.4167,0.0,2026-02-03 10:00:00
2026-02-04 10:00:00,2026-02-04 04:00:00,0.0,0.2872,0.8045,0.3567,ВЭС,24.0,2,7.14,1.345,2.9667,0.0,2026-02-03 10:00:00
2026-02-04 11:00:00,2026-02-04 05:00:00,0.0,0.2527,0.7866,0.3243,ВЭС,25.0,2,6.7133,2.325,3.6167,0.0,2026-02-03 10:00:00
2026-02-04 12:00:00,2026-02-04 06:00:00,0.0,0.2677,0.6864,0.2753,ВЭС,26.0,2,6.2667,3.2,4.3,0.0,2026-02-03 10:00:00
2026-02-04 13:00:00,2026-02-04 07:00:00,0.0,0.2147,0.6577,0.2365,ВЭС,27.0,2,5.66,2.495,5.0667,0.0,2026-02-03 10:00:00
2026-02-04 14:00:00,2026-02-04 08:00:00,0.0027,0.1588,0.6804,0.2347,ВЭС,28.0,2,5.5117,2.305,5.8333,0.0,2026-02-03 10:00:00
2026-02-04 15:00:00,2026-02-04 09:00:00,0.0,0.1826,0.6545,0.2347,ВЭС,29.0,2,5.5533,2.125,6.1667,0.0,2026-02-03 10:00:00
2026-02-04 16:00:00,2026-02-04 10:00:00,0.0,0.1755,0.5932,0.2347,ВЭС,30.0,2,5.4867,1.55,5.6,0.0,2026-02-03 10:00:00
2026-02-04 17:00:00,2026-02-04 11:00:00,0.0,0.0844,0.3983,0.1511,ВЭС,31.0,2,4.405,0.865,4.7667,0.0,2026-02-03 10:00:00
2026-02-04 18:00:00,2026-02-04 12:00:00,0.0,0.0515,0.2416,0.1082,ВЭС,32.0,2,3.2067,2.135,3.7,0.0,2026-02-03 10:00:00
2026-02-04 19:00:00,2026-02-04 13:00:00,0.0,0.0567,0.254,0.1275,ВЭС,33.0,2,3.7733,4.375,2.4,0.0,2026-02-03 10:00:00
2026-02-04 20:00:00,2026-02-04 14:00:00,0.0,0.2002,0.6012,0.2388,ВЭС,34.0,2,5.82,6.265,1.5,0.0,2026-02-03 10:00:00
2026-02-04 21:00:00,2026-02-04 15:00:00,0.0453,0.6553,0.9458,0.4837,ВЭС,35.0,2,8.3867,5.595,0.9,1.0,2026-02-03 10:00:00
2026-02-04 22:00:00,2026-02-04 16:00:00,0.4151,0.8949,0.9795,0.681,ВЭС,36.0,2,10.085,2.915,0.5167,1.0,2026-02-03 10:00:00
2026-02-04 23:00:00,2026-02-04 17:00:00,0.4545,0.7928,0.9789,0.7536,ВЭС,37.0,2,10.6017,1.7,0.3167,1.0,2026-02-03 10:00:00
2026-02-05 00:00:00,2026-02-04 18:00:00,0.4022,0.809,0.9745,0.7639,ВЭС,38.0,2,11.155,1.33,0.3,1.0,2026-02-03 10:00:00
2026-02-05 01:00:00,2026-02-04 19:00:00,0.5109,0.8026,0.9742,0.8017,ВЭС,39.0,2,12.04,1.16,0.4167,1.0,2026-02-03 10:00:00
2026-02-05 02:00:00,2026-02-04 20:00:00,0.6436,0.9053,0.978,0.8813,ВЭС,40.0,2,12.9033,0.835,0.5833,0.0,2026-02-03 10:00:00
2026-02-05 03:00:00,2026-02-04 21:00:00,0.8104,0.9172,0.98,0.8986,ВЭС,41.0,2,13.705,0.475,0.6333,0.0,2026-02-03 10:00:00
2026-02-05 04:00:00,2026-02-04 22:00:00,0.571,0.8931,0.9767,0.8794,ВЭС,42.0,3,12.8083,7.695,-0.0833,1.0,2026-02-03 10:00:00
2026-02-05 05:00:00,2026-02-04 23:00:00,0.8576,0.9671,0.98,0.8986,ВЭС,43.0,3,13.87,4.43,-0.1833,1.0,2026-02-03 10:00:00
2026-02-05 06:00:00,2026-02-05 00:00:00,0.8825,0.9529,0.98,0.9486,ВЭС,44.0,3,14.9117,2.605,-0.1333,0.0,2026-02-03 10:00:00
2026-02-05 07:00:00,2026-02-05 01:00:00,0.8718,0.9529,0.98,0.9486,ВЭС,45.0,3,15.3983,2.995,-0.05,0.0,2026-02-03 10:00:00
2026-02-05 08:00:00,2026-02-05 02:00:00,0.9402,0.956,0.98,0.9539,ВЭС,46.0,3,15.9817,3.5,0.2833,0.0,2026-02-03 10:00:00
2026-02-05 09:00:00,2026-02-05 03:00:00,0.8926,0.9539,0.98,0.9539,ВЭС,47.0,3,16.6117,4.29,1.3333,0.0,2026-02-03 10:00:00
2026-02-05 10:00:00,2026-02-05 04:00:00,0.8811,0.9626,0.98,0.9539,ВЭС,48.0,3,17.085,4.975,2.85,0.0,2026-02-03 10:00:00
2026-02-03 23:00:00,2026-02-03 17:00:00,0.0,0.4655,0.8966,0.4253,T1,1.0,1,7.995,0.92,2.5333,0.0,2026-02-03 22:00:00
2026-02-04 00:00:00,2026-02-03 18:00:00,0.0,0.4474,0.922,0.4253,T1,2.0,1,7.9783,2.12,2.3833,0.0,2026-02-03 22:00:00
2026-02-04 01:00:00,2026-02-03 19:00:00,0.0,0.4306,0.9352,0.4253,T1,3.0,1,7.9133,3.145,2.5833,0.0,2026-02-03 22:00:00
2026-02-04 02:00:00,2026-02-03 20:00:00,0.0,0.4207,0.9137,0.3974,T1,4.0,1,7.6267,3.695,2.7833,0.0,2026-02-03 22:00:00
2026-02-04 03:00:00,2026-02-03 21:00:00,0.0,0.4506,0.9094,0.4212,T1,5.0,1,7.7167,3.7,2.8167,0.0,2026-02-03 22:00:00
2026-02-04 04:00:00,2026-02-03 22:00:00,0.0,0.4472,0.911,0.4253,T1,6.0,1,7.965,3.515,2.7667,0.0,2026-02-03 22:00:00
2026-02-04 05:00:00,2026-02-03 23:00:00,0.0,0.5794,0.9882,0.519,T1,7.0,1,8.7,2.415,2.7667,0.0,2026-02-03 22:00:00
2026-02-04 06:00:00,2026-02-04 00:00:00,0.1348,0.6736,0.99,0.5984,T1,8.0,1,9.4883,3.255,2.7167,0.0,2026-02-03 22:00:00
2026-02-04 07:00:00,2026-02-04 01:00:00,0.0009,0.553,0.9541,0.5417,T1,9.0,1,8.98,5.705,2.6,0.0,2026-02-03 22:00:00
2026-02-04 08:00:00,2026-02-04 02:00:00,0.0,0.4657,0.8936,0.4253,T1,10.0,1,8.01,6.43,2.7167,0.0,2026-02-03 22:00:00
2026-02-04 09:00:00,2026-02-04 03:00:00,0.0,0.3877,0.8717,0.3725,T1,11.0,1,7.185,6.295,3.1167,0.0,2026-02-03 22:00:00
2026-02-04 10:00:00,2026-02-04 04:00:00,0.0,0.2965,0.7237,0.2732,T1,12.0,1,6.1317,6.025,3.5833,0.0,2026-02-03 22:00:00
2026-02-04 11:00:00,2026-02-04 05:00:00,0.0,0.218,0.6525,0.2347,T1,13.0,1,5.4833,5.56,4.0667,0.0,2026-02-03 22:00:00
2026-02-04 12:00:00,2026-02-04 06:00:00,0.0,0.1488,0.6212,0.2111,T1,14.0,1,5.165,4.64,4.6833,0.0,2026-02-03 22:00:00
2026-02-04 13:00:00,2026-02-04 07:00:00,0.0,0.144,0.6393,0.1864,T1,15.0,1,4.845,4.665,5.4667,0.0,2026-02-03 22:00:00
2026-02-04 14:00:00,2026-02-04 08:00:00,0.0,0.1336,0.6067,0.1864,T1,16.0,1,4.8117,5.2,6.1833,0.0,2026-02-03 22:00:00
2026-02-04 15:00:00,2026-02-04 09:00:00,0.0,0.1142,0.5668,0.1864,T1,17.0,1,4.7917,5.495,6.3167,0.0,2026-02-03 22:00:00
2026-02-04 16:00:00,2026-02-04 10:00:00,0.0,0.1757,0.5932,0.2347,T1,18.0,2,5.4867,1.55,5.6,0.0,2026-02-03 22:00:00
2026-02-04 17:00:00,2026-02-04 11:00:00,0.0,0.0846,0.3983,0.1511,T1,19.0,2,4.405,0.865,4.7667,0.0,2026-02-03 22:00:00
2026-02-04 18:00:00,2026-02-04 12:00:00,0.0,0.0511,0.2416,0.1082,T1,20.0,2,3.2067,2.135,3.7,0.0,2026-02-03 22:00:00
2026-02-04 19:00:00,2026-02-04 13:00:00,0.0,0.057,0.254,0.1275,T1,21.0,2,3.7733,4.375,2.4,0.0,2026-02-03 22:00:00
2026-02-04 20:00:00,2026-02-04 14:00:00,0.0,0.1979,0.6012,0.2388,T1,22.0,2,5.82,6.265,1.5,0.0,2026-02-03 22:00:00
2026-02-04 21:00:00,2026-02-04 15:00:00,0.0216,0.6563,0.947,0.4837,T1,23.0,2,8.3867,5.595,0.9,1.0,2026-02-03 22:00:00
2026-02-04 22:00:00,2026-02-04 16:00:00,0.3678,0.894,0.989,0.681,T1,24.0,2,10.085,2.915,0.5167,1.0,2026-02-03 22:00:00
2026-02-04 23:00:00,2026-02-04 17:00:00,0.4626,0.7894,0.9878,0.7536,T1,25.0,2,10.6017,1.7,0.3167,1.0,2026-02-03 22:00:00
2026-02-05 00:00:00,2026-02-04 18:00:00,0.4322,0.8055,0.979,0.7639,T1,26.0,2,11.155,1.33,0.3,1.0,2026-02-03 22:00:00
2026-02-05 01:00:00,2026-02-04 19:00:00,0.5223,0.801,0.9783,0.8017,T1,27.0,2,12.04,1.16,0.4167,1.0,2026-02-03 22:00:00
2026-02-05 02:00:00,2026-02-04 20:00:00,0.7063,0.9123,0.986,0.8813,T1,28.0,2,12.9033,0.835,0.5833,0.0,2026-02-03 22:00:00
2026-02-05 03:00:00,2026-02-04 21:00:00,0.8707,0.9238,0.99,0.8986,T1,29.0,2,13.705,0.475,0.6333,0.0,2026-02-03 22:00:00
2026-02-05 04:00:00,2026-02-04 22:00:00,0.9122,0.9532,0.99,0.9162,T1,30.0,2,14.3833,0.83,0.6,0.0,2026-02-03 22:00:00
2026-02-05 05:00:00,2026-02-04 23:00:00,0.9753,0.9768,0.99,0.9486,T1,31.0,2,15.1483,2.335,0.5667,0.0,2026-02-03 22:00:00
2026-02-05 06:00:00,2026-02-05 00:00:00,0.9548,0.9785,0.99,0.9539,T1,32.0,2,15.6917,3.05,0.4833,0.0,2026-02-03 22:00:00
2026-02-05 07:00:00,2026-02-05 01:00:00,0.9569,0.9698,0.99,0.9539,T1,33.0,2,16.0233,3.265,0.3667,0.0,2026-02-03 22:00:00
2026-02-05 08:00:00,2026-02-05 02:00:00,0.9538,0.956,0.99,0.9539,T1,34.0,2,16.5233,4.18,0.5333,0.0,2026-02-03 22:00:00
2026-02-05 09:00:00,2026-02-05 03:00:00,0.9512,0.9606,0.99,0.9539,T1,35.0,2,16.8783,5.125,1.5333,0.0,2026-02-03 22:00:00
2026-02-05 10:00:00,2026-02-05 04:00:00,0.9197,0.9609,0.99,0.9539,T1,36.0,2,17.0317,5.72,3.0667,0.0,2026-02-03 22:00:00
2026-02-05 11:00:00,2026-02-05 05:00:00,0.9436,0.9704,0.99,0.9539,T1,37.0,2,16.905,5.345,4.4,0.0,2026-02-03 22:00:00
2026-02-05 12:00:00,2026-02-05 06:00:00,0.9314,0.9726,0.99,0.9539,T1,38.0,2,16.765,5.125,5.4167,0.0,2026-02-03 22:00:00
2026-02-05 13:00:00,2026-02-05 07:00:00,0.8926,0.9701,0.99,0.9539,T1,39.0,2,16.5233,5.41,6.1833,0.0,2026-02-03 22:00:00
2026-02-05 14:00:00,2026-02-05 08:00:00,0.9123,0.968,0.99,0.9539,T1,40.0,2,16.0967,5.625,6.7167,0.0,2026-02-03 22:00:00
2026-02-05 15:00:00,2026-02-05 09:00:00,0.9164,0.973,0.99,0.9486,T1,41.0,2,15.7583,5.755,6.85,0.0,2026-02-03 22:00:00
2026-02-05 16:00:00,2026-02-05 10:00:00,0.9208,0.9618,0.99,0.9539,T1,42.0,3,16.465,5.625,6.4167,0.0,2026-02-03 22:00:00
2026-02-05 17:00:00,2026-02-05 11:00:00,0.9133,0.99,0.99,0.9539,T1,43.0,3,15.9783,5.35,5.55,0.0,2026-02-03 22:00:00
2026-02-05 18:00:00,2026-02-05 12:00:00,0.9428,0.9705,0.99,0.9486,T1,44.0,3,15.72,5.26,4.6,0.0,2026-02-03 22:00:00
2026-02-05 19:00:00,2026-02-05 13:00:00,0.9218,0.9771,0.99,0.9486,T1,45.0,3,15.1233,5.32,3.8,0.0,2026-02-03 22:00:00
2026-02-05 20:00:00,2026-02-05 14:00:00,0.8747,0.9465,0.99,0.8986,T1,46.0,3,13.7817,4.48,3.2667,0.0,2026-02-03 22:00:00
2026-02-05 21:00:00,2026-02-05 15:00:00,0.5301,0.8614,0.9529,0.8297,T1,47.0,3,12.55,3.14,2.7667,0.0,2026-02-03 22:00:00
2026-02-05 22:00:00,2026-02-05 16:00:00,0.5563,0.8743,0.981,0.8017,T1,48.0,3,11.7233,1.805,2.25,0.0,2026-02-03 22:00:00
2026-02-03 23:00:00,2026-02-03 17:00:00,0.0,0.4649,0.8965,0.4253,T2,1.0,1,7.995,0.92,2.5333,0.0,2026-02-03 22:00:00
2026-02-04 00:00:00,2026-02-03 18:00:00,0.0,0.452,0.9219,0.4253,T2,2.0,1,7.9783,2.12,2.3833,0.0,2026-02-03 22:00:00
2026-02-04 01:00:00,2026-02-03 19:00:00,0.0,0.4323,0.9351,0.4253,T2,3.0,1,7.9133,3.145,2.5833,0.0,2026-02-03 22:00:00
2026-02-04 02:00:00,2026-02-03 20:00:00,0.0,0.4224,0.9136,0.3974,T2,4.0,1,7.6267,3.695,2.7833,0.0,2026-02-03 22:00:00
2026-02-04 03:00:00,2026-02-03 21:00:00,0.0,0.4522,0.9093,0.4212,T2,5.0,1,7.7167,3.7,2.8167,0.0,2026-02-03 22:00:00
2026-02-04 04:00:00,2026-02-03 22:00:00,0.0,0.4489,0.9109,0.4253,T2,6.0,1,7.965,3.515,2.7667,0.0,2026-02-03 22:00:00
2026-02-04 05:00:00,2026-02-03 23:00:00,0.0195,0.5811,0.97,0.519,T2,7.0,1,8.7,2.415,2.7667,0.0,2026-02-03 22:00:00
2026-02-04 06:00:00,2026-02-04 00:00:00,0.0601,0.6754,0.97,0.5984,T2,8.0,1,9.4883,3.255,2.7167,0.0,2026-02-03 22:00:00
2026-02-04 07:00:00,2026-02-04 01:00:00,0.0047,0.5514,0.9483,0.5417,T2,9.0,1,8.98,5.705,2.6,0.0,2026-02-03 22:00:00
2026-02-04 08:00:00,2026-02-04 02:00:00,0.0,0.4641,0.892,0.4253,T2,10.0,1,8.01,6.43,2.7167,0.0,2026-02-03 22:00:00
2026-02-04 09:00:00,2026-02-04 03:00:00,0.0,0.3869,0.8716,0.3725,T2,11.0,1,7.185,6.295,3.1167,0.0,2026-02-03 22:00:00
2026-02-04 10:00:00,2026-02-04 04:00:00,0.0,0.2954,0.7236,0.2732,T2,12.0,1,6.1317,6.025,3.5833,0.0,2026-02-03 22:00:00
2026-02-04 11:00:00,2026-02-04 05:00:00,0.0,0.2173,0.6525,0.2347,T2,13.0,1,5.4833,5.56,4.0667,0.0,2026-02-03 22:00:00
2026-02-04 12:00:00,2026-02-04 06:00:00,0.0,0.1482,0.6212,0.2111,T2,14.0,1,5.165,4.64,4.6833,0.0,2026-02-03 22:00:00
2026-02-04 13:00:00,2026-02-04 07:00:00,0.0,0.1435,0.6393,0.1864,T2,15.0,1,4.845,4.665,5.4667,0.0,2026-02-03 22:00:00
2026-02-04 14:00:00,2026-02-04 08:00:00,0.0,0.1331,0.6067,0.1864,T2,16.0,1,4.8117,5.2,6.1833,0.0,2026-02-03 22:00:00
2026-02-04 15:00:00,2026-02-04 09:00:00,0.0,0.1138,0.5668,0.1864,T2,17.0,1,4.7917,5.495,6.3167,0.0,2026-02-03 22:00:00
2026-02-04 16:00:00,2026-02-04 10:00:00,0.0,0.1753,0.5932,0.2347,T2,18.0,2,5.4867,1.55,5.6,0.0,2026-02-03 22:00:00
2026-02-04 17:00:00,2026-02-04 11:00:00,0.0,0.0842,0.3983,0.1511,T2,19.0,2,4.405,0.865,4.7667,0.0,2026-02-03 22:00:00
2026-02-04 18:00:00,2026-02-04 12:00:00,0.0,0.0519,0.2416,0.1082,T2,20.0,2,3.2067,2.135,3.7,0.0,2026-02-03 22:00:00
2026-02-04 19:00:00,2026-02-04 13:00:00,0.0,0.0564,0.254,0.1275,T2,21.0,2,3.7733,4.375,2.4,0.0,2026-02-03 22:00:00
2026-02-04 20:00:00,2026-02-04 14:00:00,0.0,0.2025,0.6012,0.2388,T2,22.0,2,5.82,6.265,1.5,0.0,2026-02-03 22:00:00
2026-02-04 21:00:00,2026-02-04 15:00:00,0.069,0.6543,0.9447,0.4837,T2,23.0,2,8.3867,5.595,0.9,1.0,2026-02-03 22:00:00
2026-02-04 22:00:00,2026-02-04 16:00:00,0.4623,0.8957,0.97,0.681,T2,24.0,2,10.085,2.915,0.5167,1.0,2026-02-03 22:00:00
2026-02-04 23:00:00,2026-02-04 17:00:00,0.4464,0.7963,0.97,0.7536,T2,25.0,2,10.6017,1.7,0.3167,1.0,2026-02-03 22:00:00
2026-02-05 00:00:00,2026-02-04 18:00:00,0.3723,0.8124,0.97,0.7639,T2,26.0,2,11.155,1.33,0.3,1.0,2026-02-03 22:00:00
2026-02-05 01:00:00,2026-02-04 19:00:00,0.4996,0.8042,0.97,0.8017,T2,27.0,2,12.04,1.16,0.4167,1.0,2026-02-03 22:00:00
2026-02-05 02:00:00,2026-02-04 20:00:00,0.581,0.8983,0.97,0.8813,T2,28.0,2,12.9033,0.835,0.5833,0.0,2026-02-03 22:00:00
2026-02-05 03:00:00,2026-02-04 21:00:00,0.7502,0.9107,0.97,0.8986,T2,29.0,2,13.705,0.475,0.6333,0.0,2026-02-03 22:00:00
2026-02-05 04:00:00,2026-02-04 22:00:00,0.7948,0.9405,0.97,0.9162,T2,30.0,2,14.3833,0.83,0.6,0.0,2026-02-03 22:00:00
2026-02-05 05:00:00,2026-02-04 23:00:00,0.8813,0.9665,0.97,0.9486,T2,31.0,2,15.1483,2.335,0.5667,0.0,2026-02-03 22:00:00
2026-02-05 06:00:00,2026-02-05 00:00:00,0.9387,0.9531,0.97,0.9539,T2,32.0,2,15.6917,3.05,0.4833,0.0,2026-02-03 22:00:00
2026-02-05 07:00:00,2026-02-05 01:00:00,0.9239,0.9518,0.97,0.9539,T2,33.0,2,16.0233,3.265,0.3667,0.0,2026-02-03 22:00:00
2026-02-05 08:00:00,2026-02-05 02:00:00,0.9057,0.9475,0.97,0.9539,T2,34.0,2,16.5233,4.18,0.5333,0.0,2026-02-03 22:00:00
2026-02-05 09:00:00,2026-02-05 03:00:00,0.883,0.9453,0.97,0.9539,T2,35.0,2,16.8783,5.125,1.5333,0.0,2026-02-03 22:00:00
2026-02-05 10:00:00,2026-02-05 04:00:00,0.8179,0.9507,0.97,0.9539,T2,36.0,2,17.0317,5.72,3.0667,0.0,2026-02-03 22:00:00
2026-02-05 11:00:00,2026-02-05 05:00:00,0.8336,0.9605,0.97,0.9539,T2,37.0,2,16.905,5.345,4.4,0.0,2026-02-03 22:00:00
2026-02-05 12:00:00,2026-02-05 06:00:00,0.7811,0.9604,0.97,0.9539,T2,38.0,2,16.765,5.125,5.4167,0.0,2026-02-03 22:00:00
2026-02-05 13:00:00,2026-02-05 07:00:00,0.7843,0.9571,0.97,0.9539,T2,39.0,2,16.5233,5.41,6.1833,0.0,2026-02-03 22:00:00
2026-02-05 14:00:00,2026-02-05 08:00:00,0.8201,0.9547,0.97,0.9539,T2,40.0,2,16.0967,5.625,6.7167,0.0,2026-02-03 22:00:00
2026-02-05 15:00:00,2026-02-05 09:00:00,0.8015,0.9603,0.97,0.9486,T2,41.0,2,15.7583,5.755,6.85,0.0,2026-02-03 22:00:00
2026-02-05 16:00:00,2026-02-05 10:00:00,0.7439,0.9506,0.97,0.9539,T2,42.0,3,16.465,5.625,6.4167,0.0,2026-02-03 22:00:00
2026-02-05 17:00:00,2026-02-05 11:00:00,0.755,0.97,0.97,0.9539,T2,43.0,3,15.9783,5.35,5.55,0.0,2026-02-03 22:00:00
2026-02-05 18:00:00,2026-02-05 12:00:00,0.7751,0.9593,0.97,0.9486,T2,44.0,3,15.72,5.26,4.6,0.0,2026-02-03 22:00:00
2026-02-05 19:00:00,2026-02-05 13:00:00,0.7495,0.9663,0.97,0.9486,T2,45.0,3,15.1233,5.32,3.8,0.0,2026-02-03 22:00:00
2026-02-05 20:00:00,2026-02-05 14:00:00,0.713,0.9412,0.97,0.8986,T2,46.0,3,13.7817,4.48,3.2667,0.0,2026-02-03 22:00:00
2026-02-05 21:00:00,2026-02-05 15:00:00,0.4031,0.862,0.9362,0.8297,T2,47.0,3,12.55,3.14,2.7667,0.0,2026-02-03 22:00:00
2026-02-05 22:00:00,2026-02-05 16:00:00,0.5346,0.8722,0.9652,0.8017,T2,48.0,3,11.7233,1.805,2.25,0.0,2026-02-03 22:00:00
2026-02-03 23:00:00,2026-02-03 17:00:00,0.0,0.4652,0.8966,0.4253,ВЭС,1.0,1,7.995,0.92,2.5333,0.0,2026-02-03 22:00:00
2026-02-04 00:00:00,2026-02-03 18:00:00,0.0,0.4497,0.9219,0.4253,ВЭС,2.0,1,7.9783,2.12,2.3833,0.0,2026-02-03 22:00:00
2026-02-04 01:00:00,2026-02-03 19:00:00,0.0,0.4314,0.9352,0.4253,ВЭС,3.0,1,7.9133,3.145,2.5833,0.0,2026-02-03 22:00:00
2026-02-04 02:00:00,2026-02-03 20:00:00,0.0,0.4215,0.9137,0.3974,ВЭС,4.0,1,7.6267,3.695,2.7833,0.0,2026-02-03 22:00:00
2026-02-04 03:00:00,2026-02-03 21:00:00,0.0,0.4514,0.9093,0.4212,ВЭС,5.0,1,7.7167,3.7,2.8167,0.0,2026-02-03 22:00:00
2026-02-04 04:00:00,2026-02-03 22:00:00,0.0,0.448,0.9109,0.4253,ВЭС,6.0,1,7.965,3.515,2.7667,0.0,2026-02-03 22:00:00
2026-02-04 05:00:00,2026-02-03 23:00:00,0.0097,0.5802,0.9791,0.519,ВЭС,7.0,1,8.7,2.415,2.7667,0.0,2026-02-03 22:00:00
2026-02-04 06:00:00,2026-02-04 00:00:00,0.0975,0.6745,0.98,0.5984,ВЭС,8.0,1,9.4883,3.255,2.7167,0.0,2026-02-03 22:00:00
2026-02-04 07:00:00,2026-02-04 01:00:00,0.0028,0.5522,0.9512,0.5417,ВЭС,9.0,1,8.98,5.705,2.6,0.0,2026-02-03 22:00:00
2026-02-04 08:00:00,2026-02-04 02:00:00,0.0,0.4649,0.8928,0.4253,ВЭС,10.0,1,8.01,6.43,2.7167,0.0,2026-02-03 22:00:00
2026-02-04 09:00:00,2026-02-04 03:00:00,0.0,0.3873,0.8717,0.3725,ВЭС,11.0,1,7.185,6.295,3.1167,0.0,2026-02-03 22:00:00
2026-02-04 10:00:00,2026-02-04 04:00:00,0.0,0.296,0.7237,0.2732,ВЭС,12.0,1,6.1317,6.025,3.5833,0.0,2026-02-03 22:00:00
2026-02-04 11:00:00,2026-02-04 05:00:00,0.0,0.2176,0.6525,0.2347,ВЭС,13.0,1,5.4833,5.56,4.0667,0.0,2026-02-03 22:00:00
2026-02-04 12:00:00,2026-02-04 06:00:00,0.0,0.1485,0.6212,0.2111,ВЭС,14.0,1,5.165,4.64,4.6833,0.0,2026-02-03 22:00:00
2026-02-04 13:00:00,2026-02-04 07:00:00,0.0,0.1437,0.6393,0.1864,ВЭС,15.0,1,4.845,4.665,5.4667,0.0,2026-02-03 22:00:00
2026-02-04 14:00:00,2026-02-04 08:00:00,0.0,0.1333,0.6067,0.1864,ВЭС,16.0,1,4.8117,5.2,6.1833,0.0,2026-02-03 22:00:00
2026-02-04 15:00:00,2026-02-04 09:00:00,0.0,0.114,0.5668,0.1864,ВЭС,17.0,1,4.7917,5.495,6.3167,0.0,2026-02-03 22:00:00
2026-02-04 16:00:00,2026-02-04 10:00:00,0.0,0.1755,0.5932,0.2347,ВЭС,18.0,2,5.4867,1.55,5.6,0.0,2026-02-03 22:00:00
2026-02-04 17:00:00,2026-02-04 11:00:00,0.0,0.0844,0.3983,0.1511,ВЭС,19.0,2,4.405,0.865,4.7667,0.0,2026-02-03 22:00:00
2026-02-04 18:00:00,2026-02-04 12:00:00,0.0,0.0515,0.2416,0.1082,ВЭС,20.0,2,3.2067,2.135,3.7,0.0,2026-02-03 22:00:00
2026-02-04 19:00:00,2026-02-04 13:00:00,0.0,0.0567,0.254,0.1275,ВЭС,21.0,2,3.7733,4.375,2.4,0.0,2026-02-03 22:00:00
2026-02-04 20:00:00,2026-02-04 14:00:00,0.0,0.2002,0.6012,0.2388,ВЭС,22.0,2,5.82,6.265,1.5,0.0,2026-02-03 22:00:00
2026-02-04 21:00:00,2026-02-04 15:00:00,0.0453,0.6553,0.9458,0.4837,ВЭС,23.0,2,8.3867,5.595,0.9,1.0,2026-02-03 22:00:00
2026-02-04 22:00:00,2026-02-04 16:00:00,0.4151,0.8949,0.9795,0.681,ВЭС,24.0,2,10.085,2.915,0.5167,1.0,2026-02-03 22:00:00
2026-02-04 23:00:00,2026-02-04 17:00:00,0.4545,0.7928,0.9789,0.7536,ВЭС,25.0,2,10.6017,1.7,0.3167,1.0,2026-02-03 22:00:00
2026-02-05 00:00:00,2026-02-04 18:00:00,0.4022,0.809,0.9745,0.7639,ВЭС,26.0,2,11.155,1.33,0.3,1.0,2026-02-03 22:00:00
2026-02-05 01:00:00,2026-02-04 19:00:00,0.5109,0.8026,0.9742,0.8017,ВЭС,27.0,2,12.04,1.16,0.4167,1.0,2026-02-03 22:00:00
2026-02-05 02:00:00,2026-02-04 20:00:00,0.6436,0.9053,0.978,0.8813,ВЭС,28.0,2,12.9033,0.835,0.5833,0.0,2026-02-03 22:00:00
2026-02-05 03:00:00,2026-02-04 21:00:00,0.8104,0.9172,0.98,0.8986,ВЭС,29.0,2,13.705,0.475,0.6333,0.0,2026-02-03 22:00:00
2026-02-05 04:00:00,2026-02-04 22:00:00,0.8535,0.9469,0.98,0.9162,ВЭС,30.0,2,14.3833,0.83,0.6,0.0,2026-02-03 22:00:00
2026-02-05 05:00:00,2026-02-04 23:00:00,0.9283,0.9716,0.98,0.9486,ВЭС,31.0,2,15.1483,2.335,0.5667,0.0,2026-02-03 22:00:00
2026-02-05 06:00:00,2026-02-05 00:00:00,0.9467,0.9658,0.98,0.9539,ВЭС,32.0,2,15.6917,3.05,0.4833,0.0,2026-02-03 22:00:00
2026-02-05 07:00:00,2026-02-05 01:00:00,0.9404,0.9608,0.98,0.9539,ВЭС,33.0,2,16.0233,3.265,0.3667,0.0,2026-02-03 22:00:00
2026-02-05 08:00:00,2026-02-05 02:00:00,0.9298,0.9518,0.98,0.9539,ВЭС,34.0,2,16.5233,4.18,0.5333,0.0,2026-02-03 22:00:00
2026-02-05 09:00:00,2026-02-05 03:00:00,0.9171,0.9529,0.98,0.9539,ВЭС,35.0,2,16.8783,5.125,1.5333,0.0,2026-02-03 22:00:00
2026-02-05 10:00:00,2026-02-05 04:00:00,0.8688,0.9558,0.98,0.9539,ВЭС,36.0,2,17.0317,5.72,3.0667,0.0,2026-02-03 22:00:00
2026-02-05 11:00:00,2026-02-05 05:00:00,0.8886,0.9655,0.98,0.9539,ВЭС,37.0,2,16.905,5.345,4.4,0.0,2026-02-03 22:00:00
2026-02-05 12:00:00,2026-02-05 06:00:00,0.8563,0.9665,0.98,0.9539,ВЭС,38.0,2,16.765,5.125,5.4167,0.0,2026-02-03 22:00:00
2026-02-05 13:00:00,2026-02-05 07:00:00,0.8385,0.9636,0.98,0.9539,ВЭС,39.0,2,16.5233,5.41,6.1833,0.0,2026-02-03 22:00:00
2026-02-05 14:00:00,2026-02-05 08:00:00,0.8662,0.9614,0.98,0.9539,ВЭС,40.0,2,16.0967,5.625,6.7167,0.0,2026-02-03 22:00:00
2026-02-05 15:00:00,2026-02-05 09:00:00,0.8589,0.9666,0.98,0.9486,ВЭС,41.0,2,15.7583,5.755,6.85,0.0,2026-02-03 22:00:00
2026-02-05 16:00:00,2026-02-05 10:00:00,0.8324,0.9562,0.98,0.9539,ВЭС,42.0,3,16.465,5.625,6.4167,0.0,2026-02-03 22:00:00
2026-02-05 17:00:00,2026-02-05 11:00:00,0.8341,0.98,0.98,0.9539,ВЭС,43.0,3,15.9783,5.35,5.55,0.0,2026-02-03 22:00:00
2026-02-05 18:00:00,2026-02-05 12:00:00,0.859,0.9649,0.98,0.9486,ВЭС,44.0,3,15.72,5.26,4.6,0.0,2026-02-03 22:00:00
2026-02-05 19:00:00,2026-02-05 13:00:00,0.8356,0.9717,0.98,0.9486,ВЭС,45.0,3,15.1233,5.32,3.8,0.0,2026-02-03 22:00:00
2026-02-05 20:00:00,2026-02-05 14:00:00,0.7939,0.9438,0.98,0.8986,ВЭС,46.0,3,13.7817,4.48,3.2667,0.0,2026-02-03 22:00:00
2026-02-05 21:00:00,2026-02-05 15:00:00,0.4666,0.8617,0.9446,0.8297,ВЭС,47.0,3,12.55,3.14,2.7667,0.0,2026-02-03 22:00:00
2026-02-05 22:00:00,2026-02-05 16:00:00,0.5454,0.8732,0.9731,0.8017,ВЭС,48.0,3,11.7233,1.805,2.25,0.0,2026-02-03 22:00:00
2026-02-04 11:00:00,2026-02-04 05:00:00,0.0,0.218,0.6525,0.2347,T1,1.0,1,5.4833,5.56,4.0667,0.0,2026-02-04 10:00:00
2026-02-04 12:00:00,2026-02-04 06:00:00,0.0,0.1488,0.6212,0.2111,T1,2.0,1,5.165,4.64,4.6833,0.0,2026-02-04 10:00:00
2026-02-04 13:00:00,2026-02-04 07:00:00,0.0,0.144,0.6393,0.1864,T1,3.0,1,4.845,4.665,5.4667,0.0,2026-02-04 10:00:00
2026-02-04 14:00:00,2026-02-04 08:00:00,0.0,0.1336,0.6067,0.1864,T1,4.0,1,4.8117,5.2,6.1833,0.0,2026-02-04 10:00:00
2026-02-04 15:00:00,2026-02-04 09:00:00,0.0,0.1142,0.5668,0.1864,T1,5.0,1,4.7917,5.495,6.3167,0.0,2026-02-04 10:00:00
2026-02-04 16:00:00,2026-02-04 10:00:00,0.0,0.1074,0.469,0.1676,T1,6.0,1,4.5167,5.855,5.7333,0.0,2026-02-04 10:00:00
2026-02-04 17:00:00,2026-02-04 11:00:00,0.0,0.0817,0.3209,0.1472,T1,7.0,1,4.2533,2.005,4.75,0.0,2026-02-04 10:00:00
2026-02-04 18:00:00,2026-02-04 12:00:00,0.0,0.0797,0.2989,0.1381,T1,8.0,1,3.9133,5.16,3.4167,0.0,2026-02-04 10:00:00
2026-02-04 19:00:00,2026-02-04 13:00:00,0.0,0.1103,0.3932,0.1852,T1,9.0,1,4.7333,8.205,2.15,0.0,2026-02-04 10:00:00
2026-02-04 20:00:00,2026-02-04 14:00:00,0.0,0.2648,0.712,0.3567,T1,10.0,1,7.1233,6.96,1.2333,1.0,2026-02-04 10:00:00
2026-02-04 21:00:00,2026-02-04 15:00:00,0.0642,0.6629,0.9375,0.5709,T1,11.0,1,9.3167,4.085,0.6167,1.0,2026-02-04 10:00:00
2026-02-04 22:00:00,2026-02-04 16:00:00,0.3195,0.9093,0.985,0.7536,T1,12.0,1,10.665,2.255,0.4,1.0,2026-02-04 10:00:00
2026-02-04 23:00:00,2026-02-04 17:00:00,0.4137,0.9614,0.9883,0.7639,T1,13.0,1,11.31,1.98,0.3167,1.0,2026-02-04 10:00:00
2026-02-05 00:00:00,2026-02-04 18:00:00,0.4758,0.8625,0.9819,0.8017,T1,14.0,1,11.9883,1.885,0.2833,1.0,2026-02-04 10:00:00
2026-02-05 01:00:00,2026-02-04 19:00:00,0.7228,0.879,0.9861,0.8846,T1,15.0,1,13.0117,1.605,0.4,1.0,2026-02-04 10:00:00
2026-02-05 02:00:00,2026-02-04 20:00:00,0.8675,0.9151,0.9884,0.8986,T1,16.0,1,13.93,1.52,0.55,0.0,2026-02-04 10:00:00
2026-02-05 03:00:00,2026-02-04 21:00:00,0.9169,0.9346,0.99,0.9162,T1,17.0,1,14.4717,1.35,0.5833,0.0,2026-02-04 10:00:00
2026-02-05 04:00:00,2026-02-04 22:00:00,0.9122,0.9532,0.99,0.9162,T1,18.0,2,14.3833,0.83,0.6,0.0,2026-02-04 10:00:00
2026-02-05 05:00:00,2026-02-04 23:00:00,0.9753,0.9768,0.99,0.9486,T1,19.0,2,15.1483,2.335,0.5667,0.0,2026-02-04 10:00:00
2026-02-05 06:00:00,2026-02-05 00:00:00,0.9548,0.9785,0.99,0.9539,T1,20.0,2,15.6917,3.05,0.4833,0.0,2026-02-04 10:00:00
2026-02-05 07:00:00,2026-02-05 01:00:00,0.9569,0.9698,0.99,0.9539,T1,21.0,2,16.0233,3.265,0.3667,0.0,2026-02-04 10:00:00
2026-02-05 08:00:00,2026-02-05 02:00:00,0.9538,0.956,0.99,0.9539,T1,22.0,2,16.5233,4.18,0.5333,0.0,2026-02-04 10:00:00
2026-02-05 09:00:00,2026-02-05 03:00:00,0.9512,0.9606,0.99,0.9539,T1,23.0,2,16.8783,5.125,1.5333,0.0,2026-02-04 10:00:00
2026-02-05 10:00:00,2026-02-05 04:00:00,0.9197,0.9609,0.99,0.9539,T1,24.0,2,17.0317,5.72,3.0667,0.0,2026-02-04 10:00:00
2026-02-05 11:00:00,2026-02-05 05:00:00,0.9436,0.9704,0.99,0.9539,T1,25.0,2,16.905,5.345,4.4,0.0,2026-02-04 10:00:00
2026-02-05 12:00:00,2026-02-05 06:00:00,0.9314,0.9726,0.99,0.9539,T1,26.0,2,16.765,5.125,5.4167,0.0,2026-02-04 10:00:00
2026-02-05 13:00:00,2026-02-05 07:00:00,0.8926,0.9701,0.99,0.9539,T1,27.0,2,16.5233,5.41,6.1833,0.0,2026-02-04 10:00:00
2026-02-05 14:00:00,2026-02-05 08:00:00,0.9123,0.968,0.99,0.9539,T1,28.0,2,16.0967,5.625,6.7167,0.0,2026-02-04 10:00:00
2026-02-05 15:00:00,2026-02-05 09:00:00,0.9164,0.973,0.99,0.9486,T1,29.0,2,15.7583,5.755,6.85,0.0,2026-02-04 10:00:00
2026-02-05 16:00:00,2026-02-05 10:00:00,0.9302,0.9669,0.99,0.9486,T1,30.0,2,15.3133,5.575,6.4,0.0,2026-02-04 10:00:00
2026-02-05 17:00:00,2026-02-05 11:00:00,0.891,0.9818,0.99,0.9162,T1,31.0,2,14.4767,4.795,5.4833,0.0,2026-02-04 10:00:00
2026-02-05 18:00:00,2026-02-05 12:00:00,0.8844,0.9605,0.9881,0.8846,T1,32.0,2,13.355,3.545,4.5167,0.0,2026-02-04 10:00:00
2026-02-05 19:00:00,2026-02-05 13:00:00,0.6533,0.9614,0.9857,0.8017,T1,33.0,2,12.25,2.18,3.8,0.0,2026-02-04 10:00:00
2026-02-05 20:00:00,2026-02-05 14:00:00,0.4926,0.9511,0.9793,0.7639,T1,34.0,2,11.3683,2.34,3.1167,0.0,2026-02-04 10:00:00
2026-02-05 21:00:00,2026-02-05 15:00:00,0.4412,0.8994,0.9825,0.7639,T1,35.0,2,10.89,2.3,2.4833,0.0,2026-02-04 10:00:00
2026-02-05 22:00:00,2026-02-05 16:00:00,0.2749,0.7525,0.9462,0.73,T1,36.0,2,10.5417,1.88,2.0833,0.0,2026-02-04 10:00:00
2026-02-05 23:00:00,2026-02-05 17:00:00,0.2701,0.6077,0.9304,0.6898,T1,37.0,2,10.4133,1.475,1.8833,0.0,2026-02-04 10:00:00
2026-02-06 00:00:00,2026-02-05 18:00:00,0.2309,0.5784,0.929,0.6955,T1,38.0,2,10.445,1.095,1.8167,0.0,2026-02-04 10:00:00
2026-02-06 01:00:00,2026-02-05 19:00:00,0.2282,0.6025,0.9509,0.681,T1,39.0,2,10.2067,1.1,1.7833,0.0,2026-02-04 10:00:00
2026-02-06 02:00:00,2026-02-05 20:00:00,0.0443,0.5297,0.9375,0.6355,T1,40.0,2,9.7183,1.39,1.75,0.0,2026-02-04 10:00:00
2026-02-06 03:00:00,2026-02-05 21:00:00,0.0415,0.4143,0.876,0.5417,T1,41.0,2,8.9583,0.66,1.5167,0.0,2026-02-04 10:00:00
2026-02-06 04:00:00,2026-02-05 22:00:00,0.0504,0.4288,0.8847,0.5291,T1,42.0,3,8.885,3.43,1.1167,0.0,2026-02-04 10:00:00
2026-02-06 05:00:00,2026-02-05 23:00:00,0.0,0.211,0.6981,0.3567,T1,43.0,3,6.9683,0.73,0.8833,0.0,2026-02-04 10:00:00
2026-02-06 06:00:00,2026-02-06 00:00:00,0.0,0.0372,0.3201,0.1566,T1,44.0,3,4.4417,3.97,0.7833,0.0,2026-02-04 10:00:00
2026-02-06 07:00:00,2026-02-06 01:00:00,0.0036,0.0259,0.2161,0.115,T1,45.0,3,3.3967,3.42,0.6,0.0,2026-02-04 10:00:00
2026-02-06 08:00:00,2026-02-06 02:00:00,0.0,0.0954,0.4731,0.1964,T1,46.0,3,5.0283,0.265,0.85,0.0,2026-02-04 10:00:00
2026-02-06 09:00:00,2026-02-06 03:00:00,0.0,0.2642,0.8266,0.3567,T1,47.0,3,6.9983,4.72,2.2333,0.0,2026-02-04 10:00:00
2026-02-06 10:00:00,2026-02-06 04:00:00,0.0,0.4277,0.8902,0.4396,T1,48.0,3,8.1483,8.77,4.15,0.0,2026-02-04 10:00:00
2026-02-04 11:00:00,2026-02-04 05:00:00,0.0,0.2173,0.6525,0.2347,T2,1.0,1,5.4833,5.56,4.0667,0.0,2026-02-04 10:00:00
2026-02-04 12:00:00,2026-02-04 06:00:00,0.0,0.1482,0.6212,0.2111,T2,2.0,1,5.165,4.64,4.6833,0.0,2026-02-04 10:00:00
2026-02-04 13:00:00,2026-02-04 07:00:00,0.0,0.1435,0.6393,0.1864,T2,3.0,1,4.845,4.665,5.4667,0.0,2026-02-04 10:00:00
2026-02-04 14:00:00,2026-02-04 08:00:00,0.0,0.1331,0.6067,0.1864,T2,4.0,1,4.8117,5.2,6.1833,0.0,2026-02-04 10:00:00
2026-02-04 15:00:00,2026-02-04 09:00:00,0.0,0.1138,0.5668,0.1864,T2,5.0,1,4.7917,5.495,6.3167,0.0,2026-02-04 10:00:00
2026-02-04 16:00:00,2026-02-04 10:00:00,0.0,0.1071,0.469,0.1676,T2,6.0,1,4.5167,5.855,5.7333,0.0,2026-02-04 10:00:00
2026-02-04 17:00:00,2026-02-04 11:00:00,0.0,0.0813,0.3209,0.1472,T2,7.0,1,4.2533,2.005,4.75,0.0,2026-02-04 10:00:00
2026-02-04 18:00:00,2026-02-04 12:00:00,0.0,0.0793,0.2989,0.1381,T2,8.0,1,3.9133,5.16,3.4167,0.0,2026-02-04 10:00:00
2026-02-04 19:00:00,2026-02-04 13:00:00,0.0,0.1113,0.3932,0.1852,T2,9.0,1,4.7333,8.205,2.15,0.0,2026-02-04 10:00:00
2026-02-04 20:00:00,2026-02-04 14:00:00,0.0,0.2661,0.7113,0.3567,T2,10.0,1,7.1233,6.96,1.2333,1.0,2026-02-04 10:00:00
2026-02-04 21:00:00,2026-02-04 15:00:00,0.0092,0.6562,0.9348,0.5709,T2,11.0,1,9.3167,4.085,0.6167,1.0,2026-02-04 10:00:00
2026-02-04 22:00:00,2026-02-04 16:00:00,0.3755,0.9028,0.97,0.7536,T2,12.0,1,10.665,2.255,0.4,1.0,2026-02-04 10:00:00
2026-02-04 23:00:00,2026-02-04 17:00:00,0.4163,0.9659,0.97,0.7639,T2,13.0,1,11.31,1.98,0.3167,1.0,2026-02-04 10:00:00
2026-02-05 00:00:00,2026-02-04 18:00:00,0.4466,0.8525,0.97,0.8017,T2,14.0,1,11.9883,1.885,0.2833,1.0,2026-02-04 10:00:00
2026-02-05 01:00:00,2026-02-04 19:00:00,0.5963,0.8702,0.97,0.8846,T2,15.0,1,13.0117,1.605,0.4,1.0,2026-02-04 10:00:00
2026-02-05 02:00:00,2026-02-04 20:00:00,0.745,0.8694,0.97,0.8986,T2,16.0,1,13.93,1.52,0.55,0.0,2026-02-04 10:00:00
2026-02-05 03:00:00,2026-02-04 21:00:00,0.8189,0.9091,0.97,0.9162,T2,17.0,1,14.4717,1.35,0.5833,0.0,2026-02-04 10:00:00
2026-02-05 04:00:00,2026-02-04 22:00:00,0.7948,0.9405,0.97,0.9162,T2,18.0,2,14.3833,0.83,0.6,0.0,2026-02-04 10:00:00
2026-02-05 05:00:00,2026-02-04 23:00:00,0.8813,0.9665,0.97,0.9486,T2,19.0,2,15.1483,2.335,0.5667,0.0,2026-02-04 10:00:00
2026-02-05 06:00:00,2026-02-05 00:00:00,0.9387,0.9531,0.97,0.9539,T2,20.0,2,15.6917,3.05,0.4833,0.0,2026-02-04 10:00:00
2026-02-05 07:00:00,2026-02-05 01:00:00,0.9239,0.9518,0.97,0.9539,T2,21.0,2,16.0233,3.265,0.3667,0.0,2026-02-04 10:00:00
2026-02-05 08:00:00,2026-02-05 02:00:00,0.9057,0.9475,0.97,0.9539,T2,22.0,2,16.5233,4.18,0.5333,0.0,2026-02-04 10:00:00
2026-02-05 09:00:00,2026-02-05 03:00:00,0.883,0.9453,0.97,0.9539,T2,23.0,2,16.8783,5.125,1.5333,0.0,2026-02-04 10:00:00
2026-02-05 10:00:00,2026-02-05 04:00:00,0.8179,0.9507,0.97,0.9539,T2,24.0,2,17.0317,5.72,3.0667,0.0,2026-02-04 10:00:00
2026-02-05 11:00:00,2026-02-05 05:00:00,0.8336,0.9605,0.97,0.9539,T2,25.0,2,16.905,5.345,4.4,0.0,2026-02-04 10:00:00
2026-02-05 12:00:00,2026-02-05 06:00:00,0.7811,0.9604,0.97,0.9539,T2,26.0,2,16.765,5.125,5.4167,0.0,2026-02-04 10:00:00
2026-02-05 13:00:00,2026-02-05 07:00:00,0.7843,0.9571,0.97,0.9539,T2,27.0,2,16.5233,5.41,6.1833,0.0,2026-02-04 10:00:00
2026-02-05 14:00:00,2026-02-05 08:00:00,0.8201,0.9547,0.97,0.9539,T2,28.0,2,16.0967,5.625,6.7167,0.0,2026-02-04 10:00:00
2026-02-05 15:00:00,2026-02-05 09:00:00,0.8015,0.9603,0.97,0.9486,T2,29.0,2,15.7583,5.755,6.85,0.0,2026-02-04 10:00:00
2026-02-05 16:00:00,2026-02-05 10:00:00,0.7954,0.9542,0.97,0.9486,T2,30.0,2,15.3133,5.575,6.4,0.0,2026-02-04 10:00:00
2026-02-05 17:00:00,2026-02-05 11:00:00,0.7899,0.9694,0.97,0.9162,T2,31.0,2,14.4767,4.795,5.4833,0.0,2026-02-04 10:00:00
2026-02-05 18:00:00,2026-02-05 12:00:00,0.725,0.951,0.97,0.8846,T2,32.0,2,13.355,3.545,4.5167,0.0,2026-02-04 10:00:00
2026-02-05 19:00:00,2026-02-05 13:00:00,0.6025,0.9586,0.9693,0.8017,T2,33.0,2,12.25,2.18,3.8,0.0,2026-02-04 10:00:00
2026-02-05 20:00:00,2026-02-05 14:00:00,0.4702,0.9491,0.9627,0.7639,T2,34.0,2,11.3683,2.34,3.1167,0.0,2026-02-04 10:00:00
2026-02-05 21:00:00,2026-02-05 15:00:00,0.4558,0.8967,0.9659,0.7639,T2,35.0,2,10.89,2.3,2.4833,0.0,2026-02-04 10:00:00
2026-02-05 22:00:00,2026-02-05 16:00:00,0.3668,0.751,0.9327,0.73,T2,36.0,2,10.5417,1.88,2.0833,0.0,2026-02-04 10:00:00
2026-02-05 23:00:00,2026-02-05 17:00:00,0.1721,0.606,0.9277,0.6898,T2,37.0,2,10.4133,1.475,1.8833,0.0,2026-02-04 10:00:00
2026-02-06 00:00:00,2026-02-05 18:00:00,0.2131,0.5768,0.9268,0.6955,T2,38.0,2,10.445,1.095,1.8167,0.0,2026-02-04 10:00:00
2026-02-06 01:00:00,2026-02-05 19:00:00,0.1694,0.5912,0.95,0.681,T2,39.0,2,10.2067,1.1,1.7833,0.0,2026-02-04 10:00:00
2026-02-06 02:00:00,2026-02-05 20:00:00,0.0389,0.5161,0.9373,0.6355,T2,40.0,2,9.7183,1.39,1.75,0.0,2026-02-04 10:00:00
2026-02-06 03:00:00,2026-02-05 21:00:00,0.0635,0.4007,0.875,0.5417,T2,41.0,2,8.9583,0.66,1.5167,0.0,2026-02-04 10:00:00
2026-02-06 04:00:00,2026-02-05 22:00:00,0.0179,0.4231,0.8831,0.5291,T2,42.0,3,8.885,3.43,1.1167,0.0,2026-02-04 10:00:00
2026-02-06 05:00:00,2026-02-05 23:00:00,0.0,0.2056,0.6981,0.3567,T2,43.0,3,6.9683,0.73,0.8833,0.0,2026-02-04 10:00:00
2026-02-06 06:00:00,2026-02-06 00:00:00,0.0,0.0307,0.3201,0.1566,T2,44.0,3,4.4417,3.97,0.7833,0.0,2026-02-04 10:00:00
2026-02-06 07:00:00,2026-02-06 01:00:00,0.0034,0.0212,0.2161,0.115,T2,45.0,3,3.3967,3.42,0.6,0.0,2026-02-04 10:00:00
2026-02-06 08:00:00,2026-02-06 02:00:00,0.0,0.0937,0.4731,0.1964,T2,46.0,3,5.0283,0.265,0.85,0.0,2026-02-04 10:00:00
2026-02-06 09:00:00,2026-02-06 03:00:00,0.0,0.2625,0.8266,0.3567,T2,47.0,3,6.9983,4.72,2.2333,0.0,2026-02-04 10:00:00
2026-02-06 10:00:00,2026-02-06 04:00:00,0.0,0.4265,0.8865,0.4396,T2,48.0,3,8.1483,8.77,4.15,0.0,2026-02-04 10:00:00
2026-02-04 11:00:00,2026-02-04 05:00:00,0.0,0.2176,0.6525,0.2347,ВЭС,1.0,1,5.4833,5.56,4.0667,0.0,2026-02-04 10:00:00
2026-02-04 12:00:00,2026-02-04 06:00:00,0.0,0.1485,0.6212,0.2111,ВЭС,2.0,1,5.165,4.64,4.6833,0.0,2026-02-04 10:00:00
2026-02-04 13:00:00,2026-02-04 07:00:00,0.0,0.1437,0.6393,0.1864,ВЭС,3.0,1,4.845,4.665,5.4667,0.0,2026-02-04 10:00:00
2026-02-04 14:00:00,2026-02-04 08:00:00,0.0,0.1333,0.6067,0.1864,ВЭС,4.0,1,4.8117,5.2,6.1833,0.0,2026-02-04 10:00:00
2026-02-04 15:00:00,2026-02-04 09:00:00,0.0,0.114,0.5668,0.1864,ВЭС,5.0,1,4.7917,5.495,6.3167,0.0,2026-02-04 10:00:00
2026-02-04 16:00:00,2026-02-04 10:00:00,0.0,0.1072,0.469,0.1676,ВЭС,6.0,1,4.5167,5.855,5.7333,0.0,2026-02-04 10:00:00
2026-02-04 17:00:00,2026-02-04 11:00:00,0.0,0.0815,0.3209,0.1472,ВЭС,7.0,1,4.2533,2.005,4.75,0.0,2026-02-04 10:00:00
2026-02-04 18:00:00,2026-02-04 12:00:00,0.0,0.0795,0.2989,0.1381,ВЭС,8.0,1,3.9133,5.16,3.4167,0.0,2026-02-04 10:00:00
2026-02-04 19:00:00,2026-02-04 13:00:00,0.0,0.1108,0.3932,0.1852,ВЭС,9.0,1,4.7333,8.205,2.15,0.0,2026-02-04 10:00:00
2026-02-04 20:00:00,2026-02-04 14:00:00,0.0,0.2654,0.7116,0.3567,ВЭС,10.0,1,7.1233,6.96,1.2333,1.0,2026-02-04 10:00:00
2026-02-04 21:00:00,2026-02-04 15:00:00,0.0367,0.6596,0.9362,0.5709,ВЭС,11.0,1,9.3167,4.085,0.6167,1.0,2026-02-04 10:00:00
2026-02-04 22:00:00,2026-02-04 16:00:00,0.3475,0.9061,0.9775,0.7536,ВЭС,12.0,1,10.665,2.255,0.4,1.0,2026-02-04 10:00:00
2026-02-04 23:00:00,2026-02-04 17:00:00,0.415,0.9637,0.9791,0.7639,ВЭС,13.0,1,11.31,1.98,0.3167,1.0,2026-02-04 10:00:00
2026-02-05 00:00:00,2026-02-04 18:00:00,0.4612,0.8575,0.976,0.8017,ВЭС,14.0,1,11.9883,1.885,0.2833,1.0,2026-02-04 10:00:00
2026-02-05 01:00:00,2026-02-04 19:00:00,0.6596,0.8746,0.978,0.8846,ВЭС,15.0,1,13.0117,1.605,0.4,1.0,2026-02-04 10:00:00
2026-02-05 02:00:00,2026-02-04 20:00:00,0.8063,0.8922,0.9792,0.8986,ВЭС,16.0,1,13.93,1.52,0.55,0.0,2026-02-04 10:00:00
2026-02-05 03:00:00,2026-02-04 21:00:00,0.8679,0.9219,0.98,0.9162,ВЭС,17.0,1,14.4717,1.35,0.5833,0.0,2026-02-04 10:00:00
2026-02-05 04:00:00,2026-02-04 22:00:00,0.8535,0.9469,0.98,0.9162,ВЭС,18.0,2,14.3833,0.83,0.6,0.0,2026-02-04 10:00:00
2026-02-05 05:00:00,2026-02-04 23:00:00,0.9283,0.9716,0.98,0.9486,ВЭС,19.0,2,15.1483,2.335,0.5667,0.0,2026-02-04 10:00:00
2026-02-05 06:00:00,2026-02-05 00:00:00,0.9467,0.9658,0.98,0.9539,ВЭС,20.0,2,15.6917,3.05,0.4833,0.0,2026-02-04 10:00:00
2026-02-05 07:00:00,2026-02-05 01:00:00,0.9404,0.9608,0.98,0.9539,ВЭС,21.0,2,16.0233,3.265,0.3667,0.0,2026-02-04 10:00:00
2026-02-05 08:00:00,2026-02-05 02:00:00,0.9298,0.9518,0.98,0.9539,ВЭС,22.0,2,16.5233,4.18,0.5333,0.0,2026-02-04 10:00:00
2026-02-05 09:00:00,2026-02-05 03:00:00,0.9171,0.9529,0.98,0.9539,ВЭС,23.0,2,16.8783,5.125,1.5333,0.0,2026-02-04 10:00:00
2026-02-05 10:00:00,2026-02-05 04:00:00,0.8688,0.9558,0.98,0.9539,ВЭС,24.0,2,17.0317,5.72,3.0667,0.0,2026-02-04 10:00:00
2026-02-05 11:00:00,2026-02-05 05:00:00,0.8886,0.9655,0.98,0.9539,ВЭС,25.0,2,16.905,5.345,4.4,0.0,2026-02-04 10:00:00
2026-02-05 12:00:00,2026-02-05 06:00:00,0.8563,0.9665,0.98,0.9539,ВЭС,26.0,2,16.765,5.125,5.4167,0.0,2026-02-04 10:00:00
2026-02-05 13:00:00,2026-02-05 07:00:00,0.8385,0.9636,0.98,0.9539,ВЭС,27.0,2,16.5233,5.41,6.1833,0.0,2026-02-04 10:00:00
2026-02-05 14:00:00,2026-02-05 08:00:00,0.8662,0.9614,0.98,0.9539,ВЭС,28.0,2,16.0967,5.625,6.7167,0.0,2026-02-04 10:00:00
2026-02-05 15:00:00,2026-02-05 09:00:00,0.8589,0.9666,0.98,0.9486,ВЭС,29.0,2,15.7583,5.755,6.85,0.0,2026-02-04 10:00:00
2026-02-05 16:00:00,2026-02-05 10:00:00,0.8628,0.9605,0.98,0.9486,ВЭС,30.0,2,15.3133,5.575,6.4,0.0,2026-02-04 10:00:00
2026-02-05 17:00:00,2026-02-05 11:00:00,0.8405,0.9756,0.98,0.9162,ВЭС,31.0,2,14.4767,4.795,5.4833,0.0,2026-02-04 10:00:00
2026-02-05 18:00:00,2026-02-05 12:00:00,0.8047,0.9557,0.979,0.8846,ВЭС,32.0,2,13.355,3.545,4.5167,0.0,2026-02-04 10:00:00
2026-02-05 19:00:00,2026-02-05 13:00:00,0.6279,0.96,0.9775,0.8017,ВЭС,33.0,2,12.25,2.18,3.8,0.0,2026-02-04 10:00:00
2026-02-05 20:00:00,2026-02-05 14:00:00,0.4814,0.9501,0.971,0.7639,ВЭС,34.0,2,11.3683,2.34,3.1167,0.0,2026-02-04 10:00:00
2026-02-05 21:00:00,2026-02-05 15:00:00,0.4485,0.8981,0.9742,0.7639,ВЭС,35.0,2,10.89,2.3,2.4833,0.0,2026-02-04 10:00:00
2026-02-05 22:00:00,2026-02-05 16:00:00,0.3208,0.7517,0.9395,0.73,ВЭС,36.0,2,10.5417,1.88,2.0833,0.0,2026-02-04 10:00:00
2026-02-05 23:00:00,2026-02-05 17:00:00,0.2211,0.6069,0.929,0.6898,ВЭС,37.0,2,10.4133,1.475,1.8833,0.0,2026-02-04 10:00:00
2026-02-06 00:00:00,2026-02-05 18:00:00,0.222,0.5776,0.9279,0.6955,ВЭС,38.0,2,10.445,1.095,1.8167,0.0,2026-02-04 10:00:00
2026-02-06 01:00:00,2026-02-05 19:00:00,0.1988,0.5969,0.9504,0.681,ВЭС,39.0,2,10.2067,1.1,1.7833,0.0,2026-02-04 10:00:00
2026-02-06 02:00:00,2026-02-05 20:00:00,0.0416,0.5229,0.9374,0.6355,ВЭС,40.0,2,9.7183,1.39,1.75,0.0,2026-02-04 10:00:00
2026-02-06 03:00:00,2026-02-05 21:00:00,0.0525,0.4075,0.8755,0.5417,ВЭС,41.0,2,8.9583,0.66,1.5167,0.0,2026-02-04 10:00:00
2026-02-06 04:00:00,2026-02-05 22:00:00,0.0342,0.426,0.8839,0.5291,ВЭС,42.0,3,8.885,3.43,1.1167,0.0,2026-02-04 10:00:00
2026-02-06 05:00:00,2026-02-05 23:00:00,0.0,0.2083,0.6981,0.3567,ВЭС,43.0,3,6.9683,0.73,0.8833,0.0,2026-02-04 10:00:00
2026-02-06 06:00:00,2026-02-06 00:00:00,0.0,0.0339,0.3201,0.1566,ВЭС,44.0,3,4.4417,3.97,0.7833,0.0,2026-02-04 10:00:00
2026-02-06 07:00:00,2026-02-06 01:00:00,0.0035,0.0235,0.2161,0.115,ВЭС,45.0,3,3.3967,3.42,0.6,0.0,2026-02-04 10:00:00
2026-02-06 08:00:00,2026-02-06 02:00:00,0.0,0.0946,0.4731,0.1964,ВЭС,46.0,3,5.0283,0.265,0.85,0.0,2026-02-04 10:00:00
2026-02-06 09:00:00,2026-02-06 03:00:00,0.0,0.2634,0.8266,0.3567,ВЭС,47.0,3,6.9983,4.72,2.2333,0.0,2026-02-04 10:00:00
2026-02-06 10:00:00,2026-02-06 04:00:00,0.0,0.4271,0.8884,0.4396,ВЭС,48.0,3,8.1483,8.77,4.15,0.0,2026-02-04 10:00:00
2026-02-04 23:00:00,2026-02-04 17:00:00,0.4137,0.9614,0.9883,0.7639,T1,1.0,1,11.31,1.98,0.3167,1.0,2026-02-04 22:00:00
2026-02-05 00:00:00,2026-02-04 18:00:00,0.4758,0.8625,0.9819,0.8017,T1,2.0,1,11.9883,1.885,0.2833,1.0,2026-02-04 22:00:00
2026-02-05 01:00:00,2026-02-04 19:00:00,0.7228,0.879,0.9861,0.8846,T1,3.0,1,13.0117,1.605,0.4,1.0,2026-02-04 22:00:00
2026-02-05 02:00:00,2026-02-04 20:00:00,0.8675,0.9151,0.9884,0.8986,T1,4.0,1,13.93,1.52,0.55,0.0,2026-02-04 22:00:00
2026-02-05 03:00:00,2026-02-04 21:00:00,0.9169,0.9346,0.99,0.9162,T1,5.0,1,14.4717,1.35,0.5833,0.0,2026-02-04 22:00:00
2026-02-05 04:00:00,2026-02-04 22:00:00,0.9765,0.9808,0.99,0.9486,T1,6.0,1,14.9217,1.32,0.6167,0.0,2026-02-04 22:00:00
2026-02-05 05:00:00,2026-02-04 23:00:00,0.9531,0.9787,0.99,0.9486,T1,7.0,1,15.6033,2.53,0.6167,0.0,2026-02-04 22:00:00
2026-02-05 06:00:00,2026-02-05 00:00:00,0.9488,0.9756,0.99,0.9539,T1,8.0,1,16.4483,4.62,0.5833,0.0,2026-02-04 22:00:00
2026-02-05 07:00:00,2026-02-05 01:00:00,0.9424,0.9552,0.99,0.9539,T1,9.0,1,17.0533,5.505,0.5667,0.0,2026-02-04 22:00:00
2026-02-05 08:00:00,2026-02-05 02:00:00,0.852,0.9684,0.99,0.9539,T1,10.0,1,17.285,5.94,0.7833,0.0,2026-02-04 22:00:00
2026-02-05 09:00:00,2026-02-05 03:00:00,0.8456,0.9761,0.99,0.9539,T1,11.0,1,17.2017,6.315,1.7833,0.0,2026-02-04 22:00:00
2026-02-05 10:00:00,2026-02-05 04:00:00,0.9101,0.9618,0.99,0.9539,T1,12.0,1,16.7483,6.06,3.2333,0.0,2026-02-04 22:00:00
2026-02-05 11:00:00,2026-02-05 05:00:00,0.898,0.9716,0.99,0.9539,T1,13.0,1,16.3983,5.92,4.4667,0.0,2026-02-04 22:00:00
2026-02-05 12:00:00,2026-02-05 06:00:00,0.9005,0.9716,0.99,0.9539,T1,14.0,1,16.1983,6.075,5.4167,0.0,2026-02-04 22:00:00
2026-02-05 13:00:00,2026-02-05 07:00:00,0.8866,0.9767,0.99,0.9539,T1,15.0,1,15.8117,5.815,6.1833,0.0,2026-02-04 22:00:00
2026-02-05 14:00:00,2026-02-05 08:00:00,0.911,0.9607,0.99,0.9486,T1,16.0,1,15.4433,5.52,6.7,0.0,2026-02-04 22:00:00
2026-02-05 15:00:00,2026-02-05 09:00:00,0.9524,0.953,0.99,0.9328,T1,17.0,1,14.995,5.425,6.75,0.0,2026-02-04 22:00:00
2026-02-05 16:00:00,2026-02-05 10:00:00,0.9302,0.9669,0.99,0.9486,T1,18.0,2,15.3133,5.575,6.4,0.0,2026-02-04 22:00:00
2026-02-05 17:00:00,2026-02-05 11:00:00,0.891,0.9818,0.99,0.9162,T1,19.0,2,14.4767,4.795,5.4833,0.0,2026-02-04 22:00:00
2026-02-05 18:00:00,2026-02-05 12:00:00,0.8844,0.9605,0.9881,0.8846,T1,20.0,2,13.355,3.545,4.5167,0.0,2026-02-04 22:00:00
2026-02-05 19:00:00,2026-02-05 13:00:00,0.6533,0.9614,0.9857,0.8017,T1,21.0,2,12.25,2.18,3.8,0.0,2026-02-04 22:00:00
2026-02-05 20:00:00,2026-02-05 14:00:00,0.4926,0.9511,0.9793,0.7639,T1,22.0,2,11.3683,2.34,3.1167,0.0,2026-02-04 22:00:00
2026-02-05 21:00:00,2026-02-05 15:00:00,0.4412,0.8994,0.9825,0.7639,T1,23.0,2,10.89,2.3,2.4833,0.0,2026-02-04 22:00:00
2026-02-05 22:00:00,2026-02-05 16:00:00,0.2749,0.7525,0.9462,0.73,T1,24.0,2,10.5417,1.88,2.0833,0.0,2026-02-04 22:00:00
2026-02-05 23:00:00,2026-02-05 17:00:00,0.2701,0.6077,0.9304,0.6898,T1,25.0,2,10.4133,1.475,1.8833,0.0,2026-02-04 22:00:00
2026-02-06 00:00:00,2026-02-05 18:00:00,0.2309,0.5784,0.929,0.6955,T1,26.0,2,10.445,1.095,1.8167,0.0,2026-02-04 22:00:00
2026-02-06 01:00:00,2026-02-05 19:00:00,0.2282,0.6025,0.9509,0.681,T1,27.0,2,10.2067,1.1,1.7833,0.0,2026-02-04 22:00:00
2026-02-06 02:00:00,2026-02-05 20:00:00,0.0443,0.5297,0.9375,0.6355,T1,28.0,2,9.7183,1.39,1.75,0.0,2026-02-04 22:00:00
2026-02-06 03:00:00,2026-02-05 21:00:00,0.0415,0.4143,0.876,0.5417,T1,29.0,2,8.9583,0.66,1.5167,0.0,2026-02-04 22:00:00
2026-02-06 04:00:00,2026-02-05 22:00:00,0.003,0.289,0.7516,0.4212,T1,30.0,2,7.8267,0.805,1.0667,0.0,2026-02-04 22:00:00
2026-02-06 05:00:00,2026-02-05 23:00:00,0.0,0.0951,0.4449,0.2388,T1,31.0,2,5.8267,1.33,0.8,0.0,2026-02-04 22:00:00
2026-02-06 06:00:00,2026-02-06 00:00:00,0.0019,0.0301,0.2118,0.115,T1,32.0,2,3.33,2.36,0.55,0.0,2026-02-04 22:00:00
2026-02-06 07:00:00,2026-02-06 01:00:00,0.0,0.0368,0.1507,0.0781,T1,33.0,2,2.6333,1.025,0.4333,0.0,2026-02-04 22:00:00
2026-02-06 08:00:00,2026-02-06 02:00:00,0.0,0.0706,0.3356,0.1275,T1,34.0,2,3.7167,3.71,1.0,0.0,2026-02-04 22:00:00
2026-02-06 09:00:00,2026-02-06 03:00:00,0.0,0.1286,0.54,0.1732,T1,35.0,2,4.6933,5.92,2.45,0.0,2026-02-04 22:00:00
2026-02-06 10:00:00,2026-02-06 04:00:00,0.0,0.1627,0.7106,0.2347,T1,36.0,2,5.4867,8.32,4.4667,0.0,2026-02-04 22:00:00
2026-02-06 11:00:00,2026-02-06 05:00:00,0.0,0.5825,0.9574,0.3974,T1,37.0,2,7.685,9.56,6.0167,0.0,2026-02-04 22:00:00
2026-02-06 12:00:00,2026-02-06 06:00:00,0.0,0.7476,0.9709,0.6794,T1,38.0,2,9.9733,10.73,6.7667,0.0,2026-02-04 22:00:00
2026-02-06 13:00:00,2026-02-06 07:00:00,0.1633,0.9289,0.9847,0.7639,T1,39.0,2,11.4217,8.885,7.0333,0.0,2026-02-04 22:00:00
2026-02-06 14:00:00,2026-02-06 08:00:00,0.7325,0.99,0.99,0.8986,T1,40.0,2,13.415,5.055,6.85,0.0,2026-02-04 22:00:00
2026-02-06 15:00:00,2026-02-06 09:00:00,0.9627,0.99,0.99,0.9486,T1,41.0,2,15.02,1.765,6.2,0.0,2026-02-04 22:00:00
2026-02-06 16:00:00,2026-02-06 10:00:00,0.6843,0.9662,0.99,0.8986,T1,42.0,3,14.1817,7.87,4.4833,0.0,2026-02-04 22:00:00
2026-02-06 17:00:00,2026-02-06 11:00:00,0.8141,0.9809,0.99,0.9117,T1,43.0,3,14.3433,7.495,3.7667,0.0,2026-02-04 22:00:00
2026-02-06 18:00:00,2026-02-06 12:00:00,0.9079,0.9818,0.99,0.9486,T1,44.0,3,15.195,7.075,3.0333,0.0,2026-02-04 22:00:00
2026-02-06 19:00:00,2026-02-06 13:00:00,0.8978,0.9757,0.99,0.9486,T1,45.0,3,15.345,6.695,2.6167,0.0,2026-02-04 22:00:00
2026-02-06 20:00:00,2026-02-06 14:00:00,0.8929,0.9641,0.99,0.9486,T1,46.0,3,15.285,5.81,2.25,0.0,2026-02-04 22:00:00
2026-02-06 21:00:00,2026-02-06 15:00:00,0.8953,0.9476,0.99,0.9328,T1,47.0,3,14.83,4.88,2.0167,0.0,2026-02-04 22:00:00
2026-02-06 22:00:00,2026-02-06 16:00:00,0.6182,0.9768,0.99,0.8986,T1,48.0,3,13.8083,4.87,1.9,0.0,2026-02-04 22:00:00
2026-02-04 23:00:00,2026-02-04 17:00:00,0.4163,0.9659,0.97,0.7639,T2,1.0,1,11.31,1.98,0.3167,1.0,2026-02-04 22:00:00
2026-02-05 00:00:00,2026-02-04 18:00:00,0.4466,0.8525,0.97,0.8017,T2,2.0,1,11.9883,1.885,0.2833,1.0,2026-02-04 22:00:00
2026-02-05 01:00:00,2026-02-04 19:00:00,0.5963,0.8702,0.97,0.8846,T2,3.0,1,13.0117,1.605,0.4,1.0,2026-02-04 22:00:00
2026-02-05 02:00:00,2026-02-04 20:00:00,0.745,0.8694,0.97,0.8986,T2,4.0,1,13.93,1.52,0.55,0.0,2026-02-04 22:00:00
2026-02-05 03:00:00,2026-02-04 21:00:00,0.8189,0.9091,0.97,0.9162,T2,5.0,1,14.4717,1.35,0.5833,0.0,2026-02-04 22:00:00
2026-02-05 04:00:00,2026-02-04 22:00:00,0.8844,0.9659,0.97,0.9486,T2,6.0,1,14.9217,1.32,0.6167,0.0,2026-02-04 22:00:00
2026-02-05 05:00:00,2026-02-04 23:00:00,0.9257,0.9519,0.97,0.9486,T2,7.0,1,15.6033,2.53,0.6167,0.0,2026-02-04 22:00:00
2026-02-05 06:00:00,2026-02-05 00:00:00,0.9253,0.9476,0.97,0.9539,T2,8.0,1,16.4483,4.62,0.5833,0.0,2026-02-04 22:00:00
2026-02-05 07:00:00,2026-02-05 01:00:00,0.8679,0.9464,0.97,0.9539,T2,9.0,1,17.0533,5.505,0.5667,0.0,2026-02-04 22:00:00
2026-02-05 08:00:00,2026-02-05 02:00:00,0.7782,0.9594,0.97,0.9539,T2,10.0,1,17.285,5.94,0.7833,0.0,2026-02-04 22:00:00
2026-02-05 09:00:00,2026-02-05 03:00:00,0.7724,0.9682,0.97,0.9539,T2,11.0,1,17.2017,6.315,1.7833,0.0,2026-02-04 22:00:00
2026-02-05 10:00:00,2026-02-05 04:00:00,0.8162,0.9514,0.97,0.9539,T2,12.0,1,16.7483,6.06,3.2333,0.0,2026-02-04 22:00:00
2026-02-05 11:00:00,2026-02-05 05:00:00,0.7887,0.9609,0.97,0.9539,T2,13.0,1,16.3983,5.92,4.4667,0.0,2026-02-04 22:00:00
2026-02-05 12:00:00,2026-02-05 06:00:00,0.7747,0.9602,0.97,0.9539,T2,14.0,1,16.1983,6.075,5.4167,0.0,2026-02-04 22:00:00
2026-02-05 13:00:00,2026-02-05 07:00:00,0.784,0.9652,0.97,0.9539,T2,15.0,1,15.8117,5.815,6.1833,0.0,2026-02-04 22:00:00
2026-02-05 14:00:00,2026-02-05 08:00:00,0.8313,0.9474,0.97,0.9486,T2,16.0,1,15.4433,5.52,6.7,0.0,2026-02-04 22:00:00
2026-02-05 15:00:00,2026-02-05 09:00:00,0.8308,0.9402,0.97,0.9328,T2,17.0,1,14.995,5.425,6.75,0.0,2026-02-04 22:00:00
2026-02-05 16:00:00,2026-02-05 10:00:00,0.7954,0.9542,0.97,0.9486,T2,18.0,2,15.3133,5.575,6.4,0.0,2026-02-04 22:00:00
2026-02-05 17:00:00,2026-02-05 11:00:00,0.7899,0.9694,0.97,0.9162,T2,19.0,2,14.4767,4.795,5.4833,0.0,2026-02-04 22:00:00
2026-02-05 18:00:00,2026-02-05 12:00:00,0.725,0.951,0.97,0.8846,T2,20.0,2,13.355,3.545,4.5167,0.0,2026-02-04 22:00:00
2026-02-05 19:00:00,2026-02-05 13:00:00,0.6025,0.9586,0.9693,0.8017,T2,21.0,2,12.25,2.18,3.8,0.0,2026-02-04 22:00:00
2026-02-05 20:00:00,2026-02-05 14:00:00,0.4702,0.9491,0.9627,0.7639,T2,22.0,2,11.3683,2.34,3.1167,0.0,2026-02-04 22:00:00
2026-02-05 21:00:00,2026-02-05 15:00:00,0.4558,0.8967,0.9659,0.7639,T2,23.0,2,10.89,2.3,2.4833,0.0,2026-02-04 22:00:00
2026-02-05 22:00:00,2026-02-05 16:00:00,0.3668,0.751,0.9327,0.73,T2,24.0,2,10.5417,1.88,2.0833,0.0,2026-02-04 22:00:00
2026-02-05 23:00:00,2026-02-05 17:00:00,0.1721,0.606,0.9277,0.6898,T2,25.0,2,10.4133,1.475,1.8833,0.0,2026-02-04 22:00:00
2026-02-06 00:00:00,2026-02-05 18:00:00,0.2131,0.5768,0.9268,0.6955,T2,26.0,2,10.445,1.095,1.8167,0.0,2026-02-04 22:00:00
2026-02-06 01:00:00,2026-02-05 19:00:00,0.1694,0.5912,0.95,0.681,T2,27.0,2,10.2067,1.1,1.7833,0.0,2026-02-04 22:00:00
2026-02-06 02:00:00,2026-02-05 20:00:00,0.0389,0.5161,0.9373,0.6355,T2,28.0,2,9.7183,1.39,1.75,0.0,2026-02-04 22:00:00
2026-02-06 03:00:00,2026-02-05 21:00:00,0.0635,0.4007,0.875,0.5417,T2,29.0,2,8.9583,0.66,1.5167,0.0,2026-02-04 22:00:00
2026-02-06 04:00:00,2026-02-05 22:00:00,0.0,0.2739,0.7516,0.4212,T2,30.0,2,7.8267,0.805,1.0667,0.0,2026-02-04 22:00:00
2026-02-06 05:00:00,2026-02-05 23:00:00,0.0,0.0895,0.445,0.2388,T2,31.0,2,5.8267,1.33,0.8,0.0,2026-02-04 22:00:00
2026-02-06 06:00:00,2026-02-06 00:00:00,0.0004,0.029,0.2119,0.115,T2,32.0,2,3.33,2.36,0.55,0.0,2026-02-04 22:00:00
2026-02-06 07:00:00,2026-02-06 01:00:00,0.0,0.0354,0.1507,0.0781,T2,33.0,2,2.6333,1.025,0.4333,0.0,2026-02-04 22:00:00
2026-02-06 08:00:00,2026-02-06 02:00:00,0.0,0.0699,0.3356,0.1275,T2,34.0,2,3.7167,3.71,1.0,0.0,2026-02-04 22:00:00
2026-02-06 09:00:00,2026-02-06 03:00:00,0.0,0.128,0.54,0.1732,T2,35.0,2,4.6933,5.92,2.45,0.0,2026-02-04 22:00:00
2026-02-06 10:00:00,2026-02-06 04:00:00,0.0,0.1602,0.7106,0.2347,T2,36.0,2,5.4867,8.32,4.4667,0.0,2026-02-04 22:00:00
2026-02-06 11:00:00,2026-02-06 05:00:00,0.0,0.5817,0.9565,0.3974,T2,37.0,2,7.685,9.56,6.0167,0.0,2026-02-04 22:00:00
2026-02-06 12:00:00,2026-02-06 06:00:00,0.0,0.7489,0.9628,0.6794,T2,38.0,2,9.9733,10.73,6.7667,0.0,2026-02-04 22:00:00
2026-02-06 13:00:00,2026-02-06 07:00:00,0.0739,0.9276,0.9681,0.7639,T2,39.0,2,11.4217,8.885,7.0333,0.0,2026-02-04 22:00:00
2026-02-06 14:00:00,2026-02-06 08:00:00,0.7401,0.97,0.97,0.8986,T2,40.0,2,13.415,5.055,6.85,0.0,2026-02-04 22:00:00
2026-02-06 15:00:00,2026-02-06 09:00:00,0.9127,0.97,0.97,0.9486,T2,41.0,2,15.02,1.765,6.2,0.0,2026-02-04 22:00:00
2026-02-06 16:00:00,2026-02-06 10:00:00,0.685,0.9551,0.97,0.8986,T2,42.0,3,14.1817,7.87,4.4833,0.0,2026-02-04 22:00:00
2026-02-06 17:00:00,2026-02-06 11:00:00,0.7879,0.97,0.97,0.9117,T2,43.0,3,14.3433,7.495,3.7667,0.0,2026-02-04 22:00:00
2026-02-06 18:00:00,2026-02-06 12:00:00,0.7934,0.9694,0.97,0.9486,T2,44.0,3,15.195,7.075,3.0333,0.0,2026-02-04 22:00:00
2026-02-06 19:00:00,2026-02-06 13:00:00,0.8409,0.9639,0.97,0.9486,T2,45.0,3,15.345,6.695,2.6167,0.0,2026-02-04 22:00:00
2026-02-06 20:00:00,2026-02-06 14:00:00,0.864,0.9519,0.97,0.9486,T2,46.0,3,15.285,5.81,2.25,0.0,2026-02-04 22:00:00
2026-02-06 21:00:00,2026-02-06 15:00:00,0.881,0.9372,0.97,0.9328,T2,47.0,3,14.83,4.88,2.0167,0.0,2026-02-04 22:00:00
2026-02-06 22:00:00,2026-02-06 16:00:00,0.7253,0.9693,0.97,0.8986,T2,48.0,3,13.8083,4.87,1.9,0.0,2026-02-04 22:00:00
2026-02-04 23:00:00,2026-02-04 17:00:00,0.415,0.9637,0.9791,0.7639,ВЭС,1.0,1,11.31,1.98,0.3167,1.0,2026-02-04 22:00:00
2026-02-05 00:00:00,2026-02-04 18:00:00,0.4612,0.8575,0.976,0.8017,ВЭС,2.0,1,11.9883,1.885,0.2833,1.0,2026-02-04 22:00:00
2026-02-05 01:00:00,2026-02-04 19:00:00,0.6596,0.8746,0.978,0.8846,ВЭС,3.0,1,13.0117,1.605,0.4,1.0,2026-02-04 22:00:00
2026-02-05 02:00:00,2026-02-04 20:00:00,0.8063,0.8922,0.9792,0.8986,ВЭС,4.0,1,13.93,1.52,0.55,0.0,2026-02-04 22:00:00
2026-02-05 03:00:00,2026-02-04 21:00:00,0.8679,0.9219,0.98,0.9162,ВЭС,5.0,1,14.4717,1.35,0.5833,0.0,2026-02-04 22:00:00
2026-02-05 04:00:00,2026-02-04 22:00:00,0.9305,0.9733,0.98,0.9486,ВЭС,6.0,1,14.9217,1.32,0.6167,0.0,2026-02-04 22:00:00
2026-02-05 05:00:00,2026-02-04 23:00:00,0.9394,0.9653,0.98,0.9486,ВЭС,7.0,1,15.6033,2.53,0.6167,0.0,2026-02-04 22:00:00
2026-02-05 06:00:00,2026-02-05 00:00:00,0.9371,0.9616,0.98,0.9539,ВЭС,8.0,1,16.4483,4.62,0.5833,0.0,2026-02-04 22:00:00
2026-02-05 07:00:00,2026-02-05 01:00:00,0.9051,0.9508,0.98,0.9539,ВЭС,9.0,1,17.0533,5.505,0.5667,0.0,2026-02-04 22:00:00
2026-02-05 08:00:00,2026-02-05 02:00:00,0.8151,0.9639,0.98,0.9539,ВЭС,10.0,1,17.285,5.94,0.7833,0.0,2026-02-04 22:00:00
2026-02-05 09:00:00,2026-02-05 03:00:00,0.809,0.9721,0.98,0.9539,ВЭС,11.0,1,17.2017,6.315,1.7833,0.0,2026-02-04 22:00:00
2026-02-05 10:00:00,2026-02-05 04:00:00,0.8631,0.9566,0.98,0.9539,ВЭС,12.0,1,16.7483,6.06,3.2333,0.0,2026-02-04 22:00:00
2026-02-05 11:00:00,2026-02-05 05:00:00,0.8433,0.9663,0.98,0.9539,ВЭС,13.0,1,16.3983,5.92,4.4667,0.0,2026-02-04 22:00:00
2026-02-05 12:00:00,2026-02-05 06:00:00,0.8376,0.9659,0.98,0.9539,ВЭС,14.0,1,16.1983,6.075,5.4167,0.0,2026-02-04 22:00:00
2026-02-05 13:00:00,2026-02-05 07:00:00,0.8353,0.9709,0.98,0.9539,ВЭС,15.0,1,15.8117,5.815,6.1833,0.0,2026-02-04 22:00:00
2026-02-05 14:00:00,2026-02-05 08:00:00,0.8711,0.954,0.98,0.9486,ВЭС,16.0,1,15.4433,5.52,6.7,0.0,2026-02-04 22:00:00
2026-02-05 15:00:00,2026-02-05 09:00:00,0.8916,0.9466,0.98,0.9328,ВЭС,17.0,1,14.995,5.425,6.75,0.0,2026-02-04 22:00:00
2026-02-05 16:00:00,2026-02-05 10:00:00,0.8628,0.9605,0.98,0.9486,ВЭС,18.0,2,15.3133,5.575,6.4,0.0,2026-02-04 22:00:00
2026-02-05 17:00:00,2026-02-05 11:00:00,0.8405,0.9756,0.98,0.9162,ВЭС,19.0,2,14.4767,4.795,5.4833,0.0,2026-02-04 22:00:00
2026-02-05 18:00:00,2026-02-05 12:00:00,0.8047,0.9557,0.979,0.8846,ВЭС,20.0,2,13.355,3.545,4.5167,0.0,2026-02-04 22:00:00
2026-02-05 19:00:00,2026-02-05 13:00:00,0.6279,0.96,0.9775,0.8017,ВЭС,21.0,2,12.25,2.18,3.8,0.0,2026-02-04 22:00:00
2026-02-05 20:00:00,2026-02-05 14:00:00,0.4814,0.9501,0.971,0.7639,ВЭС,22.0,2,11.3683,2.34,3.1167,0.0,2026-02-04 22:00:00
2026-02-05 21:00:00,2026-02-05 15:00:00,0.4485,0.8981,0.9742,0.7639,ВЭС,23.0,2,10.89,2.3,2.4833,0.0,2026-02-04 22:00:00
2026-02-05 22:00:00,2026-02-05 16:00:00,0.3208,0.7517,0.9395,0.73,ВЭС,24.0,2,10.5417,1.88,2.0833,0.0,2026-02-04 22:00:00
2026-02-05 23:00:00,2026-02-05 17:00:00,0.2211,0.6069,0.929,0.6898,ВЭС,25.0,2,10.4133,1.475,1.8833,0.0,2026-02-04 22:00:00
2026-02-06 00:00:00,2026-02-05 18:00:00,0.222,0.5776,0.9279,0.6955,ВЭС,26.0,2,10.445,1.095,1.8167,0.0,2026-02-04 22:00:00
2026-02-06 01:00:00,2026-02-05 19:00:00,0.1988,0.5969,0.9504,0.681,ВЭС,27.0,2,10.2067,1.1,1.7833,0.0,2026-02-04 22:00:00
2026-02-06 02:00:00,2026-02-05 20:00:00,0.0416,0.5229,0.9374,0.6355,ВЭС,28.0,2,9.7183,1.39,1.75,0.0,2026-02-04 22:00:00
2026-02-06 03:00:00,2026-02-05 21:00:00,0.0525,0.4075,0.8755,0.5417,ВЭС,29.0,2,8.9583,0.66,1.5167,0.0,2026-02-04 22:00:00
2026-02-06 04:00:00,2026-02-05 22:00:00,0.0015,0.2814,0.7516,0.4212,ВЭС,30.0,2,7.8267,0.805,1.0667,0.0,2026-02-04 22:00:00
2026-02-06 05:00:00,2026-02-05 23:00:00,0.0,0.0923,0.4449,0.2388,ВЭС,31.0,2,5.8267,1.33,0.8,0.0,2026-02-04 22:00:00
2026-02-06 06:00:00,2026-02-06 00:00:00,0.0011,0.0296,0.2119,0.115,ВЭС,32.0,2,3.33,2.36,0.55,0.0,2026-02-04 22:00:00
2026-02-06 07:00:00,2026-02-06 01:00:00,0.0,0.0361,0.1507,0.0781,ВЭС,33.0,2,2.6333,1.025,0.4333,0.0,2026-02-04 22:00:00
2026-02-06 08:00:00,2026-02-06 02:00:00,0.0,0.0702,0.3356,0.1275,ВЭС,34.0,2,3.7167,3.71,1.0,0.0,2026-02-04 22:00:00
2026-02-06 09:00:00,2026-02-06 03:00:00,0.0,0.1283,0.54,0.1732,ВЭС,35.0,2,4.6933,5.92,2.45,0.0,2026-02-04 22:00:00
2026-02-06 10:00:00,2026-02-06 04:00:00,0.0,0.1614,0.7106,0.2347,ВЭС,36.0,2,5.4867,8.32,4.4667,0.0,2026-02-04 22:00:00
2026-02-06 11:00:00,2026-02-06 05:00:00,0.0,0.5821,0.957,0.3974,ВЭС,37.0,2,7.685,9.56,6.0167,0.0,2026-02-04 22:00:00
2026-02-06 12:00:00,2026-02-06 06:00:00,0.0,0.7483,0.9668,0.6794,ВЭС,38.0,2,9.9733,10.73,6.7667,0.0,2026-02-04 22:00:00
2026-02-06 13:00:00,2026-02-06 07:00:00,0.1186,0.9283,0.9764,0.7639,ВЭС,39.0,2,11.4217,8.885,7.0333,0.0,2026-02-04 22:00:00
2026-02-06 14:00:00,2026-02-06 08:00:00,0.7363,0.98,0.98,0.8986,ВЭС,40.0,2,13.415,5.055,6.85,0.0,2026-02-04 22:00:00
2026-02-06 15:00:00,2026-02-06 09:00:00,0.9377,0.98,0.98,0.9486,ВЭС,41.0,2,15.02,1.765,6.2,0.0,2026-02-04 22:00:00
2026-02-06 16:00:00,2026-02-06 10:00:00,0.6846,0.9607,0.98,0.8986,ВЭС,42.0,3,14.1817,7.87,4.4833,0.0,2026-02-04 22:00:00
2026-02-06 17:00:00,2026-02-06 11:00:00,0.801,0.9755,0.98,0.9117,ВЭС,43.0,3,14.3433,7.495,3.7667,0.0,2026-02-04 22:00:00
2026-02-06 18:00:00,2026-02-06 12:00:00,0.8506,0.9756,0.98,0.9486,ВЭС,44.0,3,15.195,7.075,3.0333,0.0,2026-02-04 22:00:00
2026-02-06 19:00:00,2026-02-06 13:00:00,0.8693,0.9698,0.98,0.9486,ВЭС,45.0,3,15.345,6.695,2.6167,0.0,2026-02-04 22:00:00
2026-02-06 20:00:00,2026-02-06 14:00:00,0.8785,0.958,0.98,0.9486,ВЭС,46.0,3,15.285,5.81,2.25,0.0,2026-02-04 22:00:00
2026-02-06 21:00:00,2026-02-06 15:00:00,0.8881,0.9424,0.98,0.9328,ВЭС,47.0,3,14.83,4.88,2.0167,0.0,2026-02-04 22:00:00
2026-02-06 22:00:00,2026-02-06 16:00:00,0.6717,0.9731,0.98,0.8986,ВЭС,48.0,3,13.8083,4.87,1.9,0.0,2026-02-04 22:00:00
2026-02-05 11:00:00,2026-02-05 05:00:00,0.898,0.9716,0.99,0.9539,T1,1.0,1,16.3983,5.92,4.4667,0.0,2026-02-05 10:00:00
2026-02-05 12:00:00,2026-02-05 06:00:00,0.9005,0.9716,0.99,0.9539,T1,2.0,1,16.1983,6.075,5.4167,0.0,2026-02-05 10:00:00
2026-02-05 13:00:00,2026-02-05 07:00:00,0.8866,0.9767,0.99,0.9539,T1,3.0,1,15.8117,5.815,6.1833,0.0,2026-02-05 10:00:00
2026-02-05 14:00:00,2026-02-05 08:00:00,0.911,0.9607,0.99,0.9486,T1,4.0,1,15.4433,5.52,6.7,0.0,2026-02-05 10:00:00
2026-02-05 15:00:00,2026-02-05 09:00:00,0.9524,0.953,0.99,0.9328,T1,5.0,1,14.995,5.425,6.75,0.0,2026-02-05 10:00:00
2026-02-05 16:00:00,2026-02-05 10:00:00,0.8774,0.9638,0.99,0.8986,T1,6.0,1,14.2967,5.3,6.2,0.0,2026-02-05 10:00:00
2026-02-05 17:00:00,2026-02-05 11:00:00,0.828,0.9691,0.9851,0.8813,T1,7.0,1,13.0033,3.81,5.05,0.0,2026-02-05 10:00:00
2026-02-05 18:00:00,2026-02-05 12:00:00,0.6164,0.9402,0.9832,0.8017,T1,8.0,1,11.825,2.0,3.8,0.0,2026-02-05 10:00:00
2026-02-05 19:00:00,2026-02-05 13:00:00,0.5492,0.9671,0.9678,0.7639,T1,9.0,1,11.3567,1.455,2.8833,0.0,2026-02-05 10:00:00
2026-02-05 20:00:00,2026-02-05 14:00:00,0.4722,0.9194,0.9684,0.7639,T1,10.0,1,11.0433,1.48,2.2833,0.0,2026-02-05 10:00:00
2026-02-05 21:00:00,2026-02-05 15:00:00,0.4832,0.9003,0.9649,0.7536,T1,11.0,1,10.8733,1.265,1.9833,0.0,2026-02-05 10:00:00
2026-02-05 22:00:00,2026-02-05 16:00:00,0.3381,0.8432,0.9577,0.7536,T1,12.0,1,10.78,1.025,1.9333,0.0,2026-02-05 10:00:00
2026-02-05 23:00:00,2026-02-05 17:00:00,0.2551,0.7374,0.9601,0.73,T1,13.0,1,10.5533,0.69,1.8,0.0,2026-02-05 10:00:00
2026-02-06 00:00:00,2026-02-05 18:00:00,0.2806,0.731,0.9708,0.6898,T1,14.0,1,10.3633,0.65,1.5667,0.0,2026-02-05 10:00:00
2026-02-06 01:00:00,2026-02-05 19:00:00,0.296,0.7052,0.975,0.6898,T1,15.0,1,10.21,0.73,1.5333,0.0,2026-02-05 10:00:00
2026-02-06 02:00:00,2026-02-05 20:00:00,0.2041,0.6273,0.9534,0.6794,T1,16.0,1,10.005,0.91,1.4833,0.0,2026-02-05 10:00:00
2026-02-06 03:00:00,2026-02-05 21:00:00,0.0448,0.5278,0.8951,0.6587,T1,17.0,1,9.8683,1.245,1.2667,0.0,2026-02-05 10:00:00
2026-02-06 04:00:00,2026-02-05 22:00:00,0.003,0.289,0.7516,0.4212,T1,18.0,2,7.8267,0.805,1.0667,0.0,2026-02-05 10:00:00
2026-02-06 05:00:00,2026-02-05 23:00:00,0.0,0.0951,0.4449,0.2388,T1,19.0,2,5.8267,1.33,0.8,0.0,2026-02-05 10:00:00
2026-02-06 06:00:00,2026-02-06 00:00:00,0.0019,0.0301,0.2118,0.115,T1,20.0,2,3.33,2.36,0.55,0.0,2026-02-05 10:00:00
2026-02-06 07:00:00,2026-02-06 01:00:00,0.0,0.0368,0.1507,0.0781,T1,21.0,2,2.6333,1.025,0.4333,0.0,2026-02-05 10:00:00
2026-02-06 08:00:00,2026-02-06 02:00:00,0.0,0.0706,0.3356,0.1275,T1,22.0,2,3.7167,3.71,1.0,0.0,2026-02-05 10:00:00
2026-02-06 09:00:00,2026-02-06 03:00:00,0.0,0.1286,0.54,0.1732,T1,23.0,2,4.6933,5.92,2.45,0.0,2026-02-05 10:00:00
2026-02-06 10:00:00,2026-02-06 04:00:00,0.0,0.1627,0.7106,0.2347,T1,24.0,2,5.4867,8.32,4.4667,0.0,2026-02-05 10:00:00
2026-02-06 11:00:00,2026-02-06 05:00:00,0.0,0.5825,0.9574,0.3974,T1,25.0,2,7.685,9.56,6.0167,0.0,2026-02-05 10:00:00
2026-02-06 12:00:00,2026-02-06 06:00:00,0.0,0.7476,0.9709,0.6794,T1,26.0,2,9.9733,10.73,6.7667,0.0,2026-02-05 10:00:00
2026-02-06 13:00:00,2026-02-06 07:00:00,0.1633,0.9289,0.9847,0.7639,T1,27.0,2,11.4217,8.885,7.0333,0.0,2026-02-05 10:00:00
2026-02-06 14:00:00,2026-02-06 08:00:00,0.7325,0.99,0.99,0.8986,T1,28.0,2,13.415,5.055,6.85,0.0,2026-02-05 10:00:00
2026-02-06 15:00:00,2026-02-06 09:00:00,0.9627,0.99,0.99,0.9486,T1,29.0,2,15.02,1.765,6.2,0.0,2026-02-05 10:00:00
2026-02-06 16:00:00,2026-02-06 10:00:00,0.986,0.99,0.99,0.9486,T1,30.0,2,15.64,1.385,5.2167,0.0,2026-02-05 10:00:00
2026-02-06 17:00:00,2026-02-06 11:00:00,0.987,0.99,0.99,0.9539,T1,31.0,2,16.0333,1.24,4.3333,0.0,2026-02-05 10:00:00
2026-02-06 18:00:00,2026-02-06 12:00:00,0.9867,0.99,0.99,0.9539,T1,32.0,2,16.2283,0.79,3.75,0.0,2026-02-05 10:00:00
2026-02-06 19:00:00,2026-02-06 13:00:00,0.9869,0.9883,0.99,0.9486,T1,33.0,2,15.65,0.905,3.3,0.0,2026-02-05 10:00:00
2026-02-06 20:00:00,2026-02-06 14:00:00,0.9722,0.9867,0.99,0.9425,T1,34.0,2,14.8883,1.505,2.9333,0.0,2026-02-05 10:00:00
2026-02-06 21:00:00,2026-02-06 15:00:00,0.9854,0.9876,0.99,0.9162,T1,35.0,2,14.37,1.885,2.5333,0.0,2026-02-05 10:00:00
2026-02-06 22:00:00,2026-02-06 16:00:00,0.9416,0.9805,0.99,0.8986,T1,36.0,2,14.0667,1.835,2.0667,0.0,2026-02-05 10:00:00
2026-02-06 23:00:00,2026-02-06 17:00:00,0.8307,0.99,0.99,0.8846,T1,37.0,2,13.225,2.35,1.7333,0.0,2026-02-05 10:00:00
2026-02-07 00:00:00,2026-02-06 18:00:00,0.4417,0.9466,0.99,0.8217,T1,38.0,2,12.235,3.46,1.6167,0.0,2026-02-05 10:00:00
2026-02-07 01:00:00,2026-02-06 19:00:00,0.3964,0.9096,0.99,0.8017,T1,39.0,2,11.6033,3.34,1.5,0.0,2026-02-05 10:00:00
2026-02-07 02:00:00,2026-02-06 20:00:00,0.2914,0.7919,0.99,0.7415,T1,40.0,2,10.5817,2.905,1.3333,1.0,2026-02-05 10:00:00
2026-02-07 03:00:00,2026-02-06 21:00:00,0.0962,0.6106,0.9659,0.5709,T1,41.0,2,9.245,1.605,1.1167,1.0,2026-02-05 10:00:00
2026-02-07 04:00:00,2026-02-06 22:00:00,0.0,0.343,0.816,0.3379,T1,42.0,3,6.8783,2.15,0.8167,1.0,2026-02-05 10:00:00
2026-02-07 05:00:00,2026-02-06 23:00:00,0.0,0.2863,0.7205,0.2938,T1,43.0,3,6.4083,3.26,0.75,1.0,2026-02-05 10:00:00
2026-02-07 06:00:00,2026-02-07 00:00:00,0.0,0.2478,0.6366,0.2206,T1,44.0,3,5.3683,4.135,0.6167,1.0,2026-02-05 10:00:00
2026-02-07 07:00:00,2026-02-07 01:00:00,0.0,0.1943,0.4122,0.1381,T1,45.0,3,4.09,4.63,0.4667,1.0,2026-02-05 10:00:00
2026-02-07 08:00:00,2026-02-07 02:00:00,0.0,0.0861,0.3511,0.0968,T1,46.0,3,2.9083,3.93,0.3167,1.0,2026-02-05 10:00:00
2026-02-07 09:00:00,2026-02-07 03:00:00,0.0,0.0606,0.2262,0.0968,T1,47.0,3,2.9233,2.225,0.5167,1.0,2026-02-05 10:00:00
2026-02-07 10:00:00,2026-02-07 04:00:00,0.0,0.0536,0.2942,0.1381,T1,48.0,3,3.96,5.4,1.2,0.0,2026-02-05 10:00:00
2026-02-05 11:00:00,2026-02-05 05:00:00,0.7887,0.9609,0.97,0.9539,T2,1.0,1,16.3983,5.92,4.4667,0.0,2026-02-05 10:00:00
2026-02-05 12:00:00,2026-02-05 06:00:00,0.7747,0.9602,0.97,0.9539,T2,2.0,1,16.1983,6.075,5.4167,0.0,2026-02-05 10:00:00
2026-02-05 13:00:00,2026-02-05 07:00:00,0.784,0.9652,0.97,0.9539,T2,3.0,1,15.8117,5.815,6.1833,0.0,2026-02-05 10:00:00
2026-02-05 14:00:00,2026-02-05 08:00:00,0.8313,0.9474,0.97,0.9486,T2,4.0,1,15.4433,5.52,6.7,0.0,2026-02-05 10:00:00
2026-02-05 15:00:00,2026-02-05 09:00:00,0.8308,0.9402,0.97,0.9328,T2,5.0,1,14.995,5.425,6.75,0.0,2026-02-05 10:00:00
2026-02-05 16:00:00,2026-02-05 10:00:00,0.796,0.953,0.97,0.8986,T2,6.0,1,14.2967,5.3,6.2,0.0,2026-02-05 10:00:00
2026-02-05 17:00:00,2026-02-05 11:00:00,0.7461,0.9586,0.97,0.8813,T2,7.0,1,13.0033,3.81,5.05,0.0,2026-02-05 10:00:00
2026-02-05 18:00:00,2026-02-05 12:00:00,0.6072,0.9346,0.9668,0.8017,T2,8.0,1,11.825,2.0,3.8,0.0,2026-02-05 10:00:00
2026-02-05 19:00:00,2026-02-05 13:00:00,0.5383,0.9531,0.9616,0.7639,T2,9.0,1,11.3567,1.455,2.8833,0.0,2026-02-05 10:00:00
2026-02-05 20:00:00,2026-02-05 14:00:00,0.4939,0.918,0.9531,0.7639,T2,10.0,1,11.0433,1.48,2.2833,0.0,2026-02-05 10:00:00
2026-02-05 21:00:00,2026-02-05 15:00:00,0.4843,0.8991,0.9496,0.7536,T2,11.0,1,10.8733,1.265,1.9833,0.0,2026-02-05 10:00:00
2026-02-05 22:00:00,2026-02-05 16:00:00,0.37,0.8417,0.9443,0.7536,T2,12.0,1,10.78,1.025,1.9333,0.0,2026-02-05 10:00:00
2026-02-05 23:00:00,2026-02-05 17:00:00,0.2009,0.7262,0.9576,0.73,T2,13.0,1,10.5533,0.69,1.8,0.0,2026-02-05 10:00:00
2026-02-06 00:00:00,2026-02-05 18:00:00,0.1718,0.72,0.9691,0.6898,T2,14.0,1,10.3633,0.65,1.5667,0.0,2026-02-05 10:00:00
2026-02-06 01:00:00,2026-02-05 19:00:00,0.2427,0.6942,0.97,0.6898,T2,15.0,1,10.21,0.73,1.5333,0.0,2026-02-05 10:00:00
2026-02-06 02:00:00,2026-02-05 20:00:00,0.1471,0.6136,0.9531,0.6794,T2,16.0,1,10.005,0.91,1.4833,0.0,2026-02-05 10:00:00
2026-02-06 03:00:00,2026-02-05 21:00:00,0.0399,0.5143,0.8948,0.6587,T2,17.0,1,9.8683,1.245,1.2667,0.0,2026-02-05 10:00:00
2026-02-06 04:00:00,2026-02-05 22:00:00,0.0,0.2739,0.7516,0.4212,T2,18.0,2,7.8267,0.805,1.0667,0.0,2026-02-05 10:00:00
2026-02-06 05:00:00,2026-02-05 23:00:00,0.0,0.0895,0.445,0.2388,T2,19.0,2,5.8267,1.33,0.8,0.0,2026-02-05 10:00:00
2026-02-06 06:00:00,2026-02-06 00:00:00,0.0004,0.029,0.2119,0.115,T2,20.0,2,3.33,2.36,0.55,0.0,2026-02-05 10:00:00
2026-02-06 07:00:00,2026-02-06 01:00:00,0.0,0.0354,0.1507,0.0781,T2,21.0,2,2.6333,1.025,0.4333,0.0,2026-02-05 10:00:00
2026-02-06 08:00:00,2026-02-06 02:00:00,0.0,0.0699,0.3356,0.1275,T2,22.0,2,3.7167,3.71,1.0,0.0,2026-02-05 10:00:00
2026-02-06 09:00:00,2026-02-06 03:00:00,0.0,0.128,0.54,0.1732,T2,23.0,2,4.6933,5.92,2.45,0.0,2026-02-05 10:00:00
2026-02-06 10:00:00,2026-02-06 04:00:00,0.0,0.1602,0.7106,0.2347,T2,24.0,2,5.4867,8.32,4.4667,0.0,2026-02-05 10:00:00
2026-02-06 11:00:00,2026-02-06 05:00:00,0.0,0.5817,0.9565,0.3974,T2,25.0,2,7.685,9.56,6.0167,0.0,2026-02-05 10:00:00
2026-02-06 12:00:00,2026-02-06 06:00:00,0.0,0.7489,0.9628,0.6794,T2,26.0,2,9.9733,10.73,6.7667,0.0,2026-02-05 10:00:00
2026-02-06 13:00:00,2026-02-06 07:00:00,0.0739,0.9276,0.9681,0.7639,T2,27.0,2,11.4217,8.885,7.0333,0.0,2026-02-05 10:00:00
2026-02-06 14:00:00,2026-02-06 08:00:00,0.7401,0.97,0.97,0.8986,T2,28.0,2,13.415,5.055,6.85,0.0,2026-02-05 10:00:00
2026-02-06 15:00:00,2026-02-06 09:00:00,0.9127,0.97,0.97,0.9486,T2,29.0,2,15.02,1.765,6.2,0.0,2026-02-05 10:00:00
2026-02-06 16:00:00,2026-02-06 10:00:00,0.8982,0.97,0.97,0.9486,T2,30.0,2,15.64,1.385,5.2167,0.0,2026-02-05 10:00:00
2026-02-06 17:00:00,2026-02-06 11:00:00,0.8993,0.97,0.97,0.9539,T2,31.0,2,16.0333,1.24,4.3333,0.0,2026-02-05 10:00:00
2026-02-06 18:00:00,2026-02-06 12:00:00,0.9018,0.97,0.97,0.9539,T2,32.0,2,16.2283,0.79,3.75,0.0,2026-02-05 10:00:00
2026-02-06 19:00:00,2026-02-06 13:00:00,0.9108,0.97,0.97,0.9486,T2,33.0,2,15.65,0.905,3.3,0.0,2026-02-05 10:00:00
2026-02-06 20:00:00,2026-02-06 14:00:00,0.9203,0.97,0.97,0.9425,T2,34.0,2,14.8883,1.505,2.9333,0.0,2026-02-05 10:00:00
2026-02-06 21:00:00,2026-02-06 15:00:00,0.9253,0.97,0.97,0.9162,T2,35.0,2,14.37,1.885,2.5333,0.0,2026-02-05 10:00:00
2026-02-06 22:00:00,2026-02-06 16:00:00,0.9636,0.9685,0.97,0.8986,T2,36.0,2,14.0667,1.835,2.0667,0.0,2026-02-05 10:00:00
2026-02-06 23:00:00,2026-02-06 17:00:00,0.8199,0.97,0.97,0.8846,T2,37.0,2,13.225,2.35,1.7333,0.0,2026-02-05 10:00:00
2026-02-07 00:00:00,2026-02-06 18:00:00,0.4853,0.936,0.97,0.8217,T2,38.0,2,12.235,3.46,1.6167,0.0,2026-02-05 10:00:00
2026-02-07 01:00:00,2026-02-06 19:00:00,0.4064,0.9113,0.97,0.8017,T2,39.0,2,11.6033,3.34,1.5,0.0,2026-02-05 10:00:00
2026-02-07 02:00:00,2026-02-06 20:00:00,0.3433,0.7935,0.97,0.7415,T2,40.0,2,10.5817,2.905,1.3333,1.0,2026-02-05 10:00:00
2026-02-07 03:00:00,2026-02-06 21:00:00,0.13,0.6122,0.9638,0.5709,T2,41.0,2,9.245,1.605,1.1167,1.0,2026-02-05 10:00:00
2026-02-07 04:00:00,2026-02-06 22:00:00,0.0,0.3446,0.816,0.3379,T2,42.0,3,6.8783,2.15,0.8167,1.0,2026-02-05 10:00:00
2026-02-07 05:00:00,2026-02-06 23:00:00,0.0,0.288,0.7205,0.2938,T2,43.0,3,6.4083,3.26,0.75,1.0,2026-02-05 10:00:00
2026-02-07 06:00:00,2026-02-07 00:00:00,0.0,0.2495,0.6366,0.2206,T2,44.0,3,5.3683,4.135,0.6167,1.0,2026-02-05 10:00:00
2026-02-07 07:00:00,2026-02-07 01:00:00,0.0,0.1934,0.4122,0.1381,T2,45.0,3,4.09,4.63,0.4667,1.0,2026-02-05 10:00:00
2026-02-07 08:00:00,2026-02-07 02:00:00,0.0,0.0852,0.3511,0.0968,T2,46.0,3,2.9083,3.93,0.3167,1.0,2026-02-05 10:00:00
2026-02-07 09:00:00,2026-02-07 03:00:00,0.0,0.0593,0.2262,0.0968,T2,47.0,3,2.9233,2.225,0.5167,1.0,2026-02-05 10:00:00
2026-02-07 10:00:00,2026-02-07 04:00:00,0.0,0.0527,0.2942,0.1381,T2,48.0,3,3.96,5.4,1.2,0.0,2026-02-05 10:00:00
2026-02-05 11:00:00,2026-02-05 05:00:00,0.8433,0.9663,0.98,0.9539,ВЭС,1.0,1,16.3983,5.92,4.4667,0.0,2026-02-05 10:00:00
2026-02-05 12:00:00,2026-02-05 06:00:00,0.8376,0.9659,0.98,0.9539,ВЭС,2.0,1,16.1983,6.075,5.4167,0.0,2026-02-05 10:00:00
2026-02-05 13:00:00,2026-02-05 07:00:00,0.8353,0.9709,0.98,0.9539,ВЭС,3.0,1,15.8117,5.815,6.1833,0.0,2026-02-05 10:00:00
2026-02-05 14:00:00,2026-02-05 08:00:00,0.8711,0.954,0.98,0.9486,ВЭС,4.0,1,15.4433,5.52,6.7,0.0,2026-02-05 10:00:00
2026-02-05 15:00:00,2026-02-05 09:00:00,0.8916,0.9466,0.98,0.9328,ВЭС,5.0,1,14.995,5.425,6.75,0.0,2026-02-05 10:00:00
2026-02-05 16:00:00,2026-02-05 10:00:00,0.8367,0.9584,0.98,0.8986,ВЭС,6.0,1,14.2967,5.3,6.2,0.0,2026-02-05 10:00:00
2026-02-05 17:00:00,2026-02-05 11:00:00,0.7871,0.9639,0.9776,0.8813,ВЭС,7.0,1,13.0033,3.81,5.05,0.0,2026-02-05 10:00:00
2026-02-05 18:00:00,2026-02-05 12:00:00,0.6118,0.9374,0.975,0.8017,ВЭС,8.0,1,11.825,2.0,3.8,0.0,2026-02-05 10:00:00
2026-02-05 19:00:00,2026-02-05 13:00:00,0.5437,0.9601,0.9647,0.7639,ВЭС,9.0,1,11.3567,1.455,2.8833,0.0,2026-02-05 10:00:00
2026-02-05 20:00:00,2026-02-05 14:00:00,0.4831,0.9187,0.9608,0.7639,ВЭС,10.0,1,11.0433,1.48,2.2833,0.0,2026-02-05 10:00:00
2026-02-05 21:00:00,2026-02-05 15:00:00,0.4838,0.8997,0.9573,0.7536,ВЭС,11.0,1,10.8733,1.265,1.9833,0.0,2026-02-05 10:00:00
2026-02-05 22:00:00,2026-02-05 16:00:00,0.3541,0.8425,0.951,0.7536,ВЭС,12.0,1,10.78,1.025,1.9333,0.0,2026-02-05 10:00:00
2026-02-05 23:00:00,2026-02-05 17:00:00,0.228,0.7318,0.9588,0.73,ВЭС,13.0,1,10.5533,0.69,1.8,0.0,2026-02-05 10:00:00
2026-02-06 00:00:00,2026-02-05 18:00:00,0.2262,0.7255,0.9699,0.6898,ВЭС,14.0,1,10.3633,0.65,1.5667,0.0,2026-02-05 10:00:00
2026-02-06 01:00:00,2026-02-05 19:00:00,0.2694,0.6997,0.9725,0.6898,ВЭС,15.0,1,10.21,0.73,1.5333,0.0,2026-02-05 10:00:00
2026-02-06 02:00:00,2026-02-05 20:00:00,0.1756,0.6205,0.9532,0.6794,ВЭС,16.0,1,10.005,0.91,1.4833,0.0,2026-02-05 10:00:00
2026-02-06 03:00:00,2026-02-05 21:00:00,0.0424,0.521,0.895,0.6587,ВЭС,17.0,1,9.8683,1.245,1.2667,0.0,2026-02-05 10:00:00
2026-02-06 04:00:00,2026-02-05 22:00:00,0.0015,0.2814,0.7516,0.4212,ВЭС,18.0,2,7.8267,0.805,1.0667,0.0,2026-02-05 10:00:00
2026-02-06 05:00:00,2026-02-05 23:00:00,0.0,0.0923,0.4449,0.2388,ВЭС,19.0,2,5.8267,1.33,0.8,0.0,2026-02-05 10:00:00
2026-02-06 06:00:00,2026-02-06 00:00:00,0.0011,0.0296,0.2119,0.115,ВЭС,20.0,2,3.33,2.36,0.55,0.0,2026-02-05 10:00:00
2026-02-06 07:00:00,2026-02-06 01:00:00,0.0,0.0361,0.1507,0.0781,ВЭС,21.0,2,2.6333,1.025,0.4333,0.0,2026-02-05 10:00:00
2026-02-06 08:00:00,2026-02-06 02:00:00,0.0,0.0702,0.3356,0.1275,ВЭС,22.0,2,3.7167,3.71,1.0,0.0,2026-02-05 10:00:00
2026-02-06 09:00:00,2026-02-06 03:00:00,0.0,0.1283,0.54,0.1732,ВЭС,23.0,2,4.6933,5.92,2.45,0.0,2026-02-05 10:00:00
2026-02-06 10:00:00,2026-02-06 04:00:00,0.0,0.1614,0.7106,0.2347,ВЭС,24.0,2,5.4867,8.32,4.4667,0.0,2026-02-05 10:00:00
2026-02-06 11:00:00,2026-02-06 05:00:00,0.0,0.5821,0.957,0.3974,ВЭС,25.0,2,7.685,9.56,6.0167,0.0,2026-02-05 10:00:00
2026-02-06 12:00:00,2026-02-06 06:00:00,0.0,0.7483,0.9668,0.6794,ВЭС,26.0,2,9.9733,10.73,6.7667,0.0,2026-02-05 10:00:00
2026-02-06 13:00:00,2026-02-06 07:00:00,0.1186,0.9283,0.9764,0.7639,ВЭС,27.0,2,11.4217,8.885,7.0333,0.0,2026-02-05 10:00:00
2026-02-06 14:00:00,2026-02-06 08:00:00,0.7363,0.98,0.98,0.8986,ВЭС,28.0,2,13.415,5.055,6.85,0.0,2026-02-05 10:00:00
2026-02-06 15:00:00,2026-02-06 09:00:00,0.9377,0.98,0.98,0.9486,ВЭС,29.0,2,15.02,1.765,6.2,0.0,2026-02-05 10:00:00
2026-02-06 16:00:00,2026-02-06 10:00:00,0.9421,0.98,0.98,0.9486,ВЭС,30.0,2,15.64,1.385,5.2167,0.0,2026-02-05 10:00:00
2026-02-06 17:00:00,2026-02-06 11:00:00,0.9432,0.98,0.98,0.9539,ВЭС,31.0,2,16.0333,1.24,4.3333,0.0,2026-02-05 10:00:00
2026-02-06 18:00:00,2026-02-06 12:00:00,0.9442,0.98,0.98,0.9539,ВЭС,32.0,2,16.2283,0.79,3.75,0.0,2026-02-05 10:00:00
2026-02-06 19:00:00,2026-02-06 13:00:00,0.9488,0.9792,0.98,0.9486,ВЭС,33.0,2,15.65,0.905,3.3,0.0,2026-02-05 10:00:00
2026-02-06 20:00:00,2026-02-06 14:00:00,0.9462,0.9784,0.98,0.9425,ВЭС,34.0,2,14.8883,1.505,2.9333,0.0,2026-02-05 10:00:00
2026-02-06 21:00:00,2026-02-06 15:00:00,0.9554,0.9788,0.98,0.9162,ВЭС,35.0,2,14.37,1.885,2.5333,0.0,2026-02-05 10:00:00
2026-02-06 22:00:00,2026-02-06 16:00:00,0.9526,0.9745,0.98,0.8986,ВЭС,36.0,2,14.0667,1.835,2.0667,0.0,2026-02-05 10:00:00
2026-02-06 23:00:00,2026-02-06 17:00:00,0.8253,0.98,0.98,0.8846,ВЭС,37.0,2,13.225,2.35,1.7333,0.0,2026-02-05 10:00:00
2026-02-07 00:00:00,2026-02-06 18:00:00,0.4635,0.9413,0.98,0.8217,ВЭС,38.0,2,12.235,3.46,1.6167,0.0,2026-02-05 10:00:00
2026-02-07 01:00:00,2026-02-06 19:00:00,0.4014,0.9104,0.98,0.8017,ВЭС,39.0,2,11.6033,3.34,1.5,0.0,2026-02-05 10:00:00
2026-02-07 02:00:00,2026-02-06 20:00:00,0.3173,0.7927,0.98,0.7415,ВЭС,40.0,2,10.5817,2.905,1.3333,1.0,2026-02-05 10:00:00
2026-02-07 03:00:00,2026-02-06 21:00:00,0.1131,0.6114,0.9648,0.5709,ВЭС,41.0,2,9.245,1.605,1.1167,1.0,2026-02-05 10:00:00
2026-02-07 04:00:00,2026-02-06 22:00:00,0.0,0.3438,0.816,0.3379,ВЭС,42.0,3,6.8783,2.15,0.8167,1.0,2026-02-05 10:00:00
2026-02-07 05:00:00,2026-02-06 23:00:00,0.0,0.2871,0.7205,0.2938,ВЭС,43.0,3,6.4083,3.26,0.75,1.0,2026-02-05 10:00:00
2026-02-07 06:00:00,2026-02-07 00:00:00,0.0,0.2487,0.6366,0.2206,ВЭС,44.0,3,5.3683,4.135,0.6167,1.0,2026-02-05 10:00:00
2026-02-07 07:00:00,2026-02-07 01:00:00,0.0,0.1939,0.4122,0.1381,ВЭС,45.0,3,4.09,4.63,0.4667,1.0,2026-02-05 10:00:00
2026-02-07 08:00:00,2026-02-07 02:00:00,0.0,0.0857,0.3511,0.0968,ВЭС,46.0,3,2.9083,3.93,0.3167,1.0,2026-02-05 10:00:00
2026-02-07 09:00:00,2026-02-07 03:00:00,0.0,0.06,0.2262,0.0968,ВЭС,47.0,3,2.9233,2.225,0.5167,1.0,2026-02-05 10:00:00
2026-02-07 10:00:00,2026-02-07 04:00:00,0.0,0.0531,0.2942,0.1381,ВЭС,48.0,3,3.96,5.4,1.2,0.0,2026-02-05 10:00:00
2026-02-05 23:00:00,2026-02-05 17:00:00,0.2551,0.7374,0.9601,0.73,T1,1.0,1,10.5533,0.69,1.8,0.0,2026-02-05 22:00:00
2026-02-06 00:00:00,2026-02-05 18:00:00,0.2806,0.731,0.9708,0.6898,T1,2.0,1,10.3633,0.65,1.5667,0.0,2026-02-05 22:00:00
2026-02-06 01:00:00,2026-02-05 19:00:00,0.296,0.7052,0.975,0.6898,T1,3.0,1,10.21,0.73,1.5333,0.0,2026-02-05 22:00:00
2026-02-06 02:00:00,2026-02-05 20:00:00,0.2041,0.6273,0.9534,0.6794,T1,4.0,1,10.005,0.91,1.4833,0.0,2026-02-05 22:00:00
2026-02-06 03:00:00,2026-02-05 21:00:00,0.0448,0.5278,0.8951,0.6587,T1,5.0,1,9.8683,1.245,1.2667,0.0,2026-02-05 22:00:00
2026-02-06 04:00:00,2026-02-05 22:00:00,0.0,0.3761,0.8407,0.5984,T1,6.0,1,9.4417,1.79,1.0,0.0,2026-02-05 22:00:00
2026-02-06 05:00:00,2026-02-05 23:00:00,0.0239,0.145,0.6439,0.4212,T1,7.0,1,7.84,4.215,0.4833,0.0,2026-02-05 22:00:00
2026-02-06 06:00:00,2026-02-06 00:00:00,0.0,0.0705,0.2586,0.2365,T1,8.0,1,5.6533,6.395,-0.0,0.0,2026-02-05 22:00:00
2026-02-06 07:00:00,2026-02-06 01:00:00,0.0011,0.01,0.0821,0.1275,T1,9.0,1,3.6767,5.675,-0.15,0.0,2026-02-05 22:00:00
2026-02-06 08:00:00,2026-02-06 02:00:00,0.0069,0.0178,0.0925,0.115,T1,10.0,1,3.3867,3.18,0.0333,0.0,2026-02-05 22:00:00
2026-02-06 09:00:00,2026-02-06 03:00:00,0.0,0.0356,0.2199,0.1472,T1,11.0,1,4.15,0.51,1.1,0.0,2026-02-05 22:00:00
2026-02-06 10:00:00,2026-02-06 04:00:00,0.0,0.087,0.2885,0.1381,T1,12.0,1,4.1083,3.005,2.7833,0.0,2026-02-05 22:00:00
2026-02-06 11:00:00,2026-02-06 05:00:00,0.0,0.1504,0.6012,0.2347,T1,13.0,1,5.4933,4.63,4.4333,0.0,2026-02-05 22:00:00
2026-02-06 12:00:00,2026-02-06 06:00:00,0.0,0.3936,0.8902,0.4837,T1,14.0,1,8.4967,6.095,5.8167,0.0,2026-02-05 22:00:00
2026-02-06 13:00:00,2026-02-06 07:00:00,0.2175,0.8599,0.9809,0.7831,T1,15.0,1,11.6717,6.44,5.9667,0.0,2026-02-05 22:00:00
2026-02-06 14:00:00,2026-02-06 08:00:00,0.7298,0.9524,0.99,0.8986,T1,16.0,1,13.7833,4.965,5.2833,0.0,2026-02-05 22:00:00
2026-02-06 15:00:00,2026-02-06 09:00:00,0.8667,0.9663,0.99,0.9162,T1,17.0,1,14.475,2.785,4.8,0.0,2026-02-05 22:00:00
2026-02-06 16:00:00,2026-02-06 10:00:00,0.986,0.99,0.99,0.9486,T1,18.0,2,15.64,1.385,5.2167,0.0,2026-02-05 22:00:00
2026-02-06 17:00:00,2026-02-06 11:00:00,0.987,0.99,0.99,0.9539,T1,19.0,2,16.0333,1.24,4.3333,0.0,2026-02-05 22:00:00
2026-02-06 18:00:00,2026-02-06 12:00:00,0.9867,0.99,0.99,0.9539,T1,20.0,2,16.2283,0.79,3.75,0.0,2026-02-05 22:00:00
2026-02-06 19:00:00,2026-02-06 13:00:00,0.9869,0.9883,0.99,0.9486,T1,21.0,2,15.65,0.905,3.3,0.0,2026-02-05 22:00:00
2026-02-06 20:00:00,2026-02-06 14:00:00,0.9722,0.9867,0.99,0.9425,T1,22.0,2,14.8883,1.505,2.9333,0.0,2026-02-05 22:00:00
2026-02-06 21:00:00,2026-02-06 15:00:00,0.9854,0.9876,0.99,0.9162,T1,23.0,2,14.37,1.885,2.5333,0.0,2026-02-05 22:00:00
2026-02-06 22:00:00,2026-02-06 16:00:00,0.9416,0.9805,0.99,0.8986,T1,24.0,2,14.0667,1.835,2.0667,0.0,2026-02-05 22:00:00
2026-02-06 23:00:00,2026-02-06 17:00:00,0.8307,0.99,0.99,0.8846,T1,25.0,2,13.225,2.35,1.7333,0.0,2026-02-05 22:00:00
2026-02-07 00:00:00,2026-02-06 18:00:00,0.4417,0.9466,0.99,0.8217,T1,26.0,2,12.235,3.46,1.6167,0.0,2026-02-05 22:00:00
2026-02-07 01:00:00,2026-02-06 19:00:00,0.3964,0.9096,0.99,0.8017,T1,27.0,2,11.6033,3.34,1.5,0.0,2026-02-05 22:00:00
2026-02-07 02:00:00,2026-02-06 20:00:00,0.2914,0.7919,0.99,0.7415,T1,28.0,2,10.5817,2.905,1.3333,1.0,2026-02-05 22:00:00
2026-02-07 03:00:00,2026-02-06 21:00:00,0.0962,0.6106,0.9659,0.5709,T1,29.0,2,9.245,1.605,1.1167,1.0,2026-02-05 22:00:00
2026-02-07 04:00:00,2026-02-06 22:00:00,0.0,0.3546,0.83,0.4253,T1,30.0,2,7.9633,2.725,0.8333,1.0,2026-02-05 22:00:00
2026-02-07 05:00:00,2026-02-06 23:00:00,0.0,0.2991,0.7832,0.3567,T1,31.0,2,6.97,2.825,0.55,1.0,2026-02-05 22:00:00
2026-02-07 06:00:00,2026-02-07 00:00:00,0.0,0.2078,0.5567,0.2388,T1,32.0,2,5.6883,2.435,0.3167,1.0,2026-02-05 22:00:00
2026-02-07 07:00:00,2026-02-07 01:00:00,0.0,0.1236,0.2992,0.1381,T1,33.0,2,3.9083,3.03,0.2,1.0,2026-02-05 22:00:00
2026-02-07 08:00:00,2026-02-07 02:00:00,0.0038,0.0255,0.1243,0.0781,T1,34.0,2,2.61,1.805,0.2,1.0,2026-02-05 22:00:00
2026-02-07 09:00:00,2026-02-07 03:00:00,0.0064,0.019,0.1513,0.0781,T1,35.0,2,2.6533,2.025,0.55,1.0,2026-02-05 22:00:00
2026-02-07 10:00:00,2026-02-07 04:00:00,0.0,0.0351,0.2726,0.1381,T1,36.0,2,3.9267,5.745,1.4,0.0,2026-02-05 22:00:00
2026-02-07 11:00:00,2026-02-07 05:00:00,0.0,0.0858,0.4428,0.2206,T1,37.0,2,5.3667,8.015,2.6,0.0,2026-02-05 22:00:00
2026-02-07 12:00:00,2026-02-07 06:00:00,0.0,0.158,0.5659,0.2708,T1,38.0,2,6.0617,7.4,3.5,0.0,2026-02-05 22:00:00
2026-02-07 13:00:00,2026-02-07 07:00:00,0.0,0.2285,0.5631,0.2753,T1,39.0,2,6.2283,5.305,3.85,0.0,2026-02-05 22:00:00
2026-02-07 14:00:00,2026-02-07 08:00:00,0.0,0.2138,0.5747,0.2732,T1,40.0,2,6.1133,4.425,4.05,0.0,2026-02-05 22:00:00
2026-02-07 15:00:00,2026-02-07 09:00:00,0.0,0.1637,0.5136,0.2347,T1,41.0,2,5.5433,3.905,4.0,0.0,2026-02-05 22:00:00
2026-02-07 16:00:00,2026-02-07 10:00:00,0.0,0.102,0.4526,0.1864,T1,42.0,3,4.8333,2.885,3.2833,0.0,2026-02-05 22:00:00
2026-02-07 17:00:00,2026-02-07 11:00:00,0.0,0.086,0.3569,0.1566,T1,43.0,3,4.4383,2.785,2.75,0.0,2026-02-05 22:00:00
2026-02-07 18:00:00,2026-02-07 12:00:00,0.0,0.0455,0.318,0.1238,T1,44.0,3,3.5583,3.42,2.25,0.0,2026-02-05 22:00:00
2026-02-07 19:00:00,2026-02-07 13:00:00,0.0,0.0863,0.3055,0.1381,T1,45.0,3,4.06,0.655,1.5833,0.0,2026-02-05 22:00:00
2026-02-07 20:00:00,2026-02-07 14:00:00,0.0,0.3624,0.8727,0.3243,T1,46.0,3,6.6217,6.92,0.8333,0.0,2026-02-05 22:00:00
2026-02-07 21:00:00,2026-02-07 15:00:00,0.0,0.7502,0.99,0.4837,T1,47.0,3,8.44,9.81,0.2833,1.0,2026-02-05 22:00:00
2026-02-07 22:00:00,2026-02-07 16:00:00,0.0,0.8048,0.99,0.5709,T1,48.0,3,9.16,8.9,0.0167,1.0,2026-02-05 22:00:00
2026-02-05 23:00:00,2026-02-05 17:00:00,0.2009,0.7262,0.9576,0.73,T2,1.0,1,10.5533,0.69,1.8,0.0,2026-02-05 22:00:00
2026-02-06 00:00:00,2026-02-05 18:00:00,0.1718,0.72,0.9691,0.6898,T2,2.0,1,10.3633,0.65,1.5667,0.0,2026-02-05 22:00:00
2026-02-06 01:00:00,2026-02-05 19:00:00,0.2427,0.6942,0.97,0.6898,T2,3.0,1,10.21,0.73,1.5333,0.0,2026-02-05 22:00:00
2026-02-06 02:00:00,2026-02-05 20:00:00,0.1471,0.6136,0.9531,0.6794,T2,4.0,1,10.005,0.91,1.4833,0.0,2026-02-05 22:00:00
2026-02-06 03:00:00,2026-02-05 21:00:00,0.0399,0.5143,0.8948,0.6587,T2,5.0,1,9.8683,1.245,1.2667,0.0,2026-02-05 22:00:00
2026-02-06 04:00:00,2026-02-05 22:00:00,0.0477,0.3624,0.8404,0.5984,T2,6.0,1,9.4417,1.79,1.0,0.0,2026-02-05 22:00:00
2026-02-06 05:00:00,2026-02-05 23:00:00,0.0,0.1393,0.6439,0.4212,T2,7.0,1,7.84,4.215,0.4833,0.0,2026-02-05 22:00:00
2026-02-06 06:00:00,2026-02-06 00:00:00,0.0,0.0664,0.2586,0.2365,T2,8.0,1,5.6533,6.395,-0.0,0.0,2026-02-05 22:00:00
2026-02-06 07:00:00,2026-02-06 01:00:00,0.0,0.0085,0.0821,0.1275,T2,9.0,1,3.6767,5.675,-0.15,0.0,2026-02-05 22:00:00
2026-02-06 08:00:00,2026-02-06 02:00:00,0.0052,0.0172,0.0925,0.115,T2,10.0,1,3.3867,3.18,0.0333,0.0,2026-02-05 22:00:00
2026-02-06 09:00:00,2026-02-06 03:00:00,0.0,0.0343,0.2199,0.1472,T2,11.0,1,4.15,0.51,1.1,0.0,2026-02-05 22:00:00
2026-02-06 10:00:00,2026-02-06 04:00:00,0.0,0.0864,0.2885,0.1381,T2,12.0,1,4.1083,3.005,2.7833,0.0,2026-02-05 22:00:00
2026-02-06 11:00:00,2026-02-06 05:00:00,0.0,0.1493,0.6011,0.2347,T2,13.0,1,5.4933,4.63,4.4333,0.0,2026-02-05 22:00:00
2026-02-06 12:00:00,2026-02-06 06:00:00,0.0,0.3922,0.8847,0.4837,T2,14.0,1,8.4967,6.095,5.8167,0.0,2026-02-05 22:00:00
2026-02-06 13:00:00,2026-02-06 07:00:00,0.1717,0.8614,0.967,0.7831,T2,15.0,1,11.6717,6.44,5.9667,0.0,2026-02-05 22:00:00
2026-02-06 14:00:00,2026-02-06 08:00:00,0.6539,0.9433,0.97,0.8986,T2,16.0,1,13.7833,4.965,5.2833,0.0,2026-02-05 22:00:00
2026-02-06 15:00:00,2026-02-06 09:00:00,0.8439,0.9552,0.97,0.9162,T2,17.0,1,14.475,2.785,4.8,0.0,2026-02-05 22:00:00
2026-02-06 16:00:00,2026-02-06 10:00:00,0.8982,0.97,0.97,0.9486,T2,18.0,2,15.64,1.385,5.2167,0.0,2026-02-05 22:00:00
2026-02-06 17:00:00,2026-02-06 11:00:00,0.8993,0.97,0.97,0.9539,T2,19.0,2,16.0333,1.24,4.3333,0.0,2026-02-05 22:00:00
2026-02-06 18:00:00,2026-02-06 12:00:00,0.9018,0.97,0.97,0.9539,T2,20.0,2,16.2283,0.79,3.75,0.0,2026-02-05 22:00:00
2026-02-06 19:00:00,2026-02-06 13:00:00,0.9108,0.97,0.97,0.9486,T2,21.0,2,15.65,0.905,3.3,0.0,2026-02-05 22:00:00
2026-02-06 20:00:00,2026-02-06 14:00:00,0.9203,0.97,0.97,0.9425,T2,22.0,2,14.8883,1.505,2.9333,0.0,2026-02-05 22:00:00
2026-02-06 21:00:00,2026-02-06 15:00:00,0.9253,0.97,0.97,0.9162,T2,23.0,2,14.37,1.885,2.5333,0.0,2026-02-05 22:00:00
2026-02-06 22:00:00,2026-02-06 16:00:00,0.9636,0.9685,0.97,0.8986,T2,24.0,2,14.0667,1.835,2.0667,0.0,2026-02-05 22:00:00
2026-02-06 23:00:00,2026-02-06 17:00:00,0.8199,0.97,0.97,0.8846,T2,25.0,2,13.225,2.35,1.7333,0.0,2026-02-05 22:00:00
2026-02-07 00:00:00,2026-02-06 18:00:00,0.4853,0.936,0.97,0.8217,T2,26.0,2,12.235,3.46,1.6167,0.0,2026-02-05 22:00:00
2026-02-07 01:00:00,2026-02-06 19:00:00,0.4064,0.9113,0.97,0.8017,T2,27.0,2,11.6033,3.34,1.5,0.0,2026-02-05 22:00:00
2026-02-07 02:00:00,2026-02-06 20:00:00,0.3433,0.7935,0.97,0.7415,T2,28.0,2,10.5817,2.905,1.3333,1.0,2026-02-05 22:00:00
2026-02-07 03:00:00,2026-02-06 21:00:00,0.13,0.6122,0.9638,0.5709,T2,29.0,2,9.245,1.605,1.1167,1.0,2026-02-05 22:00:00
2026-02-07 04:00:00,2026-02-06 22:00:00,0.0,0.3562,0.8299,0.4253,T2,30.0,2,7.9633,2.725,0.8333,1.0,2026-02-05 22:00:00
2026-02-07 05:00:00,2026-02-06 23:00:00,0.0,0.3009,0.7832,0.3567,T2,31.0,2,6.97,2.825,0.55,1.0,2026-02-05 22:00:00
2026-02-07 06:00:00,2026-02-07 00:00:00,0.0,0.2067,0.5567,0.2388,T2,32.0,2,5.6883,2.435,0.3167,1.0,2026-02-05 22:00:00
2026-02-07 07:00:00,2026-02-07 01:00:00,0.0,0.1227,0.2992,0.1381,T2,33.0,2,3.9083,3.03,0.2,1.0,2026-02-05 22:00:00
2026-02-07 08:00:00,2026-02-07 02:00:00,0.0099,0.0247,0.1243,0.0781,T2,34.0,2,2.61,1.805,0.2,1.0,2026-02-05 22:00:00
2026-02-07 09:00:00,2026-02-07 03:00:00,0.0061,0.0178,0.1513,0.0781,T2,35.0,2,2.6533,2.025,0.55,1.0,2026-02-05 22:00:00
2026-02-07 10:00:00,2026-02-07 04:00:00,0.0,0.0414,0.2726,0.1381,T2,36.0,2,3.9267,5.745,1.4,0.0,2026-02-05 22:00:00
2026-02-07 11:00:00,2026-02-07 05:00:00,0.0,0.0925,0.4428,0.2206,T2,37.0,2,5.3667,8.015,2.6,0.0,2026-02-05 22:00:00
2026-02-07 12:00:00,2026-02-07 06:00:00,0.0,0.1633,0.5644,0.2708,T2,38.0,2,6.0617,7.4,3.5,0.0,2026-02-05 22:00:00
2026-02-07 13:00:00,2026-02-07 07:00:00,0.0,0.2352,0.5631,0.2753,T2,39.0,2,6.2283,5.305,3.85,0.0,2026-02-05 22:00:00
2026-02-07 14:00:00,2026-02-07 08:00:00,0.0,0.2237,0.5746,0.2732,T2,40.0,2,6.1133,4.425,4.05,0.0,2026-02-05 22:00:00
2026-02-07 15:00:00,2026-02-07 09:00:00,0.0,0.1743,0.5135,0.2347,T2,41.0,2,5.5433,3.905,4.0,0.0,2026-02-05 22:00:00
2026-02-07 16:00:00,2026-02-07 10:00:00,0.0,0.1099,0.4526,0.1864,T2,42.0,3,4.8333,2.885,3.2833,0.0,2026-02-05 22:00:00
2026-02-07 17:00:00,2026-02-07 11:00:00,0.0,0.0855,0.3569,0.1566,T2,43.0,3,4.4383,2.785,2.75,0.0,2026-02-05 22:00:00
2026-02-07 18:00:00,2026-02-07 12:00:00,0.0,0.0479,0.318,0.1238,T2,44.0,3,3.5583,3.42,2.25,0.0,2026-02-05 22:00:00
2026-02-07 19:00:00,2026-02-07 13:00:00,0.0,0.0872,0.3055,0.1381,T2,45.0,3,4.06,0.655,1.5833,0.0,2026-02-05 22:00:00
2026-02-07 20:00:00,2026-02-07 14:00:00,0.0,0.362,0.8726,0.3243,T2,46.0,3,6.6217,6.92,0.8333,0.0,2026-02-05 22:00:00
2026-02-07 21:00:00,2026-02-07 15:00:00,0.0,0.7496,0.97,0.4837,T2,47.0,3,8.44,9.81,0.2833,1.0,2026-02-05 22:00:00
2026-02-07 22:00:00,2026-02-07 16:00:00,0.0,0.804,0.97,0.5709,T2,48.0,3,9.16,8.9,0.0167,1.0,2026-02-05 22:00:00
2026-02-05 23:00:00,2026-02-05 17:00:00,0.228,0.7318,0.9588,0.73,ВЭС,1.0,1,10.5533,0.69,1.8,0.0,2026-02-05 22:00:00
2026-02-06 00:00:00,2026-02-05 18:00:00,0.2262,0.7255,0.9699,0.6898,ВЭС,2.0,1,10.3633,0.65,1.5667,0.0,2026-02-05 22:00:00
2026-02-06 01:00:00,2026-02-05 19:00:00,0.2694,0.6997,0.9725,0.6898,ВЭС,3.0,1,10.21,0.73,1.5333,0.0,2026-02-05 22:00:00
2026-02-06 02:00:00,2026-02-05 20:00:00,0.1756,0.6205,0.9532,0.6794,ВЭС,4.0,1,10.005,0.91,1.4833,0.0,2026-02-05 22:00:00
2026-02-06 03:00:00,2026-02-05 21:00:00,0.0424,0.521,0.895,0.6587,ВЭС,5.0,1,9.8683,1.245,1.2667,0.0,2026-02-05 22:00:00
2026-02-06 04:00:00,2026-02-05 22:00:00,0.0238,0.3693,0.8405,0.5984,ВЭС,6.0,1,9.4417,1.79,1.0,0.0,2026-02-05 22:00:00
2026-02-06 05:00:00,2026-02-05 23:00:00,0.0119,0.1421,0.6439,0.4212,ВЭС,7.0,1,7.84,4.215,0.4833,0.0,2026-02-05 22:00:00
2026-02-06 06:00:00,2026-02-06 00:00:00,0.0,0.0684,0.2586,0.2365,ВЭС,8.0,1,5.6533,6.395,-0.0,0.0,2026-02-05 22:00:00
2026-02-06 07:00:00,2026-02-06 01:00:00,0.0006,0.0092,0.0821,0.1275,ВЭС,9.0,1,3.6767,5.675,-0.15,0.0,2026-02-05 22:00:00
2026-02-06 08:00:00,2026-02-06 02:00:00,0.006,0.0175,0.0925,0.115,ВЭС,10.0,1,3.3867,3.18,0.0333,0.0,2026-02-05 22:00:00
2026-02-06 09:00:00,2026-02-06 03:00:00,0.0,0.0349,0.2199,0.1472,ВЭС,11.0,1,4.15,0.51,1.1,0.0,2026-02-05 22:00:00
2026-02-06 10:00:00,2026-02-06 04:00:00,0.0,0.0867,0.2885,0.1381,ВЭС,12.0,1,4.1083,3.005,2.7833,0.0,2026-02-05 22:00:00
2026-02-06 11:00:00,2026-02-06 05:00:00,0.0,0.1499,0.6011,0.2347,ВЭС,13.0,1,5.4933,4.63,4.4333,0.0,2026-02-05 22:00:00
2026-02-06 12:00:00,2026-02-06 06:00:00,0.0,0.3929,0.8875,0.4837,ВЭС,14.0,1,8.4967,6.095,5.8167,0.0,2026-02-05 22:00:00
2026-02-06 13:00:00,2026-02-06 07:00:00,0.1946,0.8607,0.974,0.7831,ВЭС,15.0,1,11.6717,6.44,5.9667,0.0,2026-02-05 22:00:00
2026-02-06 14:00:00,2026-02-06 08:00:00,0.6919,0.9478,0.98,0.8986,ВЭС,16.0,1,13.7833,4.965,5.2833,0.0,2026-02-05 22:00:00
2026-02-06 15:00:00,2026-02-06 09:00:00,0.8553,0.9607,0.98,0.9162,ВЭС,17.0,1,14.475,2.785,4.8,0.0,2026-02-05 22:00:00
2026-02-06 16:00:00,2026-02-06 10:00:00,0.9421,0.98,0.98,0.9486,ВЭС,18.0,2,15.64,1.385,5.2167,0.0,2026-02-05 22:00:00
2026-02-06 17:00:00,2026-02-06 11:00:00,0.9432,0.98,0.98,0.9539,ВЭС,19.0,2,16.0333,1.24,4.3333,0.0,2026-02-05 22:00:00
2026-02-06 18:00:00,2026-02-06 12:00:00,0.9442,0.98,0.98,0.9539,ВЭС,20.0,2,16.2283,0.79,3.75,0.0,2026-02-05 22:00:00
2026-02-06 19:00:00,2026-02-06 13:00:00,0.9488,0.9792,0.98,0.9486,ВЭС,21.0,2,15.65,0.905,3.3,0.0,2026-02-05 22:00:00
2026-02-06 20:00:00,2026-02-06 14:00:00,0.9462,0.9784,0.98,0.9425,ВЭС,22.0,2,14.8883,1.505,2.9333,0.0,2026-02-05 22:00:00
2026-02-06 21:00:00,2026-02-06 15:00:00,0.9554,0.9788,0.98,0.9162,ВЭС,23.0,2,14.37,1.885,2.5333,0.0,2026-02-05 22:00:00
2026-02-06 22:00:00,2026-02-06 16:00:00,0.9526,0.9745,0.98,0.8986,ВЭС,24.0,2,14.0667,1.835,2.0667,0.0,2026-02-05 22:00:00
2026-02-06 23:00:00,2026-02-06 17:00:00,0.8253,0.98,0.98,0.8846,ВЭС,25.0,2,13.225,2.35,1.7333,0.0,2026-02-05 22:00:00
2026-02-07 00:00:00,2026-02-06 18:00:00,0.4635,0.9413,0.98,0.8217,ВЭС,26.0,2,12.235,3.46,1.6167,0.0,2026-02-05 22:00:00
2026-02-07 01:00:00,2026-02-06 19:00:00,0.4014,0.9104,0.98,0.8017,ВЭС,27.0,2,11.6033,3.34,1.5,0.0,2026-02-05 22:00:00
2026-02-07 02:00:00,2026-02-06 20:00:00,0.3173,0.7927,0.98,0.7415,ВЭС,28.0,2,10.5817,2.905,1.3333,1.0,2026-02-05 22:00:00
2026-02-07 03:00:00,2026-02-06 21:00:00,0.1131,0.6114,0.9648,0.5709,ВЭС,29.0,2,9.245,1.605,1.1167,1.0,2026-02-05 22:00:00
2026-02-07 04:00:00,2026-02-06 22:00:00,0.0,0.3554,0.8299,0.4253,ВЭС,30.0,2,7.9633,2.725,0.8333,1.0,2026-02-05 22:00:00
2026-02-07 05:00:00,2026-02-06 23:00:00,0.0,0.3,0.7832,0.3567,ВЭС,31.0,2,6.97,2.825,0.55,1.0,2026-02-05 22:00:00
2026-02-07 06:00:00,2026-02-07 00:00:00,0.0,0.2072,0.5567,0.2388,ВЭС,32.0,2,5.6883,2.435,0.3167,1.0,2026-02-05 22:00:00
2026-02-07 07:00:00,2026-02-07 01:00:00,0.0,0.1231,0.2992,0.1381,ВЭС,33.0,2,3.9083,3.03,0.2,1.0,2026-02-05 22:00:00
2026-02-07 08:00:00,2026-02-07 02:00:00,0.0068,0.0251,0.1243,0.0781,ВЭС,34.0,2,2.61,1.805,0.2,1.0,2026-02-05 22:00:00
2026-02-07 09:00:00,2026-02-07 03:00:00,0.0062,0.0184,0.1513,0.0781,ВЭС,35.0,2,2.6533,2.025,0.55,1.0,2026-02-05 22:00:00
2026-02-07 10:00:00,2026-02-07 04:00:00,0.0,0.0383,0.2726,0.1381,ВЭС,36.0,2,3.9267,5.745,1.4,0.0,2026-02-05 22:00:00
2026-02-07 11:00:00,2026-02-07 05:00:00,0.0,0.0891,0.4428,0.2206,ВЭС,37.0,2,5.3667,8.015,2.6,0.0,2026-02-05 22:00:00
2026-02-07 12:00:00,2026-02-07 06:00:00,0.0,0.1607,0.5652,0.2708,ВЭС,38.0,2,6.0617,7.4,3.5,0.0,2026-02-05 22:00:00
2026-02-07 13:00:00,2026-02-07 07:00:00,0.0,0.2319,0.5631,0.2753,ВЭС,39.0,2,6.2283,5.305,3.85,0.0,2026-02-05 22:00:00
2026-02-07 14:00:00,2026-02-07 08:00:00,0.0,0.2188,0.5746,0.2732,ВЭС,40.0,2,6.1133,4.425,4.05,0.0,2026-02-05 22:00:00
2026-02-07 15:00:00,2026-02-07 09:00:00,0.0,0.169,0.5135,0.2347,ВЭС,41.0,2,5.5433,3.905,4.0,0.0,2026-02-05 22:00:00
2026-02-07 16:00:00,2026-02-07 10:00:00,0.0,0.106,0.4526,0.1864,ВЭС,42.0,3,4.8333,2.885,3.2833,0.0,2026-02-05 22:00:00
2026-02-07 17:00:00,2026-02-07 11:00:00,0.0,0.0858,0.3569,0.1566,ВЭС,43.0,3,4.4383,2.785,2.75,0.0,2026-02-05 22:00:00
2026-02-07 18:00:00,2026-02-07 12:00:00,0.0,0.0467,0.318,0.1238,ВЭС,44.0,3,3.5583,3.42,2.25,0.0,2026-02-05 22:00:00
2026-02-07 19:00:00,2026-02-07 13:00:00,0.0,0.0867,0.3055,0.1381,ВЭС,45.0,3,4.06,0.655,1.5833,0.0,2026-02-05 22:00:00
2026-02-07 20:00:00,2026-02-07 14:00:00,0.0,0.3622,0.8726,0.3243,ВЭС,46.0,3,6.6217,6.92,0.8333,0.0,2026-02-05 22:00:00
2026-02-07 21:00:00,2026-02-07 15:00:00,0.0,0.7499,0.98,0.4837,ВЭС,47.0,3,8.44,9.81,0.2833,1.0,2026-02-05 22:00:00
2026-02-07 22:00:00,2026-02-07 16:00:00,0.0,0.8044,0.98,0.5709,ВЭС,48.0,3,9.16,8.9,0.0167,1.0,2026-02-05 22:00:00
2026-02-06 11:00:00,2026-02-06 05:00:00,0.0,0.1504,0.6012,0.2347,T1,1.0,1,5.4933,4.63,4.4333,0.0,2026-02-06 10:00:00
2026-02-06 12:00:00,2026-02-06 06:00:00,0.0,0.3936,0.8902,0.4837,T1,2.0,1,8.4967,6.095,5.8167,0.0,2026-02-06 10:00:00
2026-02-06 13:00:00,2026-02-06 07:00:00,0.2175,0.8599,0.9809,0.7831,T1,3.0,1,11.6717,6.44,5.9667,0.0,2026-02-06 10:00:00
2026-02-06 14:00:00,2026-02-06 08:00:00,0.7298,0.9524,0.99,0.8986,T1,4.0,1,13.7833,4.965,5.2833,0.0,2026-02-06 10:00:00
2026-02-06 15:00:00,2026-02-06 09:00:00,0.8667,0.9663,0.99,0.9162,T1,5.0,1,14.475,2.785,4.8,0.0,2026-02-06 10:00:00
2026-02-06 16:00:00,2026-02-06 10:00:00,0.938,0.9838,0.99,0.9486,T1,6.0,1,15.28,1.275,4.4167,0.0,2026-02-06 10:00:00
2026-02-06 17:00:00,2026-02-06 11:00:00,0.976,0.99,0.99,0.9539,T1,7.0,1,16.3783,0.99,3.9667,0.0,2026-02-06 10:00:00
2026-02-06 18:00:00,2026-02-06 12:00:00,0.9888,0.99,0.99,0.9539,T1,8.0,1,16.9433,1.025,3.4,0.0,2026-02-06 10:00:00
2026-02-06 19:00:00,2026-02-06 13:00:00,0.9794,0.99,0.99,0.9539,T1,9.0,1,16.7283,1.2,2.8333,0.0,2026-02-06 10:00:00
2026-02-06 20:00:00,2026-02-06 14:00:00,0.9701,0.99,0.99,0.9539,T1,10.0,1,16.075,0.94,2.3,0.0,2026-02-06 10:00:00
2026-02-06 21:00:00,2026-02-06 15:00:00,0.9695,0.9836,0.99,0.9486,T1,11.0,1,14.9767,0.565,1.8833,0.0,2026-02-06 10:00:00
2026-02-06 22:00:00,2026-02-06 16:00:00,0.8104,0.9666,0.99,0.8986,T1,12.0,1,13.6183,0.62,1.6,0.0,2026-02-06 10:00:00
2026-02-06 23:00:00,2026-02-06 17:00:00,0.6756,0.9475,0.99,0.872,T1,13.0,1,12.6383,0.345,1.3333,1.0,2026-02-06 10:00:00
2026-02-07 00:00:00,2026-02-06 18:00:00,0.4718,0.9368,0.99,0.8017,T1,14.0,1,11.94,1.5,1.0333,1.0,2026-02-06 10:00:00
2026-02-07 01:00:00,2026-02-06 19:00:00,0.3547,0.8937,0.9876,0.7639,T1,15.0,1,10.995,1.625,0.8667,1.0,2026-02-06 10:00:00
2026-02-07 02:00:00,2026-02-06 20:00:00,0.1329,0.6699,0.9586,0.65,T1,16.0,1,9.715,1.705,0.7167,1.0,2026-02-06 10:00:00
2026-02-07 03:00:00,2026-02-06 21:00:00,0.1169,0.4062,0.8274,0.4601,T1,17.0,1,8.3,2.535,0.45,1.0,2026-02-06 10:00:00
2026-02-07 04:00:00,2026-02-06 22:00:00,0.0,0.3546,0.83,0.4253,T1,18.0,2,7.9633,2.725,0.8333,1.0,2026-02-06 10:00:00
2026-02-07 05:00:00,2026-02-06 23:00:00,0.0,0.2991,0.7832,0.3567,T1,19.0,2,6.97,2.825,0.55,1.0,2026-02-06 10:00:00
2026-02-07 06:00:00,2026-02-07 00:00:00,0.0,0.2078,0.5567,0.2388,T1,20.0,2,5.6883,2.435,0.3167,1.0,2026-02-06 10:00:00
2026-02-07 07:00:00,2026-02-07 01:00:00,0.0,0.1236,0.2992,0.1381,T1,21.0,2,3.9083,3.03,0.2,1.0,2026-02-06 10:00:00
2026-02-07 08:00:00,2026-02-07 02:00:00,0.0038,0.0255,0.1243,0.0781,T1,22.0,2,2.61,1.805,0.2,1.0,2026-02-06 10:00:00
2026-02-07 09:00:00,2026-02-07 03:00:00,0.0064,0.019,0.1513,0.0781,T1,23.0,2,2.6533,2.025,0.55,1.0,2026-02-06 10:00:00
2026-02-07 10:00:00,2026-02-07 04:00:00,0.0,0.0351,0.2726,0.1381,T1,24.0,2,3.9267,5.745,1.4,0.0,2026-02-06 10:00:00
2026-02-07 11:00:00,2026-02-07 05:00:00,0.0,0.0858,0.4428,0.2206,T1,25.0,2,5.3667,8.015,2.6,0.0,2026-02-06 10:00:00
2026-02-07 12:00:00,2026-02-07 06:00:00,0.0,0.158,0.5659,0.2708,T1,26.0,2,6.0617,7.4,3.5,0.0,2026-02-06 10:00:00
2026-02-07 13:00:00,2026-02-07 07:00:00,0.0,0.2285,0.5631,0.2753,T1,27.0,2,6.2283,5.305,3.85,0.0,2026-02-06 10:00:00
2026-02-07 14:00:00,2026-02-07 08:00:00,0.0,0.2138,0.5747,0.2732,T1,28.0,2,6.1133,4.425,4.05,0.0,2026-02-06 10:00:00
2026-02-07 15:00:00,2026-02-07 09:00:00,0.0,0.1637,0.5136,0.2347,T1,29.0,2,5.5433,3.905,4.0,0.0,2026-02-06 10:00:00
2026-02-07 16:00:00,2026-02-07 10:00:00,0.0,0.0996,0.3805,0.1732,T1,30.0,2,4.7083,3.555,3.5333,0.0,2026-02-06 10:00:00
2026-02-07 17:00:00,2026-02-07 11:00:00,0.0022,0.0293,0.2206,0.115,T1,31.0,2,3.5317,3.595,2.55,0.0,2026-02-06 10:00:00
2026-02-07 18:00:00,2026-02-07 12:00:00,0.0,0.0421,0.2264,0.1082,T1,32.0,2,3.1817,1.93,1.3667,0.0,2026-02-06 10:00:00
2026-02-07 19:00:00,2026-02-07 13:00:00,0.0,0.1174,0.5077,0.1732,T1,33.0,2,4.585,4.595,0.7333,0.0,2026-02-06 10:00:00
2026-02-07 20:00:00,2026-02-07 14:00:00,0.0,0.2941,0.7607,0.3243,T1,34.0,2,6.7183,7.085,0.5,0.0,2026-02-06 10:00:00
2026-02-07 21:00:00,2026-02-07 15:00:00,0.0208,0.5949,0.9274,0.4461,T1,35.0,2,8.1717,6.38,0.2,1.0,2026-02-06 10:00:00
2026-02-07 22:00:00,2026-02-07 16:00:00,0.062,0.66,0.99,0.519,T1,36.0,2,8.6317,5.865,-0.0333,1.0,2026-02-06 10:00:00
2026-02-07 23:00:00,2026-02-07 17:00:00,0.0602,0.6863,0.99,0.5417,T1,37.0,2,8.9417,6.45,-0.25,1.0,2026-02-06 10:00:00
2026-02-08 00:00:00,2026-02-07 18:00:00,0.0977,0.7336,0.99,0.5709,T1,38.0,2,9.32,6.145,-0.5333,1.0,2026-02-06 10:00:00
2026-02-08 01:00:00,2026-02-07 19:00:00,0.1224,0.7414,0.99,0.65,T1,39.0,2,9.7433,4.995,-0.7333,1.0,2026-02-06 10:00:00
2026-02-08 02:00:00,2026-02-07 20:00:00,0.3428,0.7446,0.99,0.6898,T1,40.0,2,10.175,3.175,-0.8167,1.0,2026-02-06 10:00:00
2026-02-08 03:00:00,2026-02-07 21:00:00,0.4008,0.7636,0.99,0.6898,T1,41.0,2,10.2883,1.635,-0.85,1.0,2026-02-06 10:00:00
2026-02-08 04:00:00,2026-02-07 22:00:00,0.3741,0.8241,0.99,0.73,T1,42.0,3,10.48,0.435,-0.8,1.0,2026-02-06 10:00:00
2026-02-08 05:00:00,2026-02-07 23:00:00,0.3133,0.7897,0.99,0.7639,T1,43.0,3,10.905,2.085,-0.8,1.0,2026-02-06 10:00:00
2026-02-08 06:00:00,2026-02-08 00:00:00,0.1978,0.6635,0.99,0.7639,T1,44.0,3,10.9467,3.42,-0.7667,1.0,2026-02-06 10:00:00
2026-02-08 07:00:00,2026-02-08 01:00:00,0.1107,0.5541,0.9738,0.6898,T1,45.0,3,10.3217,3.935,-0.8167,1.0,2026-02-06 10:00:00
2026-02-08 08:00:00,2026-02-08 02:00:00,0.0,0.4975,0.9537,0.6301,T1,46.0,3,9.5183,4.335,-0.6833,1.0,2026-02-06 10:00:00
2026-02-08 09:00:00,2026-02-08 03:00:00,0.0,0.346,0.9218,0.519,T1,47.0,3,8.62,4.35,-0.1833,0.0,2026-02-06 10:00:00
2026-02-08 10:00:00,2026-02-08 04:00:00,0.0,0.2554,0.8335,0.3974,T1,48.0,3,7.6083,4.825,0.6667,0.0,2026-02-06 10:00:00
2026-02-06 11:00:00,2026-02-06 05:00:00,0.0,0.1493,0.6011,0.2347,T2,1.0,1,5.4933,4.63,4.4333,0.0,2026-02-06 10:00:00
2026-02-06 12:00:00,2026-02-06 06:00:00,0.0,0.3922,0.8847,0.4837,T2,2.0,1,8.4967,6.095,5.8167,0.0,2026-02-06 10:00:00
2026-02-06 13:00:00,2026-02-06 07:00:00,0.1717,0.8614,0.967,0.7831,T2,3.0,1,11.6717,6.44,5.9667,0.0,2026-02-06 10:00:00
2026-02-06 14:00:00,2026-02-06 08:00:00,0.6539,0.9433,0.97,0.8986,T2,4.0,1,13.7833,4.965,5.2833,0.0,2026-02-06 10:00:00
2026-02-06 15:00:00,2026-02-06 09:00:00,0.8439,0.9552,0.97,0.9162,T2,5.0,1,14.475,2.785,4.8,0.0,2026-02-06 10:00:00
2026-02-06 16:00:00,2026-02-06 10:00:00,0.878,0.9693,0.97,0.9486,T2,6.0,1,15.28,1.275,4.4167,0.0,2026-02-06 10:00:00
2026-02-06 17:00:00,2026-02-06 11:00:00,0.8924,0.97,0.97,0.9539,T2,7.0,1,16.3783,0.99,3.9667,0.0,2026-02-06 10:00:00
2026-02-06 18:00:00,2026-02-06 12:00:00,0.8997,0.97,0.97,0.9539,T2,8.0,1,16.9433,1.025,3.4,0.0,2026-02-06 10:00:00
2026-02-06 19:00:00,2026-02-06 13:00:00,0.919,0.9687,0.97,0.9539,T2,9.0,1,16.7283,1.2,2.8333,0.0,2026-02-06 10:00:00
2026-02-06 20:00:00,2026-02-06 14:00:00,0.9254,0.9638,0.97,0.9539,T2,10.0,1,16.075,0.94,2.3,0.0,2026-02-06 10:00:00
2026-02-06 21:00:00,2026-02-06 15:00:00,0.9683,0.97,0.97,0.9486,T2,11.0,1,14.9767,0.565,1.8833,0.0,2026-02-06 10:00:00
2026-02-06 22:00:00,2026-02-06 16:00:00,0.8139,0.9558,0.97,0.8986,T2,12.0,1,13.6183,0.62,1.6,0.0,2026-02-06 10:00:00
2026-02-06 23:00:00,2026-02-06 17:00:00,0.6215,0.9389,0.97,0.872,T2,13.0,1,12.6383,0.345,1.3333,1.0,2026-02-06 10:00:00
2026-02-07 00:00:00,2026-02-06 18:00:00,0.4791,0.9382,0.97,0.8017,T2,14.0,1,11.94,1.5,1.0333,1.0,2026-02-06 10:00:00
2026-02-07 01:00:00,2026-02-06 19:00:00,0.2748,0.8951,0.97,0.7639,T2,15.0,1,10.995,1.625,0.8667,1.0,2026-02-06 10:00:00
2026-02-07 02:00:00,2026-02-06 20:00:00,0.1459,0.6745,0.9552,0.65,T2,16.0,1,9.715,1.705,0.7167,1.0,2026-02-06 10:00:00
2026-02-07 03:00:00,2026-02-06 21:00:00,0.0062,0.4109,0.827,0.4601,T2,17.0,1,8.3,2.535,0.45,1.0,2026-02-06 10:00:00
2026-02-07 04:00:00,2026-02-06 22:00:00,0.0,0.3562,0.8299,0.4253,T2,18.0,2,7.9633,2.725,0.8333,1.0,2026-02-06 10:00:00
2026-02-07 05:00:00,2026-02-06 23:00:00,0.0,0.3009,0.7832,0.3567,T2,19.0,2,6.97,2.825,0.55,1.0,2026-02-06 10:00:00
2026-02-07 06:00:00,2026-02-07 00:00:00,0.0,0.2067,0.5567,0.2388,T2,20.0,2,5.6883,2.435,0.3167,1.0,2026-02-06 10:00:00
2026-02-07 07:00:00,2026-02-07 01:00:00,0.0,0.1227,0.2992,0.1381,T2,21.0,2,3.9083,3.03,0.2,1.0,2026-02-06 10:00:00
2026-02-07 08:00:00,2026-02-07 02:00:00,0.0099,0.0247,0.1243,0.0781,T2,22.0,2,2.61,1.805,0.2,1.0,2026-02-06 10:00:00
2026-02-07 09:00:00,2026-02-07 03:00:00,0.0061,0.0178,0.1513,0.0781,T2,23.0,2,2.6533,2.025,0.55,1.0,2026-02-06 10:00:00
2026-02-07 10:00:00,2026-02-07 04:00:00,0.0,0.0414,0.2726,0.1381,T2,24.0,2,3.9267,5.745,1.4,0.0,2026-02-06 10:00:00
2026-02-07 11:00:00,2026-02-07 05:00:00,0.0,0.0925,0.4428,0.2206,T2,25.0,2,5.3667,8.015,2.6,0.0,2026-02-06 10:00:00
2026-02-07 12:00:00,2026-02-07 06:00:00,0.0,0.1633,0.5644,0.2708,T2,26.0,2,6.0617,7.4,3.5,0.0,2026-02-06 10:00:00
2026-02-07 13:00:00,2026-02-07 07:00:00,0.0,0.2352,0.5631,0.2753,T2,27.0,2,6.2283,5.305,3.85,0.0,2026-02-06 10:00:00
2026-02-07 14:00:00,2026-02-07 08:00:00,0.0,0.2237,0.5746,0.2732,T2,28.0,2,6.1133,4.425,4.05,0.0,2026-02-06 10:00:00
2026-02-07 15:00:00,2026-02-07 09:00:00,0.0,0.1743,0.5135,0.2347,T2,29.0,2,5.5433,3.905,4.0,0.0,2026-02-06 10:00:00
2026-02-07 16:00:00,2026-02-07 10:00:00,0.0,0.1076,0.3805,0.1732,T2,30.0,2,4.7083,3.555,3.5333,0.0,2026-02-06 10:00:00
2026-02-07 17:00:00,2026-02-07 11:00:00,0.0011,0.0308,0.2206,0.115,T2,31.0,2,3.5317,3.595,2.55,0.0,2026-02-06 10:00:00
2026-02-07 18:00:00,2026-02-07 12:00:00,0.0,0.0414,0.2264,0.1082,T2,32.0,2,3.1817,1.93,1.3667,0.0,2026-02-06 10:00:00
2026-02-07 19:00:00,2026-02-07 13:00:00,0.0,0.1171,0.5077,0.1732,T2,33.0,2,4.585,4.595,0.7333,0.0,2026-02-06 10:00:00
2026-02-07 20:00:00,2026-02-07 14:00:00,0.0,0.2937,0.7606,0.3243,T2,34.0,2,6.7183,7.085,0.5,0.0,2026-02-06 10:00:00
2026-02-07 21:00:00,2026-02-07 15:00:00,0.0,0.5944,0.9259,0.4461,T2,35.0,2,8.1717,6.38,0.2,1.0,2026-02-06 10:00:00
2026-02-07 22:00:00,2026-02-07 16:00:00,0.0288,0.6592,0.97,0.519,T2,36.0,2,8.6317,5.865,-0.0333,1.0,2026-02-06 10:00:00
2026-02-07 23:00:00,2026-02-07 17:00:00,0.0299,0.6857,0.97,0.5417,T2,37.0,2,8.9417,6.45,-0.25,1.0,2026-02-06 10:00:00
2026-02-08 00:00:00,2026-02-07 18:00:00,0.0307,0.7352,0.97,0.5709,T2,38.0,2,9.32,6.145,-0.5333,1.0,2026-02-06 10:00:00
2026-02-08 01:00:00,2026-02-07 19:00:00,0.0631,0.7431,0.97,0.65,T2,39.0,2,9.7433,4.995,-0.7333,1.0,2026-02-06 10:00:00
2026-02-08 02:00:00,2026-02-07 20:00:00,0.2831,0.7462,0.97,0.6898,T2,40.0,2,10.175,3.175,-0.8167,1.0,2026-02-06 10:00:00
2026-02-08 03:00:00,2026-02-07 21:00:00,0.3536,0.7651,0.97,0.6898,T2,41.0,2,10.2883,1.635,-0.85,1.0,2026-02-06 10:00:00
2026-02-08 04:00:00,2026-02-07 22:00:00,0.3511,0.8231,0.97,0.73,T2,42.0,3,10.48,0.435,-0.8,1.0,2026-02-06 10:00:00
2026-02-08 05:00:00,2026-02-07 23:00:00,0.3535,0.7888,0.97,0.7639,T2,43.0,3,10.905,2.085,-0.8,1.0,2026-02-06 10:00:00
2026-02-08 06:00:00,2026-02-08 00:00:00,0.2598,0.6732,0.97,0.7639,T2,44.0,3,10.9467,3.42,-0.7667,1.0,2026-02-06 10:00:00
2026-02-08 07:00:00,2026-02-08 01:00:00,0.1729,0.5643,0.9665,0.6898,T2,45.0,3,10.3217,3.935,-0.8167,1.0,2026-02-06 10:00:00
2026-02-08 08:00:00,2026-02-08 02:00:00,0.0,0.5099,0.9475,0.6301,T2,46.0,3,9.5183,4.335,-0.6833,1.0,2026-02-06 10:00:00
2026-02-08 09:00:00,2026-02-08 03:00:00,0.0,0.3498,0.9182,0.519,T2,47.0,3,8.62,4.35,-0.1833,0.0,2026-02-06 10:00:00
2026-02-08 10:00:00,2026-02-08 04:00:00,0.0,0.259,0.832,0.3974,T2,48.0,3,7.6083,4.825,0.6667,0.0,2026-02-06 10:00:00
2026-02-06 11:00:00,2026-02-06 05:00:00,0.0,0.1499,0.6011,0.2347,ВЭС,1.0,1,5.4933,4.63,4.4333,0.0,2026-02-06 10:00:00
2026-02-06 12:00:00,2026-02-06 06:00:00,0.0,0.3929,0.8875,0.4837,ВЭС,2.0,1,8.4967,6.095,5.8167,0.0,2026-02-06 10:00:00
2026-02-06 13:00:00,2026-02-06 07:00:00,0.1946,0.8607,0.974,0.7831,ВЭС,3.0,1,11.6717,6.44,5.9667,0.0,2026-02-06 10:00:00
2026-02-06 14:00:00,2026-02-06 08:00:00,0.6919,0.9478,0.98,0.8986,ВЭС,4.0,1,13.7833,4.965,5.2833,0.0,2026-02-06 10:00:00
2026-02-06 15:00:00,2026-02-06 09:00:00,0.8553,0.9607,0.98,0.9162,ВЭС,5.0,1,14.475,2.785,4.8,0.0,2026-02-06 10:00:00
2026-02-06 16:00:00,2026-02-06 10:00:00,0.908,0.9765,0.98,0.9486,ВЭС,6.0,1,15.28,1.275,4.4167,0.0,2026-02-06 10:00:00
2026-02-06 17:00:00,2026-02-06 11:00:00,0.9342,0.98,0.98,0.9539,ВЭС,7.0,1,16.3783,0.99,3.9667,0.0,2026-02-06 10:00:00
2026-02-06 18:00:00,2026-02-06 12:00:00,0.9443,0.98,0.98,0.9539,ВЭС,8.0,1,16.9433,1.025,3.4,0.0,2026-02-06 10:00:00
2026-02-06 19:00:00,2026-02-06 13:00:00,0.9492,0.9794,0.98,0.9539,ВЭС,9.0,1,16.7283,1.2,2.8333,0.0,2026-02-06 10:00:00
2026-02-06 20:00:00,2026-02-06 14:00:00,0.9477,0.9769,0.98,0.9539,ВЭС,10.0,1,16.075,0.94,2.3,0.0,2026-02-06 10:00:00
2026-02-06 21:00:00,2026-02-06 15:00:00,0.9689,0.9768,0.98,0.9486,ВЭС,11.0,1,14.9767,0.565,1.8833,0.0,2026-02-06 10:00:00
2026-02-06 22:00:00,2026-02-06 16:00:00,0.8122,0.9612,0.98,0.8986,ВЭС,12.0,1,13.6183,0.62,1.6,0.0,2026-02-06 10:00:00
2026-02-06 23:00:00,2026-02-06 17:00:00,0.6485,0.9432,0.98,0.872,ВЭС,13.0,1,12.6383,0.345,1.3333,1.0,2026-02-06 10:00:00
2026-02-07 00:00:00,2026-02-06 18:00:00,0.4754,0.9375,0.98,0.8017,ВЭС,14.0,1,11.94,1.5,1.0333,1.0,2026-02-06 10:00:00
2026-02-07 01:00:00,2026-02-06 19:00:00,0.3148,0.8944,0.9788,0.7639,ВЭС,15.0,1,10.995,1.625,0.8667,1.0,2026-02-06 10:00:00
2026-02-07 02:00:00,2026-02-06 20:00:00,0.1394,0.6722,0.9569,0.65,ВЭС,16.0,1,9.715,1.705,0.7167,1.0,2026-02-06 10:00:00
2026-02-07 03:00:00,2026-02-06 21:00:00,0.0616,0.4085,0.8272,0.4601,ВЭС,17.0,1,8.3,2.535,0.45,1.0,2026-02-06 10:00:00
2026-02-07 04:00:00,2026-02-06 22:00:00,0.0,0.3554,0.8299,0.4253,ВЭС,18.0,2,7.9633,2.725,0.8333,1.0,2026-02-06 10:00:00
2026-02-07 05:00:00,2026-02-06 23:00:00,0.0,0.3,0.7832,0.3567,ВЭС,19.0,2,6.97,2.825,0.55,1.0,2026-02-06 10:00:00
2026-02-07 06:00:00,2026-02-07 00:00:00,0.0,0.2072,0.5567,0.2388,ВЭС,20.0,2,5.6883,2.435,0.3167,1.0,2026-02-06 10:00:00
2026-02-07 07:00:00,2026-02-07 01:00:00,0.0,0.1231,0.2992,0.1381,ВЭС,21.0,2,3.9083,3.03,0.2,1.0,2026-02-06 10:00:00
2026-02-07 08:00:00,2026-02-07 02:00:00,0.0068,0.0251,0.1243,0.0781,ВЭС,22.0,2,2.61,1.805,0.2,1.0,2026-02-06 10:00:00
2026-02-07 09:00:00,2026-02-07 03:00:00,0.0062,0.0184,0.1513,0.0781,ВЭС,23.0,2,2.6533,2.025,0.55,1.0,2026-02-06 10:00:00
2026-02-07 10:00:00,2026-02-07 04:00:00,0.0,0.0383,0.2726,0.1381,ВЭС,24.0,2,3.9267,5.745,1.4,0.0,2026-02-06 10:00:00
2026-02-07 11:00:00,2026-02-07 05:00:00,0.0,0.0891,0.4428,0.2206,ВЭС,25.0,2,5.3667,8.015,2.6,0.0,2026-02-06 10:00:00
2026-02-07 12:00:00,2026-02-07 06:00:00,0.0,0.1607,0.5652,0.2708,ВЭС,26.0,2,6.0617,7.4,3.5,0.0,2026-02-06 10:00:00
2026-02-07 13:00:00,2026-02-07 07:00:00,0.0,0.2319,0.5631,0.2753,ВЭС,27.0,2,6.2283,5.305,3.85,0.0,2026-02-06 10:00:00
2026-02-07 14:00:00,2026-02-07 08:00:00,0.0,0.2188,0.5746,0.2732,ВЭС,28.0,2,6.1133,4.425,4.05,0.0,2026-02-06 10:00:00
2026-02-07 15:00:00,2026-02-07 09:00:00,0.0,0.169,0.5135,0.2347,ВЭС,29.0,2,5.5433,3.905,4.0,0.0,2026-02-06 10:00:00
2026-02-07 16:00:00,2026-02-07 10:00:00,0.0,0.1036,0.3805,0.1732,ВЭС,30.0,2,4.7083,3.555,3.5333,0.0,2026-02-06 10:00:00
2026-02-07 17:00:00,2026-02-07 11:00:00,0.0017,0.03,0.2206,0.115,ВЭС,31.0,2,3.5317,3.595,2.55,0.0,2026-02-06 10:00:00
2026-02-07 18:00:00,2026-02-07 12:00:00,0.0,0.0418,0.2264,0.1082,ВЭС,32.0,2,3.1817,1.93,1.3667,0.0,2026-02-06 10:00:00
2026-02-07 19:00:00,2026-02-07 13:00:00,0.0,0.1173,0.5077,0.1732,ВЭС,33.0,2,4.585,4.595,0.7333,0.0,2026-02-06 10:00:00
2026-02-07 20:00:00,2026-02-07 14:00:00,0.0,0.2939,0.7607,0.3243,ВЭС,34.0,2,6.7183,7.085,0.5,0.0,2026-02-06 10:00:00
2026-02-07 21:00:00,2026-02-07 15:00:00,0.0104,0.5947,0.9266,0.4461,ВЭС,35.0,2,8.1717,6.38,0.2,1.0,2026-02-06 10:00:00
2026-02-07 22:00:00,2026-02-07 16:00:00,0.0454,0.6596,0.98,0.519,ВЭС,36.0,2,8.6317,5.865,-0.0333,1.0,2026-02-06 10:00:00
2026-02-07 23:00:00,2026-02-07 17:00:00,0.0451,0.686,0.98,0.5417,ВЭС,37.0,2,8.9417,6.45,-0.25,1.0,2026-02-06 10:00:00
2026-02-08 00:00:00,2026-02-07 18:00:00,0.0642,0.7344,0.98,0.5709,ВЭС,38.0,2,9.32,6.145,-0.5333,1.0,2026-02-06 10:00:00
2026-02-08 01:00:00,2026-02-07 19:00:00,0.0927,0.7422,0.98,0.65,ВЭС,39.0,2,9.7433,4.995,-0.7333,1.0,2026-02-06 10:00:00
2026-02-08 02:00:00,2026-02-07 20:00:00,0.3129,0.7454,0.98,0.6898,ВЭС,40.0,2,10.175,3.175,-0.8167,1.0,2026-02-06 10:00:00
2026-02-08 03:00:00,2026-02-07 21:00:00,0.3772,0.7643,0.98,0.6898,ВЭС,41.0,2,10.2883,1.635,-0.85,1.0,2026-02-06 10:00:00
2026-02-08 04:00:00,2026-02-07 22:00:00,0.3626,0.8236,0.98,0.73,ВЭС,42.0,3,10.48,0.435,-0.8,1.0,2026-02-06 10:00:00
2026-02-08 05:00:00,2026-02-07 23:00:00,0.3334,0.7893,0.98,0.7639,ВЭС,43.0,3,10.905,2.085,-0.8,1.0,2026-02-06 10:00:00
2026-02-08 06:00:00,2026-02-08 00:00:00,0.2288,0.6683,0.98,0.7639,ВЭС,44.0,3,10.9467,3.42,-0.7667,1.0,2026-02-06 10:00:00
2026-02-08 07:00:00,2026-02-08 01:00:00,0.1418,0.5592,0.9702,0.6898,ВЭС,45.0,3,10.3217,3.935,-0.8167,1.0,2026-02-06 10:00:00
2026-02-08 08:00:00,2026-02-08 02:00:00,0.0,0.5037,0.9506,0.6301,ВЭС,46.0,3,9.5183,4.335,-0.6833,1.0,2026-02-06 10:00:00
2026-02-08 09:00:00,2026-02-08 03:00:00,0.0,0.3479,0.92,0.519,ВЭС,47.0,3,8.62,4.35,-0.1833,0.0,2026-02-06 10:00:00
2026-02-08 10:00:00,2026-02-08 04:00:00,0.0,0.2572,0.8328,0.3974,ВЭС,48.0,3,7.6083,4.825,0.6667,0.0,2026-02-06 10:00:00
2026-02-06 23:00:00,2026-02-06 17:00:00,0.6756,0.9475,0.99,0.872,T1,1.0,1,12.6383,0.345,1.3333,1.0,2026-02-06 22:00:00
2026-02-07 00:00:00,2026-02-06 18:00:00,0.4718,0.9368,0.99,0.8017,T1,2.0,1,11.94,1.5,1.0333,1.0,2026-02-06 22:00:00
2026-02-07 01:00:00,2026-02-06 19:00:00,0.3547,0.8937,0.9876,0.7639,T1,3.0,1,10.995,1.625,0.8667,1.0,2026-02-06 22:00:00
2026-02-07 02:00:00,2026-02-06 20:00:00,0.1329,0.6699,0.9586,0.65,T1,4.0,1,9.715,1.705,0.7167,1.0,2026-02-06 22:00:00
2026-02-07 03:00:00,2026-02-06 21:00:00,0.1169,0.4062,0.8274,0.4601,T1,5.0,1,8.3,2.535,0.45,1.0,2026-02-06 22:00:00
2026-02-07 04:00:00,2026-02-06 22:00:00,0.0134,0.2613,0.6979,0.3567,T1,6.0,1,7.095,4.205,0.2,1.0,2026-02-06 22:00:00
2026-02-07 05:00:00,2026-02-06 23:00:00,0.0,0.1589,0.5342,0.2388,T1,7.0,1,5.8167,3.855,0.0333,1.0,2026-02-06 22:00:00
2026-02-07 06:00:00,2026-02-07 00:00:00,0.0,0.077,0.351,0.1625,T1,8.0,1,4.435,2.505,-0.0833,1.0,2026-02-06 22:00:00
2026-02-07 07:00:00,2026-02-07 01:00:00,0.0082,0.0146,0.1151,0.0968,T1,9.0,1,2.9667,2.605,-0.2667,1.0,2026-02-06 22:00:00
2026-02-07 08:00:00,2026-02-07 02:00:00,0.0066,0.0183,0.0465,0.0687,T1,10.0,1,1.8983,0.915,-0.3,1.0,2026-02-06 22:00:00
2026-02-07 09:00:00,2026-02-07 03:00:00,0.009,0.0126,0.1376,0.0741,T1,11.0,1,2.265,2.575,0.3,0.0,2026-02-06 22:00:00
2026-02-07 10:00:00,2026-02-07 04:00:00,0.0,0.0739,0.3198,0.1566,T1,12.0,1,4.3933,3.8,1.4167,0.0,2026-02-06 22:00:00
2026-02-07 11:00:00,2026-02-07 05:00:00,0.0,0.2846,0.6449,0.3243,T1,13.0,1,6.5367,4.48,2.65,0.0,2026-02-06 22:00:00
2026-02-07 12:00:00,2026-02-07 06:00:00,0.0,0.3507,0.7274,0.3725,T1,14.0,1,7.1867,4.285,3.5667,0.0,2026-02-06 22:00:00
2026-02-07 13:00:00,2026-02-07 07:00:00,0.0035,0.4182,0.7635,0.3567,T1,15.0,1,7.0117,3.11,3.9167,0.0,2026-02-06 22:00:00
2026-02-07 14:00:00,2026-02-07 08:00:00,0.0538,0.2484,0.6069,0.2732,T1,16.0,1,6.1733,2.605,3.95,0.0,2026-02-06 22:00:00
2026-02-07 15:00:00,2026-02-07 09:00:00,0.0,0.1146,0.4276,0.1903,T1,17.0,1,4.9683,2.645,3.75,0.0,2026-02-06 22:00:00
2026-02-07 16:00:00,2026-02-07 10:00:00,0.0,0.0996,0.3805,0.1732,T1,18.0,2,4.7083,3.555,3.5333,0.0,2026-02-06 22:00:00
2026-02-07 17:00:00,2026-02-07 11:00:00,0.0022,0.0293,0.2206,0.115,T1,19.0,2,3.5317,3.595,2.55,0.0,2026-02-06 22:00:00
2026-02-07 18:00:00,2026-02-07 12:00:00,0.0,0.0421,0.2264,0.1082,T1,20.0,2,3.1817,1.93,1.3667,0.0,2026-02-06 22:00:00
2026-02-07 19:00:00,2026-02-07 13:00:00,0.0,0.1174,0.5077,0.1732,T1,21.0,2,4.585,4.595,0.7333,0.0,2026-02-06 22:00:00
2026-02-07 20:00:00,2026-02-07 14:00:00,0.0,0.2941,0.7607,0.3243,T1,22.0,2,6.7183,7.085,0.5,0.0,2026-02-06 22:00:00
2026-02-07 21:00:00,2026-02-07 15:00:00,0.0208,0.5949,0.9274,0.4461,T1,23.0,2,8.1717,6.38,0.2,1.0,2026-02-06 22:00:00
2026-02-07 22:00:00,2026-02-07 16:00:00,0.062,0.66,0.99,0.519,T1,24.0,2,8.6317,5.865,-0.0333,1.0,2026-02-06 22:00:00
2026-02-07 23:00:00,2026-02-07 17:00:00,0.0602,0.6863,0.99,0.5417,T1,25.0,2,8.9417,6.45,-0.25,1.0,2026-02-06 22:00:00
2026-02-08 00:00:00,2026-02-07 18:00:00,0.0977,0.7336,0.99,0.5709,T1,26.0,2,9.32,6.145,-0.5333,1.0,2026-02-06 22:00:00
2026-02-08 01:00:00,2026-02-07 19:00:00,0.1224,0.7414,0.99,0.65,T1,27.0,2,9.7433,4.995,-0.7333,1.0,2026-02-06 22:00:00
2026-02-08 02:00:00,2026-02-07 20:00:00,0.3428,0.7446,0.99,0.6898,T1,28.0,2,10.175,3.175,-0.8167,1.0,2026-02-06 22:00:00
2026-02-08 03:00:00,2026-02-07 21:00:00,0.4008,0.7636,0.99,0.6898,T1,29.0,2,10.2883,1.635,-0.85,1.0,2026-02-06 22:00:00
2026-02-08 04:00:00,2026-02-07 22:00:00,0.2723,0.7575,0.9896,0.6796,T1,30.0,2,9.975,0.98,-0.7667,1.0,2026-02-06 22:00:00
2026-02-08 05:00:00,2026-02-07 23:00:00,0.0871,0.623,0.9763,0.65,T1,31.0,2,9.6733,0.98,-0.6833,1.0,2026-02-06 22:00:00
2026-02-08 06:00:00,2026-02-08 00:00:00,0.0428,0.5946,0.9602,0.5531,T1,32.0,2,9.1067,1.155,-0.8,1.0,2026-02-06 22:00:00
2026-02-08 07:00:00,2026-02-08 01:00:00,0.0,0.4602,0.9,0.4837,T1,33.0,2,8.37,0.66,-0.9167,1.0,2026-02-06 22:00:00
2026-02-08 08:00:00,2026-02-08 02:00:00,0.0,0.388,0.8302,0.4212,T1,34.0,2,7.7317,0.37,-0.6667,1.0,2026-02-06 22:00:00
2026-02-08 09:00:00,2026-02-08 03:00:00,0.0,0.2604,0.7103,0.3567,T1,35.0,2,6.9383,0.775,0.0667,0.0,2026-02-06 22:00:00
2026-02-08 10:00:00,2026-02-08 04:00:00,0.0,0.2127,0.616,0.2678,T1,36.0,2,6.0167,1.595,1.0167,0.0,2026-02-06 22:00:00
2026-02-08 11:00:00,2026-02-08 05:00:00,0.0,0.0563,0.2387,0.1381,T1,37.0,2,4.1167,2.745,1.9167,0.0,2026-02-06 22:00:00
2026-02-08 12:00:00,2026-02-08 06:00:00,0.01,0.0101,0.1259,0.0741,T1,38.0,2,2.2817,2.815,2.75,0.0,2026-02-06 22:00:00
2026-02-08 13:00:00,2026-02-08 07:00:00,0.0066,0.0184,0.1,0.0687,T1,39.0,2,1.81,0.715,3.5333,0.0,2026-02-06 22:00:00
2026-02-08 14:00:00,2026-02-08 08:00:00,0.0,0.0358,0.2259,0.0771,T1,40.0,2,2.5567,1.685,4.2,0.0,2026-02-06 22:00:00
2026-02-08 15:00:00,2026-02-08 09:00:00,0.0,0.1758,0.5208,0.1864,T1,41.0,2,4.8333,2.94,4.5,0.0,2026-02-06 22:00:00
2026-02-08 16:00:00,2026-02-08 10:00:00,0.0,0.1147,0.585,0.1275,T1,42.0,3,3.7033,6.055,3.9833,0.0,2026-02-06 22:00:00
2026-02-08 17:00:00,2026-02-08 11:00:00,0.0,0.347,0.9282,0.3243,T1,43.0,3,6.67,7.895,3.0167,0.0,2026-02-06 22:00:00
2026-02-08 18:00:00,2026-02-08 12:00:00,0.2495,0.8895,0.99,0.7639,T1,44.0,3,11.0917,6.005,1.8833,0.0,2026-02-06 22:00:00
2026-02-08 19:00:00,2026-02-08 13:00:00,0.9749,0.99,0.99,0.9162,T1,45.0,3,14.41,2.71,0.9333,0.0,2026-02-06 22:00:00
2026-02-08 20:00:00,2026-02-08 14:00:00,0.9624,0.9829,0.99,0.9539,T1,46.0,3,16.085,2.125,0.3,0.0,2026-02-06 22:00:00
2026-02-08 21:00:00,2026-02-08 15:00:00,0.9259,0.9757,0.99,0.9539,T1,47.0,3,16.86,3.325,-0.1833,0.0,2026-02-06 22:00:00
2026-02-08 22:00:00,2026-02-08 16:00:00,0.8833,0.9848,0.99,0.9539,T1,48.0,3,17.3383,4.55,-0.5333,0.0,2026-02-06 22:00:00
2026-02-06 23:00:00,2026-02-06 17:00:00,0.6215,0.9389,0.97,0.872,T2,1.0,1,12.6383,0.345,1.3333,1.0,2026-02-06 22:00:00
2026-02-07 00:00:00,2026-02-06 18:00:00,0.4791,0.9382,0.97,0.8017,T2,2.0,1,11.94,1.5,1.0333,1.0,2026-02-06 22:00:00
2026-02-07 01:00:00,2026-02-06 19:00:00,0.2748,0.8951,0.97,0.7639,T2,3.0,1,10.995,1.625,0.8667,1.0,2026-02-06 22:00:00
2026-02-07 02:00:00,2026-02-06 20:00:00,0.1459,0.6745,0.9552,0.65,T2,4.0,1,9.715,1.705,0.7167,1.0,2026-02-06 22:00:00
2026-02-07 03:00:00,2026-02-06 21:00:00,0.0062,0.4109,0.827,0.4601,T2,5.0,1,8.3,2.535,0.45,1.0,2026-02-06 22:00:00
2026-02-07 04:00:00,2026-02-06 22:00:00,0.0,0.2601,0.6978,0.3567,T2,6.0,1,7.095,4.205,0.2,1.0,2026-02-06 22:00:00
2026-02-07 05:00:00,2026-02-06 23:00:00,0.0,0.1571,0.5342,0.2388,T2,7.0,1,5.8167,3.855,0.0333,1.0,2026-02-06 22:00:00
2026-02-07 06:00:00,2026-02-07 00:00:00,0.0,0.0757,0.351,0.1625,T2,8.0,1,4.435,2.505,-0.0833,1.0,2026-02-06 22:00:00
2026-02-07 07:00:00,2026-02-07 01:00:00,0.01,0.0136,0.1151,0.0968,T2,9.0,1,2.9667,2.605,-0.2667,1.0,2026-02-06 22:00:00
2026-02-07 08:00:00,2026-02-07 02:00:00,0.0055,0.0174,0.0466,0.0687,T2,10.0,1,1.8983,0.915,-0.3,1.0,2026-02-06 22:00:00
2026-02-07 09:00:00,2026-02-07 03:00:00,0.0074,0.0115,0.1376,0.0741,T2,11.0,1,2.265,2.575,0.3,0.0,2026-02-06 22:00:00
2026-02-07 10:00:00,2026-02-07 04:00:00,0.0,0.0739,0.3198,0.1566,T2,12.0,1,4.3933,3.8,1.4167,0.0,2026-02-06 22:00:00
2026-02-07 11:00:00,2026-02-07 05:00:00,0.0,0.2948,0.6448,0.3243,T2,13.0,1,6.5367,4.48,2.65,0.0,2026-02-06 22:00:00
2026-02-07 12:00:00,2026-02-07 06:00:00,0.0,0.356,0.7274,0.3725,T2,14.0,1,7.1867,4.285,3.5667,0.0,2026-02-06 22:00:00
2026-02-07 13:00:00,2026-02-07 07:00:00,0.0,0.4249,0.7635,0.3567,T2,15.0,1,7.0117,3.11,3.9167,0.0,2026-02-06 22:00:00
2026-02-07 14:00:00,2026-02-07 08:00:00,0.0,0.2551,0.6069,0.2732,T2,16.0,1,6.1733,2.605,3.95,0.0,2026-02-06 22:00:00
2026-02-07 15:00:00,2026-02-07 09:00:00,0.0,0.1279,0.4275,0.1903,T2,17.0,1,4.9683,2.645,3.75,0.0,2026-02-06 22:00:00
2026-02-07 16:00:00,2026-02-07 10:00:00,0.0,0.1076,0.3805,0.1732,T2,18.0,2,4.7083,3.555,3.5333,0.0,2026-02-06 22:00:00
2026-02-07 17:00:00,2026-02-07 11:00:00,0.0011,0.0308,0.2206,0.115,T2,19.0,2,3.5317,3.595,2.55,0.0,2026-02-06 22:00:00
2026-02-07 18:00:00,2026-02-07 12:00:00,0.0,0.0414,0.2264,0.1082,T2,20.0,2,3.1817,1.93,1.3667,0.0,2026-02-06 22:00:00
2026-02-07 19:00:00,2026-02-07 13:00:00,0.0,0.1171,0.5077,0.1732,T2,21.0,2,4.585,4.595,0.7333,0.0,2026-02-06 22:00:00
2026-02-07 20:00:00,2026-02-07 14:00:00,0.0,0.2937,0.7606,0.3243,T2,22.0,2,6.7183,7.085,0.5,0.0,2026-02-06 22:00:00
2026-02-07 21:00:00,2026-02-07 15:00:00,0.0,0.5944,0.9259,0.4461,T2,23.0,2,8.1717,6.38,0.2,1.0,2026-02-06 22:00:00
2026-02-07 22:00:00,2026-02-07 16:00:00,0.0288,0.6592,0.97,0.519,T2,24.0,2,8.6317,5.865,-0.0333,1.0,2026-02-06 22:00:00
2026-02-07 23:00:00,2026-02-07 17:00:00,0.0299,0.6857,0.97,0.5417,T2,25.0,2,8.9417,6.45,-0.25,1.0,2026-02-06 22:00:00
2026-02-08 00:00:00,2026-02-07 18:00:00,0.0307,0.7352,0.97,0.5709,T2,26.0,2,9.32,6.145,-0.5333,1.0,2026-02-06 22:00:00
2026-02-08 01:00:00,2026-02-07 19:00:00,0.0631,0.7431,0.97,0.65,T2,27.0,2,9.7433,4.995,-0.7333,1.0,2026-02-06 22:00:00
2026-02-08 02:00:00,2026-02-07 20:00:00,0.2831,0.7462,0.97,0.6898,T2,28.0,2,10.175,3.175,-0.8167,1.0,2026-02-06 22:00:00
2026-02-08 03:00:00,2026-02-07 21:00:00,0.3536,0.7651,0.97,0.6898,T2,29.0,2,10.2883,1.635,-0.85,1.0,2026-02-06 22:00:00
2026-02-08 04:00:00,2026-02-07 22:00:00,0.1995,0.7591,0.97,0.6796,T2,30.0,2,9.975,0.98,-0.7667,1.0,2026-02-06 22:00:00
2026-02-08 05:00:00,2026-02-07 23:00:00,0.1461,0.6281,0.97,0.65,T2,31.0,2,9.6733,0.98,-0.6833,1.0,2026-02-06 22:00:00
2026-02-08 06:00:00,2026-02-08 00:00:00,0.033,0.5997,0.9585,0.5531,T2,32.0,2,9.1067,1.155,-0.8,1.0,2026-02-06 22:00:00
2026-02-08 07:00:00,2026-02-08 01:00:00,0.0,0.4673,0.8989,0.4837,T2,33.0,2,8.37,0.66,-0.9167,1.0,2026-02-06 22:00:00
2026-02-08 08:00:00,2026-02-08 02:00:00,0.0,0.3949,0.8301,0.4212,T2,34.0,2,7.7317,0.37,-0.6667,1.0,2026-02-06 22:00:00
2026-02-08 09:00:00,2026-02-08 03:00:00,0.0,0.2643,0.7103,0.3567,T2,35.0,2,6.9383,0.775,0.0667,0.0,2026-02-06 22:00:00
2026-02-08 10:00:00,2026-02-08 04:00:00,0.0,0.2116,0.616,0.2678,T2,36.0,2,6.0167,1.595,1.0167,0.0,2026-02-06 22:00:00
2026-02-08 11:00:00,2026-02-08 05:00:00,0.0,0.0551,0.2387,0.1381,T2,37.0,2,4.1167,2.745,1.9167,0.0,2026-02-06 22:00:00
2026-02-08 12:00:00,2026-02-08 06:00:00,0.009,0.0091,0.1259,0.0741,T2,38.0,2,2.2817,2.815,2.75,0.0,2026-02-06 22:00:00
2026-02-08 13:00:00,2026-02-08 07:00:00,0.0046,0.0191,0.1,0.0687,T2,39.0,2,1.81,0.715,3.5333,0.0,2026-02-06 22:00:00
2026-02-08 14:00:00,2026-02-08 08:00:00,0.0,0.042,0.2259,0.0771,T2,40.0,2,2.5567,1.685,4.2,0.0,2026-02-06 22:00:00
2026-02-08 15:00:00,2026-02-08 09:00:00,0.0,0.1832,0.5208,0.1864,T2,41.0,2,4.8333,2.94,4.5,0.0,2026-02-06 22:00:00
2026-02-08 16:00:00,2026-02-08 10:00:00,0.0,0.1157,0.585,0.1275,T2,42.0,3,3.7033,6.055,3.9833,0.0,2026-02-06 22:00:00
2026-02-08 17:00:00,2026-02-08 11:00:00,0.0,0.3536,0.9263,0.3243,T2,43.0,3,6.67,7.895,3.0167,0.0,2026-02-06 22:00:00
2026-02-08 18:00:00,2026-02-08 12:00:00,0.1586,0.8931,0.97,0.7639,T2,44.0,3,11.0917,6.005,1.8833,0.0,2026-02-06 22:00:00
2026-02-08 19:00:00,2026-02-08 13:00:00,0.9553,0.9695,0.97,0.9162,T2,45.0,3,14.41,2.71,0.9333,0.0,2026-02-06 22:00:00
2026-02-08 20:00:00,2026-02-08 14:00:00,0.9148,0.97,0.97,0.9539,T2,46.0,3,16.085,2.125,0.3,0.0,2026-02-06 22:00:00
2026-02-08 21:00:00,2026-02-08 15:00:00,0.8777,0.9669,0.97,0.9539,T2,47.0,3,16.86,3.325,-0.1833,0.0,2026-02-06 22:00:00
2026-02-08 22:00:00,2026-02-08 16:00:00,0.8274,0.97,0.97,0.9539,T2,48.0,3,17.3383,4.55,-0.5333,0.0,2026-02-06 22:00:00
2026-02-06 23:00:00,2026-02-06 17:00:00,0.6485,0.9432,0.98,0.872,ВЭС,1.0,1,12.6383,0.345,1.3333,1.0,2026-02-06 22:00:00
2026-02-07 00:00:00,2026-02-06 18:00:00,0.4754,0.9375,0.98,0.8017,ВЭС,2.0,1,11.94,1.5,1.0333,1.0,2026-02-06 22:00:00
2026-02-07 01:00:00,2026-02-06 19:00:00,0.3148,0.8944,0.9788,0.7639,ВЭС,3.0,1,10.995,1.625,0.8667,1.0,2026-02-06 22:00:00
2026-02-07 02:00:00,2026-02-06 20:00:00,0.1394,0.6722,0.9569,0.65,ВЭС,4.0,1,9.715,1.705,0.7167,1.0,2026-02-06 22:00:00
2026-02-07 03:00:00,2026-02-06 21:00:00,0.0616,0.4085,0.8272,0.4601,ВЭС,5.0,1,8.3,2.535,0.45,1.0,2026-02-06 22:00:00
2026-02-07 04:00:00,2026-02-06 22:00:00,0.0067,0.2607,0.6978,0.3567,ВЭС,6.0,1,7.095,4.205,0.2,1.0,2026-02-06 22:00:00
2026-02-07 05:00:00,2026-02-06 23:00:00,0.0,0.158,0.5342,0.2388,ВЭС,7.0,1,5.8167,3.855,0.0333,1.0,2026-02-06 22:00:00
2026-02-07 06:00:00,2026-02-07 00:00:00,0.0,0.0763,0.351,0.1625,ВЭС,8.0,1,4.435,2.505,-0.0833,1.0,2026-02-06 22:00:00
2026-02-07 07:00:00,2026-02-07 01:00:00,0.0091,0.0141,0.1151,0.0968,ВЭС,9.0,1,2.9667,2.605,-0.2667,1.0,2026-02-06 22:00:00
2026-02-07 08:00:00,2026-02-07 02:00:00,0.0061,0.0179,0.0465,0.0687,ВЭС,10.0,1,1.8983,0.915,-0.3,1.0,2026-02-06 22:00:00
2026-02-07 09:00:00,2026-02-07 03:00:00,0.0082,0.0121,0.1376,0.0741,ВЭС,11.0,1,2.265,2.575,0.3,0.0,2026-02-06 22:00:00
2026-02-07 10:00:00,2026-02-07 04:00:00,0.0,0.0739,0.3198,0.1566,ВЭС,12.0,1,4.3933,3.8,1.4167,0.0,2026-02-06 22:00:00
2026-02-07 11:00:00,2026-02-07 05:00:00,0.0,0.2897,0.6448,0.3243,ВЭС,13.0,1,6.5367,4.48,2.65,0.0,2026-02-06 22:00:00
2026-02-07 12:00:00,2026-02-07 06:00:00,0.0,0.3533,0.7274,0.3725,ВЭС,14.0,1,7.1867,4.285,3.5667,0.0,2026-02-06 22:00:00
2026-02-07 13:00:00,2026-02-07 07:00:00,0.0017,0.4216,0.7635,0.3567,ВЭС,15.0,1,7.0117,3.11,3.9167,0.0,2026-02-06 22:00:00
2026-02-07 14:00:00,2026-02-07 08:00:00,0.0269,0.2518,0.6069,0.2732,ВЭС,16.0,1,6.1733,2.605,3.95,0.0,2026-02-06 22:00:00
2026-02-07 15:00:00,2026-02-07 09:00:00,0.0,0.1212,0.4275,0.1903,ВЭС,17.0,1,4.9683,2.645,3.75,0.0,2026-02-06 22:00:00
2026-02-07 16:00:00,2026-02-07 10:00:00,0.0,0.1036,0.3805,0.1732,ВЭС,18.0,2,4.7083,3.555,3.5333,0.0,2026-02-06 22:00:00
2026-02-07 17:00:00,2026-02-07 11:00:00,0.0017,0.03,0.2206,0.115,ВЭС,19.0,2,3.5317,3.595,2.55,0.0,2026-02-06 22:00:00
2026-02-07 18:00:00,2026-02-07 12:00:00,0.0,0.0418,0.2264,0.1082,ВЭС,20.0,2,3.1817,1.93,1.3667,0.0,2026-02-06 22:00:00
2026-02-07 19:00:00,2026-02-07 13:00:00,0.0,0.1173,0.5077,0.1732,ВЭС,21.0,2,4.585,4.595,0.7333,0.0,2026-02-06 22:00:00
2026-02-07 20:00:00,2026-02-07 14:00:00,0.0,0.2939,0.7607,0.3243,ВЭС,22.0,2,6.7183,7.085,0.5,0.0,2026-02-06 22:00:00
2026-02-07 21:00:00,2026-02-07 15:00:00,0.0104,0.5947,0.9266,0.4461,ВЭС,23.0,2,8.1717,6.38,0.2,1.0,2026-02-06 22:00:00
2026-02-07 22:00:00,2026-02-07 16:00:00,0.0454,0.6596,0.98,0.519,ВЭС,24.0,2,8.6317,5.865,-0.0333,1.0,2026-02-06 22:00:00
2026-02-07 23:00:00,2026-02-07 17:00:00,0.0451,0.686,0.98,0.5417,ВЭС,25.0,2,8.9417,6.45,-0.25,1.0,2026-02-06 22:00:00
2026-02-08 00:00:00,2026-02-07 18:00:00,0.0642,0.7344,0.98,0.5709,ВЭС,26.0,2,9.32,6.145,-0.5333,1.0,2026-02-06 22:00:00
2026-02-08 01:00:00,2026-02-07 19:00:00,0.0927,0.7422,0.98,0.65,ВЭС,27.0,2,9.7433,4.995,-0.7333,1.0,2026-02-06 22:00:00
2026-02-08 02:00:00,2026-02-07 20:00:00,0.3129,0.7454,0.98,0.6898,ВЭС,28.0,2,10.175,3.175,-0.8167,1.0,2026-02-06 22:00:00
2026-02-08 03:00:00,2026-02-07 21:00:00,0.3772,0.7643,0.98,0.6898,ВЭС,29.0,2,10.2883,1.635,-0.85,1.0,2026-02-06 22:00:00
2026-02-08 04:00:00,2026-02-07 22:00:00,0.2359,0.7583,0.9798,0.6796,ВЭС,30.0,2,9.975,0.98,-0.7667,1.0,2026-02-06 22:00:00
2026-02-08 05:00:00,2026-02-07 23:00:00,0.1166,0.6255,0.9731,0.65,ВЭС,31.0,2,9.6733,0.98,-0.6833,1.0,2026-02-06 22:00:00
2026-02-08 06:00:00,2026-02-08 00:00:00,0.0379,0.5971,0.9594,0.5531,ВЭС,32.0,2,9.1067,1.155,-0.8,1.0,2026-02-06 22:00:00
2026-02-08 07:00:00,2026-02-08 01:00:00,0.0,0.4637,0.8994,0.4837,ВЭС,33.0,2,8.37,0.66,-0.9167,1.0,2026-02-06 22:00:00
2026-02-08 08:00:00,2026-02-08 02:00:00,0.0,0.3914,0.8302,0.4212,ВЭС,34.0,2,7.7317,0.37,-0.6667,1.0,2026-02-06 22:00:00
2026-02-08 09:00:00,2026-02-08 03:00:00,0.0,0.2623,0.7103,0.3567,ВЭС,35.0,2,6.9383,0.775,0.0667,0.0,2026-02-06 22:00:00
2026-02-08 10:00:00,2026-02-08 04:00:00,0.0,0.2122,0.616,0.2678,ВЭС,36.0,2,6.0167,1.595,1.0167,0.0,2026-02-06 22:00:00
2026-02-08 11:00:00,2026-02-08 05:00:00,0.0,0.0557,0.2387,0.1381,ВЭС,37.0,2,4.1167,2.745,1.9167,0.0,2026-02-06 22:00:00
2026-02-08 12:00:00,2026-02-08 06:00:00,0.0095,0.0096,0.1259,0.0741,ВЭС,38.0,2,2.2817,2.815,2.75,0.0,2026-02-06 22:00:00
2026-02-08 13:00:00,2026-02-08 07:00:00,0.0056,0.0187,0.1,0.0687,ВЭС,39.0,2,1.81,0.715,3.5333,0.0,2026-02-06 22:00:00
2026-02-08 14:00:00,2026-02-08 08:00:00,0.0,0.0389,0.2259,0.0771,ВЭС,40.0,2,2.5567,1.685,4.2,0.0,2026-02-06 22:00:00
2026-02-08 15:00:00,2026-02-08 09:00:00,0.0,0.1795,0.5208,0.1864,ВЭС,41.0,2,4.8333,2.94,4.5,0.0,2026-02-06 22:00:00
2026-02-08 16:00:00,2026-02-08 10:00:00,0.0,0.1152,0.585,0.1275,ВЭС,42.0,3,3.7033,6.055,3.9833,0.0,2026-02-06 22:00:00
2026-02-08 17:00:00,2026-02-08 11:00:00,0.0,0.3503,0.9272,0.3243,ВЭС,43.0,3,6.67,7.895,3.0167,0.0,2026-02-06 22:00:00
2026-02-08 18:00:00,2026-02-08 12:00:00,0.2041,0.8913,0.98,0.7639,ВЭС,44.0,3,11.0917,6.005,1.8833,0.0,2026-02-06 22:00:00
2026-02-08 19:00:00,2026-02-08 13:00:00,0.9651,0.9798,0.98,0.9162,ВЭС,45.0,3,14.41,2.71,0.9333,0.0,2026-02-06 22:00:00
2026-02-08 20:00:00,2026-02-08 14:00:00,0.9386,0.9765,0.98,0.9539,ВЭС,46.0,3,16.085,2.125,0.3,0.0,2026-02-06 22:00:00
2026-02-08 21:00:00,2026-02-08 15:00:00,0.9018,0.9713,0.98,0.9539,ВЭС,47.0,3,16.86,3.325,-0.1833,0.0,2026-02-06 22:00:00
2026-02-08 22:00:00,2026-02-08 16:00:00,0.8554,0.9774,0.98,0.9539,ВЭС,48.0,3,17.3383,4.55,-0.5333,0.0,2026-02-06 22:00:00
2026-02-07 11:00:00,2026-02-07 05:00:00,0.0,0.2846,0.6449,0.3243,T1,1.0,1,6.5367,4.48,2.65,0.0,2026-02-07 10:00:00
2026-02-07 12:00:00,2026-02-07 06:00:00,0.0,0.3507,0.7274,0.3725,T1,2.0,1,7.1867,4.285,3.5667,0.0,2026-02-07 10:00:00
2026-02-07 13:00:00,2026-02-07 07:00:00,0.0035,0.4182,0.7635,0.3567,T1,3.0,1,7.0117,3.11,3.9167,0.0,2026-02-07 10:00:00
2026-02-07 14:00:00,2026-02-07 08:00:00,0.0538,0.2484,0.6069,0.2732,T1,4.0,1,6.1733,2.605,3.95,0.0,2026-02-07 10:00:00
2026-02-07 15:00:00,2026-02-07 09:00:00,0.0,0.1146,0.4276,0.1903,T1,5.0,1,4.9683,2.645,3.75,0.0,2026-02-07 10:00:00
2026-02-07 16:00:00,2026-02-07 10:00:00,0.0,0.0549,0.2766,0.1275,T1,6.0,1,3.7633,2.305,3.2667,0.0,2026-02-07 10:00:00
2026-02-07 17:00:00,2026-02-07 11:00:00,0.0,0.0442,0.1673,0.1,T1,7.0,1,3.1067,1.545,2.2667,0.0,2026-02-07 10:00:00
2026-02-07 18:00:00,2026-02-07 12:00:00,0.0,0.089,0.4212,0.1511,T1,8.0,1,4.2833,5.295,0.9333,0.0,2026-02-07 10:00:00
2026-02-07 19:00:00,2026-02-07 13:00:00,0.0,0.2903,0.6133,0.2753,T1,9.0,1,6.2683,5.33,0.2667,1.0,2026-02-07 10:00:00
2026-02-07 20:00:00,2026-02-07 14:00:00,0.0345,0.438,0.8088,0.3974,T1,10.0,1,7.595,4.855,0.1167,1.0,2026-02-07 10:00:00
2026-02-07 21:00:00,2026-02-07 15:00:00,0.0471,0.704,0.964,0.5417,T1,11.0,1,8.915,4.57,-0.1,1.0,2026-02-07 10:00:00
2026-02-07 22:00:00,2026-02-07 16:00:00,0.3029,0.7815,0.9866,0.6898,T1,12.0,1,10.23,4.15,-0.2667,1.0,2026-02-07 10:00:00
2026-02-07 23:00:00,2026-02-07 17:00:00,0.4941,0.956,0.99,0.7831,T1,13.0,1,11.5467,2.305,-0.4,1.0,2026-02-07 10:00:00
2026-02-08 00:00:00,2026-02-07 18:00:00,0.6645,0.9596,0.99,0.872,T1,14.0,1,12.575,0.7,-0.5,1.0,2026-02-07 10:00:00
2026-02-08 01:00:00,2026-02-07 19:00:00,0.637,0.9654,0.99,0.872,T1,15.0,1,12.6533,2.775,-0.6,1.0,2026-02-07 10:00:00
2026-02-08 02:00:00,2026-02-07 20:00:00,0.4419,0.9259,0.99,0.8217,T1,16.0,1,12.265,3.2,-0.7667,1.0,2026-02-07 10:00:00
2026-02-08 03:00:00,2026-02-07 21:00:00,0.4102,0.9204,0.99,0.8017,T1,17.0,1,11.5733,2.325,-0.9,1.0,2026-02-07 10:00:00
2026-02-08 04:00:00,2026-02-07 22:00:00,0.2723,0.7575,0.9896,0.6796,T1,18.0,2,9.975,0.98,-0.7667,1.0,2026-02-07 10:00:00
2026-02-08 05:00:00,2026-02-07 23:00:00,0.0871,0.623,0.9763,0.65,T1,19.0,2,9.6733,0.98,-0.6833,1.0,2026-02-07 10:00:00
2026-02-08 06:00:00,2026-02-08 00:00:00,0.0428,0.5946,0.9602,0.5531,T1,20.0,2,9.1067,1.155,-0.8,1.0,2026-02-07 10:00:00
2026-02-08 07:00:00,2026-02-08 01:00:00,0.0,0.4602,0.9,0.4837,T1,21.0,2,8.37,0.66,-0.9167,1.0,2026-02-07 10:00:00
2026-02-08 08:00:00,2026-02-08 02:00:00,0.0,0.388,0.8302,0.4212,T1,22.0,2,7.7317,0.37,-0.6667,1.0,2026-02-07 10:00:00
2026-02-08 09:00:00,2026-02-08 03:00:00,0.0,0.2604,0.7103,0.3567,T1,23.0,2,6.9383,0.775,0.0667,0.0,2026-02-07 10:00:00
2026-02-08 10:00:00,2026-02-08 04:00:00,0.0,0.2127,0.616,0.2678,T1,24.0,2,6.0167,1.595,1.0167,0.0,2026-02-07 10:00:00
2026-02-08 11:00:00,2026-02-08 05:00:00,0.0,0.0563,0.2387,0.1381,T1,25.0,2,4.1167,2.745,1.9167,0.0,2026-02-07 10:00:00
2026-02-08 12:00:00,2026-02-08 06:00:00,0.01,0.0101,0.1259,0.0741,T1,26.0,2,2.2817,2.815,2.75,0.0,2026-02-07 10:00:00
2026-02-08 13:00:00,2026-02-08 07:00:00,0.0066,0.0184,0.1,0.0687,T1,27.0,2,1.81,0.715,3.5333,0.0,2026-02-07 10:00:00
2026-02-08 14:00:00,2026-02-08 08:00:00,0.0,0.0358,0.2259,0.0771,T1,28.0,2,2.5567,1.685,4.2,0.0,2026-02-07 10:00:00
2026-02-08 15:00:00,2026-02-08 09:00:00,0.0,0.1758,0.5208,0.1864,T1,29.0,2,4.8333,2.94,4.5,0.0,2026-02-07 10:00:00
2026-02-08 16:00:00,2026-02-08 10:00:00,0.2007,0.7789,0.9327,0.4461,T1,30.0,2,8.185,2.385,4.0833,0.0,2026-02-07 10:00:00
2026-02-08 17:00:00,2026-02-08 11:00:00,0.9081,0.9811,0.99,0.8217,T1,31.0,2,12.27,1.165,2.7,0.0,2026-02-07 10:00:00
2026-02-08 18:00:00,2026-02-08 12:00:00,0.9627,0.99,0.99,0.9486,T1,32.0,2,15.1383,1.82,1.1333,0.0,2026-02-07 10:00:00
2026-02-08 19:00:00,2026-02-08 13:00:00,0.9824,0.99,0.99,0.9539,T1,33.0,2,16.065,1.67,0.2333,0.0,2026-02-07 10:00:00
2026-02-08 20:00:00,2026-02-08 14:00:00,0.9797,0.99,0.99,0.9539,T1,34.0,2,16.63,2.955,-0.2833,0.0,2026-02-07 10:00:00
2026-02-08 21:00:00,2026-02-08 15:00:00,0.8861,0.9862,0.99,0.9539,T1,35.0,2,16.8383,3.69,-0.5667,0.0,2026-02-07 10:00:00
2026-02-08 22:00:00,2026-02-08 16:00:00,0.8815,0.9847,0.99,0.9539,T1,36.0,2,16.9083,3.92,-0.6833,0.0,2026-02-07 10:00:00
2026-02-08 23:00:00,2026-02-08 17:00:00,0.927,0.9888,0.99,0.9539,T1,37.0,2,17.0683,4.17,-0.8,0.0,2026-02-07 10:00:00
2026-02-09 00:00:00,2026-02-08 18:00:00,0.9225,0.9896,0.99,0.9539,T1,38.0,2,17.32,4.23,-0.95,0.0,2026-02-07 10:00:00
2026-02-09 01:00:00,2026-02-08 19:00:00,0.9159,0.9897,0.99,0.9583,T1,39.0,2,17.75,3.96,-1.1167,0.0,2026-02-07 10:00:00
2026-02-09 02:00:00,2026-02-08 20:00:00,0.9088,0.9898,0.99,0.978,T1,40.0,2,18.1783,3.625,-1.2833,0.0,2026-02-07 10:00:00
2026-02-09 03:00:00,2026-02-08 21:00:00,0.9206,0.9816,0.99,0.9846,T1,41.0,2,18.4867,3.395,-1.4333,0.0,2026-02-07 10:00:00
2026-02-09 04:00:00,2026-02-08 22:00:00,0.8675,0.9575,0.99,0.9864,T1,42.0,3,19.0883,5.65,-1.7167,0.0,2026-02-07 10:00:00
2026-02-09 05:00:00,2026-02-08 23:00:00,0.873,0.9359,0.99,0.9864,T1,43.0,3,19.065,5.55,-1.75,0.0,2026-02-07 10:00:00
2026-02-09 06:00:00,2026-02-09 00:00:00,0.8677,0.9428,0.99,0.9853,T1,44.0,3,18.88,5.185,-1.7167,0.0,2026-02-07 10:00:00
2026-02-09 07:00:00,2026-02-09 01:00:00,0.8539,0.9406,0.99,0.9846,T1,45.0,3,18.4783,4.755,-1.7,0.0,2026-02-07 10:00:00
2026-02-09 08:00:00,2026-02-09 02:00:00,0.8637,0.9408,0.99,0.978,T1,46.0,3,17.9283,4.33,-1.3167,0.0,2026-02-07 10:00:00
2026-02-09 09:00:00,2026-02-09 03:00:00,0.8481,0.9458,0.99,0.9539,T1,47.0,3,17.35,4.375,-0.2,0.0,2026-02-07 10:00:00
2026-02-09 10:00:00,2026-02-09 04:00:00,0.8823,0.9404,0.99,0.9539,T1,48.0,3,16.8567,5.98,1.3833,0.0,2026-02-07 10:00:00
2026-02-07 11:00:00,2026-02-07 05:00:00,0.0,0.2948,0.6448,0.3243,T2,1.0,1,6.5367,4.48,2.65,0.0,2026-02-07 10:00:00
2026-02-07 12:00:00,2026-02-07 06:00:00,0.0,0.356,0.7274,0.3725,T2,2.0,1,7.1867,4.285,3.5667,0.0,2026-02-07 10:00:00
2026-02-07 13:00:00,2026-02-07 07:00:00,0.0,0.4249,0.7635,0.3567,T2,3.0,1,7.0117,3.11,3.9167,0.0,2026-02-07 10:00:00
2026-02-07 14:00:00,2026-02-07 08:00:00,0.0,0.2551,0.6069,0.2732,T2,4.0,1,6.1733,2.605,3.95,0.0,2026-02-07 10:00:00
2026-02-07 15:00:00,2026-02-07 09:00:00,0.0,0.1279,0.4275,0.1903,T2,5.0,1,4.9683,2.645,3.75,0.0,2026-02-07 10:00:00
2026-02-07 16:00:00,2026-02-07 10:00:00,0.0,0.0634,0.2766,0.1275,T2,6.0,1,3.7633,2.305,3.2667,0.0,2026-02-07 10:00:00
2026-02-07 17:00:00,2026-02-07 11:00:00,0.0,0.045,0.1673,0.1,T2,7.0,1,3.1067,1.545,2.2667,0.0,2026-02-07 10:00:00
2026-02-07 18:00:00,2026-02-07 12:00:00,0.0,0.0886,0.4212,0.1511,T2,8.0,1,4.2833,5.295,0.9333,0.0,2026-02-07 10:00:00
2026-02-07 19:00:00,2026-02-07 13:00:00,0.0,0.2899,0.6132,0.2753,T2,9.0,1,6.2683,5.33,0.2667,1.0,2026-02-07 10:00:00
2026-02-07 20:00:00,2026-02-07 14:00:00,0.0,0.4376,0.8087,0.3974,T2,10.0,1,7.595,4.855,0.1167,1.0,2026-02-07 10:00:00
2026-02-07 21:00:00,2026-02-07 15:00:00,0.0,0.7034,0.961,0.5417,T2,11.0,1,8.915,4.57,-0.1,1.0,2026-02-07 10:00:00
2026-02-07 22:00:00,2026-02-07 16:00:00,0.2046,0.7807,0.97,0.6898,T2,12.0,1,10.23,4.15,-0.2667,1.0,2026-02-07 10:00:00
2026-02-07 23:00:00,2026-02-07 17:00:00,0.3764,0.9549,0.97,0.7831,T2,13.0,1,11.5467,2.305,-0.4,1.0,2026-02-07 10:00:00
2026-02-08 00:00:00,2026-02-07 18:00:00,0.6904,0.9482,0.97,0.872,T2,14.0,1,12.575,0.7,-0.5,1.0,2026-02-07 10:00:00
2026-02-08 01:00:00,2026-02-07 19:00:00,0.6505,0.9539,0.97,0.872,T2,15.0,1,12.6533,2.775,-0.6,1.0,2026-02-07 10:00:00
2026-02-08 02:00:00,2026-02-07 20:00:00,0.4909,0.9145,0.97,0.8217,T2,16.0,1,12.265,3.2,-0.7667,1.0,2026-02-07 10:00:00
2026-02-08 03:00:00,2026-02-07 21:00:00,0.3842,0.9096,0.97,0.8017,T2,17.0,1,11.5733,2.325,-0.9,1.0,2026-02-07 10:00:00
2026-02-08 04:00:00,2026-02-07 22:00:00,0.1995,0.7591,0.97,0.6796,T2,18.0,2,9.975,0.98,-0.7667,1.0,2026-02-07 10:00:00
2026-02-08 05:00:00,2026-02-07 23:00:00,0.1461,0.6281,0.97,0.65,T2,19.0,2,9.6733,0.98,-0.6833,1.0,2026-02-07 10:00:00
2026-02-08 06:00:00,2026-02-08 00:00:00,0.033,0.5997,0.9585,0.5531,T2,20.0,2,9.1067,1.155,-0.8,1.0,2026-02-07 10:00:00
2026-02-08 07:00:00,2026-02-08 01:00:00,0.0,0.4673,0.8989,0.4837,T2,21.0,2,8.37,0.66,-0.9167,1.0,2026-02-07 10:00:00
2026-02-08 08:00:00,2026-02-08 02:00:00,0.0,0.3949,0.8301,0.4212,T2,22.0,2,7.7317,0.37,-0.6667,1.0,2026-02-07 10:00:00
2026-02-08 09:00:00,2026-02-08 03:00:00,0.0,0.2643,0.7103,0.3567,T2,23.0,2,6.9383,0.775,0.0667,0.0,2026-02-07 10:00:00
2026-02-08 10:00:00,2026-02-08 04:00:00,0.0,0.2116,0.616,0.2678,T2,24.0,2,6.0167,1.595,1.0167,0.0,2026-02-07 10:00:00
2026-02-08 11:00:00,2026-02-08 05:00:00,0.0,0.0551,0.2387,0.1381,T2,25.0,2,4.1167,2.745,1.9167,0.0,2026-02-07 10:00:00
2026-02-08 12:00:00,2026-02-08 06:00:00,0.009,0.0091,0.1259,0.0741,T2,26.0,2,2.2817,2.815,2.75,0.0,2026-02-07 10:00:00
2026-02-08 13:00:00,2026-02-08 07:00:00,0.0046,0.0191,0.1,0.0687,T2,27.0,2,1.81,0.715,3.5333,0.0,2026-02-07 10:00:00
2026-02-08 14:00:00,2026-02-08 08:00:00,0.0,0.042,0.2259,0.0771,T2,28.0,2,2.5567,1.685,4.2,0.0,2026-02-07 10:00:00
2026-02-08 15:00:00,2026-02-08 09:00:00,0.0,0.1832,0.5208,0.1864,T2,29.0,2,4.8333,2.94,4.5,0.0,2026-02-07 10:00:00
2026-02-08 16:00:00,2026-02-08 10:00:00,0.1281,0.787,0.9322,0.4461,T2,30.0,2,8.185,2.385,4.0833,0.0,2026-02-07 10:00:00
2026-02-08 17:00:00,2026-02-08 11:00:00,0.7996,0.9693,0.97,0.8217,T2,31.0,2,12.27,1.165,2.7,0.0,2026-02-07 10:00:00
2026-02-08 18:00:00,2026-02-08 12:00:00,0.9232,0.9609,0.97,0.9486,T2,32.0,2,15.1383,1.82,1.1333,0.0,2026-02-07 10:00:00
2026-02-08 19:00:00,2026-02-08 13:00:00,0.9276,0.97,0.97,0.9539,T2,33.0,2,16.065,1.67,0.2333,0.0,2026-02-07 10:00:00
2026-02-08 20:00:00,2026-02-08 14:00:00,0.9162,0.97,0.97,0.9539,T2,34.0,2,16.63,2.955,-0.2833,0.0,2026-02-07 10:00:00
2026-02-08 21:00:00,2026-02-08 15:00:00,0.8171,0.97,0.97,0.9539,T2,35.0,2,16.8383,3.69,-0.5667,0.0,2026-02-07 10:00:00
2026-02-08 22:00:00,2026-02-08 16:00:00,0.8037,0.97,0.97,0.9539,T2,36.0,2,16.9083,3.92,-0.6833,0.0,2026-02-07 10:00:00
2026-02-08 23:00:00,2026-02-08 17:00:00,0.8313,0.97,0.97,0.9539,T2,37.0,2,17.0683,4.17,-0.8,0.0,2026-02-07 10:00:00
2026-02-09 00:00:00,2026-02-08 18:00:00,0.819,0.97,0.97,0.9539,T2,38.0,2,17.32,4.23,-0.95,0.0,2026-02-07 10:00:00
2026-02-09 01:00:00,2026-02-08 19:00:00,0.8186,0.97,0.97,0.9583,T2,39.0,2,17.75,3.96,-1.1167,0.0,2026-02-07 10:00:00
2026-02-09 02:00:00,2026-02-08 20:00:00,0.8199,0.97,0.97,0.97,T2,40.0,2,18.1783,3.625,-1.2833,0.0,2026-02-07 10:00:00
2026-02-09 03:00:00,2026-02-08 21:00:00,0.8222,0.97,0.97,0.97,T2,41.0,2,18.4867,3.395,-1.4333,0.0,2026-02-07 10:00:00
2026-02-09 04:00:00,2026-02-08 22:00:00,0.7937,0.9478,0.97,0.97,T2,42.0,3,19.0883,5.65,-1.7167,0.0,2026-02-07 10:00:00
2026-02-09 05:00:00,2026-02-08 23:00:00,0.8101,0.9267,0.97,0.97,T2,43.0,3,19.065,5.55,-1.75,0.0,2026-02-07 10:00:00
2026-02-09 06:00:00,2026-02-09 00:00:00,0.8017,0.9339,0.97,0.97,T2,44.0,3,18.88,5.185,-1.7167,0.0,2026-02-07 10:00:00
2026-02-09 07:00:00,2026-02-09 01:00:00,0.7846,0.9314,0.97,0.97,T2,45.0,3,18.4783,4.755,-1.7,0.0,2026-02-07 10:00:00
2026-02-09 08:00:00,2026-02-09 02:00:00,0.7833,0.9312,0.97,0.97,T2,46.0,3,17.9283,4.33,-1.3167,0.0,2026-02-07 10:00:00
2026-02-09 09:00:00,2026-02-09 03:00:00,0.753,0.9423,0.97,0.9539,T2,47.0,3,17.35,4.375,-0.2,0.0,2026-02-07 10:00:00
2026-02-09 10:00:00,2026-02-09 04:00:00,0.7646,0.9366,0.97,0.9539,T2,48.0,3,16.8567,5.98,1.3833,0.0,2026-02-07 10:00:00
2026-02-07 11:00:00,2026-02-07 05:00:00,0.0,0.2897,0.6448,0.3243,ВЭС,1.0,1,6.5367,4.48,2.65,0.0,2026-02-07 10:00:00
2026-02-07 12:00:00,2026-02-07 06:00:00,0.0,0.3533,0.7274,0.3725,ВЭС,2.0,1,7.1867,4.285,3.5667,0.0,2026-02-07 10:00:00
2026-02-07 13:00:00,2026-02-07 07:00:00,0.0017,0.4216,0.7635,0.3567,ВЭС,3.0,1,7.0117,3.11,3.9167,0.0,2026-02-07 10:00:00
2026-02-07 14:00:00,2026-02-07 08:00:00,0.0269,0.2518,0.6069,0.2732,ВЭС,4.0,1,6.1733,2.605,3.95,0.0,2026-02-07 10:00:00
2026-02-07 15:00:00,2026-02-07 09:00:00,0.0,0.1212,0.4275,0.1903,ВЭС,5.0,1,4.9683,2.645,3.75,0.0,2026-02-07 10:00:00
2026-02-07 16:00:00,2026-02-07 10:00:00,0.0,0.0592,0.2766,0.1275,ВЭС,6.0,1,3.7633,2.305,3.2667,0.0,2026-02-07 10:00:00
2026-02-07 17:00:00,2026-02-07 11:00:00,0.0,0.0446,0.1673,0.1,ВЭС,7.0,1,3.1067,1.545,2.2667,0.0,2026-02-07 10:00:00
2026-02-07 18:00:00,2026-02-07 12:00:00,0.0,0.0888,0.4212,0.1511,ВЭС,8.0,1,4.2833,5.295,0.9333,0.0,2026-02-07 10:00:00
2026-02-07 19:00:00,2026-02-07 13:00:00,0.0,0.2901,0.6132,0.2753,ВЭС,9.0,1,6.2683,5.33,0.2667,1.0,2026-02-07 10:00:00
2026-02-07 20:00:00,2026-02-07 14:00:00,0.0173,0.4378,0.8088,0.3974,ВЭС,10.0,1,7.595,4.855,0.1167,1.0,2026-02-07 10:00:00
2026-02-07 21:00:00,2026-02-07 15:00:00,0.0235,0.7037,0.9625,0.5417,ВЭС,11.0,1,8.915,4.57,-0.1,1.0,2026-02-07 10:00:00
2026-02-07 22:00:00,2026-02-07 16:00:00,0.2538,0.7811,0.9783,0.6898,ВЭС,12.0,1,10.23,4.15,-0.2667,1.0,2026-02-07 10:00:00
2026-02-07 23:00:00,2026-02-07 17:00:00,0.4353,0.9554,0.98,0.7831,ВЭС,13.0,1,11.5467,2.305,-0.4,1.0,2026-02-07 10:00:00
2026-02-08 00:00:00,2026-02-07 18:00:00,0.6774,0.9539,0.98,0.872,ВЭС,14.0,1,12.575,0.7,-0.5,1.0,2026-02-07 10:00:00
2026-02-08 01:00:00,2026-02-07 19:00:00,0.6438,0.9597,0.98,0.872,ВЭС,15.0,1,12.6533,2.775,-0.6,1.0,2026-02-07 10:00:00
2026-02-08 02:00:00,2026-02-07 20:00:00,0.4664,0.9202,0.98,0.8217,ВЭС,16.0,1,12.265,3.2,-0.7667,1.0,2026-02-07 10:00:00
2026-02-08 03:00:00,2026-02-07 21:00:00,0.3972,0.915,0.98,0.8017,ВЭС,17.0,1,11.5733,2.325,-0.9,1.0,2026-02-07 10:00:00
2026-02-08 04:00:00,2026-02-07 22:00:00,0.2359,0.7583,0.9798,0.6796,ВЭС,18.0,2,9.975,0.98,-0.7667,1.0,2026-02-07 10:00:00
2026-02-08 05:00:00,2026-02-07 23:00:00,0.1166,0.6255,0.9731,0.65,ВЭС,19.0,2,9.6733,0.98,-0.6833,1.0,2026-02-07 10:00:00
2026-02-08 06:00:00,2026-02-08 00:00:00,0.0379,0.5971,0.9594,0.5531,ВЭС,20.0,2,9.1067,1.155,-0.8,1.0,2026-02-07 10:00:00
2026-02-08 07:00:00,2026-02-08 01:00:00,0.0,0.4637,0.8994,0.4837,ВЭС,21.0,2,8.37,0.66,-0.9167,1.0,2026-02-07 10:00:00
2026-02-08 08:00:00,2026-02-08 02:00:00,0.0,0.3914,0.8302,0.4212,ВЭС,22.0,2,7.7317,0.37,-0.6667,1.0,2026-02-07 10:00:00
2026-02-08 09:00:00,2026-02-08 03:00:00,0.0,0.2623,0.7103,0.3567,ВЭС,23.0,2,6.9383,0.775,0.0667,0.0,2026-02-07 10:00:00
2026-02-08 10:00:00,2026-02-08 04:00:00,0.0,0.2122,0.616,0.2678,ВЭС,24.0,2,6.0167,1.595,1.0167,0.0,2026-02-07 10:00:00
2026-02-08 11:00:00,2026-02-08 05:00:00,0.0,0.0557,0.2387,0.1381,ВЭС,25.0,2,4.1167,2.745,1.9167,0.0,2026-02-07 10:00:00
2026-02-08 12:00:00,2026-02-08 06:00:00,0.0095,0.0096,0.1259,0.0741,ВЭС,26.0,2,2.2817,2.815,2.75,0.0,2026-02-07 10:00:00
2026-02-08 13:00:00,2026-02-08 07:00:00,0.0056,0.0187,0.1,0.0687,ВЭС,27.0,2,1.81,0.715,3.5333,0.0,2026-02-07 10:00:00
2026-02-08 14:00:00,2026-02-08 08:00:00,0.0,0.0389,0.2259,0.0771,ВЭС,28.0,2,2.5567,1.685,4.2,0.0,2026-02-07 10:00:00
2026-02-08 15:00:00,2026-02-08 09:00:00,0.0,0.1795,0.5208,0.1864,ВЭС,29.0,2,4.8333,2.94,4.5,0.0,2026-02-07 10:00:00
2026-02-08 16:00:00,2026-02-08 10:00:00,0.1644,0.7829,0.9324,0.4461,ВЭС,30.0,2,8.185,2.385,4.0833,0.0,2026-02-07 10:00:00
2026-02-08 17:00:00,2026-02-08 11:00:00,0.8539,0.9752,0.98,0.8217,ВЭС,31.0,2,12.27,1.165,2.7,0.0,2026-02-07 10:00:00
2026-02-08 18:00:00,2026-02-08 12:00:00,0.943,0.9754,0.98,0.9486,ВЭС,32.0,2,15.1383,1.82,1.1333,0.0,2026-02-07 10:00:00
2026-02-08 19:00:00,2026-02-08 13:00:00,0.955,0.98,0.98,0.9539,ВЭС,33.0,2,16.065,1.67,0.2333,0.0,2026-02-07 10:00:00
2026-02-08 20:00:00,2026-02-08 14:00:00,0.948,0.98,0.98,0.9539,ВЭС,34.0,2,16.63,2.955,-0.2833,0.0,2026-02-07 10:00:00
2026-02-08 21:00:00,2026-02-08 15:00:00,0.8516,0.9781,0.98,0.9539,ВЭС,35.0,2,16.8383,3.69,-0.5667,0.0,2026-02-07 10:00:00
2026-02-08 22:00:00,2026-02-08 16:00:00,0.8426,0.9774,0.98,0.9539,ВЭС,36.0,2,16.9083,3.92,-0.6833,0.0,2026-02-07 10:00:00
2026-02-08 23:00:00,2026-02-08 17:00:00,0.8792,0.9794,0.98,0.9539,ВЭС,37.0,2,17.0683,4.17,-0.8,0.0,2026-02-07 10:00:00
2026-02-09 00:00:00,2026-02-08 18:00:00,0.8707,0.9798,0.98,0.9539,ВЭС,38.0,2,17.32,4.23,-0.95,0.0,2026-02-07 10:00:00
2026-02-09 01:00:00,2026-02-08 19:00:00,0.8673,0.9799,0.98,0.9583,ВЭС,39.0,2,17.75,3.96,-1.1167,0.0,2026-02-07 10:00:00
2026-02-09 02:00:00,2026-02-08 20:00:00,0.8643,0.9799,0.98,0.974,ВЭС,40.0,2,18.1783,3.625,-1.2833,0.0,2026-02-07 10:00:00
2026-02-09 03:00:00,2026-02-08 21:00:00,0.8714,0.9758,0.98,0.9773,ВЭС,41.0,2,18.4867,3.395,-1.4333,0.0,2026-02-07 10:00:00
2026-02-09 04:00:00,2026-02-08 22:00:00,0.8306,0.9527,0.98,0.9782,ВЭС,42.0,3,19.0883,5.65,-1.7167,0.0,2026-02-07 10:00:00
2026-02-09 05:00:00,2026-02-08 23:00:00,0.8415,0.9313,0.98,0.9782,ВЭС,43.0,3,19.065,5.55,-1.75,0.0,2026-02-07 10:00:00
2026-02-09 06:00:00,2026-02-09 00:00:00,0.8347,0.9383,0.98,0.9777,ВЭС,44.0,3,18.88,5.185,-1.7167,0.0,2026-02-07 10:00:00
2026-02-09 07:00:00,2026-02-09 01:00:00,0.8193,0.936,0.98,0.9773,ВЭС,45.0,3,18.4783,4.755,-1.7,0.0,2026-02-07 10:00:00
2026-02-09 08:00:00,2026-02-09 02:00:00,0.8235,0.936,0.98,0.974,ВЭС,46.0,3,17.9283,4.33,-1.3167,0.0,2026-02-07 10:00:00
2026-02-09 09:00:00,2026-02-09 03:00:00,0.8006,0.944,0.98,0.9539,ВЭС,47.0,3,17.35,4.375,-0.2,0.0,2026-02-07 10:00:00
2026-02-09 10:00:00,2026-02-09 04:00:00,0.8235,0.9385,0.98,0.9539,ВЭС,48.0,3,16.8567,5.98,1.3833,0.0,2026-02-07 10:00:00
2026-02-07 23:00:00,2026-02-07 17:00:00,0.4941,0.956,0.99,0.7831,T1,1.0,1,11.5467,2.305,-0.4,1.0,2026-02-07 22:00:00
2026-02-08 00:00:00,2026-02-07 18:00:00,0.6645,0.9596,0.99,0.872,T1,2.0,1,12.575,0.7,-0.5,1.0,2026-02-07 22:00:00
2026-02-08 01:00:00,2026-02-07 19:00:00,0.637,0.9654,0.99,0.872,T1,3.0,1,12.6533,2.775,-0.6,1.0,2026-02-07 22:00:00
2026-02-08 02:00:00,2026-02-07 20:00:00,0.4419,0.9259,0.99,0.8217,T1,4.0,1,12.265,3.2,-0.7667,1.0,2026-02-07 22:00:00
2026-02-08 03:00:00,2026-02-07 21:00:00,0.4102,0.9204,0.99,0.8017,T1,5.0,1,11.5733,2.325,-0.9,1.0,2026-02-07 22:00:00
2026-02-08 04:00:00,2026-02-07 22:00:00,0.253,0.7937,0.99,0.7338,T1,6.0,1,10.4883,1.52,-1.0167,1.0,2026-02-07 22:00:00
2026-02-08 05:00:00,2026-02-07 23:00:00,0.0011,0.6085,0.952,0.6301,T1,7.0,1,9.62,0.92,-1.1667,0.0,2026-02-07 22:00:00
2026-02-08 06:00:00,2026-02-08 00:00:00,0.0,0.5469,0.9299,0.5291,T1,8.0,1,8.7617,0.895,-1.2833,0.0,2026-02-07 22:00:00
2026-02-08 07:00:00,2026-02-08 01:00:00,0.0,0.4017,0.8266,0.4212,T1,9.0,1,7.765,0.475,-1.25,0.0,2026-02-07 22:00:00
2026-02-08 08:00:00,2026-02-08 02:00:00,0.0,0.2298,0.6917,0.3379,T1,10.0,1,6.845,0.2,-0.9667,0.0,2026-02-07 22:00:00
2026-02-08 09:00:00,2026-02-08 03:00:00,0.0,0.1875,0.4806,0.2678,T1,11.0,1,5.9267,0.575,-0.1333,0.0,2026-02-07 22:00:00
2026-02-08 10:00:00,2026-02-08 04:00:00,0.0,0.0723,0.3755,0.1864,T1,12.0,1,4.865,1.425,1.0167,0.0,2026-02-07 22:00:00
2026-02-08 11:00:00,2026-02-08 05:00:00,0.0,0.0471,0.2509,0.1082,T1,13.0,1,3.2617,2.15,1.95,0.0,2026-02-07 22:00:00
2026-02-08 12:00:00,2026-02-08 06:00:00,0.0093,0.01,0.0755,0.0619,T1,14.0,1,1.72,1.855,2.8833,0.0,2026-02-07 22:00:00
2026-02-08 13:00:00,2026-02-08 07:00:00,0.0091,0.0122,0.0641,0.0619,T1,15.0,1,1.6883,1.29,3.8333,0.0,2026-02-07 22:00:00
2026-02-08 14:00:00,2026-02-08 08:00:00,0.0,0.0463,0.2161,0.1275,T1,16.0,1,3.655,3.69,4.4667,0.0,2026-02-07 22:00:00
2026-02-08 15:00:00,2026-02-08 09:00:00,0.0368,0.3929,0.7543,0.3243,T1,17.0,1,6.7583,4.28,4.5333,0.0,2026-02-07 22:00:00
2026-02-08 16:00:00,2026-02-08 10:00:00,0.2007,0.7789,0.9327,0.4461,T1,18.0,2,8.185,2.385,4.0833,0.0,2026-02-07 22:00:00
2026-02-08 17:00:00,2026-02-08 11:00:00,0.9081,0.9811,0.99,0.8217,T1,19.0,2,12.27,1.165,2.7,0.0,2026-02-07 22:00:00
2026-02-08 18:00:00,2026-02-08 12:00:00,0.9627,0.99,0.99,0.9486,T1,20.0,2,15.1383,1.82,1.1333,0.0,2026-02-07 22:00:00
2026-02-08 19:00:00,2026-02-08 13:00:00,0.9824,0.99,0.99,0.9539,T1,21.0,2,16.065,1.67,0.2333,0.0,2026-02-07 22:00:00
2026-02-08 20:00:00,2026-02-08 14:00:00,0.9797,0.99,0.99,0.9539,T1,22.0,2,16.63,2.955,-0.2833,0.0,2026-02-07 22:00:00
2026-02-08 21:00:00,2026-02-08 15:00:00,0.8861,0.9862,0.99,0.9539,T1,23.0,2,16.8383,3.69,-0.5667,0.0,2026-02-07 22:00:00
2026-02-08 22:00:00,2026-02-08 16:00:00,0.8815,0.9847,0.99,0.9539,T1,24.0,2,16.9083,3.92,-0.6833,0.0,2026-02-07 22:00:00
2026-02-08 23:00:00,2026-02-08 17:00:00,0.927,0.9888,0.99,0.9539,T1,25.0,2,17.0683,4.17,-0.8,0.0,2026-02-07 22:00:00
2026-02-09 00:00:00,2026-02-08 18:00:00,0.9225,0.9896,0.99,0.9539,T1,26.0,2,17.32,4.23,-0.95,0.0,2026-02-07 22:00:00
2026-02-09 01:00:00,2026-02-08 19:00:00,0.9159,0.9897,0.99,0.9583,T1,27.0,2,17.75,3.96,-1.1167,0.0,2026-02-07 22:00:00
2026-02-09 02:00:00,2026-02-08 20:00:00,0.9088,0.9898,0.99,0.978,T1,28.0,2,18.1783,3.625,-1.2833,0.0,2026-02-07 22:00:00
2026-02-09 03:00:00,2026-02-08 21:00:00,0.9206,0.9816,0.99,0.9846,T1,29.0,2,18.4867,3.395,-1.4333,0.0,2026-02-07 22:00:00
2026-02-09 04:00:00,2026-02-08 22:00:00,0.9275,0.9559,0.99,0.985,T1,30.0,2,18.6017,3.15,-1.5333,0.0,2026-02-07 22:00:00
2026-02-09 05:00:00,2026-02-08 23:00:00,0.9343,0.9515,0.99,0.9853,T1,31.0,2,18.7083,3.295,-1.5333,0.0,2026-02-07 22:00:00
2026-02-09 06:00:00,2026-02-09 00:00:00,0.891,0.9316,0.99,0.985,T1,32.0,2,18.6367,3.785,-1.5,0.0,2026-02-07 22:00:00
2026-02-09 07:00:00,2026-02-09 01:00:00,0.9296,0.9546,0.99,0.978,T1,33.0,2,18.3417,4.23,-1.4833,0.0,2026-02-07 22:00:00
2026-02-09 08:00:00,2026-02-09 02:00:00,0.8659,0.9401,0.99,0.978,T1,34.0,2,17.8717,4.58,-1.1167,0.0,2026-02-07 22:00:00
2026-02-09 09:00:00,2026-02-09 03:00:00,0.8596,0.9368,0.99,0.9539,T1,35.0,2,17.3533,4.92,0.0167,0.0,2026-02-07 22:00:00
2026-02-09 10:00:00,2026-02-09 04:00:00,0.8646,0.9068,0.99,0.9539,T1,36.0,2,17.0,5.81,1.6,0.0,2026-02-07 22:00:00
2026-02-09 11:00:00,2026-02-09 05:00:00,0.817,0.9573,0.99,0.9539,T1,37.0,2,16.445,6.655,3.1667,0.0,2026-02-07 22:00:00
2026-02-09 12:00:00,2026-02-09 06:00:00,0.8469,0.9407,0.99,0.9486,T1,38.0,2,15.75,6.905,4.5,0.0,2026-02-07 22:00:00
2026-02-09 13:00:00,2026-02-09 07:00:00,0.8353,0.9551,0.99,0.9486,T1,39.0,2,15.0733,7.215,5.5833,0.0,2026-02-07 22:00:00
2026-02-09 14:00:00,2026-02-09 08:00:00,0.8589,0.9601,0.99,0.9117,T1,40.0,2,14.4383,7.06,6.3167,0.0,2026-02-07 22:00:00
2026-02-09 15:00:00,2026-02-09 09:00:00,0.8398,0.9625,0.99,0.8986,T1,41.0,2,13.6617,6.025,6.3833,0.0,2026-02-07 22:00:00
2026-02-09 16:00:00,2026-02-09 10:00:00,0.9338,0.9551,0.99,0.9162,T1,42.0,3,14.7433,5.41,5.9833,0.0,2026-02-07 22:00:00
2026-02-09 17:00:00,2026-02-09 11:00:00,0.8301,0.9739,0.99,0.8986,T1,43.0,3,14.065,2.15,4.7,0.0,2026-02-07 22:00:00
2026-02-09 18:00:00,2026-02-09 12:00:00,0.8329,0.8843,0.9808,0.8846,T1,44.0,3,13.325,0.855,3.4333,0.0,2026-02-07 22:00:00
2026-02-09 19:00:00,2026-02-09 13:00:00,0.4125,0.6654,0.9655,0.8217,T1,45.0,3,12.3867,3.33,2.75,0.0,2026-02-07 22:00:00
2026-02-09 20:00:00,2026-02-09 14:00:00,0.2676,0.7148,0.9456,0.7639,T1,46.0,3,11.29,6.145,2.4167,0.0,2026-02-07 22:00:00
2026-02-09 21:00:00,2026-02-09 15:00:00,0.1844,0.7636,0.9391,0.6898,T1,47.0,3,10.3233,7.81,2.2833,0.0,2026-02-07 22:00:00
2026-02-09 22:00:00,2026-02-09 16:00:00,0.0,0.6166,0.9269,0.5984,T1,48.0,3,9.4833,9.055,2.1167,0.0,2026-02-07 22:00:00
2026-02-07 23:00:00,2026-02-07 17:00:00,0.3764,0.9549,0.97,0.7831,T2,1.0,1,11.5467,2.305,-0.4,1.0,2026-02-07 22:00:00
2026-02-08 00:00:00,2026-02-07 18:00:00,0.6904,0.9482,0.97,0.872,T2,2.0,1,12.575,0.7,-0.5,1.0,2026-02-07 22:00:00
2026-02-08 01:00:00,2026-02-07 19:00:00,0.6505,0.9539,0.97,0.872,T2,3.0,1,12.6533,2.775,-0.6,1.0,2026-02-07 22:00:00
2026-02-08 02:00:00,2026-02-07 20:00:00,0.4909,0.9145,0.97,0.8217,T2,4.0,1,12.265,3.2,-0.7667,1.0,2026-02-07 22:00:00
2026-02-08 03:00:00,2026-02-07 21:00:00,0.3842,0.9096,0.97,0.8017,T2,5.0,1,11.5733,2.325,-0.9,1.0,2026-02-07 22:00:00
2026-02-08 04:00:00,2026-02-07 22:00:00,0.2499,0.7924,0.97,0.7338,T2,6.0,1,10.4883,1.52,-1.0167,1.0,2026-02-07 22:00:00
2026-02-08 05:00:00,2026-02-07 23:00:00,0.0828,0.6073,0.9498,0.6301,T2,7.0,1,9.62,0.92,-1.1667,0.0,2026-02-07 22:00:00
2026-02-08 06:00:00,2026-02-08 00:00:00,0.0,0.5487,0.9282,0.5291,T2,8.0,1,8.7617,0.895,-1.2833,0.0,2026-02-07 22:00:00
2026-02-08 07:00:00,2026-02-08 01:00:00,0.0,0.4086,0.8266,0.4212,T2,9.0,1,7.765,0.475,-1.25,0.0,2026-02-07 22:00:00
2026-02-08 08:00:00,2026-02-08 02:00:00,0.0,0.2282,0.6917,0.3379,T2,10.0,1,6.845,0.2,-0.9667,0.0,2026-02-07 22:00:00
2026-02-08 09:00:00,2026-02-08 03:00:00,0.0,0.1864,0.4806,0.2678,T2,11.0,1,5.9267,0.575,-0.1333,0.0,2026-02-07 22:00:00
2026-02-08 10:00:00,2026-02-08 04:00:00,0.0,0.0712,0.3755,0.1864,T2,12.0,1,4.865,1.425,1.0167,0.0,2026-02-07 22:00:00
2026-02-08 11:00:00,2026-02-08 05:00:00,0.0,0.046,0.2509,0.1082,T2,13.0,1,3.2617,2.15,1.95,0.0,2026-02-07 22:00:00
2026-02-08 12:00:00,2026-02-08 06:00:00,0.0083,0.0088,0.0755,0.0619,T2,14.0,1,1.72,1.855,2.8833,0.0,2026-02-07 22:00:00
2026-02-08 13:00:00,2026-02-08 07:00:00,0.0069,0.0129,0.0641,0.0619,T2,15.0,1,1.6883,1.29,3.8333,0.0,2026-02-07 22:00:00
2026-02-08 14:00:00,2026-02-08 08:00:00,0.0,0.0593,0.216,0.1275,T2,16.0,1,3.655,3.69,4.4667,0.0,2026-02-07 22:00:00
2026-02-08 15:00:00,2026-02-08 09:00:00,0.0,0.4063,0.7542,0.3243,T2,17.0,1,6.7583,4.28,4.5333,0.0,2026-02-07 22:00:00
2026-02-08 16:00:00,2026-02-08 10:00:00,0.1281,0.787,0.9322,0.4461,T2,18.0,2,8.185,2.385,4.0833,0.0,2026-02-07 22:00:00
2026-02-08 17:00:00,2026-02-08 11:00:00,0.7996,0.9693,0.97,0.8217,T2,19.0,2,12.27,1.165,2.7,0.0,2026-02-07 22:00:00
2026-02-08 18:00:00,2026-02-08 12:00:00,0.9232,0.9609,0.97,0.9486,T2,20.0,2,15.1383,1.82,1.1333,0.0,2026-02-07 22:00:00
2026-02-08 19:00:00,2026-02-08 13:00:00,0.9276,0.97,0.97,0.9539,T2,21.0,2,16.065,1.67,0.2333,0.0,2026-02-07 22:00:00
2026-02-08 20:00:00,2026-02-08 14:00:00,0.9162,0.97,0.97,0.9539,T2,22.0,2,16.63,2.955,-0.2833,0.0,2026-02-07 22:00:00
2026-02-08 21:00:00,2026-02-08 15:00:00,0.8171,0.97,0.97,0.9539,T2,23.0,2,16.8383,3.69,-0.5667,0.0,2026-02-07 22:00:00
2026-02-08 22:00:00,2026-02-08 16:00:00,0.8037,0.97,0.97,0.9539,T2,24.0,2,16.9083,3.92,-0.6833,0.0,2026-02-07 22:00:00
2026-02-08 23:00:00,2026-02-08 17:00:00,0.8313,0.97,0.97,0.9539,T2,25.0,2,17.0683,4.17,-0.8,0.0,2026-02-07 22:00:00
2026-02-09 00:00:00,2026-02-08 18:00:00,0.819,0.97,0.97,0.9539,T2,26.0,2,17.32,4.23,-0.95,0.0,2026-02-07 22:00:00
2026-02-09 01:00:00,2026-02-08 19:00:00,0.8186,0.97,0.97,0.9583,T2,27.0,2,17.75,3.96,-1.1167,0.0,2026-02-07 22:00:00
2026-02-09 02:00:00,2026-02-08 20:00:00,0.8199,0.97,0.97,0.97,T2,28.0,2,18.1783,3.625,-1.2833,0.0,2026-02-07 22:00:00
2026-02-09 03:00:00,2026-02-08 21:00:00,0.8222,0.97,0.97,0.97,T2,29.0,2,18.4867,3.395,-1.4333,0.0,2026-02-07 22:00:00
2026-02-09 04:00:00,2026-02-08 22:00:00,0.8384,0.9452,0.97,0.97,T2,30.0,2,18.6017,3.15,-1.5333,0.0,2026-02-07 22:00:00
2026-02-09 05:00:00,2026-02-08 23:00:00,0.8436,0.942,0.97,0.97,T2,31.0,2,18.7083,3.295,-1.5333,0.0,2026-02-07 22:00:00
2026-02-09 06:00:00,2026-02-09 00:00:00,0.8045,0.9228,0.97,0.97,T2,32.0,2,18.6367,3.785,-1.5,0.0,2026-02-07 22:00:00
2026-02-09 07:00:00,2026-02-09 01:00:00,0.7987,0.9449,0.97,0.97,T2,33.0,2,18.3417,4.23,-1.4833,0.0,2026-02-07 22:00:00
2026-02-09 08:00:00,2026-02-09 02:00:00,0.7574,0.9305,0.97,0.97,T2,34.0,2,17.8717,4.58,-1.1167,0.0,2026-02-07 22:00:00
2026-02-09 09:00:00,2026-02-09 03:00:00,0.7243,0.933,0.97,0.9539,T2,35.0,2,17.3533,4.92,0.0167,0.0,2026-02-07 22:00:00
2026-02-09 10:00:00,2026-02-09 04:00:00,0.7641,0.8709,0.97,0.9539,T2,36.0,2,17.0,5.81,1.6,0.0,2026-02-07 22:00:00
2026-02-09 11:00:00,2026-02-09 05:00:00,0.5951,0.9496,0.97,0.9539,T2,37.0,2,16.445,6.655,3.1667,0.0,2026-02-07 22:00:00
2026-02-09 12:00:00,2026-02-09 06:00:00,0.549,0.9345,0.97,0.9486,T2,38.0,2,15.75,6.905,4.5,0.0,2026-02-07 22:00:00
2026-02-09 13:00:00,2026-02-09 07:00:00,0.6476,0.9489,0.97,0.9486,T2,39.0,2,15.0733,7.215,5.5833,0.0,2026-02-07 22:00:00
2026-02-09 14:00:00,2026-02-09 08:00:00,0.8119,0.9521,0.97,0.9117,T2,40.0,2,14.4383,7.06,6.3167,0.0,2026-02-07 22:00:00
2026-02-09 15:00:00,2026-02-09 09:00:00,0.8646,0.9557,0.97,0.8986,T2,41.0,2,13.6617,6.025,6.3833,0.0,2026-02-07 22:00:00
2026-02-09 16:00:00,2026-02-09 10:00:00,0.8031,0.9424,0.97,0.9162,T2,42.0,3,14.7433,5.41,5.9833,0.0,2026-02-07 22:00:00
2026-02-09 17:00:00,2026-02-09 11:00:00,0.7371,0.9662,0.97,0.8986,T2,43.0,3,14.065,2.15,4.7,0.0,2026-02-07 22:00:00
2026-02-09 18:00:00,2026-02-09 12:00:00,0.5674,0.8844,0.968,0.8846,T2,44.0,3,13.325,0.855,3.4333,0.0,2026-02-07 22:00:00
2026-02-09 19:00:00,2026-02-09 13:00:00,0.2944,0.6645,0.9581,0.8217,T2,45.0,3,12.3867,3.33,2.75,0.0,2026-02-07 22:00:00
2026-02-09 20:00:00,2026-02-09 14:00:00,0.2067,0.7056,0.9405,0.7639,T2,46.0,3,11.29,6.145,2.4167,0.0,2026-02-07 22:00:00
2026-02-09 21:00:00,2026-02-09 15:00:00,0.059,0.7558,0.9331,0.6898,T2,47.0,3,10.3233,7.81,2.2833,0.0,2026-02-07 22:00:00
2026-02-09 22:00:00,2026-02-09 16:00:00,0.0565,0.6031,0.9204,0.5984,T2,48.0,3,9.4833,9.055,2.1167,0.0,2026-02-07 22:00:00
2026-02-07 23:00:00,2026-02-07 17:00:00,0.4353,0.9554,0.98,0.7831,ВЭС,1.0,1,11.5467,2.305,-0.4,1.0,2026-02-07 22:00:00
2026-02-08 00:00:00,2026-02-07 18:00:00,0.6774,0.9539,0.98,0.872,ВЭС,2.0,1,12.575,0.7,-0.5,1.0,2026-02-07 22:00:00
2026-02-08 01:00:00,2026-02-07 19:00:00,0.6438,0.9597,0.98,0.872,ВЭС,3.0,1,12.6533,2.775,-0.6,1.0,2026-02-07 22:00:00
2026-02-08 02:00:00,2026-02-07 20:00:00,0.4664,0.9202,0.98,0.8217,ВЭС,4.0,1,12.265,3.2,-0.7667,1.0,2026-02-07 22:00:00
2026-02-08 03:00:00,2026-02-07 21:00:00,0.3972,0.915,0.98,0.8017,ВЭС,5.0,1,11.5733,2.325,-0.9,1.0,2026-02-07 22:00:00
2026-02-08 04:00:00,2026-02-07 22:00:00,0.2514,0.793,0.98,0.7338,ВЭС,6.0,1,10.4883,1.52,-1.0167,1.0,2026-02-07 22:00:00
2026-02-08 05:00:00,2026-02-07 23:00:00,0.0419,0.6079,0.9509,0.6301,ВЭС,7.0,1,9.62,0.92,-1.1667,0.0,2026-02-07 22:00:00
2026-02-08 06:00:00,2026-02-08 00:00:00,0.0,0.5478,0.9291,0.5291,ВЭС,8.0,1,8.7617,0.895,-1.2833,0.0,2026-02-07 22:00:00
2026-02-08 07:00:00,2026-02-08 01:00:00,0.0,0.4052,0.8266,0.4212,ВЭС,9.0,1,7.765,0.475,-1.25,0.0,2026-02-07 22:00:00
2026-02-08 08:00:00,2026-02-08 02:00:00,0.0,0.229,0.6917,0.3379,ВЭС,10.0,1,6.845,0.2,-0.9667,0.0,2026-02-07 22:00:00
2026-02-08 09:00:00,2026-02-08 03:00:00,0.0,0.1869,0.4806,0.2678,ВЭС,11.0,1,5.9267,0.575,-0.1333,0.0,2026-02-07 22:00:00
2026-02-08 10:00:00,2026-02-08 04:00:00,0.0,0.0717,0.3755,0.1864,ВЭС,12.0,1,4.865,1.425,1.0167,0.0,2026-02-07 22:00:00
2026-02-08 11:00:00,2026-02-08 05:00:00,0.0,0.0466,0.2509,0.1082,ВЭС,13.0,1,3.2617,2.15,1.95,0.0,2026-02-07 22:00:00
2026-02-08 12:00:00,2026-02-08 06:00:00,0.0088,0.0094,0.0755,0.0619,ВЭС,14.0,1,1.72,1.855,2.8833,0.0,2026-02-07 22:00:00
2026-02-08 13:00:00,2026-02-08 07:00:00,0.008,0.0126,0.0641,0.0619,ВЭС,15.0,1,1.6883,1.29,3.8333,0.0,2026-02-07 22:00:00
2026-02-08 14:00:00,2026-02-08 08:00:00,0.0,0.0528,0.216,0.1275,ВЭС,16.0,1,3.655,3.69,4.4667,0.0,2026-02-07 22:00:00
2026-02-08 15:00:00,2026-02-08 09:00:00,0.0184,0.3996,0.7542,0.3243,ВЭС,17.0,1,6.7583,4.28,4.5333,0.0,2026-02-07 22:00:00
2026-02-08 16:00:00,2026-02-08 10:00:00,0.1644,0.7829,0.9324,0.4461,ВЭС,18.0,2,8.185,2.385,4.0833,0.0,2026-02-07 22:00:00
2026-02-08 17:00:00,2026-02-08 11:00:00,0.8539,0.9752,0.98,0.8217,ВЭС,19.0,2,12.27,1.165,2.7,0.0,2026-02-07 22:00:00
2026-02-08 18:00:00,2026-02-08 12:00:00,0.943,0.9754,0.98,0.9486,ВЭС,20.0,2,15.1383,1.82,1.1333,0.0,2026-02-07 22:00:00
2026-02-08 19:00:00,2026-02-08 13:00:00,0.955,0.98,0.98,0.9539,ВЭС,21.0,2,16.065,1.67,0.2333,0.0,2026-02-07 22:00:00
2026-02-08 20:00:00,2026-02-08 14:00:00,0.948,0.98,0.98,0.9539,ВЭС,22.0,2,16.63,2.955,-0.2833,0.0,2026-02-07 22:00:00
2026-02-08 21:00:00,2026-02-08 15:00:00,0.8516,0.9781,0.98,0.9539,ВЭС,23.0,2,16.8383,3.69,-0.5667,0.0,2026-02-07 22:00:00
2026-02-08 22:00:00,2026-02-08 16:00:00,0.8426,0.9774,0.98,0.9539,ВЭС,24.0,2,16.9083,3.92,-0.6833,0.0,2026-02-07 22:00:00
2026-02-08 23:00:00,2026-02-08 17:00:00,0.8792,0.9794,0.98,0.9539,ВЭС,25.0,2,17.0683,4.17,-0.8,0.0,2026-02-07 22:00:00
2026-02-09 00:00:00,2026-02-08 18:00:00,0.8707,0.9798,0.98,0.9539,ВЭС,26.0,2,17.32,4.23,-0.95,0.0,2026-02-07 22:00:00
2026-02-09 01:00:00,2026-02-08 19:00:00,0.8673,0.9799,0.98,0.9583,ВЭС,27.0,2,17.75,3.96,-1.1167,0.0,2026-02-07 22:00:00
2026-02-09 02:00:00,2026-02-08 20:00:00,0.8643,0.9799,0.98,0.974,ВЭС,28.0,2,18.1783,3.625,-1.2833,0.0,2026-02-07 22:00:00
2026-02-09 03:00:00,2026-02-08 21:00:00,0.8714,0.9758,0.98,0.9773,ВЭС,29.0,2,18.4867,3.395,-1.4333,0.0,2026-02-07 22:00:00
2026-02-09 04:00:00,2026-02-08 22:00:00,0.883,0.9505,0.98,0.9775,ВЭС,30.0,2,18.6017,3.15,-1.5333,0.0,2026-02-07 22:00:00
2026-02-09 05:00:00,2026-02-08 23:00:00,0.889,0.9467,0.98,0.9777,ВЭС,31.0,2,18.7083,3.295,-1.5333,0.0,2026-02-07 22:00:00
2026-02-09 06:00:00,2026-02-09 00:00:00,0.8478,0.9272,0.98,0.9775,ВЭС,32.0,2,18.6367,3.785,-1.5,0.0,2026-02-07 22:00:00
2026-02-09 07:00:00,2026-02-09 01:00:00,0.8642,0.9498,0.98,0.974,ВЭС,33.0,2,18.3417,4.23,-1.4833,0.0,2026-02-07 22:00:00
2026-02-09 08:00:00,2026-02-09 02:00:00,0.8117,0.9353,0.98,0.974,ВЭС,34.0,2,17.8717,4.58,-1.1167,0.0,2026-02-07 22:00:00
2026-02-09 09:00:00,2026-02-09 03:00:00,0.7919,0.9349,0.98,0.9539,ВЭС,35.0,2,17.3533,4.92,0.0167,0.0,2026-02-07 22:00:00
2026-02-09 10:00:00,2026-02-09 04:00:00,0.8144,0.8888,0.98,0.9539,ВЭС,36.0,2,17.0,5.81,1.6,0.0,2026-02-07 22:00:00
2026-02-09 11:00:00,2026-02-09 05:00:00,0.706,0.9535,0.98,0.9539,ВЭС,37.0,2,16.445,6.655,3.1667,0.0,2026-02-07 22:00:00
2026-02-09 12:00:00,2026-02-09 06:00:00,0.6979,0.9376,0.98,0.9486,ВЭС,38.0,2,15.75,6.905,4.5,0.0,2026-02-07 22:00:00
2026-02-09 13:00:00,2026-02-09 07:00:00,0.7414,0.952,0.98,0.9486,ВЭС,39.0,2,15.0733,7.215,5.5833,0.0,2026-02-07 22:00:00
2026-02-09 14:00:00,2026-02-09 08:00:00,0.8354,0.9561,0.98,0.9117,ВЭС,40.0,2,14.4383,7.06,6.3167,0.0,2026-02-07 22:00:00
2026-02-09 15:00:00,2026-02-09 09:00:00,0.8522,0.9591,0.98,0.8986,ВЭС,41.0,2,13.6617,6.025,6.3833,0.0,2026-02-07 22:00:00
2026-02-09 16:00:00,2026-02-09 10:00:00,0.8685,0.9487,0.98,0.9162,ВЭС,42.0,3,14.7433,5.41,5.9833,0.0,2026-02-07 22:00:00
2026-02-09 17:00:00,2026-02-09 11:00:00,0.7836,0.9701,0.98,0.8986,ВЭС,43.0,3,14.065,2.15,4.7,0.0,2026-02-07 22:00:00
2026-02-09 18:00:00,2026-02-09 12:00:00,0.7002,0.8843,0.9744,0.8846,ВЭС,44.0,3,13.325,0.855,3.4333,0.0,2026-02-07 22:00:00
2026-02-09 19:00:00,2026-02-09 13:00:00,0.3534,0.665,0.9618,0.8217,ВЭС,45.0,3,12.3867,3.33,2.75,0.0,2026-02-07 22:00:00
2026-02-09 20:00:00,2026-02-09 14:00:00,0.2371,0.7102,0.9431,0.7639,ВЭС,46.0,3,11.29,6.145,2.4167,0.0,2026-02-07 22:00:00
2026-02-09 21:00:00,2026-02-09 15:00:00,0.1217,0.7597,0.9361,0.6898,ВЭС,47.0,3,10.3233,7.81,2.2833,0.0,2026-02-07 22:00:00
2026-02-09 22:00:00,2026-02-09 16:00:00,0.0283,0.6098,0.9236,0.5984,ВЭС,48.0,3,9.4833,9.055,2.1167,0.0,2026-02-07 22:00:00
2026-02-08 11:00:00,2026-02-08 05:00:00,0.0,0.0471,0.2509,0.1082,T1,1.0,1,3.2617,2.15,1.95,0.0,2026-02-08 10:00:00
2026-02-08 12:00:00,2026-02-08 06:00:00,0.0093,0.01,0.0755,0.0619,T1,2.0,1,1.72,1.855,2.8833,0.0,2026-02-08 10:00:00
2026-02-08 13:00:00,2026-02-08 07:00:00,0.0091,0.0122,0.0641,0.0619,T1,3.0,1,1.6883,1.29,3.8333,0.0,2026-02-08 10:00:00
2026-02-08 14:00:00,2026-02-08 08:00:00,0.0,0.0463,0.2161,0.1275,T1,4.0,1,3.655,3.69,4.4667,0.0,2026-02-08 10:00:00
2026-02-08 15:00:00,2026-02-08 09:00:00,0.0368,0.3929,0.7543,0.3243,T1,5.0,1,6.7583,4.28,4.5333,0.0,2026-02-08 10:00:00
2026-02-08 16:00:00,2026-02-08 10:00:00,0.5058,0.9585,0.99,0.6898,T1,6.0,1,10.225,3.975,3.95,0.0,2026-02-08 10:00:00
2026-02-08 17:00:00,2026-02-08 11:00:00,0.9875,0.99,0.99,0.8986,T1,7.0,1,13.315,3.02,2.6833,0.0,2026-02-08 10:00:00
2026-02-08 18:00:00,2026-02-08 12:00:00,0.9896,0.99,0.99,0.9486,T1,8.0,1,15.1517,1.735,1.3333,0.0,2026-02-08 10:00:00
2026-02-08 19:00:00,2026-02-08 13:00:00,0.9808,0.988,0.99,0.9539,T1,9.0,1,16.0067,2.925,0.45,0.0,2026-02-08 10:00:00
2026-02-08 20:00:00,2026-02-08 14:00:00,0.9055,0.9752,0.99,0.9539,T1,10.0,1,16.4567,3.83,-0.1,0.0,2026-02-08 10:00:00
2026-02-08 21:00:00,2026-02-08 15:00:00,0.888,0.9859,0.99,0.9539,T1,11.0,1,16.7783,4.29,-0.4167,0.0,2026-02-08 10:00:00
2026-02-08 22:00:00,2026-02-08 16:00:00,0.8799,0.9858,0.99,0.9539,T1,12.0,1,16.9983,4.41,-0.5667,0.0,2026-02-08 10:00:00
2026-02-08 23:00:00,2026-02-08 17:00:00,0.8711,0.9862,0.99,0.9539,T1,13.0,1,17.235,4.09,-0.75,0.0,2026-02-08 10:00:00
2026-02-09 00:00:00,2026-02-08 18:00:00,0.8732,0.9891,0.99,0.9539,T1,14.0,1,17.59,3.91,-0.95,0.0,2026-02-08 10:00:00
2026-02-09 01:00:00,2026-02-08 19:00:00,0.8672,0.9806,0.99,0.978,T1,15.0,1,17.825,3.78,-1.0667,0.0,2026-02-08 10:00:00
2026-02-09 02:00:00,2026-02-08 20:00:00,0.8686,0.973,0.99,0.978,T1,16.0,1,18.085,3.59,-1.2667,0.0,2026-02-08 10:00:00
2026-02-09 03:00:00,2026-02-08 21:00:00,0.8875,0.9608,0.99,0.978,T1,17.0,1,18.2967,3.57,-1.4667,0.0,2026-02-08 10:00:00
2026-02-09 04:00:00,2026-02-08 22:00:00,0.9275,0.9559,0.99,0.985,T1,18.0,2,18.6017,3.15,-1.5333,0.0,2026-02-08 10:00:00
2026-02-09 05:00:00,2026-02-08 23:00:00,0.9343,0.9515,0.99,0.9853,T1,19.0,2,18.7083,3.295,-1.5333,0.0,2026-02-08 10:00:00
2026-02-09 06:00:00,2026-02-09 00:00:00,0.891,0.9316,0.99,0.985,T1,20.0,2,18.6367,3.785,-1.5,0.0,2026-02-08 10:00:00
2026-02-09 07:00:00,2026-02-09 01:00:00,0.9296,0.9546,0.99,0.978,T1,21.0,2,18.3417,4.23,-1.4833,0.0,2026-02-08 10:00:00
2026-02-09 08:00:00,2026-02-09 02:00:00,0.8659,0.9401,0.99,0.978,T1,22.0,2,17.8717,4.58,-1.1167,0.0,2026-02-08 10:00:00
2026-02-09 09:00:00,2026-02-09 03:00:00,0.8596,0.9368,0.99,0.9539,T1,23.0,2,17.3533,4.92,0.0167,0.0,2026-02-08 10:00:00
2026-02-09 10:00:00,2026-02-09 04:00:00,0.8646,0.9068,0.99,0.9539,T1,24.0,2,17.0,5.81,1.6,0.0,2026-02-08 10:00:00
2026-02-09 11:00:00,2026-02-09 05:00:00,0.817,0.9573,0.99,0.9539,T1,25.0,2,16.445,6.655,3.1667,0.0,2026-02-08 10:00:00
2026-02-09 12:00:00,2026-02-09 06:00:00,0.8469,0.9407,0.99,0.9486,T1,26.0,2,15.75,6.905,4.5,0.0,2026-02-08 10:00:00
2026-02-09 13:00:00,2026-02-09 07:00:00,0.8353,0.9551,0.99,0.9486,T1,27.0,2,15.0733,7.215,5.5833,0.0,2026-02-08 10:00:00
2026-02-09 14:00:00,2026-02-09 08:00:00,0.8589,0.9601,0.99,0.9117,T1,28.0,2,14.4383,7.06,6.3167,0.0,2026-02-08 10:00:00
2026-02-09 15:00:00,2026-02-09 09:00:00,0.8398,0.9625,0.99,0.8986,T1,29.0,2,13.6617,6.025,6.3833,0.0,2026-02-08 10:00:00
2026-02-09 16:00:00,2026-02-09 10:00:00,0.7269,0.9421,0.9804,0.8794,T1,30.0,2,12.92,4.225,5.85,0.0,2026-02-08 10:00:00
2026-02-09 17:00:00,2026-02-09 11:00:00,0.3274,0.8475,0.9785,0.8291,T1,31.0,2,12.465,2.375,4.9,0.0,2026-02-08 10:00:00
2026-02-09 18:00:00,2026-02-09 12:00:00,0.3738,0.5728,0.97,0.7831,T1,32.0,2,11.69,4.34,3.75,0.0,2026-02-08 10:00:00
2026-02-09 19:00:00,2026-02-09 13:00:00,0.146,0.6995,0.9627,0.73,T1,33.0,2,10.61,6.34,2.95,0.0,2026-02-08 10:00:00
2026-02-09 20:00:00,2026-02-09 14:00:00,0.0,0.6057,0.9374,0.5984,T1,34.0,2,9.455,7.125,2.5667,0.0,2026-02-08 10:00:00
2026-02-09 21:00:00,2026-02-09 15:00:00,0.0,0.4756,0.8272,0.4253,T1,35.0,2,7.9733,6.33,2.1833,0.0,2026-02-08 10:00:00
2026-02-09 22:00:00,2026-02-09 16:00:00,0.0,0.2233,0.5865,0.2732,T1,36.0,2,6.1467,6.68,1.6167,0.0,2026-02-08 10:00:00
2026-02-09 23:00:00,2026-02-09 17:00:00,0.0,0.1028,0.538,0.2111,T1,37.0,2,5.2433,4.975,0.95,0.0,2026-02-08 10:00:00
2026-02-10 00:00:00,2026-02-09 18:00:00,0.0,0.1519,0.6312,0.2347,T1,38.0,2,5.5967,2.725,0.7667,0.0,2026-02-08 10:00:00
2026-02-10 01:00:00,2026-02-09 19:00:00,0.0,0.1987,0.6774,0.2678,T1,39.0,2,6.05,2.55,1.0333,0.0,2026-02-08 10:00:00
2026-02-10 02:00:00,2026-02-09 20:00:00,0.0,0.2011,0.8008,0.3243,T1,40.0,2,6.53,2.885,1.2,0.0,2026-02-08 10:00:00
2026-02-10 03:00:00,2026-02-09 21:00:00,0.0197,0.2237,0.8265,0.3567,T1,41.0,2,7.1183,1.38,1.2167,0.0,2026-02-08 10:00:00
2026-02-10 04:00:00,2026-02-09 22:00:00,0.0,0.262,0.8939,0.519,T1,42.0,3,8.6533,5.8,0.8667,0.0,2026-02-08 10:00:00
2026-02-10 05:00:00,2026-02-09 23:00:00,0.0,0.2084,0.8166,0.4461,T1,43.0,3,8.195,4.955,0.4667,0.0,2026-02-08 10:00:00
2026-02-10 06:00:00,2026-02-10 00:00:00,0.0,0.0733,0.3856,0.2732,T1,44.0,3,6.1767,5.01,0.1,0.0,2026-02-08 10:00:00
2026-02-10 07:00:00,2026-02-10 01:00:00,0.0,0.0354,0.349,0.2111,T1,45.0,3,5.3117,6.855,-0.2,0.0,2026-02-08 10:00:00
2026-02-10 08:00:00,2026-02-10 02:00:00,0.0,0.1178,0.55,0.2936,T1,46.0,3,6.4017,5.085,0.1,0.0,2026-02-08 10:00:00
2026-02-10 09:00:00,2026-02-10 03:00:00,0.0,0.2087,0.8208,0.3725,T1,47.0,3,7.4117,2.41,1.5,0.0,2026-02-08 10:00:00
2026-02-10 10:00:00,2026-02-10 04:00:00,0.0,0.2,0.7822,0.3567,T1,48.0,3,7.0633,2.58,3.3667,0.0,2026-02-08 10:00:00
2026-02-08 11:00:00,2026-02-08 05:00:00,0.0,0.046,0.2509,0.1082,T2,1.0,1,3.2617,2.15,1.95,0.0,2026-02-08 10:00:00
2026-02-08 12:00:00,2026-02-08 06:00:00,0.0083,0.0088,0.0755,0.0619,T2,2.0,1,1.72,1.855,2.8833,0.0,2026-02-08 10:00:00
2026-02-08 13:00:00,2026-02-08 07:00:00,0.0069,0.0129,0.0641,0.0619,T2,3.0,1,1.6883,1.29,3.8333,0.0,2026-02-08 10:00:00
2026-02-08 14:00:00,2026-02-08 08:00:00,0.0,0.0593,0.216,0.1275,T2,4.0,1,3.655,3.69,4.4667,0.0,2026-02-08 10:00:00
2026-02-08 15:00:00,2026-02-08 09:00:00,0.0,0.4063,0.7542,0.3243,T2,5.0,1,6.7583,4.28,4.5333,0.0,2026-02-08 10:00:00
2026-02-08 16:00:00,2026-02-08 10:00:00,0.492,0.9601,0.97,0.6898,T2,6.0,1,10.225,3.975,3.95,0.0,2026-02-08 10:00:00
2026-02-08 17:00:00,2026-02-08 11:00:00,0.9162,0.97,0.97,0.8986,T2,7.0,1,13.315,3.02,2.6833,0.0,2026-02-08 10:00:00
2026-02-08 18:00:00,2026-02-08 12:00:00,0.9451,0.97,0.97,0.9486,T2,8.0,1,15.1517,1.735,1.3333,0.0,2026-02-08 10:00:00
2026-02-08 19:00:00,2026-02-08 13:00:00,0.9249,0.97,0.97,0.9539,T2,9.0,1,16.0067,2.925,0.45,0.0,2026-02-08 10:00:00
2026-02-08 20:00:00,2026-02-08 14:00:00,0.8757,0.9666,0.97,0.9539,T2,10.0,1,16.4567,3.83,-0.1,0.0,2026-02-08 10:00:00
2026-02-08 21:00:00,2026-02-08 15:00:00,0.8297,0.97,0.97,0.9539,T2,11.0,1,16.7783,4.29,-0.4167,0.0,2026-02-08 10:00:00
2026-02-08 22:00:00,2026-02-08 16:00:00,0.8072,0.97,0.97,0.9539,T2,12.0,1,16.9983,4.41,-0.5667,0.0,2026-02-08 10:00:00
2026-02-08 23:00:00,2026-02-08 17:00:00,0.7765,0.97,0.97,0.9539,T2,13.0,1,17.235,4.09,-0.75,0.0,2026-02-08 10:00:00
2026-02-09 00:00:00,2026-02-08 18:00:00,0.7771,0.97,0.97,0.9539,T2,14.0,1,17.59,3.91,-0.95,0.0,2026-02-08 10:00:00
2026-02-09 01:00:00,2026-02-08 19:00:00,0.77,0.97,0.97,0.97,T2,15.0,1,17.825,3.78,-1.0667,0.0,2026-02-08 10:00:00
2026-02-09 02:00:00,2026-02-08 20:00:00,0.7946,0.9624,0.97,0.97,T2,16.0,1,18.085,3.59,-1.2667,0.0,2026-02-08 10:00:00
2026-02-09 03:00:00,2026-02-08 21:00:00,0.7834,0.9501,0.97,0.97,T2,17.0,1,18.2967,3.57,-1.4667,0.0,2026-02-08 10:00:00
2026-02-09 04:00:00,2026-02-08 22:00:00,0.8384,0.9452,0.97,0.97,T2,18.0,2,18.6017,3.15,-1.5333,0.0,2026-02-08 10:00:00
2026-02-09 05:00:00,2026-02-08 23:00:00,0.8436,0.942,0.97,0.97,T2,19.0,2,18.7083,3.295,-1.5333,0.0,2026-02-08 10:00:00
2026-02-09 06:00:00,2026-02-09 00:00:00,0.8045,0.9228,0.97,0.97,T2,20.0,2,18.6367,3.785,-1.5,0.0,2026-02-08 10:00:00
2026-02-09 07:00:00,2026-02-09 01:00:00,0.7987,0.9449,0.97,0.97,T2,21.0,2,18.3417,4.23,-1.4833,0.0,2026-02-08 10:00:00
2026-02-09 08:00:00,2026-02-09 02:00:00,0.7574,0.9305,0.97,0.97,T2,22.0,2,17.8717,4.58,-1.1167,0.0,2026-02-08 10:00:00
2026-02-09 09:00:00,2026-02-09 03:00:00,0.7243,0.933,0.97,0.9539,T2,23.0,2,17.3533,4.92,0.0167,0.0,2026-02-08 10:00:00
2026-02-09 10:00:00,2026-02-09 04:00:00,0.7641,0.8709,0.97,0.9539,T2,24.0,2,17.0,5.81,1.6,0.0,2026-02-08 10:00:00
2026-02-09 11:00:00,2026-02-09 05:00:00,0.5951,0.9496,0.97,0.9539,T2,25.0,2,16.445,6.655,3.1667,0.0,2026-02-08 10:00:00
2026-02-09 12:00:00,2026-02-09 06:00:00,0.549,0.9345,0.97,0.9486,T2,26.0,2,15.75,6.905,4.5,0.0,2026-02-08 10:00:00
2026-02-09 13:00:00,2026-02-09 07:00:00,0.6476,0.9489,0.97,0.9486,T2,27.0,2,15.0733,7.215,5.5833,0.0,2026-02-08 10:00:00
2026-02-09 14:00:00,2026-02-09 08:00:00,0.8119,0.9521,0.97,0.9117,T2,28.0,2,14.4383,7.06,6.3167,0.0,2026-02-08 10:00:00
2026-02-09 15:00:00,2026-02-09 09:00:00,0.8646,0.9557,0.97,0.8986,T2,29.0,2,13.6617,6.025,6.3833,0.0,2026-02-08 10:00:00
2026-02-09 16:00:00,2026-02-09 10:00:00,0.7993,0.9398,0.9641,0.8794,T2,30.0,2,12.92,4.225,5.85,0.0,2026-02-08 10:00:00
2026-02-09 17:00:00,2026-02-09 11:00:00,0.3503,0.8443,0.9645,0.8291,T2,31.0,2,12.465,2.375,4.9,0.0,2026-02-08 10:00:00
2026-02-09 18:00:00,2026-02-09 12:00:00,0.3311,0.5641,0.9633,0.7831,T2,32.0,2,11.69,4.34,3.75,0.0,2026-02-08 10:00:00
2026-02-09 19:00:00,2026-02-09 13:00:00,0.078,0.6815,0.957,0.73,T2,33.0,2,10.61,6.34,2.95,0.0,2026-02-08 10:00:00
2026-02-09 20:00:00,2026-02-09 14:00:00,0.0,0.593,0.9309,0.5984,T2,34.0,2,9.455,7.125,2.5667,0.0,2026-02-08 10:00:00
2026-02-09 21:00:00,2026-02-09 15:00:00,0.0,0.4618,0.8237,0.4253,T2,35.0,2,7.9733,6.33,2.1833,0.0,2026-02-08 10:00:00
2026-02-09 22:00:00,2026-02-09 16:00:00,0.0,0.2195,0.5875,0.2732,T2,36.0,2,6.1467,6.68,1.6167,0.0,2026-02-08 10:00:00
2026-02-09 23:00:00,2026-02-09 17:00:00,0.0,0.1116,0.5379,0.2111,T2,37.0,2,5.2433,4.975,0.95,0.0,2026-02-08 10:00:00
2026-02-10 00:00:00,2026-02-09 18:00:00,0.0,0.1545,0.6312,0.2347,T2,38.0,2,5.5967,2.725,0.7667,0.0,2026-02-08 10:00:00
2026-02-10 01:00:00,2026-02-09 19:00:00,0.0,0.2069,0.6773,0.2678,T2,39.0,2,6.05,2.55,1.0333,0.0,2026-02-08 10:00:00
2026-02-10 02:00:00,2026-02-09 20:00:00,0.0,0.2031,0.8009,0.3243,T2,40.0,2,6.53,2.885,1.2,0.0,2026-02-08 10:00:00
2026-02-10 03:00:00,2026-02-09 21:00:00,0.0,0.2248,0.8266,0.3567,T2,41.0,2,7.1183,1.38,1.2167,0.0,2026-02-08 10:00:00
2026-02-10 04:00:00,2026-02-09 22:00:00,0.0,0.264,0.8882,0.519,T2,42.0,3,8.6533,5.8,0.8667,0.0,2026-02-08 10:00:00
2026-02-10 05:00:00,2026-02-09 23:00:00,0.0,0.2104,0.8151,0.4461,T2,43.0,3,8.195,4.955,0.4667,0.0,2026-02-08 10:00:00
2026-02-10 06:00:00,2026-02-10 00:00:00,0.0,0.0753,0.3855,0.2732,T2,44.0,3,6.1767,5.01,0.1,0.0,2026-02-08 10:00:00
2026-02-10 07:00:00,2026-02-10 01:00:00,0.0,0.0342,0.349,0.2111,T2,45.0,3,5.3117,6.855,-0.2,0.0,2026-02-08 10:00:00
2026-02-10 08:00:00,2026-02-10 02:00:00,0.0,0.1171,0.55,0.2936,T2,46.0,3,6.4017,5.085,0.1,0.0,2026-02-08 10:00:00
2026-02-10 09:00:00,2026-02-10 03:00:00,0.0,0.208,0.8208,0.3725,T2,47.0,3,7.4117,2.41,1.5,0.0,2026-02-08 10:00:00
2026-02-10 10:00:00,2026-02-10 04:00:00,0.0,0.1993,0.7822,0.3567,T2,48.0,3,7.0633,2.58,3.3667,0.0,2026-02-08 10:00:00
2026-02-08 11:00:00,2026-02-08 05:00:00,0.0,0.0466,0.2509,0.1082,ВЭС,1.0,1,3.2617,2.15,1.95,0.0,2026-02-08 10:00:00
2026-02-08 12:00:00,2026-02-08 06:00:00,0.0088,0.0094,0.0755,0.0619,ВЭС,2.0,1,1.72,1.855,2.8833,0.0,2026-02-08 10:00:00
2026-02-08 13:00:00,2026-02-08 07:00:00,0.008,0.0126,0.0641,0.0619,ВЭС,3.0,1,1.6883,1.29,3.8333,0.0,2026-02-08 10:00:00
2026-02-08 14:00:00,2026-02-08 08:00:00,0.0,0.0528,0.216,0.1275,ВЭС,4.0,1,3.655,3.69,4.4667,0.0,2026-02-08 10:00:00
2026-02-08 15:00:00,2026-02-08 09:00:00,0.0184,0.3996,0.7542,0.3243,ВЭС,5.0,1,6.7583,4.28,4.5333,0.0,2026-02-08 10:00:00
2026-02-08 16:00:00,2026-02-08 10:00:00,0.4989,0.9593,0.98,0.6898,ВЭС,6.0,1,10.225,3.975,3.95,0.0,2026-02-08 10:00:00
2026-02-08 17:00:00,2026-02-08 11:00:00,0.9519,0.98,0.98,0.8986,ВЭС,7.0,1,13.315,3.02,2.6833,0.0,2026-02-08 10:00:00
2026-02-08 18:00:00,2026-02-08 12:00:00,0.9673,0.98,0.98,0.9486,ВЭС,8.0,1,15.1517,1.735,1.3333,0.0,2026-02-08 10:00:00
2026-02-08 19:00:00,2026-02-08 13:00:00,0.9528,0.979,0.98,0.9539,ВЭС,9.0,1,16.0067,2.925,0.45,0.0,2026-02-08 10:00:00
2026-02-08 20:00:00,2026-02-08 14:00:00,0.8906,0.9709,0.98,0.9539,ВЭС,10.0,1,16.4567,3.83,-0.1,0.0,2026-02-08 10:00:00
2026-02-08 21:00:00,2026-02-08 15:00:00,0.8589,0.9779,0.98,0.9539,ВЭС,11.0,1,16.7783,4.29,-0.4167,0.0,2026-02-08 10:00:00
2026-02-08 22:00:00,2026-02-08 16:00:00,0.8436,0.9779,0.98,0.9539,ВЭС,12.0,1,16.9983,4.41,-0.5667,0.0,2026-02-08 10:00:00
2026-02-08 23:00:00,2026-02-08 17:00:00,0.8238,0.9781,0.98,0.9539,ВЭС,13.0,1,17.235,4.09,-0.75,0.0,2026-02-08 10:00:00
2026-02-09 00:00:00,2026-02-08 18:00:00,0.8251,0.9796,0.98,0.9539,ВЭС,14.0,1,17.59,3.91,-0.95,0.0,2026-02-08 10:00:00
2026-02-09 01:00:00,2026-02-08 19:00:00,0.8186,0.9753,0.98,0.974,ВЭС,15.0,1,17.825,3.78,-1.0667,0.0,2026-02-08 10:00:00
2026-02-09 02:00:00,2026-02-08 20:00:00,0.8316,0.9677,0.98,0.974,ВЭС,16.0,1,18.085,3.59,-1.2667,0.0,2026-02-08 10:00:00
2026-02-09 03:00:00,2026-02-08 21:00:00,0.8354,0.9554,0.98,0.974,ВЭС,17.0,1,18.2967,3.57,-1.4667,0.0,2026-02-08 10:00:00
2026-02-09 04:00:00,2026-02-08 22:00:00,0.883,0.9505,0.98,0.9775,ВЭС,18.0,2,18.6017,3.15,-1.5333,0.0,2026-02-08 10:00:00
2026-02-09 05:00:00,2026-02-08 23:00:00,0.889,0.9467,0.98,0.9777,ВЭС,19.0,2,18.7083,3.295,-1.5333,0.0,2026-02-08 10:00:00
2026-02-09 06:00:00,2026-02-09 00:00:00,0.8478,0.9272,0.98,0.9775,ВЭС,20.0,2,18.6367,3.785,-1.5,0.0,2026-02-08 10:00:00
2026-02-09 07:00:00,2026-02-09 01:00:00,0.8642,0.9498,0.98,0.974,ВЭС,21.0,2,18.3417,4.23,-1.4833,0.0,2026-02-08 10:00:00
2026-02-09 08:00:00,2026-02-09 02:00:00,0.8117,0.9353,0.98,0.974,ВЭС,22.0,2,17.8717,4.58,-1.1167,0.0,2026-02-08 10:00:00
2026-02-09 09:00:00,2026-02-09 03:00:00,0.7919,0.9349,0.98,0.9539,ВЭС,23.0,2,17.3533,4.92,0.0167,0.0,2026-02-08 10:00:00
2026-02-09 10:00:00,2026-02-09 04:00:00,0.8144,0.8888,0.98,0.9539,ВЭС,24.0,2,17.0,5.81,1.6,0.0,2026-02-08 10:00:00
2026-02-09 11:00:00,2026-02-09 05:00:00,0.706,0.9535,0.98,0.9539,ВЭС,25.0,2,16.445,6.655,3.1667,0.0,2026-02-08 10:00:00
2026-02-09 12:00:00,2026-02-09 06:00:00,0.6979,0.9376,0.98,0.9486,ВЭС,26.0,2,15.75,6.905,4.5,0.0,2026-02-08 10:00:00
2026-02-09 13:00:00,2026-02-09 07:00:00,0.7414,0.952,0.98,0.9486,ВЭС,27.0,2,15.0733,7.215,5.5833,0.0,2026-02-08 10:00:00
2026-02-09 14:00:00,2026-02-09 08:00:00,0.8354,0.9561,0.98,0.9117,ВЭС,28.0,2,14.4383,7.06,6.3167,0.0,2026-02-08 10:00:00
2026-02-09 15:00:00,2026-02-09 09:00:00,0.8522,0.9591,0.98,0.8986,ВЭС,29.0,2,13.6617,6.025,6.3833,0.0,2026-02-08 10:00:00
2026-02-09 16:00:00,2026-02-09 10:00:00,0.7631,0.9409,0.9722,0.8794,ВЭС,30.0,2,12.92,4.225,5.85,0.0,2026-02-08 10:00:00
2026-02-09 17:00:00,2026-02-09 11:00:00,0.3389,0.8459,0.9715,0.8291,ВЭС,31.0,2,12.465,2.375,4.9,0.0,2026-02-08 10:00:00
2026-02-09 18:00:00,2026-02-09 12:00:00,0.3524,0.5685,0.9666,0.7831,ВЭС,32.0,2,11.69,4.34,3.75,0.0,2026-02-08 10:00:00
2026-02-09 19:00:00,2026-02-09 13:00:00,0.112,0.6905,0.9598,0.73,ВЭС,33.0,2,10.61,6.34,2.95,0.0,2026-02-08 10:00:00
2026-02-09 20:00:00,2026-02-09 14:00:00,0.0,0.5993,0.9342,0.5984,ВЭС,34.0,2,9.455,7.125,2.5667,0.0,2026-02-08 10:00:00
2026-02-09 21:00:00,2026-02-09 15:00:00,0.0,0.4687,0.8254,0.4253,ВЭС,35.0,2,7.9733,6.33,2.1833,0.0,2026-02-08 10:00:00
2026-02-09 22:00:00,2026-02-09 16:00:00,0.0,0.2214,0.587,0.2732,ВЭС,36.0,2,6.1467,6.68,1.6167,0.0,2026-02-08 10:00:00
2026-02-09 23:00:00,2026-02-09 17:00:00,0.0,0.1072,0.5379,0.2111,ВЭС,37.0,2,5.2433,4.975,0.95,0.0,2026-02-08 10:00:00
2026-02-10 00:00:00,2026-02-09 18:00:00,0.0,0.1532,0.6312,0.2347,ВЭС,38.0,2,5.5967,2.725,0.7667,0.0,2026-02-08 10:00:00
2026-02-10 01:00:00,2026-02-09 19:00:00,0.0,0.2028,0.6773,0.2678,ВЭС,39.0,2,6.05,2.55,1.0333,0.0,2026-02-08 10:00:00
2026-02-10 02:00:00,2026-02-09 20:00:00,0.0,0.2021,0.8009,0.3243,ВЭС,40.0,2,6.53,2.885,1.2,0.0,2026-02-08 10:00:00
2026-02-10 03:00:00,2026-02-09 21:00:00,0.0098,0.2242,0.8266,0.3567,ВЭС,41.0,2,7.1183,1.38,1.2167,0.0,2026-02-08 10:00:00
2026-02-10 04:00:00,2026-02-09 22:00:00,0.0,0.263,0.8911,0.519,ВЭС,42.0,3,8.6533,5.8,0.8667,0.0,2026-02-08 10:00:00
2026-02-10 05:00:00,2026-02-09 23:00:00,0.0,0.2094,0.8158,0.4461,ВЭС,43.0,3,8.195,4.955,0.4667,0.0,2026-02-08 10:00:00
2026-02-10 06:00:00,2026-02-10 00:00:00,0.0,0.0743,0.3856,0.2732,ВЭС,44.0,3,6.1767,5.01,0.1,0.0,2026-02-08 10:00:00
2026-02-10 07:00:00,2026-02-10 01:00:00,0.0,0.0348,0.349,0.2111,ВЭС,45.0,3,5.3117,6.855,-0.2,0.0,2026-02-08 10:00:00
2026-02-10 08:00:00,2026-02-10 02:00:00,0.0,0.1174,0.55,0.2936,ВЭС,46.0,3,6.4017,5.085,0.1,0.0,2026-02-08 10:00:00
2026-02-10 09:00:00,2026-02-10 03:00:00,0.0,0.2083,0.8208,0.3725,ВЭС,47.0,3,7.4117,2.41,1.5,0.0,2026-02-08 10:00:00
2026-02-10 10:00:00,2026-02-10 04:00:00,0.0,0.1997,0.7822,0.3567,ВЭС,48.0,3,7.0633,2.58,3.3667,0.0,2026-02-08 10:00:00
2026-02-08 23:00:00,2026-02-08 17:00:00,0.8711,0.9862,0.99,0.9539,T1,1.0,1,17.235,4.09,-0.75,0.0,2026-02-08 22:00:00
2026-02-09 00:00:00,2026-02-08 18:00:00,0.8732,0.9891,0.99,0.9539,T1,2.0,1,17.59,3.91,-0.95,0.0,2026-02-08 22:00:00
2026-02-09 01:00:00,2026-02-08 19:00:00,0.8672,0.9806,0.99,0.978,T1,3.0,1,17.825,3.78,-1.0667,0.0,2026-02-08 22:00:00
2026-02-09 02:00:00,2026-02-08 20:00:00,0.8686,0.973,0.99,0.978,T1,4.0,1,18.085,3.59,-1.2667,0.0,2026-02-08 22:00:00
2026-02-09 03:00:00,2026-02-08 21:00:00,0.8875,0.9608,0.99,0.978,T1,5.0,1,18.2967,3.57,-1.4667,0.0,2026-02-08 22:00:00
2026-02-09 04:00:00,2026-02-08 22:00:00,0.8767,0.9601,0.99,0.978,T1,6.0,1,18.3417,3.46,-1.5333,0.0,2026-02-08 22:00:00
2026-02-09 05:00:00,2026-02-08 23:00:00,0.8532,0.9344,0.99,0.978,T1,7.0,1,18.2217,3.34,-1.5833,0.0,2026-02-08 22:00:00
2026-02-09 06:00:00,2026-02-09 00:00:00,0.8666,0.9395,0.99,0.9539,T1,8.0,1,17.7267,3.185,-1.65,0.0,2026-02-08 22:00:00
2026-02-09 07:00:00,2026-02-09 01:00:00,0.8607,0.9437,0.99,0.9539,T1,9.0,1,17.2,3.035,-1.65,0.0,2026-02-08 22:00:00
2026-02-09 08:00:00,2026-02-09 02:00:00,0.8407,0.9431,0.99,0.9539,T1,10.0,1,16.815,3.35,-1.2667,0.0,2026-02-08 22:00:00
2026-02-09 09:00:00,2026-02-09 03:00:00,0.861,0.9292,0.99,0.9539,T1,11.0,1,16.4117,4.03,-0.0333,0.0,2026-02-08 22:00:00
2026-02-09 10:00:00,2026-02-09 04:00:00,0.8525,0.9295,0.99,0.9539,T1,12.0,1,16.09,4.755,1.8,0.0,2026-02-08 22:00:00
2026-02-09 11:00:00,2026-02-09 05:00:00,0.7867,0.9412,0.99,0.9486,T1,13.0,1,15.7133,5.55,3.3833,0.0,2026-02-08 22:00:00
2026-02-09 12:00:00,2026-02-09 06:00:00,0.8577,0.9562,0.99,0.9486,T1,14.0,1,15.3717,6.22,4.6833,0.0,2026-02-08 22:00:00
2026-02-09 13:00:00,2026-02-09 07:00:00,0.9161,0.9571,0.99,0.9486,T1,15.0,1,15.085,6.0,5.8,0.0,2026-02-08 22:00:00
2026-02-09 14:00:00,2026-02-09 08:00:00,0.9312,0.9654,0.99,0.9162,T1,16.0,1,14.53,5.46,6.3333,0.0,2026-02-08 22:00:00
2026-02-09 15:00:00,2026-02-09 09:00:00,0.8653,0.9425,0.99,0.8986,T1,17.0,1,13.9667,5.38,6.4,0.0,2026-02-08 22:00:00
2026-02-09 16:00:00,2026-02-09 10:00:00,0.7269,0.9421,0.9804,0.8794,T1,18.0,2,12.92,4.225,5.85,0.0,2026-02-08 22:00:00
2026-02-09 17:00:00,2026-02-09 11:00:00,0.3274,0.8475,0.9785,0.8291,T1,19.0,2,12.465,2.375,4.9,0.0,2026-02-08 22:00:00
2026-02-09 18:00:00,2026-02-09 12:00:00,0.3738,0.5728,0.97,0.7831,T1,20.0,2,11.69,4.34,3.75,0.0,2026-02-08 22:00:00
2026-02-09 19:00:00,2026-02-09 13:00:00,0.146,0.6995,0.9627,0.73,T1,21.0,2,10.61,6.34,2.95,0.0,2026-02-08 22:00:00
2026-02-09 20:00:00,2026-02-09 14:00:00,0.0,0.6057,0.9374,0.5984,T1,22.0,2,9.455,7.125,2.5667,0.0,2026-02-08 22:00:00
2026-02-09 21:00:00,2026-02-09 15:00:00,0.0,0.4756,0.8272,0.4253,T1,23.0,2,7.9733,6.33,2.1833,0.0,2026-02-08 22:00:00
2026-02-09 22:00:00,2026-02-09 16:00:00,0.0,0.2233,0.5865,0.2732,T1,24.0,2,6.1467,6.68,1.6167,0.0,2026-02-08 22:00:00
2026-02-09 23:00:00,2026-02-09 17:00:00,0.0,0.1028,0.538,0.2111,T1,25.0,2,5.2433,4.975,0.95,0.0,2026-02-08 22:00:00
2026-02-10 00:00:00,2026-02-09 18:00:00,0.0,0.1519,0.6312,0.2347,T1,26.0,2,5.5967,2.725,0.7667,0.0,2026-02-08 22:00:00
2026-02-10 01:00:00,2026-02-09 19:00:00,0.0,0.1987,0.6774,0.2678,T1,27.0,2,6.05,2.55,1.0333,0.0,2026-02-08 22:00:00
2026-02-10 02:00:00,2026-02-09 20:00:00,0.0,0.2011,0.8008,0.3243,T1,28.0,2,6.53,2.885,1.2,0.0,2026-02-08 22:00:00
2026-02-10 03:00:00,2026-02-09 21:00:00,0.0197,0.2237,0.8265,0.3567,T1,29.0,2,7.1183,1.38,1.2167,0.0,2026-02-08 22:00:00
2026-02-10 04:00:00,2026-02-09 22:00:00,0.0264,0.2198,0.7868,0.3725,T1,30.0,2,7.4417,1.365,1.0167,0.0,2026-02-08 22:00:00
2026-02-10 05:00:00,2026-02-09 23:00:00,0.0,0.1198,0.5941,0.3379,T1,31.0,2,6.9117,4.23,0.6667,0.0,2026-02-08 22:00:00
2026-02-10 06:00:00,2026-02-10 00:00:00,0.0,0.1491,0.7125,0.4212,T1,32.0,2,7.8283,3.84,0.5333,0.0,2026-02-08 22:00:00
2026-02-10 07:00:00,2026-02-10 01:00:00,0.0,0.178,0.8058,0.4601,T1,33.0,2,8.3617,8.945,0.4333,0.0,2026-02-08 22:00:00
2026-02-10 08:00:00,2026-02-10 02:00:00,0.0,0.1285,0.6383,0.3725,T1,34.0,2,7.1883,7.42,0.75,0.0,2026-02-08 22:00:00
2026-02-10 09:00:00,2026-02-10 03:00:00,0.0,0.1342,0.6935,0.331,T1,35.0,2,6.8033,5.225,1.8667,0.0,2026-02-08 22:00:00
2026-02-10 10:00:00,2026-02-10 04:00:00,0.0,0.1473,0.6951,0.2938,T1,36.0,2,6.4883,5.06,3.5667,0.0,2026-02-08 22:00:00
2026-02-10 11:00:00,2026-02-10 05:00:00,0.0,0.1595,0.622,0.2678,T1,37.0,2,6.0433,5.29,5.45,0.0,2026-02-08 22:00:00
2026-02-10 12:00:00,2026-02-10 06:00:00,0.0,0.1788,0.6106,0.2678,T1,38.0,2,6.0067,4.545,7.1,0.0,2026-02-08 22:00:00
2026-02-10 13:00:00,2026-02-10 07:00:00,0.0,0.2546,0.7417,0.3243,T1,39.0,2,6.575,2.61,8.2,0.0,2026-02-08 22:00:00
2026-02-10 14:00:00,2026-02-10 08:00:00,0.0,0.3008,0.7949,0.3567,T1,40.0,2,7.1733,2.655,8.9167,0.0,2026-02-08 22:00:00
2026-02-10 15:00:00,2026-02-10 09:00:00,0.0,0.2926,0.8143,0.3567,T1,41.0,2,7.2233,4.475,9.0667,0.0,2026-02-08 22:00:00
2026-02-10 16:00:00,2026-02-10 10:00:00,0.0,0.092,0.6347,0.1964,T1,42.0,3,5.045,4.64,7.65,0.0,2026-02-08 22:00:00
2026-02-10 17:00:00,2026-02-10 11:00:00,0.0,0.0963,0.5753,0.1566,T1,43.0,3,4.455,5.91,6.55,0.0,2026-02-08 22:00:00
2026-02-10 18:00:00,2026-02-10 12:00:00,0.0,0.0752,0.5303,0.1275,T1,44.0,3,3.68,7.02,5.4833,0.0,2026-02-08 22:00:00
2026-02-10 19:00:00,2026-02-10 13:00:00,0.0,0.1037,0.5478,0.1381,T1,45.0,3,3.9533,5.745,4.7667,0.0,2026-02-08 22:00:00
2026-02-10 20:00:00,2026-02-10 14:00:00,0.0,0.2385,0.7963,0.2347,T1,46.0,3,5.52,8.745,4.1167,0.0,2026-02-08 22:00:00
2026-02-10 21:00:00,2026-02-10 15:00:00,0.0,0.3207,0.9109,0.3243,T1,47.0,3,6.7433,10.535,3.6833,0.0,2026-02-08 22:00:00
2026-02-10 22:00:00,2026-02-10 16:00:00,0.0,0.449,0.97,0.4212,T1,48.0,3,7.815,12.675,3.2,0.0,2026-02-08 22:00:00
2026-02-08 23:00:00,2026-02-08 17:00:00,0.7765,0.97,0.97,0.9539,T2,1.0,1,17.235,4.09,-0.75,0.0,2026-02-08 22:00:00
2026-02-09 00:00:00,2026-02-08 18:00:00,0.7771,0.97,0.97,0.9539,T2,2.0,1,17.59,3.91,-0.95,0.0,2026-02-08 22:00:00
2026-02-09 01:00:00,2026-02-08 19:00:00,0.77,0.97,0.97,0.97,T2,3.0,1,17.825,3.78,-1.0667,0.0,2026-02-08 22:00:00
2026-02-09 02:00:00,2026-02-08 20:00:00,0.7946,0.9624,0.97,0.97,T2,4.0,1,18.085,3.59,-1.2667,0.0,2026-02-08 22:00:00
2026-02-09 03:00:00,2026-02-08 21:00:00,0.7834,0.9501,0.97,0.97,T2,5.0,1,18.2967,3.57,-1.4667,0.0,2026-02-08 22:00:00
2026-02-09 04:00:00,2026-02-08 22:00:00,0.7394,0.9504,0.97,0.97,T2,6.0,1,18.3417,3.46,-1.5333,0.0,2026-02-08 22:00:00
2026-02-09 05:00:00,2026-02-08 23:00:00,0.7654,0.9256,0.97,0.97,T2,7.0,1,18.2217,3.34,-1.5833,0.0,2026-02-08 22:00:00
2026-02-09 06:00:00,2026-02-09 00:00:00,0.7612,0.9304,0.97,0.9539,T2,8.0,1,17.7267,3.185,-1.65,0.0,2026-02-08 22:00:00
2026-02-09 07:00:00,2026-02-09 01:00:00,0.7286,0.9389,0.97,0.9539,T2,9.0,1,17.2,3.035,-1.65,0.0,2026-02-08 22:00:00
2026-02-09 08:00:00,2026-02-09 02:00:00,0.6656,0.9378,0.97,0.9539,T2,10.0,1,16.815,3.35,-1.2667,0.0,2026-02-08 22:00:00
2026-02-09 09:00:00,2026-02-09 03:00:00,0.6701,0.9234,0.97,0.9539,T2,11.0,1,16.4117,4.03,-0.0333,0.0,2026-02-08 22:00:00
2026-02-09 10:00:00,2026-02-09 04:00:00,0.7007,0.9245,0.97,0.9539,T2,12.0,1,16.09,4.755,1.8,0.0,2026-02-08 22:00:00
2026-02-09 11:00:00,2026-02-09 05:00:00,0.5796,0.9334,0.97,0.9486,T2,13.0,1,15.7133,5.55,3.3833,0.0,2026-02-08 22:00:00
2026-02-09 12:00:00,2026-02-09 06:00:00,0.5763,0.9481,0.97,0.9486,T2,14.0,1,15.3717,6.22,4.6833,0.0,2026-02-08 22:00:00
2026-02-09 13:00:00,2026-02-09 07:00:00,0.7441,0.9492,0.97,0.9486,T2,15.0,1,15.085,6.0,5.8,0.0,2026-02-08 22:00:00
2026-02-09 14:00:00,2026-02-09 08:00:00,0.8056,0.9517,0.97,0.9162,T2,16.0,1,14.53,5.46,6.3333,0.0,2026-02-08 22:00:00
2026-02-09 15:00:00,2026-02-09 09:00:00,0.8426,0.9343,0.97,0.8986,T2,17.0,1,13.9667,5.38,6.4,0.0,2026-02-08 22:00:00
2026-02-09 16:00:00,2026-02-09 10:00:00,0.7993,0.9398,0.9641,0.8794,T2,18.0,2,12.92,4.225,5.85,0.0,2026-02-08 22:00:00
2026-02-09 17:00:00,2026-02-09 11:00:00,0.3503,0.8443,0.9645,0.8291,T2,19.0,2,12.465,2.375,4.9,0.0,2026-02-08 22:00:00
2026-02-09 18:00:00,2026-02-09 12:00:00,0.3311,0.5641,0.9633,0.7831,T2,20.0,2,11.69,4.34,3.75,0.0,2026-02-08 22:00:00
2026-02-09 19:00:00,2026-02-09 13:00:00,0.078,0.6815,0.957,0.73,T2,21.0,2,10.61,6.34,2.95,0.0,2026-02-08 22:00:00
2026-02-09 20:00:00,2026-02-09 14:00:00,0.0,0.593,0.9309,0.5984,T2,22.0,2,9.455,7.125,2.5667,0.0,2026-02-08 22:00:00
2026-02-09 21:00:00,2026-02-09 15:00:00,0.0,0.4618,0.8237,0.4253,T2,23.0,2,7.9733,6.33,2.1833,0.0,2026-02-08 22:00:00
2026-02-09 22:00:00,2026-02-09 16:00:00,0.0,0.2195,0.5875,0.2732,T2,24.0,2,6.1467,6.68,1.6167,0.0,2026-02-08 22:00:00
2026-02-09 23:00:00,2026-02-09 17:00:00,0.0,0.1116,0.5379,0.2111,T2,25.0,2,5.2433,4.975,0.95,0.0,2026-02-08 22:00:00
2026-02-10 00:00:00,2026-02-09 18:00:00,0.0,0.1545,0.6312,0.2347,T2,26.0,2,5.5967,2.725,0.7667,0.0,2026-02-08 22:00:00
2026-02-10 01:00:00,2026-02-09 19:00:00,0.0,0.2069,0.6773,0.2678,T2,27.0,2,6.05,2.55,1.0333,0.0,2026-02-08 22:00:00
2026-02-10 02:00:00,2026-02-09 20:00:00,0.0,0.2031,0.8009,0.3243,T2,28.0,2,6.53,2.885,1.2,0.0,2026-02-08 22:00:00
2026-02-10 03:00:00,2026-02-09 21:00:00,0.0,0.2248,0.8266,0.3567,T2,29.0,2,7.1183,1.38,1.2167,0.0,2026-02-08 22:00:00
2026-02-10 04:00:00,2026-02-09 22:00:00,0.0019,0.2209,0.7868,0.3725,T2,30.0,2,7.4417,1.365,1.0167,0.0,2026-02-08 22:00:00
2026-02-10 05:00:00,2026-02-09 23:00:00,0.0,0.1271,0.5941,0.3379,T2,31.0,2,6.9117,4.23,0.6667,0.0,2026-02-08 22:00:00
2026-02-10 06:00:00,2026-02-10 00:00:00,0.0,0.1489,0.7125,0.4212,T2,32.0,2,7.8283,3.84,0.5333,0.0,2026-02-08 22:00:00
2026-02-10 07:00:00,2026-02-10 01:00:00,0.0,0.1772,0.8009,0.4601,T2,33.0,2,8.3617,8.945,0.4333,0.0,2026-02-08 22:00:00
2026-02-10 08:00:00,2026-02-10 02:00:00,0.0,0.1289,0.6382,0.3725,T2,34.0,2,7.1883,7.42,0.75,0.0,2026-02-08 22:00:00
2026-02-10 09:00:00,2026-02-10 03:00:00,0.0,0.1336,0.6935,0.331,T2,35.0,2,6.8033,5.225,1.8667,0.0,2026-02-08 22:00:00
2026-02-10 10:00:00,2026-02-10 04:00:00,0.0,0.1466,0.6951,0.2938,T2,36.0,2,6.4883,5.06,3.5667,0.0,2026-02-08 22:00:00
2026-02-10 11:00:00,2026-02-10 05:00:00,0.0,0.1478,0.622,0.2678,T2,37.0,2,6.0433,5.29,5.45,0.0,2026-02-08 22:00:00
2026-02-10 12:00:00,2026-02-10 06:00:00,0.0,0.1677,0.6106,0.2678,T2,38.0,2,6.0067,4.545,7.1,0.0,2026-02-08 22:00:00
2026-02-10 13:00:00,2026-02-10 07:00:00,0.0,0.2548,0.7417,0.3243,T2,39.0,2,6.575,2.61,8.2,0.0,2026-02-08 22:00:00
2026-02-10 14:00:00,2026-02-10 08:00:00,0.0,0.2998,0.7949,0.3567,T2,40.0,2,7.1733,2.655,8.9167,0.0,2026-02-08 22:00:00
2026-02-10 15:00:00,2026-02-10 09:00:00,0.0,0.2923,0.8142,0.3567,T2,41.0,2,7.2233,4.475,9.0667,0.0,2026-02-08 22:00:00
2026-02-10 16:00:00,2026-02-10 10:00:00,0.0,0.0917,0.6347,0.1964,T2,42.0,3,5.045,4.64,7.65,0.0,2026-02-08 22:00:00
2026-02-10 17:00:00,2026-02-10 11:00:00,0.0,0.0959,0.5753,0.1566,T2,43.0,3,4.455,5.91,6.55,0.0,2026-02-08 22:00:00
2026-02-10 18:00:00,2026-02-10 12:00:00,0.0,0.0746,0.5303,0.1275,T2,44.0,3,3.68,7.02,5.4833,0.0,2026-02-08 22:00:00
2026-02-10 19:00:00,2026-02-10 13:00:00,0.0,0.103,0.5478,0.1381,T2,45.0,3,3.9533,5.745,4.7667,0.0,2026-02-08 22:00:00
2026-02-10 20:00:00,2026-02-10 14:00:00,0.0,0.24,0.796,0.2347,T2,46.0,3,5.52,8.745,4.1167,0.0,2026-02-08 22:00:00
2026-02-10 21:00:00,2026-02-10 15:00:00,0.0,0.3223,0.9052,0.3243,T2,47.0,3,6.7433,10.535,3.6833,0.0,2026-02-08 22:00:00
2026-02-10 22:00:00,2026-02-10 16:00:00,0.0,0.4519,0.9638,0.4212,T2,48.0,3,7.815,12.675,3.2,0.0,2026-02-08 22:00:00
2026-02-08 23:00:00,2026-02-08 17:00:00,0.8238,0.9781,0.98,0.9539,ВЭС,1.0,1,17.235,4.09,-0.75,0.0,2026-02-08 22:00:00
2026-02-09 00:00:00,2026-02-08 18:00:00,0.8251,0.9796,0.98,0.9539,ВЭС,2.0,1,17.59,3.91,-0.95,0.0,2026-02-08 22:00:00
2026-02-09 01:00:00,2026-02-08 19:00:00,0.8186,0.9753,0.98,0.974,ВЭС,3.0,1,17.825,3.78,-1.0667,0.0,2026-02-08 22:00:00
2026-02-09 02:00:00,2026-02-08 20:00:00,0.8316,0.9677,0.98,0.974,ВЭС,4.0,1,18.085,3.59,-1.2667,0.0,2026-02-08 22:00:00
2026-02-09 03:00:00,2026-02-08 21:00:00,0.8354,0.9554,0.98,0.974,ВЭС,5.0,1,18.2967,3.57,-1.4667,0.0,2026-02-08 22:00:00
2026-02-09 04:00:00,2026-02-08 22:00:00,0.808,0.9553,0.98,0.974,ВЭС,6.0,1,18.3417,3.46,-1.5333,0.0,2026-02-08 22:00:00
2026-02-09 05:00:00,2026-02-08 23:00:00,0.8093,0.93,0.98,0.974,ВЭС,7.0,1,18.2217,3.34,-1.5833,0.0,2026-02-08 22:00:00
2026-02-09 06:00:00,2026-02-09 00:00:00,0.8139,0.9349,0.98,0.9539,ВЭС,8.0,1,17.7267,3.185,-1.65,0.0,2026-02-08 22:00:00
2026-02-09 07:00:00,2026-02-09 01:00:00,0.7946,0.9413,0.98,0.9539,ВЭС,9.0,1,17.2,3.035,-1.65,0.0,2026-02-08 22:00:00
2026-02-09 08:00:00,2026-02-09 02:00:00,0.7532,0.9404,0.98,0.9539,ВЭС,10.0,1,16.815,3.35,-1.2667,0.0,2026-02-08 22:00:00
2026-02-09 09:00:00,2026-02-09 03:00:00,0.7655,0.9263,0.98,0.9539,ВЭС,11.0,1,16.4117,4.03,-0.0333,0.0,2026-02-08 22:00:00
2026-02-09 10:00:00,2026-02-09 04:00:00,0.7766,0.927,0.98,0.9539,ВЭС,12.0,1,16.09,4.755,1.8,0.0,2026-02-08 22:00:00
2026-02-09 11:00:00,2026-02-09 05:00:00,0.6832,0.9373,0.98,0.9486,ВЭС,13.0,1,15.7133,5.55,3.3833,0.0,2026-02-08 22:00:00
2026-02-09 12:00:00,2026-02-09 06:00:00,0.717,0.9521,0.98,0.9486,ВЭС,14.0,1,15.3717,6.22,4.6833,0.0,2026-02-08 22:00:00
2026-02-09 13:00:00,2026-02-09 07:00:00,0.8301,0.9532,0.98,0.9486,ВЭС,15.0,1,15.085,6.0,5.8,0.0,2026-02-08 22:00:00
2026-02-09 14:00:00,2026-02-09 08:00:00,0.8684,0.9586,0.98,0.9162,ВЭС,16.0,1,14.53,5.46,6.3333,0.0,2026-02-08 22:00:00
2026-02-09 15:00:00,2026-02-09 09:00:00,0.8539,0.9384,0.98,0.8986,ВЭС,17.0,1,13.9667,5.38,6.4,0.0,2026-02-08 22:00:00
2026-02-09 16:00:00,2026-02-09 10:00:00,0.7631,0.9409,0.9722,0.8794,ВЭС,18.0,2,12.92,4.225,5.85,0.0,2026-02-08 22:00:00
2026-02-09 17:00:00,2026-02-09 11:00:00,0.3389,0.8459,0.9715,0.8291,ВЭС,19.0,2,12.465,2.375,4.9,0.0,2026-02-08 22:00:00
2026-02-09 18:00:00,2026-02-09 12:00:00,0.3524,0.5685,0.9666,0.7831,ВЭС,20.0,2,11.69,4.34,3.75,0.0,2026-02-08 22:00:00
2026-02-09 19:00:00,2026-02-09 13:00:00,0.112,0.6905,0.9598,0.73,ВЭС,21.0,2,10.61,6.34,2.95,0.0,2026-02-08 22:00:00
2026-02-09 20:00:00,2026-02-09 14:00:00,0.0,0.5993,0.9342,0.5984,ВЭС,22.0,2,9.455,7.125,2.5667,0.0,2026-02-08 22:00:00
2026-02-09 21:00:00,2026-02-09 15:00:00,0.0,0.4687,0.8254,0.4253,ВЭС,23.0,2,7.9733,6.33,2.1833,0.0,2026-02-08 22:00:00
2026-02-09 22:00:00,2026-02-09 16:00:00,0.0,0.2214,0.587,0.2732,ВЭС,24.0,2,6.1467,6.68,1.6167,0.0,2026-02-08 22:00:00
2026-02-09 23:00:00,2026-02-09 17:00:00,0.0,0.1072,0.5379,0.2111,ВЭС,25.0,2,5.2433,4.975,0.95,0.0,2026-02-08 22:00:00
2026-02-10 00:00:00,2026-02-09 18:00:00,0.0,0.1532,0.6312,0.2347,ВЭС,26.0,2,5.5967,2.725,0.7667,0.0,2026-02-08 22:00:00
2026-02-10 01:00:00,2026-02-09 19:00:00,0.0,0.2028,0.6773,0.2678,ВЭС,27.0,2,6.05,2.55,1.0333,0.0,2026-02-08 22:00:00
2026-02-10 02:00:00,2026-02-09 20:00:00,0.0,0.2021,0.8009,0.3243,ВЭС,28.0,2,6.53,2.885,1.2,0.0,2026-02-08 22:00:00
2026-02-10 03:00:00,2026-02-09 21:00:00,0.0098,0.2242,0.8266,0.3567,ВЭС,29.0,2,7.1183,1.38,1.2167,0.0,2026-02-08 22:00:00
2026-02-10 04:00:00,2026-02-09 22:00:00,0.0141,0.2203,0.7868,0.3725,ВЭС,30.0,2,7.4417,1.365,1.0167,0.0,2026-02-08 22:00:00
2026-02-10 05:00:00,2026-02-09 23:00:00,0.0,0.1234,0.5941,0.3379,ВЭС,31.0,2,6.9117,4.23,0.6667,0.0,2026-02-08 22:00:00
2026-02-10 06:00:00,2026-02-10 00:00:00,0.0,0.149,0.7125,0.4212,ВЭС,32.0,2,7.8283,3.84,0.5333,0.0,2026-02-08 22:00:00
2026-02-10 07:00:00,2026-02-10 01:00:00,0.0,0.1776,0.8033,0.4601,ВЭС,33.0,2,8.3617,8.945,0.4333,0.0,2026-02-08 22:00:00
2026-02-10 08:00:00,2026-02-10 02:00:00,0.0,0.1287,0.6382,0.3725,ВЭС,34.0,2,7.1883,7.42,0.75,0.0,2026-02-08 22:00:00
2026-02-10 09:00:00,2026-02-10 03:00:00,0.0,0.1339,0.6935,0.331,ВЭС,35.0,2,6.8033,5.225,1.8667,0.0,2026-02-08 22:00:00
2026-02-10 10:00:00,2026-02-10 04:00:00,0.0,0.147,0.6951,0.2938,ВЭС,36.0,2,6.4883,5.06,3.5667,0.0,2026-02-08 22:00:00
2026-02-10 11:00:00,2026-02-10 05:00:00,0.0,0.1536,0.622,0.2678,ВЭС,37.0,2,6.0433,5.29,5.45,0.0,2026-02-08 22:00:00
2026-02-10 12:00:00,2026-02-10 06:00:00,0.0,0.1733,0.6106,0.2678,ВЭС,38.0,2,6.0067,4.545,7.1,0.0,2026-02-08 22:00:00
2026-02-10 13:00:00,2026-02-10 07:00:00,0.0,0.2547,0.7417,0.3243,ВЭС,39.0,2,6.575,2.61,8.2,0.0,2026-02-08 22:00:00
2026-02-10 14:00:00,2026-02-10 08:00:00,0.0,0.3003,0.7949,0.3567,ВЭС,40.0,2,7.1733,2.655,8.9167,0.0,2026-02-08 22:00:00
2026-02-10 15:00:00,2026-02-10 09:00:00,0.0,0.2924,0.8143,0.3567,ВЭС,41.0,2,7.2233,4.475,9.0667,0.0,2026-02-08 22:00:00
2026-02-10 16:00:00,2026-02-10 10:00:00,0.0,0.0919,0.6347,0.1964,ВЭС,42.0,3,5.045,4.64,7.65,0.0,2026-02-08 22:00:00
2026-02-10 17:00:00,2026-02-10 11:00:00,0.0,0.0961,0.5753,0.1566,ВЭС,43.0,3,4.455,5.91,6.55,0.0,2026-02-08 22:00:00
2026-02-10 18:00:00,2026-02-10 12:00:00,0.0,0.0749,0.5303,0.1275,ВЭС,44.0,3,3.68,7.02,5.4833,0.0,2026-02-08 22:00:00
2026-02-10 19:00:00,2026-02-10 13:00:00,0.0,0.1033,0.5478,0.1381,ВЭС,45.0,3,3.9533,5.745,4.7667,0.0,2026-02-08 22:00:00
2026-02-10 20:00:00,2026-02-10 14:00:00,0.0,0.2392,0.7962,0.2347,ВЭС,46.0,3,5.52,8.745,4.1167,0.0,2026-02-08 22:00:00
2026-02-10 21:00:00,2026-02-10 15:00:00,0.0,0.3215,0.9081,0.3243,ВЭС,47.0,3,6.7433,10.535,3.6833,0.0,2026-02-08 22:00:00
2026-02-10 22:00:00,2026-02-10 16:00:00,0.0,0.4505,0.9669,0.4212,ВЭС,48.0,3,7.815,12.675,3.2,0.0,2026-02-08 22:00:00
2026-02-09 11:00:00,2026-02-09 05:00:00,0.7867,0.9412,0.99,0.9486,T1,1.0,1,15.7133,5.55,3.3833,0.0,2026-02-09 10:00:00
2026-02-09 12:00:00,2026-02-09 06:00:00,0.8577,0.9562,0.99,0.9486,T1,2.0,1,15.3717,6.22,4.6833,0.0,2026-02-09 10:00:00
2026-02-09 13:00:00,2026-02-09 07:00:00,0.9161,0.9571,0.99,0.9486,T1,3.0,1,15.085,6.0,5.8,0.0,2026-02-09 10:00:00
2026-02-09 14:00:00,2026-02-09 08:00:00,0.9312,0.9654,0.99,0.9162,T1,4.0,1,14.53,5.46,6.3333,0.0,2026-02-09 10:00:00
2026-02-09 15:00:00,2026-02-09 09:00:00,0.8653,0.9425,0.99,0.8986,T1,5.0,1,13.9667,5.38,6.4,0.0,2026-02-09 10:00:00
2026-02-09 16:00:00,2026-02-09 10:00:00,0.7339,0.9448,0.99,0.8986,T1,6.0,1,13.54,4.645,5.9833,0.0,2026-02-09 10:00:00
2026-02-09 17:00:00,2026-02-09 11:00:00,0.3273,0.6824,0.9594,0.8291,T1,7.0,1,12.4917,1.78,4.6833,0.0,2026-02-09 10:00:00
2026-02-09 18:00:00,2026-02-09 12:00:00,0.3066,0.5487,0.9443,0.7639,T1,8.0,1,11.1117,2.875,3.15,0.0,2026-02-09 10:00:00
2026-02-09 19:00:00,2026-02-09 13:00:00,0.056,0.7345,0.9326,0.65,T1,9.0,1,9.82,3.905,2.1667,0.0,2026-02-09 10:00:00
2026-02-09 20:00:00,2026-02-09 14:00:00,0.0,0.5442,0.8914,0.4837,T1,10.0,1,8.4833,4.335,1.6,0.0,2026-02-09 10:00:00
2026-02-09 21:00:00,2026-02-09 15:00:00,0.0,0.467,0.717,0.3725,T1,11.0,1,7.2683,5.045,1.4167,0.0,2026-02-09 10:00:00
2026-02-09 22:00:00,2026-02-09 16:00:00,0.0,0.1942,0.5636,0.2753,T1,12.0,1,6.22,6.07,1.3167,0.0,2026-02-09 10:00:00
2026-02-09 23:00:00,2026-02-09 17:00:00,0.0,0.1329,0.771,0.2111,T1,13.0,1,5.325,6.63,0.9333,0.0,2026-02-09 10:00:00
2026-02-10 00:00:00,2026-02-09 18:00:00,0.0,0.1031,0.5159,0.1732,T1,14.0,1,4.645,6.31,0.65,0.0,2026-02-09 10:00:00
2026-02-10 01:00:00,2026-02-09 19:00:00,0.0,0.0802,0.3525,0.1676,T1,15.0,1,4.5817,4.195,0.5167,0.0,2026-02-09 10:00:00
2026-02-10 02:00:00,2026-02-09 20:00:00,0.0,0.0791,0.3869,0.1903,T1,16.0,1,4.9917,2.005,0.45,0.0,2026-02-09 10:00:00
2026-02-10 03:00:00,2026-02-09 21:00:00,0.0,0.1353,0.5054,0.2347,T1,17.0,1,5.515,0.36,0.4333,0.0,2026-02-09 10:00:00
2026-02-10 04:00:00,2026-02-09 22:00:00,0.0264,0.2198,0.7868,0.3725,T1,18.0,2,7.4417,1.365,1.0167,0.0,2026-02-09 10:00:00
2026-02-10 05:00:00,2026-02-09 23:00:00,0.0,0.1198,0.5941,0.3379,T1,19.0,2,6.9117,4.23,0.6667,0.0,2026-02-09 10:00:00
2026-02-10 06:00:00,2026-02-10 00:00:00,0.0,0.1491,0.7125,0.4212,T1,20.0,2,7.8283,3.84,0.5333,0.0,2026-02-09 10:00:00
2026-02-10 07:00:00,2026-02-10 01:00:00,0.0,0.178,0.8058,0.4601,T1,21.0,2,8.3617,8.945,0.4333,0.0,2026-02-09 10:00:00
2026-02-10 08:00:00,2026-02-10 02:00:00,0.0,0.1285,0.6383,0.3725,T1,22.0,2,7.1883,7.42,0.75,0.0,2026-02-09 10:00:00
2026-02-10 09:00:00,2026-02-10 03:00:00,0.0,0.1342,0.6935,0.331,T1,23.0,2,6.8033,5.225,1.8667,0.0,2026-02-09 10:00:00
2026-02-10 10:00:00,2026-02-10 04:00:00,0.0,0.1473,0.6951,0.2938,T1,24.0,2,6.4883,5.06,3.5667,0.0,2026-02-09 10:00:00
2026-02-10 11:00:00,2026-02-10 05:00:00,0.0,0.1595,0.622,0.2678,T1,25.0,2,6.0433,5.29,5.45,0.0,2026-02-09 10:00:00
2026-02-10 12:00:00,2026-02-10 06:00:00,0.0,0.1788,0.6106,0.2678,T1,26.0,2,6.0067,4.545,7.1,0.0,2026-02-09 10:00:00
2026-02-10 13:00:00,2026-02-10 07:00:00,0.0,0.2546,0.7417,0.3243,T1,27.0,2,6.575,2.61,8.2,0.0,2026-02-09 10:00:00
2026-02-10 14:00:00,2026-02-10 08:00:00,0.0,0.3008,0.7949,0.3567,T1,28.0,2,7.1733,2.655,8.9167,0.0,2026-02-09 10:00:00
2026-02-10 15:00:00,2026-02-10 09:00:00,0.0,0.2926,0.8143,0.3567,T1,29.0,2,7.2233,4.475,9.0667,0.0,2026-02-09 10:00:00
2026-02-10 16:00:00,2026-02-10 10:00:00,0.0267,0.234,0.8055,0.3243,T1,30.0,2,6.72,5.555,8.1667,0.0,2026-02-09 10:00:00
2026-02-10 17:00:00,2026-02-10 11:00:00,0.0,0.1122,0.646,0.2388,T1,31.0,2,5.7633,5.025,6.75,0.0,2026-02-09 10:00:00
2026-02-10 18:00:00,2026-02-10 12:00:00,0.0,0.1046,0.6,0.1864,T1,32.0,2,4.8833,5.07,5.55,0.0,2026-02-09 10:00:00
2026-02-10 19:00:00,2026-02-10 13:00:00,0.0,0.1301,0.6439,0.2347,T1,33.0,2,5.5867,2.6,4.8667,0.0,2026-02-09 10:00:00
2026-02-10 20:00:00,2026-02-10 14:00:00,0.0,0.2693,0.7155,0.3567,T1,34.0,2,7.0217,6.005,4.2667,0.0,2026-02-09 10:00:00
2026-02-10 21:00:00,2026-02-10 15:00:00,0.0,0.4679,0.9026,0.4309,T1,35.0,2,8.14,10.855,3.3667,0.0,2026-02-09 10:00:00
2026-02-10 22:00:00,2026-02-10 16:00:00,0.0,0.8525,0.9847,0.65,T1,36.0,2,9.7783,10.785,2.5667,0.0,2026-02-09 10:00:00
2026-02-10 23:00:00,2026-02-10 17:00:00,0.4714,0.9268,0.99,0.8017,T1,37.0,2,12.0117,6.385,2.2167,0.0,2026-02-09 10:00:00
2026-02-11 00:00:00,2026-02-10 18:00:00,0.9087,0.9361,0.99,0.8986,T1,38.0,2,13.68,3.14,2.0667,0.0,2026-02-09 10:00:00
2026-02-11 01:00:00,2026-02-10 19:00:00,0.8874,0.9222,0.99,0.9162,T1,39.0,2,14.6267,0.845,2.0333,0.0,2026-02-09 10:00:00
2026-02-11 02:00:00,2026-02-10 20:00:00,0.6919,0.8747,0.99,0.9486,T1,40.0,2,15.3217,2.33,1.9333,0.0,2026-02-09 10:00:00
2026-02-11 03:00:00,2026-02-10 21:00:00,0.559,0.7018,0.99,0.9486,T1,41.0,2,15.2517,3.97,1.8167,0.0,2026-02-09 10:00:00
2026-02-11 04:00:00,2026-02-10 22:00:00,0.5521,0.9451,0.9894,0.8986,T1,42.0,3,13.6633,8.875,2.0667,0.0,2026-02-09 10:00:00
2026-02-11 05:00:00,2026-02-10 23:00:00,0.1379,0.6804,0.9357,0.8017,T1,43.0,3,11.9283,9.295,1.5,0.0,2026-02-09 10:00:00
2026-02-11 06:00:00,2026-02-11 00:00:00,0.0,0.1238,0.763,0.4461,T1,44.0,3,8.2083,7.79,0.85,0.0,2026-02-09 10:00:00
2026-02-11 07:00:00,2026-02-11 01:00:00,0.0,0.07,0.5459,0.2732,T1,45.0,3,6.1067,7.175,0.5,0.0,2026-02-09 10:00:00
2026-02-11 08:00:00,2026-02-11 02:00:00,0.0014,0.0312,0.4719,0.2111,T1,46.0,3,5.1133,5.395,0.6,0.0,2026-02-09 10:00:00
2026-02-11 09:00:00,2026-02-11 03:00:00,0.0054,0.0215,0.4127,0.1381,T1,47.0,3,4.1167,4.38,1.8,0.0,2026-02-09 10:00:00
2026-02-11 10:00:00,2026-02-11 04:00:00,0.0,0.0676,0.5662,0.1864,T1,48.0,3,4.82,5.28,4.3667,0.0,2026-02-09 10:00:00
2026-02-09 11:00:00,2026-02-09 05:00:00,0.5796,0.9334,0.97,0.9486,T2,1.0,1,15.7133,5.55,3.3833,0.0,2026-02-09 10:00:00
2026-02-09 12:00:00,2026-02-09 06:00:00,0.5763,0.9481,0.97,0.9486,T2,2.0,1,15.3717,6.22,4.6833,0.0,2026-02-09 10:00:00
2026-02-09 13:00:00,2026-02-09 07:00:00,0.7441,0.9492,0.97,0.9486,T2,3.0,1,15.085,6.0,5.8,0.0,2026-02-09 10:00:00
2026-02-09 14:00:00,2026-02-09 08:00:00,0.8056,0.9517,0.97,0.9162,T2,4.0,1,14.53,5.46,6.3333,0.0,2026-02-09 10:00:00
2026-02-09 15:00:00,2026-02-09 09:00:00,0.8426,0.9343,0.97,0.8986,T2,5.0,1,13.9667,5.38,6.4,0.0,2026-02-09 10:00:00
2026-02-09 16:00:00,2026-02-09 10:00:00,0.766,0.9455,0.97,0.8986,T2,6.0,1,13.54,4.645,5.9833,0.0,2026-02-09 10:00:00
2026-02-09 17:00:00,2026-02-09 11:00:00,0.2801,0.6928,0.9519,0.8291,T2,7.0,1,12.4917,1.78,4.6833,0.0,2026-02-09 10:00:00
2026-02-09 18:00:00,2026-02-09 12:00:00,0.2924,0.5396,0.9384,0.7639,T2,8.0,1,11.1117,2.875,3.15,0.0,2026-02-09 10:00:00
2026-02-09 19:00:00,2026-02-09 13:00:00,0.0,0.7274,0.9281,0.65,T2,9.0,1,9.82,3.905,2.1667,0.0,2026-02-09 10:00:00
2026-02-09 20:00:00,2026-02-09 14:00:00,0.0,0.5369,0.8895,0.4837,T2,10.0,1,8.4833,4.335,1.6,0.0,2026-02-09 10:00:00
2026-02-09 21:00:00,2026-02-09 15:00:00,0.0,0.4646,0.718,0.3725,T2,11.0,1,7.2683,5.045,1.4167,0.0,2026-02-09 10:00:00
2026-02-09 22:00:00,2026-02-09 16:00:00,0.0,0.1905,0.5636,0.2753,T2,12.0,1,6.22,6.07,1.3167,0.0,2026-02-09 10:00:00
2026-02-09 23:00:00,2026-02-09 17:00:00,0.0,0.1376,0.7709,0.2111,T2,13.0,1,5.325,6.63,0.9333,0.0,2026-02-09 10:00:00
2026-02-10 00:00:00,2026-02-09 18:00:00,0.0,0.1073,0.5159,0.1732,T2,14.0,1,4.645,6.31,0.65,0.0,2026-02-09 10:00:00
2026-02-10 01:00:00,2026-02-09 19:00:00,0.0,0.0829,0.3525,0.1676,T2,15.0,1,4.5817,4.195,0.5167,0.0,2026-02-09 10:00:00
2026-02-10 02:00:00,2026-02-09 20:00:00,0.0,0.0803,0.3869,0.1903,T2,16.0,1,4.9917,2.005,0.45,0.0,2026-02-09 10:00:00
2026-02-10 03:00:00,2026-02-09 21:00:00,0.0,0.1364,0.5054,0.2347,T2,17.0,1,5.515,0.36,0.4333,0.0,2026-02-09 10:00:00
2026-02-10 04:00:00,2026-02-09 22:00:00,0.0019,0.2209,0.7868,0.3725,T2,18.0,2,7.4417,1.365,1.0167,0.0,2026-02-09 10:00:00
2026-02-10 05:00:00,2026-02-09 23:00:00,0.0,0.1271,0.5941,0.3379,T2,19.0,2,6.9117,4.23,0.6667,0.0,2026-02-09 10:00:00
2026-02-10 06:00:00,2026-02-10 00:00:00,0.0,0.1489,0.7125,0.4212,T2,20.0,2,7.8283,3.84,0.5333,0.0,2026-02-09 10:00:00
2026-02-10 07:00:00,2026-02-10 01:00:00,0.0,0.1772,0.8009,0.4601,T2,21.0,2,8.3617,8.945,0.4333,0.0,2026-02-09 10:00:00
2026-02-10 08:00:00,2026-02-10 02:00:00,0.0,0.1289,0.6382,0.3725,T2,22.0,2,7.1883,7.42,0.75,0.0,2026-02-09 10:00:00
2026-02-10 09:00:00,2026-02-10 03:00:00,0.0,0.1336,0.6935,0.331,T2,23.0,2,6.8033,5.225,1.8667,0.0,2026-02-09 10:00:00
2026-02-10 10:00:00,2026-02-10 04:00:00,0.0,0.1466,0.6951,0.2938,T2,24.0,2,6.4883,5.06,3.5667,0.0,2026-02-09 10:00:00
2026-02-10 11:00:00,2026-02-10 05:00:00,0.0,0.1478,0.622,0.2678,T2,25.0,2,6.0433,5.29,5.45,0.0,2026-02-09 10:00:00
2026-02-10 12:00:00,2026-02-10 06:00:00,0.0,0.1677,0.6106,0.2678,T2,26.0,2,6.0067,4.545,7.1,0.0,2026-02-09 10:00:00
2026-02-10 13:00:00,2026-02-10 07:00:00,0.0,0.2548,0.7417,0.3243,T2,27.0,2,6.575,2.61,8.2,0.0,2026-02-09 10:00:00
2026-02-10 14:00:00,2026-02-10 08:00:00,0.0,0.2998,0.7949,0.3567,T2,28.0,2,7.1733,2.655,8.9167,0.0,2026-02-09 10:00:00
2026-02-10 15:00:00,2026-02-10 09:00:00,0.0,0.2923,0.8142,0.3567,T2,29.0,2,7.2233,4.475,9.0667,0.0,2026-02-09 10:00:00
2026-02-10 16:00:00,2026-02-10 10:00:00,0.0,0.2337,0.8054,0.3243,T2,30.0,2,6.72,5.555,8.1667,0.0,2026-02-09 10:00:00
2026-02-10 17:00:00,2026-02-10 11:00:00,0.0,0.1119,0.6459,0.2388,T2,31.0,2,5.7633,5.025,6.75,0.0,2026-02-09 10:00:00
2026-02-10 18:00:00,2026-02-10 12:00:00,0.0,0.1041,0.6,0.1864,T2,32.0,2,4.8833,5.07,5.55,0.0,2026-02-09 10:00:00
2026-02-10 19:00:00,2026-02-10 13:00:00,0.0,0.1297,0.6439,0.2347,T2,33.0,2,5.5867,2.6,4.8667,0.0,2026-02-09 10:00:00
2026-02-10 20:00:00,2026-02-10 14:00:00,0.0,0.2689,0.7155,0.3567,T2,34.0,2,7.0217,6.005,4.2667,0.0,2026-02-09 10:00:00
2026-02-10 21:00:00,2026-02-10 15:00:00,0.0,0.4712,0.8964,0.4309,T2,35.0,2,8.14,10.855,3.3667,0.0,2026-02-09 10:00:00
2026-02-10 22:00:00,2026-02-10 16:00:00,0.1135,0.8539,0.97,0.65,T2,36.0,2,9.7783,10.785,2.5667,0.0,2026-02-09 10:00:00
2026-02-10 23:00:00,2026-02-10 17:00:00,0.5768,0.9229,0.97,0.8017,T2,37.0,2,12.0117,6.385,2.2167,0.0,2026-02-09 10:00:00
2026-02-11 00:00:00,2026-02-10 18:00:00,0.7909,0.9263,0.97,0.8986,T2,38.0,2,13.68,3.14,2.0667,0.0,2026-02-09 10:00:00
2026-02-11 01:00:00,2026-02-10 19:00:00,0.7033,0.8925,0.97,0.9162,T2,39.0,2,14.6267,0.845,2.0333,0.0,2026-02-09 10:00:00
2026-02-11 02:00:00,2026-02-10 20:00:00,0.5951,0.8722,0.97,0.9486,T2,40.0,2,15.3217,2.33,1.9333,0.0,2026-02-09 10:00:00
2026-02-11 03:00:00,2026-02-10 21:00:00,0.3716,0.7014,0.97,0.9486,T2,41.0,2,15.2517,3.97,1.8167,0.0,2026-02-09 10:00:00
2026-02-11 04:00:00,2026-02-10 22:00:00,0.5006,0.9374,0.97,0.8986,T2,42.0,3,13.6633,8.875,2.0667,0.0,2026-02-09 10:00:00
2026-02-11 05:00:00,2026-02-10 23:00:00,0.0,0.6778,0.9232,0.8017,T2,43.0,3,11.9283,9.295,1.5,0.0,2026-02-09 10:00:00
2026-02-11 06:00:00,2026-02-11 00:00:00,0.0,0.1288,0.7572,0.4461,T2,44.0,3,8.2083,7.79,0.85,0.0,2026-02-09 10:00:00
2026-02-11 07:00:00,2026-02-11 01:00:00,0.0,0.0727,0.5444,0.2732,T2,45.0,3,6.1067,7.175,0.5,0.0,2026-02-09 10:00:00
2026-02-11 08:00:00,2026-02-11 02:00:00,0.0,0.0375,0.4718,0.2111,T2,46.0,3,5.1133,5.395,0.6,0.0,2026-02-09 10:00:00
2026-02-11 09:00:00,2026-02-11 03:00:00,0.0004,0.0284,0.4127,0.1381,T2,47.0,3,4.1167,4.38,1.8,0.0,2026-02-09 10:00:00
2026-02-11 10:00:00,2026-02-11 04:00:00,0.0,0.0668,0.5662,0.1864,T2,48.0,3,4.82,5.28,4.3667,0.0,2026-02-09 10:00:00
2026-02-09 11:00:00,2026-02-09 05:00:00,0.6832,0.9373,0.98,0.9486,ВЭС,1.0,1,15.7133,5.55,3.3833,0.0,2026-02-09 10:00:00
2026-02-09 12:00:00,2026-02-09 06:00:00,0.717,0.9521,0.98,0.9486,ВЭС,2.0,1,15.3717,6.22,4.6833,0.0,2026-02-09 10:00:00
2026-02-09 13:00:00,2026-02-09 07:00:00,0.8301,0.9532,0.98,0.9486,ВЭС,3.0,1,15.085,6.0,5.8,0.0,2026-02-09 10:00:00
2026-02-09 14:00:00,2026-02-09 08:00:00,0.8684,0.9586,0.98,0.9162,ВЭС,4.0,1,14.53,5.46,6.3333,0.0,2026-02-09 10:00:00
2026-02-09 15:00:00,2026-02-09 09:00:00,0.8539,0.9384,0.98,0.8986,ВЭС,5.0,1,13.9667,5.38,6.4,0.0,2026-02-09 10:00:00
2026-02-09 16:00:00,2026-02-09 10:00:00,0.7499,0.9451,0.98,0.8986,ВЭС,6.0,1,13.54,4.645,5.9833,0.0,2026-02-09 10:00:00
2026-02-09 17:00:00,2026-02-09 11:00:00,0.3037,0.6876,0.9556,0.8291,ВЭС,7.0,1,12.4917,1.78,4.6833,0.0,2026-02-09 10:00:00
2026-02-09 18:00:00,2026-02-09 12:00:00,0.2995,0.5441,0.9414,0.7639,ВЭС,8.0,1,11.1117,2.875,3.15,0.0,2026-02-09 10:00:00
2026-02-09 19:00:00,2026-02-09 13:00:00,0.028,0.7309,0.9303,0.65,ВЭС,9.0,1,9.82,3.905,2.1667,0.0,2026-02-09 10:00:00
2026-02-09 20:00:00,2026-02-09 14:00:00,0.0,0.5405,0.8904,0.4837,ВЭС,10.0,1,8.4833,4.335,1.6,0.0,2026-02-09 10:00:00
2026-02-09 21:00:00,2026-02-09 15:00:00,0.0,0.4658,0.7175,0.3725,ВЭС,11.0,1,7.2683,5.045,1.4167,0.0,2026-02-09 10:00:00
2026-02-09 22:00:00,2026-02-09 16:00:00,0.0,0.1924,0.5636,0.2753,ВЭС,12.0,1,6.22,6.07,1.3167,0.0,2026-02-09 10:00:00
2026-02-09 23:00:00,2026-02-09 17:00:00,0.0,0.1353,0.771,0.2111,ВЭС,13.0,1,5.325,6.63,0.9333,0.0,2026-02-09 10:00:00
2026-02-10 00:00:00,2026-02-09 18:00:00,0.0,0.1052,0.5159,0.1732,ВЭС,14.0,1,4.645,6.31,0.65,0.0,2026-02-09 10:00:00
2026-02-10 01:00:00,2026-02-09 19:00:00,0.0,0.0815,0.3525,0.1676,ВЭС,15.0,1,4.5817,4.195,0.5167,0.0,2026-02-09 10:00:00
2026-02-10 02:00:00,2026-02-09 20:00:00,0.0,0.0797,0.3869,0.1903,ВЭС,16.0,1,4.9917,2.005,0.45,0.0,2026-02-09 10:00:00
2026-02-10 03:00:00,2026-02-09 21:00:00,0.0,0.1358,0.5054,0.2347,ВЭС,17.0,1,5.515,0.36,0.4333,0.0,2026-02-09 10:00:00
2026-02-10 04:00:00,2026-02-09 22:00:00,0.0141,0.2203,0.7868,0.3725,ВЭС,18.0,2,7.4417,1.365,1.0167,0.0,2026-02-09 10:00:00
2026-02-10 05:00:00,2026-02-09 23:00:00,0.0,0.1234,0.5941,0.3379,ВЭС,19.0,2,6.9117,4.23,0.6667,0.0,2026-02-09 10:00:00
2026-02-10 06:00:00,2026-02-10 00:00:00,0.0,0.149,0.7125,0.4212,ВЭС,20.0,2,7.8283,3.84,0.5333,0.0,2026-02-09 10:00:00
2026-02-10 07:00:00,2026-02-10 01:00:00,0.0,0.1776,0.8033,0.4601,ВЭС,21.0,2,8.3617,8.945,0.4333,0.0,2026-02-09 10:00:00
2026-02-10 08:00:00,2026-02-10 02:00:00,0.0,0.1287,0.6382,0.3725,ВЭС,22.0,2,7.1883,7.42,0.75,0.0,2026-02-09 10:00:00
2026-02-10 09:00:00,2026-02-10 03:00:00,0.0,0.1339,0.6935,0.331,ВЭС,23.0,2,6.8033,5.225,1.8667,0.0,2026-02-09 10:00:00
2026-02-10 10:00:00,2026-02-10 04:00:00,0.0,0.147,0.6951,0.2938,ВЭС,24.0,2,6.4883,5.06,3.5667,0.0,2026-02-09 10:00:00
2026-02-10 11:00:00,2026-02-10 05:00:00,0.0,0.1536,0.622,0.2678,ВЭС,25.0,2,6.0433,5.29,5.45,0.0,2026-02-09 10:00:00
2026-02-10 12:00:00,2026-02-10 06:00:00,0.0,0.1733,0.6106,0.2678,ВЭС,26.0,2,6.0067,4.545,7.1,0.0,2026-02-09 10:00:00
2026-02-10 13:00:00,2026-02-10 07:00:00,0.0,0.2547,0.7417,0.3243,ВЭС,27.0,2,6.575,2.61,8.2,0.0,2026-02-09 10:00:00
2026-02-10 14:00:00,2026-02-10 08:00:00,0.0,0.3003,0.7949,0.3567,ВЭС,28.0,2,7.1733,2.655,8.9167,0.0,2026-02-09 10:00:00
2026-02-10 15:00:00,2026-02-10 09:00:00,0.0,0.2924,0.8143,0.3567,ВЭС,29.0,2,7.2233,4.475,9.0667,0.0,2026-02-09 10:00:00
2026-02-10 16:00:00,2026-02-10 10:00:00,0.0134,0.2339,0.8055,0.3243,ВЭС,30.0,2,6.72,5.555,8.1667,0.0,2026-02-09 10:00:00
2026-02-10 17:00:00,2026-02-10 11:00:00,0.0,0.1121,0.6459,0.2388,ВЭС,31.0,2,5.7633,5.025,6.75,0.0,2026-02-09 10:00:00
2026-02-10 18:00:00,2026-02-10 12:00:00,0.0,0.1044,0.6,0.1864,ВЭС,32.0,2,4.8833,5.07,5.55,0.0,2026-02-09 10:00:00
2026-02-10 19:00:00,2026-02-10 13:00:00,0.0,0.1299,0.6439,0.2347,ВЭС,33.0,2,5.5867,2.6,4.8667,0.0,2026-02-09 10:00:00
2026-02-10 20:00:00,2026-02-10 14:00:00,0.0,0.2691,0.7155,0.3567,ВЭС,34.0,2,7.0217,6.005,4.2667,0.0,2026-02-09 10:00:00
2026-02-10 21:00:00,2026-02-10 15:00:00,0.0,0.4696,0.8995,0.4309,ВЭС,35.0,2,8.14,10.855,3.3667,0.0,2026-02-09 10:00:00
2026-02-10 22:00:00,2026-02-10 16:00:00,0.0567,0.8532,0.9773,0.65,ВЭС,36.0,2,9.7783,10.785,2.5667,0.0,2026-02-09 10:00:00
2026-02-10 23:00:00,2026-02-10 17:00:00,0.5241,0.9249,0.98,0.8017,ВЭС,37.0,2,12.0117,6.385,2.2167,0.0,2026-02-09 10:00:00
2026-02-11 00:00:00,2026-02-10 18:00:00,0.8498,0.9312,0.98,0.8986,ВЭС,38.0,2,13.68,3.14,2.0667,0.0,2026-02-09 10:00:00
2026-02-11 01:00:00,2026-02-10 19:00:00,0.7954,0.9073,0.98,0.9162,ВЭС,39.0,2,14.6267,0.845,2.0333,0.0,2026-02-09 10:00:00
2026-02-11 02:00:00,2026-02-10 20:00:00,0.6435,0.8734,0.98,0.9486,ВЭС,40.0,2,15.3217,2.33,1.9333,0.0,2026-02-09 10:00:00
2026-02-11 03:00:00,2026-02-10 21:00:00,0.4653,0.7016,0.98,0.9486,ВЭС,41.0,2,15.2517,3.97,1.8167,0.0,2026-02-09 10:00:00
2026-02-11 04:00:00,2026-02-10 22:00:00,0.5264,0.9413,0.9797,0.8986,ВЭС,42.0,3,13.6633,8.875,2.0667,0.0,2026-02-09 10:00:00
2026-02-11 05:00:00,2026-02-10 23:00:00,0.0689,0.6791,0.9294,0.8017,ВЭС,43.0,3,11.9283,9.295,1.5,0.0,2026-02-09 10:00:00
2026-02-11 06:00:00,2026-02-11 00:00:00,0.0,0.1263,0.7601,0.4461,ВЭС,44.0,3,8.2083,7.79,0.85,0.0,2026-02-09 10:00:00
2026-02-11 07:00:00,2026-02-11 01:00:00,0.0,0.0713,0.5451,0.2732,ВЭС,45.0,3,6.1067,7.175,0.5,0.0,2026-02-09 10:00:00
2026-02-11 08:00:00,2026-02-11 02:00:00,0.0007,0.0344,0.4719,0.2111,ВЭС,46.0,3,5.1133,5.395,0.6,0.0,2026-02-09 10:00:00
2026-02-11 09:00:00,2026-02-11 03:00:00,0.0029,0.0249,0.4127,0.1381,ВЭС,47.0,3,4.1167,4.38,1.8,0.0,2026-02-09 10:00:00
2026-02-11 10:00:00,2026-02-11 04:00:00,0.0,0.0672,0.5662,0.1864,ВЭС,48.0,3,4.82,5.28,4.3667,0.0,2026-02-09 10:00:00
2026-02-09 23:00:00,2026-02-09 17:00:00,0.0,0.1329,0.771,0.2111,T1,1.0,1,5.325,6.63,0.9333,0.0,2026-02-09 22:00:00
2026-02-10 00:00:00,2026-02-09 18:00:00,0.0,0.1031,0.5159,0.1732,T1,2.0,1,4.645,6.31,0.65,0.0,2026-02-09 22:00:00
2026-02-10 01:00:00,2026-02-09 19:00:00,0.0,0.0802,0.3525,0.1676,T1,3.0,1,4.5817,4.195,0.5167,0.0,2026-02-09 22:00:00
2026-02-10 02:00:00,2026-02-09 20:00:00,0.0,0.0791,0.3869,0.1903,T1,4.0,1,4.9917,2.005,0.45,0.0,2026-02-09 22:00:00
2026-02-10 03:00:00,2026-02-09 21:00:00,0.0,0.1353,0.5054,0.2347,T1,5.0,1,5.515,0.36,0.4333,0.0,2026-02-09 22:00:00
2026-02-10 04:00:00,2026-02-09 22:00:00,0.0,0.1481,0.4889,0.2388,T1,6.0,1,5.91,1.82,0.3,0.0,2026-02-09 22:00:00
2026-02-10 05:00:00,2026-02-09 23:00:00,0.0,0.1772,0.6146,0.3243,T1,7.0,1,6.67,3.7,0.3667,0.0,2026-02-09 22:00:00
2026-02-10 06:00:00,2026-02-10 00:00:00,0.0,0.0846,0.4118,0.2388,T1,8.0,1,5.8417,6.16,0.2333,0.0,2026-02-09 22:00:00
2026-02-10 07:00:00,2026-02-10 01:00:00,0.0,0.1182,0.5701,0.3243,T1,9.0,1,6.6617,8.425,-0.2333,0.0,2026-02-09 22:00:00
2026-02-10 08:00:00,2026-02-10 02:00:00,0.0,0.2712,0.8701,0.519,T1,10.0,1,8.65,10.135,0.0167,0.0,2026-02-09 22:00:00
2026-02-10 09:00:00,2026-02-10 03:00:00,0.0,0.2147,0.8168,0.4601,T1,11.0,1,8.3433,6.645,1.3,0.0,2026-02-09 22:00:00
2026-02-10 10:00:00,2026-02-10 04:00:00,0.0,0.3292,0.8942,0.519,T1,12.0,1,8.7067,6.25,2.9667,0.0,2026-02-09 22:00:00
2026-02-10 11:00:00,2026-02-10 05:00:00,0.0,0.2259,0.8336,0.4396,T1,13.0,1,8.17,5.225,4.8833,0.0,2026-02-09 22:00:00
2026-02-10 12:00:00,2026-02-10 06:00:00,0.0,0.2152,0.776,0.3725,T1,14.0,1,7.25,4.12,6.6833,0.0,2026-02-09 22:00:00
2026-02-10 13:00:00,2026-02-10 07:00:00,0.0,0.2703,0.7098,0.2981,T1,15.0,1,6.5533,2.34,8.0667,0.0,2026-02-09 22:00:00
2026-02-10 14:00:00,2026-02-10 08:00:00,0.0,0.1189,0.5731,0.2111,T1,16.0,1,5.2483,3.58,8.9,0.0,2026-02-09 22:00:00
2026-02-10 15:00:00,2026-02-10 09:00:00,0.0,0.0962,0.4425,0.1511,T1,17.0,1,4.4133,3.6,8.9167,0.0,2026-02-09 22:00:00
2026-02-10 16:00:00,2026-02-10 10:00:00,0.0267,0.234,0.8055,0.3243,T1,18.0,2,6.72,5.555,8.1667,0.0,2026-02-09 22:00:00
2026-02-10 17:00:00,2026-02-10 11:00:00,0.0,0.1122,0.646,0.2388,T1,19.0,2,5.7633,5.025,6.75,0.0,2026-02-09 22:00:00
2026-02-10 18:00:00,2026-02-10 12:00:00,0.0,0.1046,0.6,0.1864,T1,20.0,2,4.8833,5.07,5.55,0.0,2026-02-09 22:00:00
2026-02-10 19:00:00,2026-02-10 13:00:00,0.0,0.1301,0.6439,0.2347,T1,21.0,2,5.5867,2.6,4.8667,0.0,2026-02-09 22:00:00
2026-02-10 20:00:00,2026-02-10 14:00:00,0.0,0.2693,0.7155,0.3567,T1,22.0,2,7.0217,6.005,4.2667,0.0,2026-02-09 22:00:00
2026-02-10 21:00:00,2026-02-10 15:00:00,0.0,0.4679,0.9026,0.4309,T1,23.0,2,8.14,10.855,3.3667,0.0,2026-02-09 22:00:00
2026-02-10 22:00:00,2026-02-10 16:00:00,0.0,0.8525,0.9847,0.65,T1,24.0,2,9.7783,10.785,2.5667,0.0,2026-02-09 22:00:00
2026-02-10 23:00:00,2026-02-10 17:00:00,0.4714,0.9268,0.99,0.8017,T1,25.0,2,12.0117,6.385,2.2167,0.0,2026-02-09 22:00:00
2026-02-11 00:00:00,2026-02-10 18:00:00,0.9087,0.9361,0.99,0.8986,T1,26.0,2,13.68,3.14,2.0667,0.0,2026-02-09 22:00:00
2026-02-11 01:00:00,2026-02-10 19:00:00,0.8874,0.9222,0.99,0.9162,T1,27.0,2,14.6267,0.845,2.0333,0.0,2026-02-09 22:00:00
2026-02-11 02:00:00,2026-02-10 20:00:00,0.6919,0.8747,0.99,0.9486,T1,28.0,2,15.3217,2.33,1.9333,0.0,2026-02-09 22:00:00
2026-02-11 03:00:00,2026-02-10 21:00:00,0.559,0.7018,0.99,0.9486,T1,29.0,2,15.2517,3.97,1.8167,0.0,2026-02-09 22:00:00
2026-02-11 04:00:00,2026-02-10 22:00:00,0.4497,0.6382,0.9896,0.9117,T1,30.0,2,14.2767,3.96,1.7667,0.0,2026-02-09 22:00:00
2026-02-11 05:00:00,2026-02-10 23:00:00,0.1649,0.3816,0.8448,0.8017,T1,31.0,2,11.9967,3.67,1.55,0.0,2026-02-09 22:00:00
2026-02-11 06:00:00,2026-02-11 00:00:00,0.0,0.1271,0.7627,0.4837,T1,32.0,2,8.47,5.305,1.2333,0.0,2026-02-09 22:00:00
2026-02-11 07:00:00,2026-02-11 01:00:00,0.0003,0.0341,0.39,0.2111,T1,33.0,2,5.1883,5.035,0.5,0.0,2026-02-09 22:00:00
2026-02-11 08:00:00,2026-02-11 02:00:00,0.0023,0.0291,0.2668,0.115,T1,34.0,2,3.535,4.085,0.3333,0.0,2026-02-09 22:00:00
2026-02-11 09:00:00,2026-02-11 03:00:00,0.0063,0.0191,0.2751,0.1082,T1,35.0,2,3.305,3.475,2.0167,0.0,2026-02-09 22:00:00
2026-02-11 10:00:00,2026-02-11 04:00:00,0.0,0.0786,0.3218,0.1381,T1,36.0,2,3.935,3.24,4.7667,0.0,2026-02-09 22:00:00
2026-02-11 11:00:00,2026-02-11 05:00:00,0.131,0.3196,0.8192,0.3567,T1,37.0,2,7.0083,0.28,7.6,0.0,2026-02-09 22:00:00
2026-02-11 12:00:00,2026-02-11 06:00:00,0.0,0.536,0.9348,0.65,T1,38.0,2,9.825,7.14,9.5333,0.0,2026-02-09 22:00:00
2026-02-11 13:00:00,2026-02-11 07:00:00,0.0,0.31,0.9162,0.5531,T1,39.0,2,9.2233,12.435,10.5167,0.0,2026-02-09 22:00:00
2026-02-11 14:00:00,2026-02-11 08:00:00,0.0,0.1691,0.7768,0.3725,T1,40.0,2,7.2867,12.685,10.8,0.0,2026-02-09 22:00:00
2026-02-11 15:00:00,2026-02-11 09:00:00,0.0,0.208,0.7982,0.3725,T1,41.0,2,7.5183,6.41,9.95,0.0,2026-02-09 22:00:00
2026-02-11 16:00:00,2026-02-11 10:00:00,0.0,0.6508,0.9803,0.5417,T1,42.0,3,9.1317,5.625,7.6333,0.0,2026-02-09 22:00:00
2026-02-11 17:00:00,2026-02-11 11:00:00,0.7,0.9889,0.99,0.89,T1,43.0,3,13.355,3.775,5.4167,0.0,2026-02-09 22:00:00
2026-02-11 18:00:00,2026-02-11 12:00:00,0.9179,0.9899,0.99,0.9486,T1,44.0,3,15.1733,4.055,3.0833,0.0,2026-02-09 22:00:00
2026-02-11 19:00:00,2026-02-11 13:00:00,0.8203,0.9893,0.99,0.8986,T1,45.0,3,14.0233,2.875,2.6,0.0,2026-02-09 22:00:00
2026-02-11 20:00:00,2026-02-11 14:00:00,0.4794,0.938,0.99,0.8017,T1,46.0,3,12.0083,2.745,2.2167,0.0,2026-02-09 22:00:00
2026-02-11 21:00:00,2026-02-11 15:00:00,0.2492,0.8251,0.99,0.6898,T1,47.0,3,10.3817,3.165,1.8,0.0,2026-02-09 22:00:00
2026-02-11 22:00:00,2026-02-11 16:00:00,0.0,0.6972,0.99,0.5709,T1,48.0,3,9.2767,3.6,1.5167,0.0,2026-02-09 22:00:00
2026-02-09 23:00:00,2026-02-09 17:00:00,0.0,0.1376,0.7709,0.2111,T2,1.0,1,5.325,6.63,0.9333,0.0,2026-02-09 22:00:00
2026-02-10 00:00:00,2026-02-09 18:00:00,0.0,0.1073,0.5159,0.1732,T2,2.0,1,4.645,6.31,0.65,0.0,2026-02-09 22:00:00
2026-02-10 01:00:00,2026-02-09 19:00:00,0.0,0.0829,0.3525,0.1676,T2,3.0,1,4.5817,4.195,0.5167,0.0,2026-02-09 22:00:00
2026-02-10 02:00:00,2026-02-09 20:00:00,0.0,0.0803,0.3869,0.1903,T2,4.0,1,4.9917,2.005,0.45,0.0,2026-02-09 22:00:00
2026-02-10 03:00:00,2026-02-09 21:00:00,0.0,0.1364,0.5054,0.2347,T2,5.0,1,5.515,0.36,0.4333,0.0,2026-02-09 22:00:00
2026-02-10 04:00:00,2026-02-09 22:00:00,0.0,0.1492,0.4889,0.2388,T2,6.0,1,5.91,1.82,0.3,0.0,2026-02-09 22:00:00
2026-02-10 05:00:00,2026-02-09 23:00:00,0.0,0.1776,0.6146,0.3243,T2,7.0,1,6.67,3.7,0.3667,0.0,2026-02-09 22:00:00
2026-02-10 06:00:00,2026-02-10 00:00:00,0.0,0.0919,0.4117,0.2388,T2,8.0,1,5.8417,6.16,0.2333,0.0,2026-02-09 22:00:00
2026-02-10 07:00:00,2026-02-10 01:00:00,0.0,0.1186,0.57,0.3243,T2,9.0,1,6.6617,8.425,-0.2333,0.0,2026-02-09 22:00:00
2026-02-10 08:00:00,2026-02-10 02:00:00,0.0,0.2709,0.8627,0.519,T2,10.0,1,8.65,10.135,0.0167,0.0,2026-02-09 22:00:00
2026-02-10 09:00:00,2026-02-10 03:00:00,0.0,0.2139,0.8145,0.4601,T2,11.0,1,8.3433,6.645,1.3,0.0,2026-02-09 22:00:00
2026-02-10 10:00:00,2026-02-10 04:00:00,0.0,0.3284,0.8891,0.519,T2,12.0,1,8.7067,6.25,2.9667,0.0,2026-02-09 22:00:00
2026-02-10 11:00:00,2026-02-10 05:00:00,0.0,0.2252,0.8335,0.4396,T2,13.0,1,8.17,5.225,4.8833,0.0,2026-02-09 22:00:00
2026-02-10 12:00:00,2026-02-10 06:00:00,0.0,0.2146,0.776,0.3725,T2,14.0,1,7.25,4.12,6.6833,0.0,2026-02-09 22:00:00
2026-02-10 13:00:00,2026-02-10 07:00:00,0.0,0.2694,0.7098,0.2981,T2,15.0,1,6.5533,2.34,8.0667,0.0,2026-02-09 22:00:00
2026-02-10 14:00:00,2026-02-10 08:00:00,0.0,0.1184,0.5731,0.2111,T2,16.0,1,5.2483,3.58,8.9,0.0,2026-02-09 22:00:00
2026-02-10 15:00:00,2026-02-10 09:00:00,0.0,0.0959,0.4425,0.1511,T2,17.0,1,4.4133,3.6,8.9167,0.0,2026-02-09 22:00:00
2026-02-10 16:00:00,2026-02-10 10:00:00,0.0,0.2337,0.8054,0.3243,T2,18.0,2,6.72,5.555,8.1667,0.0,2026-02-09 22:00:00
2026-02-10 17:00:00,2026-02-10 11:00:00,0.0,0.1119,0.6459,0.2388,T2,19.0,2,5.7633,5.025,6.75,0.0,2026-02-09 22:00:00
2026-02-10 18:00:00,2026-02-10 12:00:00,0.0,0.1041,0.6,0.1864,T2,20.0,2,4.8833,5.07,5.55,0.0,2026-02-09 22:00:00
2026-02-10 19:00:00,2026-02-10 13:00:00,0.0,0.1297,0.6439,0.2347,T2,21.0,2,5.5867,2.6,4.8667,0.0,2026-02-09 22:00:00
2026-02-10 20:00:00,2026-02-10 14:00:00,0.0,0.2689,0.7155,0.3567,T2,22.0,2,7.0217,6.005,4.2667,0.0,2026-02-09 22:00:00
2026-02-10 21:00:00,2026-02-10 15:00:00,0.0,0.4712,0.8964,0.4309,T2,23.0,2,8.14,10.855,3.3667,0.0,2026-02-09 22:00:00
2026-02-10 22:00:00,2026-02-10 16:00:00,0.1135,0.8539,0.97,0.65,T2,24.0,2,9.7783,10.785,2.5667,0.0,2026-02-09 22:00:00
2026-02-10 23:00:00,2026-02-10 17:00:00,0.5768,0.9229,0.97,0.8017,T2,25.0,2,12.0117,6.385,2.2167,0.0,2026-02-09 22:00:00
2026-02-11 00:00:00,2026-02-10 18:00:00,0.7909,0.9263,0.97,0.8986,T2,26.0,2,13.68,3.14,2.0667,0.0,2026-02-09 22:00:00
2026-02-11 01:00:00,2026-02-10 19:00:00,0.7033,0.8925,0.97,0.9162,T2,27.0,2,14.6267,0.845,2.0333,0.0,2026-02-09 22:00:00
2026-02-11 02:00:00,2026-02-10 20:00:00,0.5951,0.8722,0.97,0.9486,T2,28.0,2,15.3217,2.33,1.9333,0.0,2026-02-09 22:00:00
2026-02-11 03:00:00,2026-02-10 21:00:00,0.3716,0.7014,0.97,0.9486,T2,29.0,2,15.2517,3.97,1.8167,0.0,2026-02-09 22:00:00
2026-02-11 04:00:00,2026-02-10 22:00:00,0.2408,0.6379,0.97,0.9117,T2,30.0,2,14.2767,3.96,1.7667,0.0,2026-02-09 22:00:00
2026-02-11 05:00:00,2026-02-10 23:00:00,0.0378,0.3798,0.8386,0.8017,T2,31.0,2,11.9967,3.67,1.55,0.0,2026-02-09 22:00:00
2026-02-11 06:00:00,2026-02-11 00:00:00,0.0,0.1322,0.7607,0.4837,T2,32.0,2,8.47,5.305,1.2333,0.0,2026-02-09 22:00:00
2026-02-11 07:00:00,2026-02-11 01:00:00,0.0,0.0392,0.39,0.2111,T2,33.0,2,5.1883,5.035,0.5,0.0,2026-02-09 22:00:00
2026-02-11 08:00:00,2026-02-11 02:00:00,0.0,0.0351,0.2668,0.115,T2,34.0,2,3.535,4.085,0.3333,0.0,2026-02-09 22:00:00
2026-02-11 09:00:00,2026-02-11 03:00:00,0.0024,0.0256,0.275,0.1082,T2,35.0,2,3.305,3.475,2.0167,0.0,2026-02-09 22:00:00
2026-02-11 10:00:00,2026-02-11 04:00:00,0.0,0.0801,0.3218,0.1381,T2,36.0,2,3.935,3.24,4.7667,0.0,2026-02-09 22:00:00
2026-02-11 11:00:00,2026-02-11 05:00:00,0.0731,0.3271,0.8192,0.3567,T2,37.0,2,7.0083,0.28,7.6,0.0,2026-02-09 22:00:00
2026-02-11 12:00:00,2026-02-11 06:00:00,0.0,0.5479,0.927,0.65,T2,38.0,2,9.825,7.14,9.5333,0.0,2026-02-09 22:00:00
2026-02-11 13:00:00,2026-02-11 07:00:00,0.0,0.3182,0.9093,0.5531,T2,39.0,2,9.2233,12.435,10.5167,0.0,2026-02-09 22:00:00
2026-02-11 14:00:00,2026-02-11 08:00:00,0.0,0.17,0.7715,0.3725,T2,40.0,2,7.2867,12.685,10.8,0.0,2026-02-09 22:00:00
2026-02-11 15:00:00,2026-02-11 09:00:00,0.0,0.2101,0.7944,0.3725,T2,41.0,2,7.5183,6.41,9.95,0.0,2026-02-09 22:00:00
2026-02-11 16:00:00,2026-02-11 10:00:00,0.0,0.6526,0.97,0.5417,T2,42.0,3,9.1317,5.625,7.6333,0.0,2026-02-09 22:00:00
2026-02-11 17:00:00,2026-02-11 11:00:00,0.6718,0.97,0.97,0.89,T2,43.0,3,13.355,3.775,5.4167,0.0,2026-02-09 22:00:00
2026-02-11 18:00:00,2026-02-11 12:00:00,0.8379,0.97,0.97,0.9486,T2,44.0,3,15.1733,4.055,3.0833,0.0,2026-02-09 22:00:00
2026-02-11 19:00:00,2026-02-11 13:00:00,0.7695,0.97,0.97,0.8986,T2,45.0,3,14.0233,2.875,2.6,0.0,2026-02-09 22:00:00
2026-02-11 20:00:00,2026-02-11 14:00:00,0.4403,0.9363,0.97,0.8017,T2,46.0,3,12.0083,2.745,2.2167,0.0,2026-02-09 22:00:00
2026-02-11 21:00:00,2026-02-11 15:00:00,0.2179,0.8245,0.97,0.6898,T2,47.0,3,10.3817,3.165,1.8,0.0,2026-02-09 22:00:00
2026-02-11 22:00:00,2026-02-11 16:00:00,0.0,0.6965,0.97,0.5709,T2,48.0,3,9.2767,3.6,1.5167,0.0,2026-02-09 22:00:00
2026-02-09 23:00:00,2026-02-09 17:00:00,0.0,0.1353,0.771,0.2111,ВЭС,1.0,1,5.325,6.63,0.9333,0.0,2026-02-09 22:00:00
2026-02-10 00:00:00,2026-02-09 18:00:00,0.0,0.1052,0.5159,0.1732,ВЭС,2.0,1,4.645,6.31,0.65,0.0,2026-02-09 22:00:00
2026-02-10 01:00:00,2026-02-09 19:00:00,0.0,0.0815,0.3525,0.1676,ВЭС,3.0,1,4.5817,4.195,0.5167,0.0,2026-02-09 22:00:00
2026-02-10 02:00:00,2026-02-09 20:00:00,0.0,0.0797,0.3869,0.1903,ВЭС,4.0,1,4.9917,2.005,0.45,0.0,2026-02-09 22:00:00
2026-02-10 03:00:00,2026-02-09 21:00:00,0.0,0.1358,0.5054,0.2347,ВЭС,5.0,1,5.515,0.36,0.4333,0.0,2026-02-09 22:00:00
2026-02-10 04:00:00,2026-02-09 22:00:00,0.0,0.1486,0.4889,0.2388,ВЭС,6.0,1,5.91,1.82,0.3,0.0,2026-02-09 22:00:00
2026-02-10 05:00:00,2026-02-09 23:00:00,0.0,0.1774,0.6146,0.3243,ВЭС,7.0,1,6.67,3.7,0.3667,0.0,2026-02-09 22:00:00
2026-02-10 06:00:00,2026-02-10 00:00:00,0.0,0.0882,0.4118,0.2388,ВЭС,8.0,1,5.8417,6.16,0.2333,0.0,2026-02-09 22:00:00
2026-02-10 07:00:00,2026-02-10 01:00:00,0.0,0.1184,0.5701,0.3243,ВЭС,9.0,1,6.6617,8.425,-0.2333,0.0,2026-02-09 22:00:00
2026-02-10 08:00:00,2026-02-10 02:00:00,0.0,0.271,0.8664,0.519,ВЭС,10.0,1,8.65,10.135,0.0167,0.0,2026-02-09 22:00:00
2026-02-10 09:00:00,2026-02-10 03:00:00,0.0,0.2143,0.8156,0.4601,ВЭС,11.0,1,8.3433,6.645,1.3,0.0,2026-02-09 22:00:00
2026-02-10 10:00:00,2026-02-10 04:00:00,0.0,0.3288,0.8917,0.519,ВЭС,12.0,1,8.7067,6.25,2.9667,0.0,2026-02-09 22:00:00
2026-02-10 11:00:00,2026-02-10 05:00:00,0.0,0.2255,0.8336,0.4396,ВЭС,13.0,1,8.17,5.225,4.8833,0.0,2026-02-09 22:00:00
2026-02-10 12:00:00,2026-02-10 06:00:00,0.0,0.2149,0.776,0.3725,ВЭС,14.0,1,7.25,4.12,6.6833,0.0,2026-02-09 22:00:00
2026-02-10 13:00:00,2026-02-10 07:00:00,0.0,0.2698,0.7098,0.2981,ВЭС,15.0,1,6.5533,2.34,8.0667,0.0,2026-02-09 22:00:00
2026-02-10 14:00:00,2026-02-10 08:00:00,0.0,0.1186,0.5731,0.2111,ВЭС,16.0,1,5.2483,3.58,8.9,0.0,2026-02-09 22:00:00
2026-02-10 15:00:00,2026-02-10 09:00:00,0.0,0.0961,0.4425,0.1511,ВЭС,17.0,1,4.4133,3.6,8.9167,0.0,2026-02-09 22:00:00
2026-02-10 16:00:00,2026-02-10 10:00:00,0.0134,0.2339,0.8055,0.3243,ВЭС,18.0,2,6.72,5.555,8.1667,0.0,2026-02-09 22:00:00
2026-02-10 17:00:00,2026-02-10 11:00:00,0.0,0.1121,0.6459,0.2388,ВЭС,19.0,2,5.7633,5.025,6.75,0.0,2026-02-09 22:00:00
2026-02-10 18:00:00,2026-02-10 12:00:00,0.0,0.1044,0.6,0.1864,ВЭС,20.0,2,4.8833,5.07,5.55,0.0,2026-02-09 22:00:00
2026-02-10 19:00:00,2026-02-10 13:00:00,0.0,0.1299,0.6439,0.2347,ВЭС,21.0,2,5.5867,2.6,4.8667,0.0,2026-02-09 22:00:00
2026-02-10 20:00:00,2026-02-10 14:00:00,0.0,0.2691,0.7155,0.3567,ВЭС,22.0,2,7.0217,6.005,4.2667,0.0,2026-02-09 22:00:00
2026-02-10 21:00:00,2026-02-10 15:00:00,0.0,0.4696,0.8995,0.4309,ВЭС,23.0,2,8.14,10.855,3.3667,0.0,2026-02-09 22:00:00
2026-02-10 22:00:00,2026-02-10 16:00:00,0.0567,0.8532,0.9773,0.65,ВЭС,24.0,2,9.7783,10.785,2.5667,0.0,2026-02-09 22:00:00
2026-02-10 23:00:00,2026-02-10 17:00:00,0.5241,0.9249,0.98,0.8017,ВЭС,25.0,2,12.0117,6.385,2.2167,0.0,2026-02-09 22:00:00
2026-02-11 00:00:00,2026-02-10 18:00:00,0.8498,0.9312,0.98,0.8986,ВЭС,26.0,2,13.68,3.14,2.0667,0.0,2026-02-09 22:00:00
2026-02-11 01:00:00,2026-02-10 19:00:00,0.7954,0.9073,0.98,0.9162,ВЭС,27.0,2,14.6267,0.845,2.0333,0.0,2026-02-09 22:00:00
2026-02-11 02:00:00,2026-02-10 20:00:00,0.6435,0.8734,0.98,0.9486,ВЭС,28.0,2,15.3217,2.33,1.9333,0.0,2026-02-09 22:00:00
2026-02-11 03:00:00,2026-02-10 21:00:00,0.4653,0.7016,0.98,0.9486,ВЭС,29.0,2,15.2517,3.97,1.8167,0.0,2026-02-09 22:00:00
2026-02-11 04:00:00,2026-02-10 22:00:00,0.3452,0.638,0.9798,0.9117,ВЭС,30.0,2,14.2767,3.96,1.7667,0.0,2026-02-09 22:00:00
2026-02-11 05:00:00,2026-02-10 23:00:00,0.1013,0.3807,0.8417,0.8017,ВЭС,31.0,2,11.9967,3.67,1.55,0.0,2026-02-09 22:00:00
2026-02-11 06:00:00,2026-02-11 00:00:00,0.0,0.1297,0.7617,0.4837,ВЭС,32.0,2,8.47,5.305,1.2333,0.0,2026-02-09 22:00:00
2026-02-11 07:00:00,2026-02-11 01:00:00,0.0001,0.0367,0.39,0.2111,ВЭС,33.0,2,5.1883,5.035,0.5,0.0,2026-02-09 22:00:00
2026-02-11 08:00:00,2026-02-11 02:00:00,0.0011,0.0321,0.2668,0.115,ВЭС,34.0,2,3.535,4.085,0.3333,0.0,2026-02-09 22:00:00
2026-02-11 09:00:00,2026-02-11 03:00:00,0.0044,0.0223,0.275,0.1082,ВЭС,35.0,2,3.305,3.475,2.0167,0.0,2026-02-09 22:00:00
2026-02-11 10:00:00,2026-02-11 04:00:00,0.0,0.0793,0.3218,0.1381,ВЭС,36.0,2,3.935,3.24,4.7667,0.0,2026-02-09 22:00:00
2026-02-11 11:00:00,2026-02-11 05:00:00,0.102,0.3233,0.8192,0.3567,ВЭС,37.0,2,7.0083,0.28,7.6,0.0,2026-02-09 22:00:00
2026-02-11 12:00:00,2026-02-11 06:00:00,0.0,0.5419,0.9309,0.65,ВЭС,38.0,2,9.825,7.14,9.5333,0.0,2026-02-09 22:00:00
2026-02-11 13:00:00,2026-02-11 07:00:00,0.0,0.3141,0.9127,0.5531,ВЭС,39.0,2,9.2233,12.435,10.5167,0.0,2026-02-09 22:00:00
2026-02-11 14:00:00,2026-02-11 08:00:00,0.0,0.1696,0.7741,0.3725,ВЭС,40.0,2,7.2867,12.685,10.8,0.0,2026-02-09 22:00:00
2026-02-11 15:00:00,2026-02-11 09:00:00,0.0,0.2091,0.7963,0.3725,ВЭС,41.0,2,7.5183,6.41,9.95,0.0,2026-02-09 22:00:00
2026-02-11 16:00:00,2026-02-11 10:00:00,0.0,0.6517,0.9752,0.5417,ВЭС,42.0,3,9.1317,5.625,7.6333,0.0,2026-02-09 22:00:00
2026-02-11 17:00:00,2026-02-11 11:00:00,0.6859,0.9794,0.98,0.89,ВЭС,43.0,3,13.355,3.775,5.4167,0.0,2026-02-09 22:00:00
2026-02-11 18:00:00,2026-02-11 12:00:00,0.8779,0.98,0.98,0.9486,ВЭС,44.0,3,15.1733,4.055,3.0833,0.0,2026-02-09 22:00:00
2026-02-11 19:00:00,2026-02-11 13:00:00,0.7949,0.9796,0.98,0.8986,ВЭС,45.0,3,14.0233,2.875,2.6,0.0,2026-02-09 22:00:00
2026-02-11 20:00:00,2026-02-11 14:00:00,0.4599,0.9371,0.98,0.8017,ВЭС,46.0,3,12.0083,2.745,2.2167,0.0,2026-02-09 22:00:00
2026-02-11 21:00:00,2026-02-11 15:00:00,0.2335,0.8248,0.98,0.6898,ВЭС,47.0,3,10.3817,3.165,1.8,0.0,2026-02-09 22:00:00
2026-02-11 22:00:00,2026-02-11 16:00:00,0.0,0.6969,0.98,0.5709,ВЭС,48.0,3,9.2767,3.6,1.5167,0.0,2026-02-09 22:00:00
2026-02-10 11:00:00,2026-02-10 05:00:00,0.0,0.2259,0.8336,0.4396,T1,1.0,1,8.17,5.225,4.8833,0.0,2026-02-10 10:00:00
2026-02-10 12:00:00,2026-02-10 06:00:00,0.0,0.2152,0.776,0.3725,T1,2.0,1,7.25,4.12,6.6833,0.0,2026-02-10 10:00:00
2026-02-10 13:00:00,2026-02-10 07:00:00,0.0,0.2703,0.7098,0.2981,T1,3.0,1,6.5533,2.34,8.0667,0.0,2026-02-10 10:00:00
2026-02-10 14:00:00,2026-02-10 08:00:00,0.0,0.1189,0.5731,0.2111,T1,4.0,1,5.2483,3.58,8.9,0.0,2026-02-10 10:00:00
2026-02-10 15:00:00,2026-02-10 09:00:00,0.0,0.0962,0.4425,0.1511,T1,5.0,1,4.4133,3.6,8.9167,0.0,2026-02-10 10:00:00
2026-02-10 16:00:00,2026-02-10 10:00:00,0.0,0.0928,0.3573,0.1381,T1,6.0,1,4.14,2.675,8.2,0.0,2026-02-10 10:00:00
2026-02-10 17:00:00,2026-02-10 11:00:00,0.0013,0.0315,0.2657,0.115,T1,7.0,1,3.5383,2.555,6.8833,0.0,2026-02-10 10:00:00
2026-02-10 18:00:00,2026-02-10 12:00:00,0.0,0.0497,0.2213,0.1,T1,8.0,1,3.0833,1.075,5.6,0.0,2026-02-10 10:00:00
2026-02-10 19:00:00,2026-02-10 13:00:00,0.0,0.0992,0.3669,0.1472,T1,9.0,1,4.2917,1.865,4.65,0.0,2026-02-10 10:00:00
2026-02-10 20:00:00,2026-02-10 14:00:00,0.0,0.2453,0.7428,0.3243,T1,10.0,1,6.685,6.115,3.9,0.0,2026-02-10 10:00:00
2026-02-10 21:00:00,2026-02-10 15:00:00,0.1223,0.7505,0.9676,0.5984,T1,11.0,1,9.4883,6.895,3.2,0.0,2026-02-10 10:00:00
2026-02-10 22:00:00,2026-02-10 16:00:00,0.6085,0.9591,0.99,0.8017,T1,12.0,1,12.1267,4.29,2.7167,0.0,2026-02-10 10:00:00
2026-02-10 23:00:00,2026-02-10 17:00:00,0.9175,0.9783,0.99,0.8986,T1,13.0,1,13.7133,2.48,2.3833,0.0,2026-02-10 10:00:00
2026-02-11 00:00:00,2026-02-10 18:00:00,0.9063,0.9573,0.99,0.9185,T1,14.0,1,14.6517,0.965,2.0667,0.0,2026-02-10 10:00:00
2026-02-11 01:00:00,2026-02-10 19:00:00,0.6403,0.8657,0.99,0.9486,T1,15.0,1,15.1583,1.235,1.8833,0.0,2026-02-10 10:00:00
2026-02-11 02:00:00,2026-02-10 20:00:00,0.5578,0.6309,0.99,0.9486,T1,16.0,1,14.9767,3.02,1.7333,0.0,2026-02-10 10:00:00
2026-02-11 03:00:00,2026-02-10 21:00:00,0.5353,0.7143,0.9893,0.9117,T1,17.0,1,14.32,3.87,1.5833,0.0,2026-02-10 10:00:00
2026-02-11 04:00:00,2026-02-10 22:00:00,0.4497,0.6382,0.9896,0.9117,T1,18.0,2,14.2767,3.96,1.7667,0.0,2026-02-10 10:00:00
2026-02-11 05:00:00,2026-02-10 23:00:00,0.1649,0.3816,0.8448,0.8017,T1,19.0,2,11.9967,3.67,1.55,0.0,2026-02-10 10:00:00
2026-02-11 06:00:00,2026-02-11 00:00:00,0.0,0.1271,0.7627,0.4837,T1,20.0,2,8.47,5.305,1.2333,0.0,2026-02-10 10:00:00
2026-02-11 07:00:00,2026-02-11 01:00:00,0.0003,0.0341,0.39,0.2111,T1,21.0,2,5.1883,5.035,0.5,0.0,2026-02-10 10:00:00
2026-02-11 08:00:00,2026-02-11 02:00:00,0.0023,0.0291,0.2668,0.115,T1,22.0,2,3.535,4.085,0.3333,0.0,2026-02-10 10:00:00
2026-02-11 09:00:00,2026-02-11 03:00:00,0.0063,0.0191,0.2751,0.1082,T1,23.0,2,3.305,3.475,2.0167,0.0,2026-02-10 10:00:00
2026-02-11 10:00:00,2026-02-11 04:00:00,0.0,0.0786,0.3218,0.1381,T1,24.0,2,3.935,3.24,4.7667,0.0,2026-02-10 10:00:00
2026-02-11 11:00:00,2026-02-11 05:00:00,0.131,0.3196,0.8192,0.3567,T1,25.0,2,7.0083,0.28,7.6,0.0,2026-02-10 10:00:00
2026-02-11 12:00:00,2026-02-11 06:00:00,0.0,0.536,0.9348,0.65,T1,26.0,2,9.825,7.14,9.5333,0.0,2026-02-10 10:00:00
2026-02-11 13:00:00,2026-02-11 07:00:00,0.0,0.31,0.9162,0.5531,T1,27.0,2,9.2233,12.435,10.5167,0.0,2026-02-10 10:00:00
2026-02-11 14:00:00,2026-02-11 08:00:00,0.0,0.1691,0.7768,0.3725,T1,28.0,2,7.2867,12.685,10.8,0.0,2026-02-10 10:00:00
2026-02-11 15:00:00,2026-02-11 09:00:00,0.0,0.208,0.7982,0.3725,T1,29.0,2,7.5183,6.41,9.95,0.0,2026-02-10 10:00:00
2026-02-11 16:00:00,2026-02-11 10:00:00,0.0085,0.6119,0.9813,0.5417,T1,30.0,2,9.0283,5.87,7.9333,0.0,2026-02-10 10:00:00
2026-02-11 17:00:00,2026-02-11 11:00:00,0.2335,0.9376,0.99,0.7639,T1,31.0,2,11.3683,9.855,5.3667,0.0,2026-02-10 10:00:00
2026-02-11 18:00:00,2026-02-11 12:00:00,0.6429,0.9712,0.99,0.89,T1,32.0,2,13.3367,9.325,3.7667,0.0,2026-02-10 10:00:00
2026-02-11 19:00:00,2026-02-11 13:00:00,0.6854,0.974,0.99,0.8986,T1,33.0,2,13.3533,8.22,2.9667,0.0,2026-02-10 10:00:00
2026-02-11 20:00:00,2026-02-11 14:00:00,0.8664,0.97,0.99,0.8986,T1,34.0,2,13.4883,3.07,2.1167,0.0,2026-02-10 10:00:00
2026-02-11 21:00:00,2026-02-11 15:00:00,0.8488,0.9694,0.99,0.8986,T1,35.0,2,13.35,1.705,1.6,0.0,2026-02-10 10:00:00
2026-02-11 22:00:00,2026-02-11 16:00:00,0.6639,0.9572,0.9888,0.8813,T1,36.0,2,12.97,3.62,1.35,1.0,2026-02-10 10:00:00
2026-02-11 23:00:00,2026-02-11 17:00:00,0.3903,0.9437,0.99,0.8017,T1,37.0,2,11.9433,3.925,1.1667,1.0,2026-02-10 10:00:00
2026-02-12 00:00:00,2026-02-11 18:00:00,0.3175,0.8667,0.9866,0.7639,T1,38.0,2,11.1083,3.485,1.05,0.0,2026-02-10 10:00:00
2026-02-12 01:00:00,2026-02-11 19:00:00,0.3251,0.7996,0.9843,0.7639,T1,39.0,2,10.8517,2.74,0.8333,0.0,2026-02-10 10:00:00
2026-02-12 02:00:00,2026-02-11 20:00:00,0.1192,0.6871,0.99,0.6898,T1,40.0,2,10.35,3.05,0.4833,0.0,2026-02-10 10:00:00
2026-02-12 03:00:00,2026-02-11 21:00:00,0.0346,0.6204,0.9805,0.6587,T1,41.0,2,9.7967,3.625,0.3,0.0,2026-02-10 10:00:00
2026-02-12 04:00:00,2026-02-11 22:00:00,0.0,0.5522,0.9109,0.5709,T1,42.0,3,9.34,3.485,-0.05,0.0,2026-02-10 10:00:00
2026-02-12 05:00:00,2026-02-11 23:00:00,0.0,0.4874,0.8812,0.5417,T1,43.0,3,8.89,3.41,0.05,0.0,2026-02-10 10:00:00
2026-02-12 06:00:00,2026-02-12 00:00:00,0.0,0.314,0.7731,0.4461,T1,44.0,3,8.1917,3.555,0.0167,0.0,2026-02-10 10:00:00
2026-02-12 07:00:00,2026-02-12 01:00:00,0.0,0.2431,0.6487,0.3725,T1,45.0,3,7.215,3.08,-0.05,0.0,2026-02-10 10:00:00
2026-02-12 08:00:00,2026-02-12 02:00:00,0.0,0.0916,0.5277,0.2347,T1,46.0,3,5.5867,2.875,-0.0,0.0,2026-02-10 10:00:00
2026-02-12 09:00:00,2026-02-12 03:00:00,0.0002,0.0342,0.3405,0.1275,T1,47.0,3,3.6083,3.06,0.2833,0.0,2026-02-10 10:00:00
2026-02-12 10:00:00,2026-02-12 04:00:00,0.0051,0.022,0.1921,0.0741,T1,48.0,3,2.2183,2.67,0.7333,0.0,2026-02-10 10:00:00
2026-02-10 11:00:00,2026-02-10 05:00:00,0.0,0.2252,0.8335,0.4396,T2,1.0,1,8.17,5.225,4.8833,0.0,2026-02-10 10:00:00
2026-02-10 12:00:00,2026-02-10 06:00:00,0.0,0.2146,0.776,0.3725,T2,2.0,1,7.25,4.12,6.6833,0.0,2026-02-10 10:00:00
2026-02-10 13:00:00,2026-02-10 07:00:00,0.0,0.2694,0.7098,0.2981,T2,3.0,1,6.5533,2.34,8.0667,0.0,2026-02-10 10:00:00
2026-02-10 14:00:00,2026-02-10 08:00:00,0.0,0.1184,0.5731,0.2111,T2,4.0,1,5.2483,3.58,8.9,0.0,2026-02-10 10:00:00
2026-02-10 15:00:00,2026-02-10 09:00:00,0.0,0.0959,0.4425,0.1511,T2,5.0,1,4.4133,3.6,8.9167,0.0,2026-02-10 10:00:00
2026-02-10 16:00:00,2026-02-10 10:00:00,0.0,0.0924,0.3573,0.1381,T2,6.0,1,4.14,2.675,8.2,0.0,2026-02-10 10:00:00
2026-02-10 17:00:00,2026-02-10 11:00:00,0.0009,0.0309,0.2657,0.115,T2,7.0,1,3.5383,2.555,6.8833,0.0,2026-02-10 10:00:00
2026-02-10 18:00:00,2026-02-10 12:00:00,0.0,0.0491,0.2213,0.1,T2,8.0,1,3.0833,1.075,5.6,0.0,2026-02-10 10:00:00
2026-02-10 19:00:00,2026-02-10 13:00:00,0.0,0.1026,0.3669,0.1472,T2,9.0,1,4.2917,1.865,4.65,0.0,2026-02-10 10:00:00
2026-02-10 20:00:00,2026-02-10 14:00:00,0.0,0.2501,0.7427,0.3243,T2,10.0,1,6.685,6.115,3.9,0.0,2026-02-10 10:00:00
2026-02-10 21:00:00,2026-02-10 15:00:00,0.1452,0.7586,0.9599,0.5984,T2,11.0,1,9.4883,6.895,3.2,0.0,2026-02-10 10:00:00
2026-02-10 22:00:00,2026-02-10 16:00:00,0.672,0.9609,0.97,0.8017,T2,12.0,1,12.1267,4.29,2.7167,0.0,2026-02-10 10:00:00
2026-02-10 23:00:00,2026-02-10 17:00:00,0.8047,0.9684,0.97,0.8986,T2,13.0,1,13.7133,2.48,2.3833,0.0,2026-02-10 10:00:00
2026-02-11 00:00:00,2026-02-10 18:00:00,0.6957,0.9522,0.97,0.9185,T2,14.0,1,14.6517,0.965,2.0667,0.0,2026-02-10 10:00:00
2026-02-11 01:00:00,2026-02-10 19:00:00,0.5052,0.8695,0.97,0.9486,T2,15.0,1,15.1583,1.235,1.8833,0.0,2026-02-10 10:00:00
2026-02-11 02:00:00,2026-02-10 20:00:00,0.4301,0.6348,0.97,0.9486,T2,16.0,1,14.9767,3.02,1.7333,0.0,2026-02-10 10:00:00
2026-02-11 03:00:00,2026-02-10 21:00:00,0.3437,0.7138,0.97,0.9117,T2,17.0,1,14.32,3.87,1.5833,0.0,2026-02-10 10:00:00
2026-02-11 04:00:00,2026-02-10 22:00:00,0.2408,0.6379,0.97,0.9117,T2,18.0,2,14.2767,3.96,1.7667,0.0,2026-02-10 10:00:00
2026-02-11 05:00:00,2026-02-10 23:00:00,0.0378,0.3798,0.8386,0.8017,T2,19.0,2,11.9967,3.67,1.55,0.0,2026-02-10 10:00:00
2026-02-11 06:00:00,2026-02-11 00:00:00,0.0,0.1322,0.7607,0.4837,T2,20.0,2,8.47,5.305,1.2333,0.0,2026-02-10 10:00:00
2026-02-11 07:00:00,2026-02-11 01:00:00,0.0,0.0392,0.39,0.2111,T2,21.0,2,5.1883,5.035,0.5,0.0,2026-02-10 10:00:00
2026-02-11 08:00:00,2026-02-11 02:00:00,0.0,0.0351,0.2668,0.115,T2,22.0,2,3.535,4.085,0.3333,0.0,2026-02-10 10:00:00
2026-02-11 09:00:00,2026-02-11 03:00:00,0.0024,0.0256,0.275,0.1082,T2,23.0,2,3.305,3.475,2.0167,0.0,2026-02-10 10:00:00
2026-02-11 10:00:00,2026-02-11 04:00:00,0.0,0.0801,0.3218,0.1381,T2,24.0,2,3.935,3.24,4.7667,0.0,2026-02-10 10:00:00
2026-02-11 11:00:00,2026-02-11 05:00:00,0.0731,0.3271,0.8192,0.3567,T2,25.0,2,7.0083,0.28,7.6,0.0,2026-02-10 10:00:00
2026-02-11 12:00:00,2026-02-11 06:00:00,0.0,0.5479,0.927,0.65,T2,26.0,2,9.825,7.14,9.5333,0.0,2026-02-10 10:00:00
2026-02-11 13:00:00,2026-02-11 07:00:00,0.0,0.3182,0.9093,0.5531,T2,27.0,2,9.2233,12.435,10.5167,0.0,2026-02-10 10:00:00
2026-02-11 14:00:00,2026-02-11 08:00:00,0.0,0.17,0.7715,0.3725,T2,28.0,2,7.2867,12.685,10.8,0.0,2026-02-10 10:00:00
2026-02-11 15:00:00,2026-02-11 09:00:00,0.0,0.2101,0.7944,0.3725,T2,29.0,2,7.5183,6.41,9.95,0.0,2026-02-10 10:00:00
2026-02-11 16:00:00,2026-02-11 10:00:00,0.0,0.6114,0.97,0.5417,T2,30.0,2,9.0283,5.87,7.9333,0.0,2026-02-10 10:00:00
2026-02-11 17:00:00,2026-02-11 11:00:00,0.1213,0.9365,0.97,0.7639,T2,31.0,2,11.3683,9.855,5.3667,0.0,2026-02-10 10:00:00
2026-02-11 18:00:00,2026-02-11 12:00:00,0.4866,0.9599,0.97,0.89,T2,32.0,2,13.3367,9.325,3.7667,0.0,2026-02-10 10:00:00
2026-02-11 19:00:00,2026-02-11 13:00:00,0.6322,0.9627,0.97,0.8986,T2,33.0,2,13.3533,8.22,2.9667,0.0,2026-02-10 10:00:00
2026-02-11 20:00:00,2026-02-11 14:00:00,0.9468,0.9579,0.97,0.8986,T2,34.0,2,13.4883,3.07,2.1167,0.0,2026-02-10 10:00:00
2026-02-11 21:00:00,2026-02-11 15:00:00,0.7785,0.9577,0.97,0.8986,T2,35.0,2,13.35,1.705,1.6,0.0,2026-02-10 10:00:00
2026-02-11 22:00:00,2026-02-11 16:00:00,0.7067,0.9452,0.97,0.8813,T2,36.0,2,12.97,3.62,1.35,1.0,2026-02-10 10:00:00
2026-02-11 23:00:00,2026-02-11 17:00:00,0.3622,0.9428,0.97,0.8017,T2,37.0,2,11.9433,3.925,1.1667,1.0,2026-02-10 10:00:00
2026-02-12 00:00:00,2026-02-11 18:00:00,0.309,0.8654,0.97,0.7639,T2,38.0,2,11.1083,3.485,1.05,0.0,2026-02-10 10:00:00
2026-02-12 01:00:00,2026-02-11 19:00:00,0.2433,0.7986,0.97,0.7639,T2,39.0,2,10.8517,2.74,0.8333,0.0,2026-02-10 10:00:00
2026-02-12 02:00:00,2026-02-11 20:00:00,0.1732,0.6885,0.97,0.6898,T2,40.0,2,10.35,3.05,0.4833,0.0,2026-02-10 10:00:00
2026-02-12 03:00:00,2026-02-11 21:00:00,0.0688,0.6218,0.97,0.6587,T2,41.0,2,9.7967,3.625,0.3,0.0,2026-02-10 10:00:00
2026-02-12 04:00:00,2026-02-11 22:00:00,0.0,0.5502,0.9082,0.5709,T2,42.0,3,9.34,3.485,-0.05,0.0,2026-02-10 10:00:00
2026-02-12 05:00:00,2026-02-11 23:00:00,0.0,0.4942,0.8789,0.5417,T2,43.0,3,8.89,3.41,0.05,0.0,2026-02-10 10:00:00
2026-02-12 06:00:00,2026-02-12 00:00:00,0.0,0.3183,0.773,0.4461,T2,44.0,3,8.1917,3.555,0.0167,0.0,2026-02-10 10:00:00
2026-02-12 07:00:00,2026-02-12 01:00:00,0.0,0.247,0.6486,0.3725,T2,45.0,3,7.215,3.08,-0.05,0.0,2026-02-10 10:00:00
2026-02-12 08:00:00,2026-02-12 02:00:00,0.0,0.0901,0.5277,0.2347,T2,46.0,3,5.5867,2.875,-0.0,0.0,2026-02-10 10:00:00
2026-02-12 09:00:00,2026-02-12 03:00:00,0.0,0.0331,0.3405,0.1275,T2,47.0,3,3.6083,3.06,0.2833,0.0,2026-02-10 10:00:00
2026-02-12 10:00:00,2026-02-12 04:00:00,0.0037,0.0213,0.1921,0.0741,T2,48.0,3,2.2183,2.67,0.7333,0.0,2026-02-10 10:00:00
2026-02-10 11:00:00,2026-02-10 05:00:00,0.0,0.2255,0.8336,0.4396,ВЭС,1.0,1,8.17,5.225,4.8833,0.0,2026-02-10 10:00:00
2026-02-10 12:00:00,2026-02-10 06:00:00,0.0,0.2149,0.776,0.3725,ВЭС,2.0,1,7.25,4.12,6.6833,0.0,2026-02-10 10:00:00
2026-02-10 13:00:00,2026-02-10 07:00:00,0.0,0.2698,0.7098,0.2981,ВЭС,3.0,1,6.5533,2.34,8.0667,0.0,2026-02-10 10:00:00
2026-02-10 14:00:00,2026-02-10 08:00:00,0.0,0.1186,0.5731,0.2111,ВЭС,4.0,1,5.2483,3.58,8.9,0.0,2026-02-10 10:00:00
2026-02-10 15:00:00,2026-02-10 09:00:00,0.0,0.0961,0.4425,0.1511,ВЭС,5.0,1,4.4133,3.6,8.9167,0.0,2026-02-10 10:00:00
2026-02-10 16:00:00,2026-02-10 10:00:00,0.0,0.0926,0.3573,0.1381,ВЭС,6.0,1,4.14,2.675,8.2,0.0,2026-02-10 10:00:00
2026-02-10 17:00:00,2026-02-10 11:00:00,0.0011,0.0312,0.2657,0.115,ВЭС,7.0,1,3.5383,2.555,6.8833,0.0,2026-02-10 10:00:00
2026-02-10 18:00:00,2026-02-10 12:00:00,0.0,0.0494,0.2213,0.1,ВЭС,8.0,1,3.0833,1.075,5.6,0.0,2026-02-10 10:00:00
2026-02-10 19:00:00,2026-02-10 13:00:00,0.0,0.1009,0.3669,0.1472,ВЭС,9.0,1,4.2917,1.865,4.65,0.0,2026-02-10 10:00:00
2026-02-10 20:00:00,2026-02-10 14:00:00,0.0,0.2477,0.7427,0.3243,ВЭС,10.0,1,6.685,6.115,3.9,0.0,2026-02-10 10:00:00
2026-02-10 21:00:00,2026-02-10 15:00:00,0.1338,0.7545,0.9637,0.5984,ВЭС,11.0,1,9.4883,6.895,3.2,0.0,2026-02-10 10:00:00
2026-02-10 22:00:00,2026-02-10 16:00:00,0.6402,0.96,0.98,0.8017,ВЭС,12.0,1,12.1267,4.29,2.7167,0.0,2026-02-10 10:00:00
2026-02-10 23:00:00,2026-02-10 17:00:00,0.8611,0.9734,0.98,0.8986,ВЭС,13.0,1,13.7133,2.48,2.3833,0.0,2026-02-10 10:00:00
2026-02-11 00:00:00,2026-02-10 18:00:00,0.801,0.9548,0.98,0.9185,ВЭС,14.0,1,14.6517,0.965,2.0667,0.0,2026-02-10 10:00:00
2026-02-11 01:00:00,2026-02-10 19:00:00,0.5727,0.8676,0.98,0.9486,ВЭС,15.0,1,15.1583,1.235,1.8833,0.0,2026-02-10 10:00:00
2026-02-11 02:00:00,2026-02-10 20:00:00,0.4939,0.6328,0.98,0.9486,ВЭС,16.0,1,14.9767,3.02,1.7333,0.0,2026-02-10 10:00:00
2026-02-11 03:00:00,2026-02-10 21:00:00,0.4395,0.714,0.9796,0.9117,ВЭС,17.0,1,14.32,3.87,1.5833,0.0,2026-02-10 10:00:00
2026-02-11 04:00:00,2026-02-10 22:00:00,0.3452,0.638,0.9798,0.9117,ВЭС,18.0,2,14.2767,3.96,1.7667,0.0,2026-02-10 10:00:00
2026-02-11 05:00:00,2026-02-10 23:00:00,0.1013,0.3807,0.8417,0.8017,ВЭС,19.0,2,11.9967,3.67,1.55,0.0,2026-02-10 10:00:00
2026-02-11 06:00:00,2026-02-11 00:00:00,0.0,0.1297,0.7617,0.4837,ВЭС,20.0,2,8.47,5.305,1.2333,0.0,2026-02-10 10:00:00
2026-02-11 07:00:00,2026-02-11 01:00:00,0.0001,0.0367,0.39,0.2111,ВЭС,21.0,2,5.1883,5.035,0.5,0.0,2026-02-10 10:00:00
2026-02-11 08:00:00,2026-02-11 02:00:00,0.0011,0.0321,0.2668,0.115,ВЭС,22.0,2,3.535,4.085,0.3333,0.0,2026-02-10 10:00:00
2026-02-11 09:00:00,2026-02-11 03:00:00,0.0044,0.0223,0.275,0.1082,ВЭС,23.0,2,3.305,3.475,2.0167,0.0,2026-02-10 10:00:00
2026-02-11 10:00:00,2026-02-11 04:00:00,0.0,0.0793,0.3218,0.1381,ВЭС,24.0,2,3.935,3.24,4.7667,0.0,2026-02-10 10:00:00
2026-02-11 11:00:00,2026-02-11 05:00:00,0.102,0.3233,0.8192,0.3567,ВЭС,25.0,2,7.0083,0.28,7.6,0.0,2026-02-10 10:00:00
2026-02-11 12:00:00,2026-02-11 06:00:00,0.0,0.5419,0.9309,0.65,ВЭС,26.0,2,9.825,7.14,9.5333,0.0,2026-02-10 10:00:00
2026-02-11 13:00:00,2026-02-11 07:00:00,0.0,0.3141,0.9127,0.5531,ВЭС,27.0,2,9.2233,12.435,10.5167,0.0,2026-02-10 10:00:00
2026-02-11 14:00:00,2026-02-11 08:00:00,0.0,0.1696,0.7741,0.3725,ВЭС,28.0,2,7.2867,12.685,10.8,0.0,2026-02-10 10:00:00
2026-02-11 15:00:00,2026-02-11 09:00:00,0.0,0.2091,0.7963,0.3725,ВЭС,29.0,2,7.5183,6.41,9.95,0.0,2026-02-10 10:00:00
2026-02-11 16:00:00,2026-02-11 10:00:00,0.0042,0.6116,0.9757,0.5417,ВЭС,30.0,2,9.0283,5.87,7.9333,0.0,2026-02-10 10:00:00
2026-02-11 17:00:00,2026-02-11 11:00:00,0.1774,0.9371,0.98,0.7639,ВЭС,31.0,2,11.3683,9.855,5.3667,0.0,2026-02-10 10:00:00
2026-02-11 18:00:00,2026-02-11 12:00:00,0.5648,0.9655,0.98,0.89,ВЭС,32.0,2,13.3367,9.325,3.7667,0.0,2026-02-10 10:00:00
2026-02-11 19:00:00,2026-02-11 13:00:00,0.6588,0.9683,0.98,0.8986,ВЭС,33.0,2,13.3533,8.22,2.9667,0.0,2026-02-10 10:00:00
2026-02-11 20:00:00,2026-02-11 14:00:00,0.9066,0.964,0.98,0.8986,ВЭС,34.0,2,13.4883,3.07,2.1167,0.0,2026-02-10 10:00:00
2026-02-11 21:00:00,2026-02-11 15:00:00,0.8136,0.9636,0.98,0.8986,ВЭС,35.0,2,13.35,1.705,1.6,0.0,2026-02-10 10:00:00
2026-02-11 22:00:00,2026-02-11 16:00:00,0.6853,0.9512,0.9794,0.8813,ВЭС,36.0,2,12.97,3.62,1.35,1.0,2026-02-10 10:00:00
2026-02-11 23:00:00,2026-02-11 17:00:00,0.3763,0.9432,0.98,0.8017,ВЭС,37.0,2,11.9433,3.925,1.1667,1.0,2026-02-10 10:00:00
2026-02-12 00:00:00,2026-02-11 18:00:00,0.3133,0.8661,0.9783,0.7639,ВЭС,38.0,2,11.1083,3.485,1.05,0.0,2026-02-10 10:00:00
2026-02-12 01:00:00,2026-02-11 19:00:00,0.2842,0.7991,0.9771,0.7639,ВЭС,39.0,2,10.8517,2.74,0.8333,0.0,2026-02-10 10:00:00
2026-02-12 02:00:00,2026-02-11 20:00:00,0.1462,0.6878,0.98,0.6898,ВЭС,40.0,2,10.35,3.05,0.4833,0.0,2026-02-10 10:00:00
2026-02-12 03:00:00,2026-02-11 21:00:00,0.0517,0.6211,0.9753,0.6587,ВЭС,41.0,2,9.7967,3.625,0.3,0.0,2026-02-10 10:00:00
2026-02-12 04:00:00,2026-02-11 22:00:00,0.0,0.5512,0.9095,0.5709,ВЭС,42.0,3,9.34,3.485,-0.05,0.0,2026-02-10 10:00:00
2026-02-12 05:00:00,2026-02-11 23:00:00,0.0,0.4908,0.88,0.5417,ВЭС,43.0,3,8.89,3.41,0.05,0.0,2026-02-10 10:00:00
2026-02-12 06:00:00,2026-02-12 00:00:00,0.0,0.3161,0.7731,0.4461,ВЭС,44.0,3,8.1917,3.555,0.0167,0.0,2026-02-10 10:00:00
2026-02-12 07:00:00,2026-02-12 01:00:00,0.0,0.2451,0.6487,0.3725,ВЭС,45.0,3,7.215,3.08,-0.05,0.0,2026-02-10 10:00:00
2026-02-12 08:00:00,2026-02-12 02:00:00,0.0,0.0908,0.5277,0.2347,ВЭС,46.0,3,5.5867,2.875,-0.0,0.0,2026-02-10 10:00:00
2026-02-12 09:00:00,2026-02-12 03:00:00,0.0001,0.0337,0.3405,0.1275,ВЭС,47.0,3,3.6083,3.06,0.2833,0.0,2026-02-10 10:00:00
2026-02-12 10:00:00,2026-02-12 04:00:00,0.0044,0.0217,0.1921,0.0741,ВЭС,48.0,3,2.2183,2.67,0.7333,0.0,2026-02-10 10:00:00
2026-02-10 23:00:00,2026-02-10 17:00:00,0.9175,0.9783,0.99,0.8986,T1,1.0,1,13.7133,2.48,2.3833,0.0,2026-02-10 22:00:00
2026-02-11 00:00:00,2026-02-10 18:00:00,0.9063,0.9573,0.99,0.9185,T1,2.0,1,14.6517,0.965,2.0667,0.0,2026-02-10 22:00:00
2026-02-11 01:00:00,2026-02-10 19:00:00,0.6403,0.8657,0.99,0.9486,T1,3.0,1,15.1583,1.235,1.8833,0.0,2026-02-10 22:00:00
2026-02-11 02:00:00,2026-02-10 20:00:00,0.5578,0.6309,0.99,0.9486,T1,4.0,1,14.9767,3.02,1.7333,0.0,2026-02-10 22:00:00
2026-02-11 03:00:00,2026-02-10 21:00:00,0.5353,0.7143,0.9893,0.9117,T1,5.0,1,14.32,3.87,1.5833,0.0,2026-02-10 22:00:00
2026-02-11 04:00:00,2026-02-10 22:00:00,0.4502,0.5916,0.9877,0.89,T1,6.0,1,13.335,4.16,1.6667,0.0,2026-02-10 22:00:00
2026-02-11 05:00:00,2026-02-10 23:00:00,0.1832,0.4483,0.8286,0.7639,T1,7.0,1,10.9683,2.04,1.9,0.0,2026-02-10 22:00:00
2026-02-11 06:00:00,2026-02-11 00:00:00,0.0,0.1612,0.6494,0.3567,T1,8.0,1,7.07,2.81,1.4167,0.0,2026-02-10 22:00:00
2026-02-11 07:00:00,2026-02-11 01:00:00,0.0,0.0541,0.2959,0.1732,T1,9.0,1,4.585,4.45,0.8333,0.0,2026-02-10 22:00:00
2026-02-11 08:00:00,2026-02-11 02:00:00,0.0,0.0476,0.3047,0.1676,T1,10.0,1,4.48,6.095,1.1833,0.0,2026-02-10 22:00:00
2026-02-11 09:00:00,2026-02-11 03:00:00,0.0,0.0476,0.3655,0.1864,T1,11.0,1,4.7967,7.005,2.5833,0.0,2026-02-10 22:00:00
2026-02-11 10:00:00,2026-02-11 04:00:00,0.0,0.0812,0.4329,0.2365,T1,12.0,1,5.6767,6.195,4.8333,0.0,2026-02-10 22:00:00
2026-02-11 11:00:00,2026-02-11 05:00:00,0.0,0.1723,0.8063,0.3725,T1,13.0,1,7.5,7.93,7.0167,0.0,2026-02-10 22:00:00
2026-02-11 12:00:00,2026-02-11 06:00:00,0.0,0.2913,0.9205,0.5263,T1,14.0,1,8.8633,12.3,8.5167,0.0,2026-02-10 22:00:00
2026-02-11 13:00:00,2026-02-11 07:00:00,0.0,0.2443,0.874,0.4601,T1,15.0,1,8.4583,15.17,9.4833,0.0,2026-02-10 22:00:00
2026-02-11 14:00:00,2026-02-11 08:00:00,0.0,0.1564,0.7221,0.3243,T1,16.0,1,6.7583,12.26,9.7333,0.0,2026-02-10 22:00:00
2026-02-11 15:00:00,2026-02-11 09:00:00,0.0,0.216,0.6028,0.2936,T1,17.0,1,6.4467,3.585,9.2,0.0,2026-02-10 22:00:00
2026-02-11 16:00:00,2026-02-11 10:00:00,0.0085,0.6119,0.9813,0.5417,T1,18.0,2,9.0283,5.87,7.9333,0.0,2026-02-10 22:00:00
2026-02-11 17:00:00,2026-02-11 11:00:00,0.2335,0.9376,0.99,0.7639,T1,19.0,2,11.3683,9.855,5.3667,0.0,2026-02-10 22:00:00
2026-02-11 18:00:00,2026-02-11 12:00:00,0.6429,0.9712,0.99,0.89,T1,20.0,2,13.3367,9.325,3.7667,0.0,2026-02-10 22:00:00
2026-02-11 19:00:00,2026-02-11 13:00:00,0.6854,0.974,0.99,0.8986,T1,21.0,2,13.3533,8.22,2.9667,0.0,2026-02-10 22:00:00
2026-02-11 20:00:00,2026-02-11 14:00:00,0.8664,0.97,0.99,0.8986,T1,22.0,2,13.4883,3.07,2.1167,0.0,2026-02-10 22:00:00
2026-02-11 21:00:00,2026-02-11 15:00:00,0.8488,0.9694,0.99,0.8986,T1,23.0,2,13.35,1.705,1.6,0.0,2026-02-10 22:00:00
2026-02-11 22:00:00,2026-02-11 16:00:00,0.6639,0.9572,0.9888,0.8813,T1,24.0,2,12.97,3.62,1.35,1.0,2026-02-10 22:00:00
2026-02-11 23:00:00,2026-02-11 17:00:00,0.3903,0.9437,0.99,0.8017,T1,25.0,2,11.9433,3.925,1.1667,1.0,2026-02-10 22:00:00
2026-02-12 00:00:00,2026-02-11 18:00:00,0.3175,0.8667,0.9866,0.7639,T1,26.0,2,11.1083,3.485,1.05,0.0,2026-02-10 22:00:00
2026-02-12 01:00:00,2026-02-11 19:00:00,0.3251,0.7996,0.9843,0.7639,T1,27.0,2,10.8517,2.74,0.8333,0.0,2026-02-10 22:00:00
2026-02-12 02:00:00,2026-02-11 20:00:00,0.1192,0.6871,0.99,0.6898,T1,28.0,2,10.35,3.05,0.4833,0.0,2026-02-10 22:00:00
2026-02-12 03:00:00,2026-02-11 21:00:00,0.0346,0.6204,0.9805,0.6587,T1,29.0,2,9.7967,3.625,0.3,0.0,2026-02-10 22:00:00
2026-02-12 04:00:00,2026-02-11 22:00:00,0.0,0.5458,0.9641,0.5709,T1,30.0,2,9.3367,2.77,0.2333,0.0,2026-02-10 22:00:00
2026-02-12 05:00:00,2026-02-11 23:00:00,0.0,0.5043,0.9324,0.5291,T1,31.0,2,8.885,2.135,0.25,0.0,2026-02-10 22:00:00
2026-02-12 06:00:00,2026-02-12 00:00:00,0.0,0.3462,0.8384,0.4309,T1,32.0,2,8.065,2.685,0.2167,1.0,2026-02-10 22:00:00
2026-02-12 07:00:00,2026-02-12 01:00:00,0.0,0.2286,0.6283,0.3567,T1,33.0,2,7.0517,3.93,0.1167,1.0,2026-02-10 22:00:00
2026-02-12 08:00:00,2026-02-12 02:00:00,0.0,0.1597,0.4199,0.2732,T1,34.0,2,6.0517,4.975,0.0167,1.0,2026-02-10 22:00:00
2026-02-12 09:00:00,2026-02-12 03:00:00,0.0,0.1001,0.4346,0.1964,T1,35.0,2,5.015,4.855,0.1667,1.0,2026-02-10 22:00:00
2026-02-12 10:00:00,2026-02-12 04:00:00,0.0,0.0485,0.2301,0.1381,T1,36.0,2,4.1217,4.99,0.6333,1.0,2026-02-10 22:00:00
2026-02-12 11:00:00,2026-02-12 05:00:00,0.0066,0.0185,0.1826,0.1082,T1,37.0,2,3.1883,4.71,1.3167,0.0,2026-02-10 22:00:00
2026-02-12 12:00:00,2026-02-12 06:00:00,0.0077,0.0157,0.1569,0.0781,T1,38.0,2,2.635,3.775,1.9833,0.0,2026-02-10 22:00:00
2026-02-12 13:00:00,2026-02-12 07:00:00,0.0065,0.0187,0.1447,0.0771,T1,39.0,2,2.5983,3.26,2.45,0.0,2026-02-10 22:00:00
2026-02-12 14:00:00,2026-02-12 08:00:00,0.0039,0.0251,0.1371,0.0771,T1,40.0,2,2.5683,2.32,2.7667,0.0,2026-02-10 22:00:00
2026-02-12 15:00:00,2026-02-12 09:00:00,0.0,0.036,0.1569,0.0835,T1,41.0,2,2.765,1.37,2.6167,0.0,2026-02-10 22:00:00
2026-02-12 16:00:00,2026-02-12 10:00:00,0.0,0.0487,0.4443,0.1275,T1,42.0,3,3.7867,3.98,1.7833,0.0,2026-02-10 22:00:00
2026-02-12 17:00:00,2026-02-12 11:00:00,0.0,0.2272,0.6134,0.2388,T1,43.0,3,5.8767,4.98,0.9167,1.0,2026-02-10 22:00:00
2026-02-12 18:00:00,2026-02-12 12:00:00,0.0507,0.356,0.7551,0.3725,T1,44.0,3,7.1633,5.38,0.4667,1.0,2026-02-10 22:00:00
2026-02-12 19:00:00,2026-02-12 13:00:00,0.0259,0.2989,0.7153,0.331,T1,45.0,3,6.8183,4.7,0.15,1.0,2026-02-10 22:00:00
2026-02-12 20:00:00,2026-02-12 14:00:00,0.0,0.2637,0.5923,0.2678,T1,46.0,3,6.03,3.295,-0.0667,1.0,2026-02-10 22:00:00
2026-02-12 21:00:00,2026-02-12 15:00:00,0.0,0.186,0.5518,0.2111,T1,47.0,3,5.3017,3.19,-0.2,1.0,2026-02-10 22:00:00
2026-02-12 22:00:00,2026-02-12 16:00:00,0.0,0.1676,0.5404,0.1864,T1,48.0,3,4.8083,2.97,-0.3,1.0,2026-02-10 22:00:00
2026-02-10 23:00:00,2026-02-10 17:00:00,0.8047,0.9684,0.97,0.8986,T2,1.0,1,13.7133,2.48,2.3833,0.0,2026-02-10 22:00:00
2026-02-11 00:00:00,2026-02-10 18:00:00,0.6957,0.9522,0.97,0.9185,T2,2.0,1,14.6517,0.965,2.0667,0.0,2026-02-10 22:00:00
2026-02-11 01:00:00,2026-02-10 19:00:00,0.5052,0.8695,0.97,0.9486,T2,3.0,1,15.1583,1.235,1.8833,0.0,2026-02-10 22:00:00
2026-02-11 02:00:00,2026-02-10 20:00:00,0.4301,0.6348,0.97,0.9486,T2,4.0,1,14.9767,3.02,1.7333,0.0,2026-02-10 22:00:00
2026-02-11 03:00:00,2026-02-10 21:00:00,0.3437,0.7138,0.97,0.9117,T2,5.0,1,14.32,3.87,1.5833,0.0,2026-02-10 22:00:00
2026-02-11 04:00:00,2026-02-10 22:00:00,0.1949,0.6059,0.97,0.89,T2,6.0,1,13.335,4.16,1.6667,0.0,2026-02-10 22:00:00
2026-02-11 05:00:00,2026-02-10 23:00:00,0.0735,0.4479,0.8233,0.7639,T2,7.0,1,10.9683,2.04,1.9,0.0,2026-02-10 22:00:00
2026-02-11 06:00:00,2026-02-11 00:00:00,0.0,0.1639,0.6494,0.3567,T2,8.0,1,7.07,2.81,1.4167,0.0,2026-02-10 22:00:00
2026-02-11 07:00:00,2026-02-11 01:00:00,0.0,0.0531,0.2959,0.1732,T2,9.0,1,4.585,4.45,0.8333,0.0,2026-02-10 22:00:00
2026-02-11 08:00:00,2026-02-11 02:00:00,0.0,0.0467,0.3047,0.1676,T2,10.0,1,4.48,6.095,1.1833,0.0,2026-02-10 22:00:00
2026-02-11 09:00:00,2026-02-11 03:00:00,0.0,0.0536,0.3655,0.1864,T2,11.0,1,4.7967,7.005,2.5833,0.0,2026-02-10 22:00:00
2026-02-11 10:00:00,2026-02-11 04:00:00,0.0,0.0836,0.4329,0.2365,T2,12.0,1,5.6767,6.195,4.8333,0.0,2026-02-10 22:00:00
2026-02-11 11:00:00,2026-02-11 05:00:00,0.0,0.1796,0.8023,0.3725,T2,13.0,1,7.5,7.93,7.0167,0.0,2026-02-10 22:00:00
2026-02-11 12:00:00,2026-02-11 06:00:00,0.002,0.299,0.9132,0.5263,T2,14.0,1,8.8633,12.3,8.5167,0.0,2026-02-10 22:00:00
2026-02-11 13:00:00,2026-02-11 07:00:00,0.0,0.2513,0.8671,0.4601,T2,15.0,1,8.4583,15.17,9.4833,0.0,2026-02-10 22:00:00
2026-02-11 14:00:00,2026-02-11 08:00:00,0.0,0.1579,0.7168,0.3243,T2,16.0,1,6.7583,12.26,9.7333,0.0,2026-02-10 22:00:00
2026-02-11 15:00:00,2026-02-11 09:00:00,0.0,0.218,0.6028,0.2936,T2,17.0,1,6.4467,3.585,9.2,0.0,2026-02-10 22:00:00
2026-02-11 16:00:00,2026-02-11 10:00:00,0.0,0.6114,0.97,0.5417,T2,18.0,2,9.0283,5.87,7.9333,0.0,2026-02-10 22:00:00
2026-02-11 17:00:00,2026-02-11 11:00:00,0.1213,0.9365,0.97,0.7639,T2,19.0,2,11.3683,9.855,5.3667,0.0,2026-02-10 22:00:00
2026-02-11 18:00:00,2026-02-11 12:00:00,0.4866,0.9599,0.97,0.89,T2,20.0,2,13.3367,9.325,3.7667,0.0,2026-02-10 22:00:00
2026-02-11 19:00:00,2026-02-11 13:00:00,0.6322,0.9627,0.97,0.8986,T2,21.0,2,13.3533,8.22,2.9667,0.0,2026-02-10 22:00:00
2026-02-11 20:00:00,2026-02-11 14:00:00,0.9468,0.9579,0.97,0.8986,T2,22.0,2,13.4883,3.07,2.1167,0.0,2026-02-10 22:00:00
2026-02-11 21:00:00,2026-02-11 15:00:00,0.7785,0.9577,0.97,0.8986,T2,23.0,2,13.35,1.705,1.6,0.0,2026-02-10 22:00:00
2026-02-11 22:00:00,2026-02-11 16:00:00,0.7067,0.9452,0.97,0.8813,T2,24.0,2,12.97,3.62,1.35,1.0,2026-02-10 22:00:00
2026-02-11 23:00:00,2026-02-11 17:00:00,0.3622,0.9428,0.97,0.8017,T2,25.0,2,11.9433,3.925,1.1667,1.0,2026-02-10 22:00:00
2026-02-12 00:00:00,2026-02-11 18:00:00,0.309,0.8654,0.97,0.7639,T2,26.0,2,11.1083,3.485,1.05,0.0,2026-02-10 22:00:00
2026-02-12 01:00:00,2026-02-11 19:00:00,0.2433,0.7986,0.97,0.7639,T2,27.0,2,10.8517,2.74,0.8333,0.0,2026-02-10 22:00:00
2026-02-12 02:00:00,2026-02-11 20:00:00,0.1732,0.6885,0.97,0.6898,T2,28.0,2,10.35,3.05,0.4833,0.0,2026-02-10 22:00:00
2026-02-12 03:00:00,2026-02-11 21:00:00,0.0688,0.6218,0.97,0.6587,T2,29.0,2,9.7967,3.625,0.3,0.0,2026-02-10 22:00:00
2026-02-12 04:00:00,2026-02-11 22:00:00,0.0,0.5443,0.9607,0.5709,T2,30.0,2,9.3367,2.77,0.2333,0.0,2026-02-10 22:00:00
2026-02-12 05:00:00,2026-02-11 23:00:00,0.0,0.5063,0.9309,0.5291,T2,31.0,2,8.885,2.135,0.25,0.0,2026-02-10 22:00:00
2026-02-12 06:00:00,2026-02-12 00:00:00,0.0,0.3534,0.8383,0.4309,T2,32.0,2,8.065,2.685,0.2167,1.0,2026-02-10 22:00:00
2026-02-12 07:00:00,2026-02-12 01:00:00,0.0,0.233,0.6283,0.3567,T2,33.0,2,7.0517,3.93,0.1167,1.0,2026-02-10 22:00:00
2026-02-12 08:00:00,2026-02-12 02:00:00,0.0,0.164,0.4199,0.2732,T2,34.0,2,6.0517,4.975,0.0167,1.0,2026-02-10 22:00:00
2026-02-12 09:00:00,2026-02-12 03:00:00,0.0,0.1045,0.4346,0.1964,T2,35.0,2,5.015,4.855,0.1667,1.0,2026-02-10 22:00:00
2026-02-12 10:00:00,2026-02-12 04:00:00,0.0,0.0474,0.2301,0.1381,T2,36.0,2,4.1217,4.99,0.6333,1.0,2026-02-10 22:00:00
2026-02-12 11:00:00,2026-02-12 05:00:00,0.0051,0.0176,0.1827,0.1082,T2,37.0,2,3.1883,4.71,1.3167,0.0,2026-02-10 22:00:00
2026-02-12 12:00:00,2026-02-12 06:00:00,0.0059,0.0147,0.1569,0.0781,T2,38.0,2,2.635,3.775,1.9833,0.0,2026-02-10 22:00:00
2026-02-12 13:00:00,2026-02-12 07:00:00,0.0048,0.0179,0.1447,0.0771,T2,39.0,2,2.5983,3.26,2.45,0.0,2026-02-10 22:00:00
2026-02-12 14:00:00,2026-02-12 08:00:00,0.0034,0.0243,0.1371,0.0771,T2,40.0,2,2.5683,2.32,2.7667,0.0,2026-02-10 22:00:00
2026-02-12 15:00:00,2026-02-12 09:00:00,0.0,0.0356,0.1569,0.0835,T2,41.0,2,2.765,1.37,2.6167,0.0,2026-02-10 22:00:00
2026-02-12 16:00:00,2026-02-12 10:00:00,0.0,0.0496,0.4443,0.1275,T2,42.0,3,3.7867,3.98,1.7833,0.0,2026-02-10 22:00:00
2026-02-12 17:00:00,2026-02-12 11:00:00,0.0,0.2269,0.6133,0.2388,T2,43.0,3,5.8767,4.98,0.9167,1.0,2026-02-10 22:00:00
2026-02-12 18:00:00,2026-02-12 12:00:00,0.0,0.3557,0.755,0.3725,T2,44.0,3,7.1633,5.38,0.4667,1.0,2026-02-10 22:00:00
2026-02-12 19:00:00,2026-02-12 13:00:00,0.0,0.2986,0.7152,0.331,T2,45.0,3,6.8183,4.7,0.15,1.0,2026-02-10 22:00:00
2026-02-12 20:00:00,2026-02-12 14:00:00,0.0,0.2633,0.5923,0.2678,T2,46.0,3,6.03,3.295,-0.0667,1.0,2026-02-10 22:00:00
2026-02-12 21:00:00,2026-02-12 15:00:00,0.0,0.1856,0.5518,0.2111,T2,47.0,3,5.3017,3.19,-0.2,1.0,2026-02-10 22:00:00
2026-02-12 22:00:00,2026-02-12 16:00:00,0.0,0.1671,0.5404,0.1864,T2,48.0,3,4.8083,2.97,-0.3,1.0,2026-02-10 22:00:00
2026-02-10 23:00:00,2026-02-10 17:00:00,0.8611,0.9734,0.98,0.8986,ВЭС,1.0,1,13.7133,2.48,2.3833,0.0,2026-02-10 22:00:00
2026-02-11 00:00:00,2026-02-10 18:00:00,0.801,0.9548,0.98,0.9185,ВЭС,2.0,1,14.6517,0.965,2.0667,0.0,2026-02-10 22:00:00
2026-02-11 01:00:00,2026-02-10 19:00:00,0.5727,0.8676,0.98,0.9486,ВЭС,3.0,1,15.1583,1.235,1.8833,0.0,2026-02-10 22:00:00
2026-02-11 02:00:00,2026-02-10 20:00:00,0.4939,0.6328,0.98,0.9486,ВЭС,4.0,1,14.9767,3.02,1.7333,0.0,2026-02-10 22:00:00
2026-02-11 03:00:00,2026-02-10 21:00:00,0.4395,0.714,0.9796,0.9117,ВЭС,5.0,1,14.32,3.87,1.5833,0.0,2026-02-10 22:00:00
2026-02-11 04:00:00,2026-02-10 22:00:00,0.3225,0.5987,0.9788,0.89,ВЭС,6.0,1,13.335,4.16,1.6667,0.0,2026-02-10 22:00:00
2026-02-11 05:00:00,2026-02-10 23:00:00,0.1284,0.4481,0.826,0.7639,ВЭС,7.0,1,10.9683,2.04,1.9,0.0,2026-02-10 22:00:00
2026-02-11 06:00:00,2026-02-11 00:00:00,0.0,0.1625,0.6494,0.3567,ВЭС,8.0,1,7.07,2.81,1.4167,0.0,2026-02-10 22:00:00
2026-02-11 07:00:00,2026-02-11 01:00:00,0.0,0.0536,0.2959,0.1732,ВЭС,9.0,1,4.585,4.45,0.8333,0.0,2026-02-10 22:00:00
2026-02-11 08:00:00,2026-02-11 02:00:00,0.0,0.0472,0.3047,0.1676,ВЭС,10.0,1,4.48,6.095,1.1833,0.0,2026-02-10 22:00:00
2026-02-11 09:00:00,2026-02-11 03:00:00,0.0,0.0506,0.3655,0.1864,ВЭС,11.0,1,4.7967,7.005,2.5833,0.0,2026-02-10 22:00:00
2026-02-11 10:00:00,2026-02-11 04:00:00,0.0,0.0824,0.4329,0.2365,ВЭС,12.0,1,5.6767,6.195,4.8333,0.0,2026-02-10 22:00:00
2026-02-11 11:00:00,2026-02-11 05:00:00,0.0,0.1759,0.8043,0.3725,ВЭС,13.0,1,7.5,7.93,7.0167,0.0,2026-02-10 22:00:00
2026-02-11 12:00:00,2026-02-11 06:00:00,0.001,0.2951,0.9169,0.5263,ВЭС,14.0,1,8.8633,12.3,8.5167,0.0,2026-02-10 22:00:00
2026-02-11 13:00:00,2026-02-11 07:00:00,0.0,0.2478,0.8706,0.4601,ВЭС,15.0,1,8.4583,15.17,9.4833,0.0,2026-02-10 22:00:00
2026-02-11 14:00:00,2026-02-11 08:00:00,0.0,0.1571,0.7195,0.3243,ВЭС,16.0,1,6.7583,12.26,9.7333,0.0,2026-02-10 22:00:00
2026-02-11 15:00:00,2026-02-11 09:00:00,0.0,0.217,0.6028,0.2936,ВЭС,17.0,1,6.4467,3.585,9.2,0.0,2026-02-10 22:00:00
2026-02-11 16:00:00,2026-02-11 10:00:00,0.0042,0.6116,0.9757,0.5417,ВЭС,18.0,2,9.0283,5.87,7.9333,0.0,2026-02-10 22:00:00
2026-02-11 17:00:00,2026-02-11 11:00:00,0.1774,0.9371,0.98,0.7639,ВЭС,19.0,2,11.3683,9.855,5.3667,0.0,2026-02-10 22:00:00
2026-02-11 18:00:00,2026-02-11 12:00:00,0.5648,0.9655,0.98,0.89,ВЭС,20.0,2,13.3367,9.325,3.7667,0.0,2026-02-10 22:00:00
2026-02-11 19:00:00,2026-02-11 13:00:00,0.6588,0.9683,0.98,0.8986,ВЭС,21.0,2,13.3533,8.22,2.9667,0.0,2026-02-10 22:00:00
2026-02-11 20:00:00,2026-02-11 14:00:00,0.9066,0.964,0.98,0.8986,ВЭС,22.0,2,13.4883,3.07,2.1167,0.0,2026-02-10 22:00:00
2026-02-11 21:00:00,2026-02-11 15:00:00,0.8136,0.9636,0.98,0.8986,ВЭС,23.0,2,13.35,1.705,1.6,0.0,2026-02-10 22:00:00
2026-02-11 22:00:00,2026-02-11 16:00:00,0.6853,0.9512,0.9794,0.8813,ВЭС,24.0,2,12.97,3.62,1.35,1.0,2026-02-10 22:00:00
2026-02-11 23:00:00,2026-02-11 17:00:00,0.3763,0.9432,0.98,0.8017,ВЭС,25.0,2,11.9433,3.925,1.1667,1.0,2026-02-10 22:00:00
2026-02-12 00:00:00,2026-02-11 18:00:00,0.3133,0.8661,0.9783,0.7639,ВЭС,26.0,2,11.1083,3.485,1.05,0.0,2026-02-10 22:00:00
2026-02-12 01:00:00,2026-02-11 19:00:00,0.2842,0.7991,0.9771,0.7639,ВЭС,27.0,2,10.8517,2.74,0.8333,0.0,2026-02-10 22:00:00
2026-02-12 02:00:00,2026-02-11 20:00:00,0.1462,0.6878,0.98,0.6898,ВЭС,28.0,2,10.35,3.05,0.4833,0.0,2026-02-10 22:00:00
2026-02-12 03:00:00,2026-02-11 21:00:00,0.0517,0.6211,0.9753,0.6587,ВЭС,29.0,2,9.7967,3.625,0.3,0.0,2026-02-10 22:00:00
2026-02-12 04:00:00,2026-02-11 22:00:00,0.0,0.545,0.9624,0.5709,ВЭС,30.0,2,9.3367,2.77,0.2333,0.0,2026-02-10 22:00:00
2026-02-12 05:00:00,2026-02-11 23:00:00,0.0,0.5053,0.9316,0.5291,ВЭС,31.0,2,8.885,2.135,0.25,0.0,2026-02-10 22:00:00
2026-02-12 06:00:00,2026-02-12 00:00:00,0.0,0.3498,0.8383,0.4309,ВЭС,32.0,2,8.065,2.685,0.2167,1.0,2026-02-10 22:00:00
2026-02-12 07:00:00,2026-02-12 01:00:00,0.0,0.2308,0.6283,0.3567,ВЭС,33.0,2,7.0517,3.93,0.1167,1.0,2026-02-10 22:00:00
2026-02-12 08:00:00,2026-02-12 02:00:00,0.0,0.1618,0.4199,0.2732,ВЭС,34.0,2,6.0517,4.975,0.0167,1.0,2026-02-10 22:00:00
2026-02-12 09:00:00,2026-02-12 03:00:00,0.0,0.1023,0.4346,0.1964,ВЭС,35.0,2,5.015,4.855,0.1667,1.0,2026-02-10 22:00:00
2026-02-12 10:00:00,2026-02-12 04:00:00,0.0,0.048,0.2301,0.1381,ВЭС,36.0,2,4.1217,4.99,0.6333,1.0,2026-02-10 22:00:00
2026-02-12 11:00:00,2026-02-12 05:00:00,0.0058,0.0181,0.1827,0.1082,ВЭС,37.0,2,3.1883,4.71,1.3167,0.0,2026-02-10 22:00:00
2026-02-12 12:00:00,2026-02-12 06:00:00,0.0068,0.0152,0.1569,0.0781,ВЭС,38.0,2,2.635,3.775,1.9833,0.0,2026-02-10 22:00:00
2026-02-12 13:00:00,2026-02-12 07:00:00,0.0056,0.0183,0.1447,0.0771,ВЭС,39.0,2,2.5983,3.26,2.45,0.0,2026-02-10 22:00:00
2026-02-12 14:00:00,2026-02-12 08:00:00,0.0037,0.0247,0.1371,0.0771,ВЭС,40.0,2,2.5683,2.32,2.7667,0.0,2026-02-10 22:00:00
2026-02-12 15:00:00,2026-02-12 09:00:00,0.0,0.0358,0.1569,0.0835,ВЭС,41.0,2,2.765,1.37,2.6167,0.0,2026-02-10 22:00:00
2026-02-12 16:00:00,2026-02-12 10:00:00,0.0,0.0491,0.4443,0.1275,ВЭС,42.0,3,3.7867,3.98,1.7833,0.0,2026-02-10 22:00:00
2026-02-12 17:00:00,2026-02-12 11:00:00,0.0,0.2271,0.6133,0.2388,ВЭС,43.0,3,5.8767,4.98,0.9167,1.0,2026-02-10 22:00:00
2026-02-12 18:00:00,2026-02-12 12:00:00,0.0253,0.3558,0.7551,0.3725,ВЭС,44.0,3,7.1633,5.38,0.4667,1.0,2026-02-10 22:00:00
2026-02-12 19:00:00,2026-02-12 13:00:00,0.013,0.2987,0.7153,0.331,ВЭС,45.0,3,6.8183,4.7,0.15,1.0,2026-02-10 22:00:00
2026-02-12 20:00:00,2026-02-12 14:00:00,0.0,0.2635,0.5923,0.2678,ВЭС,46.0,3,6.03,3.295,-0.0667,1.0,2026-02-10 22:00:00
2026-02-12 21:00:00,2026-02-12 15:00:00,0.0,0.1858,0.5518,0.2111,ВЭС,47.0,3,5.3017,3.19,-0.2,1.0,2026-02-10 22:00:00
2026-02-12 22:00:00,2026-02-12 16:00:00,0.0,0.1674,0.5404,0.1864,ВЭС,48.0,3,4.8083,2.97,-0.3,1.0,2026-02-10 22:00:00
2026-02-11 11:00:00,2026-02-11 05:00:00,0.0,0.1723,0.8063,0.3725,T1,1.0,1,7.5,7.93,7.0167,0.0,2026-02-11 10:00:00
2026-02-11 12:00:00,2026-02-11 06:00:00,0.0,0.2913,0.9205,0.5263,T1,2.0,1,8.8633,12.3,8.5167,0.0,2026-02-11 10:00:00
2026-02-11 13:00:00,2026-02-11 07:00:00,0.0,0.2443,0.874,0.4601,T1,3.0,1,8.4583,15.17,9.4833,0.0,2026-02-11 10:00:00
2026-02-11 14:00:00,2026-02-11 08:00:00,0.0,0.1564,0.7221,0.3243,T1,4.0,1,6.7583,12.26,9.7333,0.0,2026-02-11 10:00:00
2026-02-11 15:00:00,2026-02-11 09:00:00,0.0,0.216,0.6028,0.2936,T1,5.0,1,6.4467,3.585,9.2,0.0,2026-02-11 10:00:00
2026-02-11 16:00:00,2026-02-11 10:00:00,0.0,0.4788,0.9156,0.4212,T1,6.0,1,7.8683,6.55,7.5833,0.0,2026-02-11 10:00:00
2026-02-11 17:00:00,2026-02-11 11:00:00,0.0,0.8157,0.99,0.65,T1,7.0,1,9.8333,9.065,5.4167,0.0,2026-02-11 10:00:00
2026-02-11 18:00:00,2026-02-11 12:00:00,0.3522,0.9329,0.99,0.8017,T1,8.0,1,12.215,8.625,3.9,0.0,2026-02-11 10:00:00
2026-02-11 19:00:00,2026-02-11 13:00:00,0.7911,0.9858,0.99,0.8986,T1,9.0,1,13.9783,5.755,2.9333,0.0,2026-02-11 10:00:00
2026-02-11 20:00:00,2026-02-11 14:00:00,0.9345,0.99,0.99,0.9117,T1,10.0,1,14.32,4.28,2.2667,0.0,2026-02-11 10:00:00
2026-02-11 21:00:00,2026-02-11 15:00:00,0.7139,0.9766,0.99,0.89,T1,11.0,1,13.29,3.69,1.8,0.0,2026-02-11 10:00:00
2026-02-11 22:00:00,2026-02-11 16:00:00,0.5495,0.951,0.99,0.8017,T1,12.0,1,11.6583,2.92,1.6167,0.0,2026-02-11 10:00:00
2026-02-11 23:00:00,2026-02-11 17:00:00,0.2389,0.6966,0.9823,0.65,T1,13.0,1,9.7,0.125,1.35,1.0,2026-02-11 10:00:00
2026-02-12 00:00:00,2026-02-11 18:00:00,0.0205,0.4573,0.9367,0.519,T1,14.0,1,8.605,3.2,1.1167,1.0,2026-02-11 10:00:00
2026-02-12 01:00:00,2026-02-11 19:00:00,0.0669,0.4528,0.9548,0.5531,T1,15.0,1,9.125,4.38,1.1167,1.0,2026-02-11 10:00:00
2026-02-12 02:00:00,2026-02-11 20:00:00,0.0588,0.5067,0.9574,0.5709,T1,16.0,1,9.3417,4.785,1.0333,1.0,2026-02-11 10:00:00
2026-02-12 03:00:00,2026-02-11 21:00:00,0.0364,0.4331,0.9411,0.519,T1,17.0,1,8.7317,3.84,0.95,1.0,2026-02-11 10:00:00
2026-02-12 04:00:00,2026-02-11 22:00:00,0.0,0.5458,0.9641,0.5709,T1,18.0,2,9.3367,2.77,0.2333,0.0,2026-02-11 10:00:00
2026-02-12 05:00:00,2026-02-11 23:00:00,0.0,0.5043,0.9324,0.5291,T1,19.0,2,8.885,2.135,0.25,0.0,2026-02-11 10:00:00
2026-02-12 06:00:00,2026-02-12 00:00:00,0.0,0.3462,0.8384,0.4309,T1,20.0,2,8.065,2.685,0.2167,1.0,2026-02-11 10:00:00
2026-02-12 07:00:00,2026-02-12 01:00:00,0.0,0.2286,0.6283,0.3567,T1,21.0,2,7.0517,3.93,0.1167,1.0,2026-02-11 10:00:00
2026-02-12 08:00:00,2026-02-12 02:00:00,0.0,0.1597,0.4199,0.2732,T1,22.0,2,6.0517,4.975,0.0167,1.0,2026-02-11 10:00:00
2026-02-12 09:00:00,2026-02-12 03:00:00,0.0,0.1001,0.4346,0.1964,T1,23.0,2,5.015,4.855,0.1667,1.0,2026-02-11 10:00:00
2026-02-12 10:00:00,2026-02-12 04:00:00,0.0,0.0485,0.2301,0.1381,T1,24.0,2,4.1217,4.99,0.6333,1.0,2026-02-11 10:00:00
2026-02-12 11:00:00,2026-02-12 05:00:00,0.0066,0.0185,0.1826,0.1082,T1,25.0,2,3.1883,4.71,1.3167,0.0,2026-02-11 10:00:00
2026-02-12 12:00:00,2026-02-12 06:00:00,0.0077,0.0157,0.1569,0.0781,T1,26.0,2,2.635,3.775,1.9833,0.0,2026-02-11 10:00:00
2026-02-12 13:00:00,2026-02-12 07:00:00,0.0065,0.0187,0.1447,0.0771,T1,27.0,2,2.5983,3.26,2.45,0.0,2026-02-11 10:00:00
2026-02-12 14:00:00,2026-02-12 08:00:00,0.0039,0.0251,0.1371,0.0771,T1,28.0,2,2.5683,2.32,2.7667,0.0,2026-02-11 10:00:00
2026-02-12 15:00:00,2026-02-12 09:00:00,0.0,0.036,0.1569,0.0835,T1,29.0,2,2.765,1.37,2.6167,0.0,2026-02-11 10:00:00
2026-02-12 16:00:00,2026-02-12 10:00:00,0.0,0.0913,0.3085,0.115,T1,30.0,2,3.4183,2.21,2.0,0.0,2026-02-11 10:00:00
2026-02-12 17:00:00,2026-02-12 11:00:00,0.0,0.1205,0.3861,0.1636,T1,31.0,2,4.4533,3.295,1.05,1.0,2026-02-11 10:00:00
2026-02-12 18:00:00,2026-02-12 12:00:00,0.0,0.2484,0.4943,0.2111,T1,32.0,2,5.2217,4.325,0.3333,1.0,2026-02-11 10:00:00
2026-02-12 19:00:00,2026-02-12 13:00:00,0.0,0.2491,0.4508,0.2388,T1,33.0,2,5.6717,4.255,0.0333,1.0,2026-02-11 10:00:00
2026-02-12 20:00:00,2026-02-12 14:00:00,0.0,0.2448,0.4433,0.2732,T1,34.0,2,6.1433,3.45,-0.1667,1.0,2026-02-11 10:00:00
2026-02-12 21:00:00,2026-02-12 15:00:00,0.0241,0.2945,0.6589,0.3243,T1,35.0,2,6.5533,1.47,-0.3833,1.0,2026-02-11 10:00:00
2026-02-12 22:00:00,2026-02-12 16:00:00,0.0195,0.3151,0.6837,0.3243,T1,36.0,2,6.74,3.045,-0.65,1.0,2026-02-11 10:00:00
2026-02-12 23:00:00,2026-02-12 17:00:00,0.0,0.2355,0.6205,0.2732,T1,37.0,2,6.1333,3.895,-0.5,1.0,2026-02-11 10:00:00
2026-02-13 00:00:00,2026-02-12 18:00:00,0.0,0.176,0.5623,0.2347,T1,38.0,2,5.44,4.235,-0.45,1.0,2026-02-11 10:00:00
2026-02-13 01:00:00,2026-02-12 19:00:00,0.0,0.1305,0.5509,0.1964,T1,39.0,2,4.9767,4.935,-0.9833,1.0,2026-02-11 10:00:00
2026-02-13 02:00:00,2026-02-12 20:00:00,0.0,0.0865,0.3963,0.1472,T1,40.0,2,4.1533,4.955,-1.4333,1.0,2026-02-11 10:00:00
2026-02-13 03:00:00,2026-02-12 21:00:00,0.0051,0.0221,0.3017,0.115,T1,41.0,2,3.4283,4.395,-1.6667,1.0,2026-02-11 10:00:00
2026-02-13 04:00:00,2026-02-12 22:00:00,0.0,0.041,0.2864,0.0687,T1,42.0,3,2.08,2.44,-1.6333,1.0,2026-02-11 10:00:00
2026-02-13 05:00:00,2026-02-12 23:00:00,0.0,0.0461,0.2266,0.0781,T1,43.0,3,2.6633,0.58,-1.75,1.0,2026-02-11 10:00:00
2026-02-13 06:00:00,2026-02-13 00:00:00,0.0074,0.0164,0.17,0.1,T1,44.0,3,3.0267,4.57,-1.9,1.0,2026-02-11 10:00:00
2026-02-13 07:00:00,2026-02-13 01:00:00,0.0,0.0563,0.1801,0.1275,T1,45.0,3,3.7217,7.02,-1.9,1.0,2026-02-11 10:00:00
2026-02-13 08:00:00,2026-02-13 02:00:00,0.0,0.0903,0.3047,0.1676,T1,46.0,3,4.4683,9.425,-1.6667,1.0,2026-02-11 10:00:00
2026-02-13 09:00:00,2026-02-13 03:00:00,0.0,0.1245,0.469,0.1964,T1,47.0,3,5.0567,11.025,-1.0,1.0,2026-02-11 10:00:00
2026-02-13 10:00:00,2026-02-13 04:00:00,0.0,0.1439,0.5001,0.2206,T1,48.0,3,5.3633,11.205,-0.0333,0.0,2026-02-11 10:00:00
2026-02-11 11:00:00,2026-02-11 05:00:00,0.0,0.1796,0.8023,0.3725,T2,1.0,1,7.5,7.93,7.0167,0.0,2026-02-11 10:00:00
2026-02-11 12:00:00,2026-02-11 06:00:00,0.002,0.299,0.9132,0.5263,T2,2.0,1,8.8633,12.3,8.5167,0.0,2026-02-11 10:00:00
2026-02-11 13:00:00,2026-02-11 07:00:00,0.0,0.2513,0.8671,0.4601,T2,3.0,1,8.4583,15.17,9.4833,0.0,2026-02-11 10:00:00
2026-02-11 14:00:00,2026-02-11 08:00:00,0.0,0.1579,0.7168,0.3243,T2,4.0,1,6.7583,12.26,9.7333,0.0,2026-02-11 10:00:00
2026-02-11 15:00:00,2026-02-11 09:00:00,0.0,0.218,0.6028,0.2936,T2,5.0,1,6.4467,3.585,9.2,0.0,2026-02-11 10:00:00
2026-02-11 16:00:00,2026-02-11 10:00:00,0.0,0.4797,0.914,0.4212,T2,6.0,1,7.8683,6.55,7.5833,0.0,2026-02-11 10:00:00
2026-02-11 17:00:00,2026-02-11 11:00:00,0.0195,0.8149,0.97,0.65,T2,7.0,1,9.8333,9.065,5.4167,0.0,2026-02-11 10:00:00
2026-02-11 18:00:00,2026-02-11 12:00:00,0.2946,0.9344,0.97,0.8017,T2,8.0,1,12.215,8.625,3.9,0.0,2026-02-11 10:00:00
2026-02-11 19:00:00,2026-02-11 13:00:00,0.8267,0.97,0.97,0.8986,T2,9.0,1,13.9783,5.755,2.9333,0.0,2026-02-11 10:00:00
2026-02-11 20:00:00,2026-02-11 14:00:00,0.8414,0.97,0.97,0.9117,T2,10.0,1,14.32,4.28,2.2667,0.0,2026-02-11 10:00:00
2026-02-11 21:00:00,2026-02-11 15:00:00,0.6677,0.9676,0.97,0.89,T2,11.0,1,13.29,3.69,1.8,0.0,2026-02-11 10:00:00
2026-02-11 22:00:00,2026-02-11 16:00:00,0.4469,0.953,0.97,0.8017,T2,12.0,1,11.6583,2.92,1.6167,0.0,2026-02-11 10:00:00
2026-02-11 23:00:00,2026-02-11 17:00:00,0.1915,0.6987,0.97,0.65,T2,13.0,1,9.7,0.125,1.35,1.0,2026-02-11 10:00:00
2026-02-12 00:00:00,2026-02-11 18:00:00,0.0,0.459,0.9353,0.519,T2,14.0,1,8.605,3.2,1.1167,1.0,2026-02-11 10:00:00
2026-02-12 01:00:00,2026-02-11 19:00:00,0.0333,0.4515,0.9491,0.5531,T2,15.0,1,9.125,4.38,1.1167,1.0,2026-02-11 10:00:00
2026-02-12 02:00:00,2026-02-11 20:00:00,0.0136,0.5103,0.9509,0.5709,T2,16.0,1,9.3417,4.785,1.0333,1.0,2026-02-11 10:00:00
2026-02-12 03:00:00,2026-02-11 21:00:00,0.0,0.4345,0.9382,0.519,T2,17.0,1,8.7317,3.84,0.95,1.0,2026-02-11 10:00:00
2026-02-12 04:00:00,2026-02-11 22:00:00,0.0,0.5443,0.9607,0.5709,T2,18.0,2,9.3367,2.77,0.2333,0.0,2026-02-11 10:00:00
2026-02-12 05:00:00,2026-02-11 23:00:00,0.0,0.5063,0.9309,0.5291,T2,19.0,2,8.885,2.135,0.25,0.0,2026-02-11 10:00:00
2026-02-12 06:00:00,2026-02-12 00:00:00,0.0,0.3534,0.8383,0.4309,T2,20.0,2,8.065,2.685,0.2167,1.0,2026-02-11 10:00:00
2026-02-12 07:00:00,2026-02-12 01:00:00,0.0,0.233,0.6283,0.3567,T2,21.0,2,7.0517,3.93,0.1167,1.0,2026-02-11 10:00:00
2026-02-12 08:00:00,2026-02-12 02:00:00,0.0,0.164,0.4199,0.2732,T2,22.0,2,6.0517,4.975,0.0167,1.0,2026-02-11 10:00:00
2026-02-12 09:00:00,2026-02-12 03:00:00,0.0,0.1045,0.4346,0.1964,T2,23.0,2,5.015,4.855,0.1667,1.0,2026-02-11 10:00:00
2026-02-12 10:00:00,2026-02-12 04:00:00,0.0,0.0474,0.2301,0.1381,T2,24.0,2,4.1217,4.99,0.6333,1.0,2026-02-11 10:00:00
2026-02-12 11:00:00,2026-02-12 05:00:00,0.0051,0.0176,0.1827,0.1082,T2,25.0,2,3.1883,4.71,1.3167,0.0,2026-02-11 10:00:00
2026-02-12 12:00:00,2026-02-12 06:00:00,0.0059,0.0147,0.1569,0.0781,T2,26.0,2,2.635,3.775,1.9833,0.0,2026-02-11 10:00:00
2026-02-12 13:00:00,2026-02-12 07:00:00,0.0048,0.0179,0.1447,0.0771,T2,27.0,2,2.5983,3.26,2.45,0.0,2026-02-11 10:00:00
2026-02-12 14:00:00,2026-02-12 08:00:00,0.0034,0.0243,0.1371,0.0771,T2,28.0,2,2.5683,2.32,2.7667,0.0,2026-02-11 10:00:00
2026-02-12 15:00:00,2026-02-12 09:00:00,0.0,0.0356,0.1569,0.0835,T2,29.0,2,2.765,1.37,2.6167,0.0,2026-02-11 10:00:00
2026-02-12 16:00:00,2026-02-12 10:00:00,0.0,0.091,0.3085,0.115,T2,30.0,2,3.4183,2.21,2.0,0.0,2026-02-11 10:00:00
2026-02-12 17:00:00,2026-02-12 11:00:00,0.0,0.1202,0.3861,0.1636,T2,31.0,2,4.4533,3.295,1.05,1.0,2026-02-11 10:00:00
2026-02-12 18:00:00,2026-02-12 12:00:00,0.0,0.248,0.4943,0.2111,T2,32.0,2,5.2217,4.325,0.3333,1.0,2026-02-11 10:00:00
2026-02-12 19:00:00,2026-02-12 13:00:00,0.0,0.2487,0.4508,0.2388,T2,33.0,2,5.6717,4.255,0.0333,1.0,2026-02-11 10:00:00
2026-02-12 20:00:00,2026-02-12 14:00:00,0.0,0.2444,0.4433,0.2732,T2,34.0,2,6.1433,3.45,-0.1667,1.0,2026-02-11 10:00:00
2026-02-12 21:00:00,2026-02-12 15:00:00,0.0,0.2941,0.6589,0.3243,T2,35.0,2,6.5533,1.47,-0.3833,1.0,2026-02-11 10:00:00
2026-02-12 22:00:00,2026-02-12 16:00:00,0.0,0.3146,0.6836,0.3243,T2,36.0,2,6.74,3.045,-0.65,1.0,2026-02-11 10:00:00
2026-02-12 23:00:00,2026-02-12 17:00:00,0.0,0.235,0.6204,0.2732,T2,37.0,2,6.1333,3.895,-0.5,1.0,2026-02-11 10:00:00
2026-02-13 00:00:00,2026-02-12 18:00:00,0.0,0.1752,0.5623,0.2347,T2,38.0,2,5.44,4.235,-0.45,1.0,2026-02-11 10:00:00
2026-02-13 01:00:00,2026-02-12 19:00:00,0.0,0.1298,0.5509,0.1964,T2,39.0,2,4.9767,4.935,-0.9833,1.0,2026-02-11 10:00:00
2026-02-13 02:00:00,2026-02-12 20:00:00,0.0,0.0857,0.3963,0.1472,T2,40.0,2,4.1533,4.955,-1.4333,1.0,2026-02-11 10:00:00
2026-02-13 03:00:00,2026-02-12 21:00:00,0.0081,0.0213,0.3017,0.115,T2,41.0,2,3.4283,4.395,-1.6667,1.0,2026-02-11 10:00:00
2026-02-13 04:00:00,2026-02-12 22:00:00,0.0,0.0402,0.2864,0.0687,T2,42.0,3,2.08,2.44,-1.6333,1.0,2026-02-11 10:00:00
2026-02-13 05:00:00,2026-02-12 23:00:00,0.0,0.0453,0.2266,0.0781,T2,43.0,3,2.6633,0.58,-1.75,1.0,2026-02-11 10:00:00
2026-02-13 06:00:00,2026-02-13 00:00:00,0.0057,0.0158,0.17,0.1,T2,44.0,3,3.0267,4.57,-1.9,1.0,2026-02-11 10:00:00
2026-02-13 07:00:00,2026-02-13 01:00:00,0.0,0.0567,0.1801,0.1275,T2,45.0,3,3.7217,7.02,-1.9,1.0,2026-02-11 10:00:00
2026-02-13 08:00:00,2026-02-13 02:00:00,0.0,0.0908,0.3047,0.1676,T2,46.0,3,4.4683,9.425,-1.6667,1.0,2026-02-11 10:00:00
2026-02-13 09:00:00,2026-02-13 03:00:00,0.0,0.1249,0.4655,0.1964,T2,47.0,3,5.0567,11.025,-1.0,1.0,2026-02-11 10:00:00
2026-02-13 10:00:00,2026-02-13 04:00:00,0.0,0.1431,0.4963,0.2206,T2,48.0,3,5.3633,11.205,-0.0333,0.0,2026-02-11 10:00:00
2026-02-11 11:00:00,2026-02-11 05:00:00,0.0,0.1759,0.8043,0.3725,ВЭС,1.0,1,7.5,7.93,7.0167,0.0,2026-02-11 10:00:00
2026-02-11 12:00:00,2026-02-11 06:00:00,0.001,0.2951,0.9169,0.5263,ВЭС,2.0,1,8.8633,12.3,8.5167,0.0,2026-02-11 10:00:00
2026-02-11 13:00:00,2026-02-11 07:00:00,0.0,0.2478,0.8706,0.4601,ВЭС,3.0,1,8.4583,15.17,9.4833,0.0,2026-02-11 10:00:00
2026-02-11 14:00:00,2026-02-11 08:00:00,0.0,0.1571,0.7195,0.3243,ВЭС,4.0,1,6.7583,12.26,9.7333,0.0,2026-02-11 10:00:00
2026-02-11 15:00:00,2026-02-11 09:00:00,0.0,0.217,0.6028,0.2936,ВЭС,5.0,1,6.4467,3.585,9.2,0.0,2026-02-11 10:00:00
2026-02-11 16:00:00,2026-02-11 10:00:00,0.0,0.4793,0.9148,0.4212,ВЭС,6.0,1,7.8683,6.55,7.5833,0.0,2026-02-11 10:00:00
2026-02-11 17:00:00,2026-02-11 11:00:00,0.0097,0.8153,0.98,0.65,ВЭС,7.0,1,9.8333,9.065,5.4167,0.0,2026-02-11 10:00:00
2026-02-11 18:00:00,2026-02-11 12:00:00,0.3234,0.9337,0.98,0.8017,ВЭС,8.0,1,12.215,8.625,3.9,0.0,2026-02-11 10:00:00
2026-02-11 19:00:00,2026-02-11 13:00:00,0.8089,0.9779,0.98,0.8986,ВЭС,9.0,1,13.9783,5.755,2.9333,0.0,2026-02-11 10:00:00
2026-02-11 20:00:00,2026-02-11 14:00:00,0.888,0.98,0.98,0.9117,ВЭС,10.0,1,14.32,4.28,2.2667,0.0,2026-02-11 10:00:00
2026-02-11 21:00:00,2026-02-11 15:00:00,0.6908,0.9721,0.98,0.89,ВЭС,11.0,1,13.29,3.69,1.8,0.0,2026-02-11 10:00:00
2026-02-11 22:00:00,2026-02-11 16:00:00,0.4982,0.952,0.98,0.8017,ВЭС,12.0,1,11.6583,2.92,1.6167,0.0,2026-02-11 10:00:00
2026-02-11 23:00:00,2026-02-11 17:00:00,0.2152,0.6976,0.9762,0.65,ВЭС,13.0,1,9.7,0.125,1.35,1.0,2026-02-11 10:00:00
2026-02-12 00:00:00,2026-02-11 18:00:00,0.0102,0.4582,0.936,0.519,ВЭС,14.0,1,8.605,3.2,1.1167,1.0,2026-02-11 10:00:00
2026-02-12 01:00:00,2026-02-11 19:00:00,0.0501,0.4522,0.9519,0.5531,ВЭС,15.0,1,9.125,4.38,1.1167,1.0,2026-02-11 10:00:00
2026-02-12 02:00:00,2026-02-11 20:00:00,0.0362,0.5085,0.9541,0.5709,ВЭС,16.0,1,9.3417,4.785,1.0333,1.0,2026-02-11 10:00:00
2026-02-12 03:00:00,2026-02-11 21:00:00,0.0182,0.4338,0.9396,0.519,ВЭС,17.0,1,8.7317,3.84,0.95,1.0,2026-02-11 10:00:00
2026-02-12 04:00:00,2026-02-11 22:00:00,0.0,0.545,0.9624,0.5709,ВЭС,18.0,2,9.3367,2.77,0.2333,0.0,2026-02-11 10:00:00
2026-02-12 05:00:00,2026-02-11 23:00:00,0.0,0.5053,0.9316,0.5291,ВЭС,19.0,2,8.885,2.135,0.25,0.0,2026-02-11 10:00:00
2026-02-12 06:00:00,2026-02-12 00:00:00,0.0,0.3498,0.8383,0.4309,ВЭС,20.0,2,8.065,2.685,0.2167,1.0,2026-02-11 10:00:00
2026-02-12 07:00:00,2026-02-12 01:00:00,0.0,0.2308,0.6283,0.3567,ВЭС,21.0,2,7.0517,3.93,0.1167,1.0,2026-02-11 10:00:00
2026-02-12 08:00:00,2026-02-12 02:00:00,0.0,0.1618,0.4199,0.2732,ВЭС,22.0,2,6.0517,4.975,0.0167,1.0,2026-02-11 10:00:00
2026-02-12 09:00:00,2026-02-12 03:00:00,0.0,0.1023,0.4346,0.1964,ВЭС,23.0,2,5.015,4.855,0.1667,1.0,2026-02-11 10:00:00
2026-02-12 10:00:00,2026-02-12 04:00:00,0.0,0.048,0.2301,0.1381,ВЭС,24.0,2,4.1217,4.99,0.6333,1.0,2026-02-11 10:00:00
2026-02-12 11:00:00,2026-02-12 05:00:00,0.0058,0.0181,0.1827,0.1082,ВЭС,25.0,2,3.1883,4.71,1.3167,0.0,2026-02-11 10:00:00
2026-02-12 12:00:00,2026-02-12 06:00:00,0.0068,0.0152,0.1569,0.0781,ВЭС,26.0,2,2.635,3.775,1.9833,0.0,2026-02-11 10:00:00
2026-02-12 13:00:00,2026-02-12 07:00:00,0.0056,0.0183,0.1447,0.0771,ВЭС,27.0,2,2.5983,3.26,2.45,0.0,2026-02-11 10:00:00
2026-02-12 14:00:00,2026-02-12 08:00:00,0.0037,0.0247,0.1371,0.0771,ВЭС,28.0,2,2.5683,2.32,2.7667,0.0,2026-02-11 10:00:00
2026-02-12 15:00:00,2026-02-12 09:00:00,0.0,0.0358,0.1569,0.0835,ВЭС,29.0,2,2.765,1.37,2.6167,0.0,2026-02-11 10:00:00
2026-02-12 16:00:00,2026-02-12 10:00:00,0.0,0.0911,0.3085,0.115,ВЭС,30.0,2,3.4183,2.21,2.0,0.0,2026-02-11 10:00:00
2026-02-12 17:00:00,2026-02-12 11:00:00,0.0,0.1204,0.3861,0.1636,ВЭС,31.0,2,4.4533,3.295,1.05,1.0,2026-02-11 10:00:00
2026-02-12 18:00:00,2026-02-12 12:00:00,0.0,0.2482,0.4943,0.2111,ВЭС,32.0,2,5.2217,4.325,0.3333,1.0,2026-02-11 10:00:00
2026-02-12 19:00:00,2026-02-12 13:00:00,0.0,0.2489,0.4508,0.2388,ВЭС,33.0,2,5.6717,4.255,0.0333,1.0,2026-02-11 10:00:00
2026-02-12 20:00:00,2026-02-12 14:00:00,0.0,0.2446,0.4433,0.2732,ВЭС,34.0,2,6.1433,3.45,-0.1667,1.0,2026-02-11 10:00:00
2026-02-12 21:00:00,2026-02-12 15:00:00,0.0121,0.2943,0.6589,0.3243,ВЭС,35.0,2,6.5533,1.47,-0.3833,1.0,2026-02-11 10:00:00
2026-02-12 22:00:00,2026-02-12 16:00:00,0.0098,0.3149,0.6837,0.3243,ВЭС,36.0,2,6.74,3.045,-0.65,1.0,2026-02-11 10:00:00
2026-02-12 23:00:00,2026-02-12 17:00:00,0.0,0.2353,0.6205,0.2732,ВЭС,37.0,2,6.1333,3.895,-0.5,1.0,2026-02-11 10:00:00
2026-02-13 00:00:00,2026-02-12 18:00:00,0.0,0.1756,0.5623,0.2347,ВЭС,38.0,2,5.44,4.235,-0.45,1.0,2026-02-11 10:00:00
2026-02-13 01:00:00,2026-02-12 19:00:00,0.0,0.1301,0.5509,0.1964,ВЭС,39.0,2,4.9767,4.935,-0.9833,1.0,2026-02-11 10:00:00
2026-02-13 02:00:00,2026-02-12 20:00:00,0.0,0.0861,0.3963,0.1472,ВЭС,40.0,2,4.1533,4.955,-1.4333,1.0,2026-02-11 10:00:00
2026-02-13 03:00:00,2026-02-12 21:00:00,0.0066,0.0217,0.3017,0.115,ВЭС,41.0,2,3.4283,4.395,-1.6667,1.0,2026-02-11 10:00:00
2026-02-13 04:00:00,2026-02-12 22:00:00,0.0,0.0406,0.2864,0.0687,ВЭС,42.0,3,2.08,2.44,-1.6333,1.0,2026-02-11 10:00:00
2026-02-13 05:00:00,2026-02-12 23:00:00,0.0,0.0457,0.2266,0.0781,ВЭС,43.0,3,2.6633,0.58,-1.75,1.0,2026-02-11 10:00:00
2026-02-13 06:00:00,2026-02-13 00:00:00,0.0066,0.0161,0.17,0.1,ВЭС,44.0,3,3.0267,4.57,-1.9,1.0,2026-02-11 10:00:00
2026-02-13 07:00:00,2026-02-13 01:00:00,0.0,0.0565,0.1801,0.1275,ВЭС,45.0,3,3.7217,7.02,-1.9,1.0,2026-02-11 10:00:00
2026-02-13 08:00:00,2026-02-13 02:00:00,0.0,0.0905,0.3047,0.1676,ВЭС,46.0,3,4.4683,9.425,-1.6667,1.0,2026-02-11 10:00:00
2026-02-13 09:00:00,2026-02-13 03:00:00,0.0,0.1247,0.4672,0.1964,ВЭС,47.0,3,5.0567,11.025,-1.0,1.0,2026-02-11 10:00:00
2026-02-13 10:00:00,2026-02-13 04:00:00,0.0,0.1435,0.4982,0.2206,ВЭС,48.0,3,5.3633,11.205,-0.0333,0.0,2026-02-11 10:00:00
2026-02-11 23:00:00,2026-02-11 17:00:00,0.2389,0.6966,0.9823,0.65,T1,1.0,1,9.7,0.125,1.35,1.0,2026-02-11 22:00:00
2026-02-12 00:00:00,2026-02-11 18:00:00,0.0205,0.4573,0.9367,0.519,T1,2.0,1,8.605,3.2,1.1167,1.0,2026-02-11 22:00:00
2026-02-12 01:00:00,2026-02-11 19:00:00,0.0669,0.4528,0.9548,0.5531,T1,3.0,1,9.125,4.38,1.1167,1.0,2026-02-11 22:00:00
2026-02-12 02:00:00,2026-02-11 20:00:00,0.0588,0.5067,0.9574,0.5709,T1,4.0,1,9.3417,4.785,1.0333,1.0,2026-02-11 22:00:00
2026-02-12 03:00:00,2026-02-11 21:00:00,0.0364,0.4331,0.9411,0.519,T1,5.0,1,8.7317,3.84,0.95,1.0,2026-02-11 22:00:00
2026-02-12 04:00:00,2026-02-11 22:00:00,0.0015,0.3939,0.8528,0.4212,T1,6.0,1,7.8233,1.595,0.9167,1.0,2026-02-11 22:00:00
2026-02-12 05:00:00,2026-02-11 23:00:00,0.0,0.2222,0.6495,0.2753,T1,7.0,1,6.2633,1.64,0.6833,1.0,2026-02-11 22:00:00
2026-02-12 06:00:00,2026-02-12 00:00:00,0.0,0.1493,0.4656,0.1964,T1,8.0,1,5.0283,3.165,0.4,1.0,2026-02-11 22:00:00
2026-02-12 07:00:00,2026-02-12 01:00:00,0.0,0.1085,0.3372,0.1511,T1,9.0,1,4.3767,2.905,0.2167,1.0,2026-02-11 22:00:00
2026-02-12 08:00:00,2026-02-12 02:00:00,0.0,0.0498,0.1758,0.115,T1,10.0,1,3.4617,2.65,0.1167,1.0,2026-02-11 22:00:00
2026-02-12 09:00:00,2026-02-12 03:00:00,0.0007,0.033,0.0908,0.0741,T1,11.0,1,2.3,1.95,0.3,1.0,2026-02-11 22:00:00
2026-02-12 10:00:00,2026-02-12 04:00:00,0.0075,0.0163,0.0344,0.0554,T1,12.0,1,1.3033,0.52,0.7667,1.0,2026-02-11 22:00:00
2026-02-12 11:00:00,2026-02-12 05:00:00,0.0073,0.0166,0.1387,0.0771,T1,13.0,1,2.4683,3.285,1.9333,0.0,2026-02-11 22:00:00
2026-02-12 12:00:00,2026-02-12 06:00:00,0.0,0.0854,0.5139,0.1566,T1,14.0,1,4.4167,5.445,3.1167,0.0,2026-02-11 22:00:00
2026-02-12 13:00:00,2026-02-12 07:00:00,0.0,0.1577,0.5912,0.2111,T1,15.0,1,5.1333,5.51,3.7167,0.0,2026-02-11 22:00:00
2026-02-12 14:00:00,2026-02-12 08:00:00,0.0,0.1511,0.6019,0.2206,T1,16.0,1,5.3783,5.5,4.1833,0.0,2026-02-11 22:00:00
2026-02-12 15:00:00,2026-02-12 09:00:00,0.0,0.1315,0.558,0.2111,T1,17.0,1,5.2117,6.525,4.2833,0.0,2026-02-11 22:00:00
2026-02-12 16:00:00,2026-02-12 10:00:00,0.0,0.0913,0.3085,0.115,T1,18.0,2,3.4183,2.21,2.0,0.0,2026-02-11 22:00:00
2026-02-12 17:00:00,2026-02-12 11:00:00,0.0,0.1205,0.3861,0.1636,T1,19.0,2,4.4533,3.295,1.05,1.0,2026-02-11 22:00:00
2026-02-12 18:00:00,2026-02-12 12:00:00,0.0,0.2484,0.4943,0.2111,T1,20.0,2,5.2217,4.325,0.3333,1.0,2026-02-11 22:00:00
2026-02-12 19:00:00,2026-02-12 13:00:00,0.0,0.2491,0.4508,0.2388,T1,21.0,2,5.6717,4.255,0.0333,1.0,2026-02-11 22:00:00
2026-02-12 20:00:00,2026-02-12 14:00:00,0.0,0.2448,0.4433,0.2732,T1,22.0,2,6.1433,3.45,-0.1667,1.0,2026-02-11 22:00:00
2026-02-12 21:00:00,2026-02-12 15:00:00,0.0241,0.2945,0.6589,0.3243,T1,23.0,2,6.5533,1.47,-0.3833,1.0,2026-02-11 22:00:00
2026-02-12 22:00:00,2026-02-12 16:00:00,0.0195,0.3151,0.6837,0.3243,T1,24.0,2,6.74,3.045,-0.65,1.0,2026-02-11 22:00:00
2026-02-12 23:00:00,2026-02-12 17:00:00,0.0,0.2355,0.6205,0.2732,T1,25.0,2,6.1333,3.895,-0.5,1.0,2026-02-11 22:00:00
2026-02-13 00:00:00,2026-02-12 18:00:00,0.0,0.176,0.5623,0.2347,T1,26.0,2,5.44,4.235,-0.45,1.0,2026-02-11 22:00:00
2026-02-13 01:00:00,2026-02-12 19:00:00,0.0,0.1305,0.5509,0.1964,T1,27.0,2,4.9767,4.935,-0.9833,1.0,2026-02-11 22:00:00
2026-02-13 02:00:00,2026-02-12 20:00:00,0.0,0.0865,0.3963,0.1472,T1,28.0,2,4.1533,4.955,-1.4333,1.0,2026-02-11 22:00:00
2026-02-13 03:00:00,2026-02-12 21:00:00,0.0051,0.0221,0.3017,0.115,T1,29.0,2,3.4283,4.395,-1.6667,1.0,2026-02-11 22:00:00
2026-02-13 04:00:00,2026-02-12 22:00:00,0.0023,0.0292,0.2176,0.0968,T1,30.0,2,2.9117,3.895,-1.8667,1.0,2026-02-11 22:00:00
2026-02-13 05:00:00,2026-02-12 23:00:00,0.0,0.0427,0.1353,0.0771,T1,31.0,2,2.5233,3.32,-1.8167,1.0,2026-02-11 22:00:00
2026-02-13 06:00:00,2026-02-13 00:00:00,0.0,0.0358,0.1325,0.0741,T1,32.0,2,2.3383,2.35,-1.6667,1.0,2026-02-11 22:00:00
2026-02-13 07:00:00,2026-02-13 01:00:00,0.0023,0.0292,0.1455,0.0741,T1,33.0,2,2.4167,1.65,-1.6333,1.0,2026-02-11 22:00:00
2026-02-13 08:00:00,2026-02-13 02:00:00,0.0075,0.0162,0.1445,0.0781,T1,34.0,2,2.6667,0.55,-1.4833,1.0,2026-02-11 22:00:00
2026-02-13 09:00:00,2026-02-13 03:00:00,0.0053,0.0217,0.154,0.1,T1,35.0,2,3.0617,0.89,-1.2333,1.0,2026-02-11 22:00:00
2026-02-13 10:00:00,2026-02-13 04:00:00,0.0071,0.0172,0.1471,0.1082,T1,36.0,2,3.265,2.245,-0.9333,1.0,2026-02-11 22:00:00
2026-02-13 11:00:00,2026-02-13 05:00:00,0.0088,0.0129,0.1243,0.0968,T1,37.0,2,2.9133,3.275,-0.2833,1.0,2026-02-11 22:00:00
2026-02-13 12:00:00,2026-02-13 06:00:00,0.006,0.0199,0.1465,0.0771,T1,38.0,2,2.4583,3.035,0.5667,0.0,2026-02-11 22:00:00
2026-02-13 13:00:00,2026-02-13 07:00:00,0.0063,0.0192,0.1499,0.0687,T1,39.0,2,2.055,2.63,1.2833,0.0,2026-02-11 22:00:00
2026-02-13 14:00:00,2026-02-13 08:00:00,0.0084,0.0141,0.1082,0.0619,T1,40.0,2,1.555,2.57,1.85,0.0,2026-02-11 22:00:00
2026-02-13 15:00:00,2026-02-13 09:00:00,0.0068,0.0179,0.1185,0.0554,T1,41.0,2,1.2117,1.15,2.0833,0.0,2026-02-11 22:00:00
2026-02-13 16:00:00,2026-02-13 10:00:00,0.0,0.1035,0.5198,0.1852,T1,42.0,3,4.7433,7.05,1.6167,0.0,2026-02-11 22:00:00
2026-02-13 17:00:00,2026-02-13 11:00:00,0.0,0.0747,0.4241,0.1511,T1,43.0,3,4.3417,5.31,1.1333,0.0,2026-02-11 22:00:00
2026-02-13 18:00:00,2026-02-13 12:00:00,0.0,0.0651,0.3464,0.1275,T1,44.0,3,3.765,4.375,0.6,0.0,2026-02-11 22:00:00
2026-02-13 19:00:00,2026-02-13 13:00:00,0.0,0.057,0.3682,0.115,T1,45.0,3,3.33,5.445,0.1667,0.0,2026-02-11 22:00:00
2026-02-13 20:00:00,2026-02-13 14:00:00,0.0,0.0377,0.3257,0.1082,T1,46.0,3,3.27,5.565,-0.1667,0.0,2026-02-11 22:00:00
2026-02-13 21:00:00,2026-02-13 15:00:00,0.0,0.0761,0.3278,0.1566,T1,47.0,3,4.4033,4.25,-0.1833,0.0,2026-02-11 22:00:00
2026-02-13 22:00:00,2026-02-13 16:00:00,0.0,0.1396,0.4615,0.2732,T1,48.0,3,6.11,2.93,0.0333,0.0,2026-02-11 22:00:00
2026-02-11 23:00:00,2026-02-11 17:00:00,0.1915,0.6987,0.97,0.65,T2,1.0,1,9.7,0.125,1.35,1.0,2026-02-11 22:00:00
2026-02-12 00:00:00,2026-02-11 18:00:00,0.0,0.459,0.9353,0.519,T2,2.0,1,8.605,3.2,1.1167,1.0,2026-02-11 22:00:00
2026-02-12 01:00:00,2026-02-11 19:00:00,0.0333,0.4515,0.9491,0.5531,T2,3.0,1,9.125,4.38,1.1167,1.0,2026-02-11 22:00:00
2026-02-12 02:00:00,2026-02-11 20:00:00,0.0136,0.5103,0.9509,0.5709,T2,4.0,1,9.3417,4.785,1.0333,1.0,2026-02-11 22:00:00
2026-02-12 03:00:00,2026-02-11 21:00:00,0.0,0.4345,0.9382,0.519,T2,5.0,1,8.7317,3.84,0.95,1.0,2026-02-11 22:00:00
2026-02-12 04:00:00,2026-02-11 22:00:00,0.0,0.3926,0.8528,0.4212,T2,6.0,1,7.8233,1.595,0.9167,1.0,2026-02-11 22:00:00
2026-02-12 05:00:00,2026-02-11 23:00:00,0.0,0.2211,0.6495,0.2753,T2,7.0,1,6.2633,1.64,0.6833,1.0,2026-02-11 22:00:00
2026-02-12 06:00:00,2026-02-12 00:00:00,0.0,0.1482,0.4657,0.1964,T2,8.0,1,5.0283,3.165,0.4,1.0,2026-02-11 22:00:00
2026-02-12 07:00:00,2026-02-12 01:00:00,0.0,0.1074,0.3372,0.1511,T2,9.0,1,4.3767,2.905,0.2167,1.0,2026-02-11 22:00:00
2026-02-12 08:00:00,2026-02-12 02:00:00,0.0,0.0487,0.1758,0.115,T2,10.0,1,3.4617,2.65,0.1167,1.0,2026-02-11 22:00:00
2026-02-12 09:00:00,2026-02-12 03:00:00,0.0,0.0322,0.0908,0.0741,T2,11.0,1,2.3,1.95,0.3,1.0,2026-02-11 22:00:00
2026-02-12 10:00:00,2026-02-12 04:00:00,0.0059,0.0157,0.0344,0.0554,T2,12.0,1,1.3033,0.52,0.7667,1.0,2026-02-11 22:00:00
2026-02-12 11:00:00,2026-02-12 05:00:00,0.0054,0.0177,0.1387,0.0771,T2,13.0,1,2.4683,3.285,1.9333,0.0,2026-02-11 22:00:00
2026-02-12 12:00:00,2026-02-12 06:00:00,0.0,0.0924,0.5139,0.1566,T2,14.0,1,4.4167,5.445,3.1167,0.0,2026-02-11 22:00:00
2026-02-12 13:00:00,2026-02-12 07:00:00,0.0,0.1634,0.5912,0.2111,T2,15.0,1,5.1333,5.51,3.7167,0.0,2026-02-11 22:00:00
2026-02-12 14:00:00,2026-02-12 08:00:00,0.0,0.1582,0.602,0.2206,T2,16.0,1,5.3783,5.5,4.1833,0.0,2026-02-11 22:00:00
2026-02-12 15:00:00,2026-02-12 09:00:00,0.0,0.1374,0.558,0.2111,T2,17.0,1,5.2117,6.525,4.2833,0.0,2026-02-11 22:00:00
2026-02-12 16:00:00,2026-02-12 10:00:00,0.0,0.091,0.3085,0.115,T2,18.0,2,3.4183,2.21,2.0,0.0,2026-02-11 22:00:00
2026-02-12 17:00:00,2026-02-12 11:00:00,0.0,0.1202,0.3861,0.1636,T2,19.0,2,4.4533,3.295,1.05,1.0,2026-02-11 22:00:00
2026-02-12 18:00:00,2026-02-12 12:00:00,0.0,0.248,0.4943,0.2111,T2,20.0,2,5.2217,4.325,0.3333,1.0,2026-02-11 22:00:00
2026-02-12 19:00:00,2026-02-12 13:00:00,0.0,0.2487,0.4508,0.2388,T2,21.0,2,5.6717,4.255,0.0333,1.0,2026-02-11 22:00:00
2026-02-12 20:00:00,2026-02-12 14:00:00,0.0,0.2444,0.4433,0.2732,T2,22.0,2,6.1433,3.45,-0.1667,1.0,2026-02-11 22:00:00
2026-02-12 21:00:00,2026-02-12 15:00:00,0.0,0.2941,0.6589,0.3243,T2,23.0,2,6.5533,1.47,-0.3833,1.0,2026-02-11 22:00:00
2026-02-12 22:00:00,2026-02-12 16:00:00,0.0,0.3146,0.6836,0.3243,T2,24.0,2,6.74,3.045,-0.65,1.0,2026-02-11 22:00:00
2026-02-12 23:00:00,2026-02-12 17:00:00,0.0,0.235,0.6204,0.2732,T2,25.0,2,6.1333,3.895,-0.5,1.0,2026-02-11 22:00:00
2026-02-13 00:00:00,2026-02-12 18:00:00,0.0,0.1752,0.5623,0.2347,T2,26.0,2,5.44,4.235,-0.45,1.0,2026-02-11 22:00:00
2026-02-13 01:00:00,2026-02-12 19:00:00,0.0,0.1298,0.5509,0.1964,T2,27.0,2,4.9767,4.935,-0.9833,1.0,2026-02-11 22:00:00
2026-02-13 02:00:00,2026-02-12 20:00:00,0.0,0.0857,0.3963,0.1472,T2,28.0,2,4.1533,4.955,-1.4333,1.0,2026-02-11 22:00:00
2026-02-13 03:00:00,2026-02-12 21:00:00,0.0081,0.0213,0.3017,0.115,T2,29.0,2,3.4283,4.395,-1.6667,1.0,2026-02-11 22:00:00
2026-02-13 04:00:00,2026-02-12 22:00:00,0.0042,0.0285,0.2176,0.0968,T2,30.0,2,2.9117,3.895,-1.8667,1.0,2026-02-11 22:00:00
2026-02-13 05:00:00,2026-02-12 23:00:00,0.0,0.0419,0.1353,0.0771,T2,31.0,2,2.5233,3.32,-1.8167,1.0,2026-02-11 22:00:00
2026-02-13 06:00:00,2026-02-13 00:00:00,0.0012,0.0351,0.1325,0.0741,T2,32.0,2,2.3383,2.35,-1.6667,1.0,2026-02-11 22:00:00
2026-02-13 07:00:00,2026-02-13 01:00:00,0.0046,0.0284,0.1455,0.0741,T2,33.0,2,2.4167,1.65,-1.6333,1.0,2026-02-11 22:00:00
2026-02-13 08:00:00,2026-02-13 02:00:00,0.0096,0.0154,0.1445,0.0781,T2,34.0,2,2.6667,0.55,-1.4833,1.0,2026-02-11 22:00:00
2026-02-13 09:00:00,2026-02-13 03:00:00,0.0043,0.021,0.154,0.1,T2,35.0,2,3.0617,0.89,-1.2333,1.0,2026-02-11 22:00:00
2026-02-13 10:00:00,2026-02-13 04:00:00,0.0063,0.0158,0.1471,0.1082,T2,36.0,2,3.265,2.245,-0.9333,1.0,2026-02-11 22:00:00
2026-02-13 11:00:00,2026-02-13 05:00:00,0.0076,0.0115,0.1243,0.0968,T2,37.0,2,2.9133,3.275,-0.2833,1.0,2026-02-11 22:00:00
2026-02-13 12:00:00,2026-02-13 06:00:00,0.0047,0.0189,0.1465,0.0771,T2,38.0,2,2.4583,3.035,0.5667,0.0,2026-02-11 22:00:00
2026-02-13 13:00:00,2026-02-13 07:00:00,0.0043,0.0197,0.1499,0.0687,T2,39.0,2,2.055,2.63,1.2833,0.0,2026-02-11 22:00:00
2026-02-13 14:00:00,2026-02-13 08:00:00,0.0075,0.0131,0.1082,0.0619,T2,40.0,2,1.555,2.57,1.85,0.0,2026-02-11 22:00:00
2026-02-13 15:00:00,2026-02-13 09:00:00,0.0024,0.0261,0.1185,0.0554,T2,41.0,2,1.2117,1.15,2.0833,0.0,2026-02-11 22:00:00
2026-02-13 16:00:00,2026-02-13 10:00:00,0.0,0.1055,0.5198,0.1852,T2,42.0,3,4.7433,7.05,1.6167,0.0,2026-02-11 22:00:00
2026-02-13 17:00:00,2026-02-13 11:00:00,0.0,0.0757,0.4241,0.1511,T2,43.0,3,4.3417,5.31,1.1333,0.0,2026-02-11 22:00:00
2026-02-13 18:00:00,2026-02-13 12:00:00,0.0,0.0661,0.3464,0.1275,T2,44.0,3,3.765,4.375,0.6,0.0,2026-02-11 22:00:00
2026-02-13 19:00:00,2026-02-13 13:00:00,0.0,0.0579,0.3682,0.115,T2,45.0,3,3.33,5.445,0.1667,0.0,2026-02-11 22:00:00
2026-02-13 20:00:00,2026-02-13 14:00:00,0.0,0.0374,0.3257,0.1082,T2,46.0,3,3.27,5.565,-0.1667,0.0,2026-02-11 22:00:00
2026-02-13 21:00:00,2026-02-13 15:00:00,0.0,0.083,0.3278,0.1566,T2,47.0,3,4.4033,4.25,-0.1833,0.0,2026-02-11 22:00:00
2026-02-13 22:00:00,2026-02-13 16:00:00,0.0,0.1458,0.4615,0.2732,T2,48.0,3,6.11,2.93,0.0333,0.0,2026-02-11 22:00:00
2026-02-11 23:00:00,2026-02-11 17:00:00,0.2152,0.6976,0.9762,0.65,ВЭС,1.0,1,9.7,0.125,1.35,1.0,2026-02-11 22:00:00
2026-02-12 00:00:00,2026-02-11 18:00:00,0.0102,0.4582,0.936,0.519,ВЭС,2.0,1,8.605,3.2,1.1167,1.0,2026-02-11 22:00:00
2026-02-12 01:00:00,2026-02-11 19:00:00,0.0501,0.4522,0.9519,0.5531,ВЭС,3.0,1,9.125,4.38,1.1167,1.0,2026-02-11 22:00:00
2026-02-12 02:00:00,2026-02-11 20:00:00,0.0362,0.5085,0.9541,0.5709,ВЭС,4.0,1,9.3417,4.785,1.0333,1.0,2026-02-11 22:00:00
2026-02-12 03:00:00,2026-02-11 21:00:00,0.0182,0.4338,0.9396,0.519,ВЭС,5.0,1,8.7317,3.84,0.95,1.0,2026-02-11 22:00:00
2026-02-12 04:00:00,2026-02-11 22:00:00,0.0008,0.3933,0.8528,0.4212,ВЭС,6.0,1,7.8233,1.595,0.9167,1.0,2026-02-11 22:00:00
2026-02-12 05:00:00,2026-02-11 23:00:00,0.0,0.2216,0.6495,0.2753,ВЭС,7.0,1,6.2633,1.64,0.6833,1.0,2026-02-11 22:00:00
2026-02-12 06:00:00,2026-02-12 00:00:00,0.0,0.1488,0.4657,0.1964,ВЭС,8.0,1,5.0283,3.165,0.4,1.0,2026-02-11 22:00:00
2026-02-12 07:00:00,2026-02-12 01:00:00,0.0,0.108,0.3372,0.1511,ВЭС,9.0,1,4.3767,2.905,0.2167,1.0,2026-02-11 22:00:00
2026-02-12 08:00:00,2026-02-12 02:00:00,0.0,0.0493,0.1758,0.115,ВЭС,10.0,1,3.4617,2.65,0.1167,1.0,2026-02-11 22:00:00
2026-02-12 09:00:00,2026-02-12 03:00:00,0.0004,0.0326,0.0908,0.0741,ВЭС,11.0,1,2.3,1.95,0.3,1.0,2026-02-11 22:00:00
2026-02-12 10:00:00,2026-02-12 04:00:00,0.0067,0.016,0.0344,0.0554,ВЭС,12.0,1,1.3033,0.52,0.7667,1.0,2026-02-11 22:00:00
2026-02-12 11:00:00,2026-02-12 05:00:00,0.0064,0.0172,0.1387,0.0771,ВЭС,13.0,1,2.4683,3.285,1.9333,0.0,2026-02-11 22:00:00
2026-02-12 12:00:00,2026-02-12 06:00:00,0.0,0.0889,0.5139,0.1566,ВЭС,14.0,1,4.4167,5.445,3.1167,0.0,2026-02-11 22:00:00
2026-02-12 13:00:00,2026-02-12 07:00:00,0.0,0.1606,0.5912,0.2111,ВЭС,15.0,1,5.1333,5.51,3.7167,0.0,2026-02-11 22:00:00
2026-02-12 14:00:00,2026-02-12 08:00:00,0.0,0.1547,0.6019,0.2206,ВЭС,16.0,1,5.3783,5.5,4.1833,0.0,2026-02-11 22:00:00
2026-02-12 15:00:00,2026-02-12 09:00:00,0.0,0.1344,0.558,0.2111,ВЭС,17.0,1,5.2117,6.525,4.2833,0.0,2026-02-11 22:00:00
2026-02-12 16:00:00,2026-02-12 10:00:00,0.0,0.0911,0.3085,0.115,ВЭС,18.0,2,3.4183,2.21,2.0,0.0,2026-02-11 22:00:00
2026-02-12 17:00:00,2026-02-12 11:00:00,0.0,0.1204,0.3861,0.1636,ВЭС,19.0,2,4.4533,3.295,1.05,1.0,2026-02-11 22:00:00
2026-02-12 18:00:00,2026-02-12 12:00:00,0.0,0.2482,0.4943,0.2111,ВЭС,20.0,2,5.2217,4.325,0.3333,1.0,2026-02-11 22:00:00
2026-02-12 19:00:00,2026-02-12 13:00:00,0.0,0.2489,0.4508,0.2388,ВЭС,21.0,2,5.6717,4.255,0.0333,1.0,2026-02-11 22:00:00
2026-02-12 20:00:00,2026-02-12 14:00:00,0.0,0.2446,0.4433,0.2732,ВЭС,22.0,2,6.1433,3.45,-0.1667,1.0,2026-02-11 22:00:00
2026-02-12 21:00:00,2026-02-12 15:00:00,0.0121,0.2943,0.6589,0.3243,ВЭС,23.0,2,6.5533,1.47,-0.3833,1.0,2026-02-11 22:00:00
2026-02-12 22:00:00,2026-02-12 16:00:00,0.0098,0.3149,0.6837,0.3243,ВЭС,24.0,2,6.74,3.045,-0.65,1.0,2026-02-11 22:00:00
2026-02-12 23:00:00,2026-02-12 17:00:00,0.0,0.2353,0.6205,0.2732,ВЭС,25.0,2,6.1333,3.895,-0.5,1.0,2026-02-11 22:00:00
2026-02-13 00:00:00,2026-02-12 18:00:00,0.0,0.1756,0.5623,0.2347,ВЭС,26.0,2,5.44,4.235,-0.45,1.0,2026-02-11 22:00:00
2026-02-13 01:00:00,2026-02-12 19:00:00,0.0,0.1301,0.5509,0.1964,ВЭС,27.0,2,4.9767,4.935,-0.9833,1.0,2026-02-11 22:00:00
2026-02-13 02:00:00,2026-02-12 20:00:00,0.0,0.0861,0.3963,0.1472,ВЭС,28.0,2,4.1533,4.955,-1.4333,1.0,2026-02-11 22:00:00
2026-02-13 03:00:00,2026-02-12 21:00:00,0.0066,0.0217,0.3017,0.115,ВЭС,29.0,2,3.4283,4.395,-1.6667,1.0,2026-02-11 22:00:00
2026-02-13 04:00:00,2026-02-12 22:00:00,0.0032,0.0288,0.2176,0.0968,ВЭС,30.0,2,2.9117,3.895,-1.8667,1.0,2026-02-11 22:00:00
2026-02-13 05:00:00,2026-02-12 23:00:00,0.0,0.0423,0.1353,0.0771,ВЭС,31.0,2,2.5233,3.32,-1.8167,1.0,2026-02-11 22:00:00
2026-02-13 06:00:00,2026-02-13 00:00:00,0.0006,0.0354,0.1325,0.0741,ВЭС,32.0,2,2.3383,2.35,-1.6667,1.0,2026-02-11 22:00:00
2026-02-13 07:00:00,2026-02-13 01:00:00,0.0034,0.0288,0.1455,0.0741,ВЭС,33.0,2,2.4167,1.65,-1.6333,1.0,2026-02-11 22:00:00
2026-02-13 08:00:00,2026-02-13 02:00:00,0.0085,0.0158,0.1445,0.0781,ВЭС,34.0,2,2.6667,0.55,-1.4833,1.0,2026-02-11 22:00:00
2026-02-13 09:00:00,2026-02-13 03:00:00,0.0048,0.0214,0.154,0.1,ВЭС,35.0,2,3.0617,0.89,-1.2333,1.0,2026-02-11 22:00:00
2026-02-13 10:00:00,2026-02-13 04:00:00,0.0067,0.0165,0.1471,0.1082,ВЭС,36.0,2,3.265,2.245,-0.9333,1.0,2026-02-11 22:00:00
2026-02-13 11:00:00,2026-02-13 05:00:00,0.0082,0.0122,0.1243,0.0968,ВЭС,37.0,2,2.9133,3.275,-0.2833,1.0,2026-02-11 22:00:00
2026-02-13 12:00:00,2026-02-13 06:00:00,0.0053,0.0194,0.1465,0.0771,ВЭС,38.0,2,2.4583,3.035,0.5667,0.0,2026-02-11 22:00:00
2026-02-13 13:00:00,2026-02-13 07:00:00,0.0053,0.0194,0.1499,0.0687,ВЭС,39.0,2,2.055,2.63,1.2833,0.0,2026-02-11 22:00:00
2026-02-13 14:00:00,2026-02-13 08:00:00,0.008,0.0136,0.1082,0.0619,ВЭС,40.0,2,1.555,2.57,1.85,0.0,2026-02-11 22:00:00
2026-02-13 15:00:00,2026-02-13 09:00:00,0.0046,0.022,0.1185,0.0554,ВЭС,41.0,2,1.2117,1.15,2.0833,0.0,2026-02-11 22:00:00
2026-02-13 16:00:00,2026-02-13 10:00:00,0.0,0.1045,0.5198,0.1852,ВЭС,42.0,3,4.7433,7.05,1.6167,0.0,2026-02-11 22:00:00
2026-02-13 17:00:00,2026-02-13 11:00:00,0.0,0.0752,0.4241,0.1511,ВЭС,43.0,3,4.3417,5.31,1.1333,0.0,2026-02-11 22:00:00
2026-02-13 18:00:00,2026-02-13 12:00:00,0.0,0.0656,0.3464,0.1275,ВЭС,44.0,3,3.765,4.375,0.6,0.0,2026-02-11 22:00:00
2026-02-13 19:00:00,2026-02-13 13:00:00,0.0,0.0574,0.3682,0.115,ВЭС,45.0,3,3.33,5.445,0.1667,0.0,2026-02-11 22:00:00
2026-02-13 20:00:00,2026-02-13 14:00:00,0.0,0.0376,0.3257,0.1082,ВЭС,46.0,3,3.27,5.565,-0.1667,0.0,2026-02-11 22:00:00
2026-02-13 21:00:00,2026-02-13 15:00:00,0.0,0.0796,0.3278,0.1566,ВЭС,47.0,3,4.4033,4.25,-0.1833,0.0,2026-02-11 22:00:00
2026-02-13 22:00:00,2026-02-13 16:00:00,0.0,0.1427,0.4615,0.2732,ВЭС,48.0,3,6.11,2.93,0.0333,0.0,2026-02-11 22:00:00
2026-02-12 11:00:00,2026-02-12 05:00:00,0.0073,0.0166,0.1387,0.0771,T1,1.0,1,2.4683,3.285,1.9333,0.0,2026-02-12 10:00:00
2026-02-12 12:00:00,2026-02-12 06:00:00,0.0,0.0854,0.5139,0.1566,T1,2.0,1,4.4167,5.445,3.1167,0.0,2026-02-12 10:00:00
2026-02-12 13:00:00,2026-02-12 07:00:00,0.0,0.1577,0.5912,0.2111,T1,3.0,1,5.1333,5.51,3.7167,0.0,2026-02-12 10:00:00
2026-02-12 14:00:00,2026-02-12 08:00:00,0.0,0.1511,0.6019,0.2206,T1,4.0,1,5.3783,5.5,4.1833,0.0,2026-02-12 10:00:00
2026-02-12 15:00:00,2026-02-12 09:00:00,0.0,0.1315,0.558,0.2111,T1,5.0,1,5.2117,6.525,4.2833,0.0,2026-02-12 10:00:00
2026-02-12 16:00:00,2026-02-12 10:00:00,0.0,0.1427,0.5791,0.2251,T1,6.0,1,5.4517,6.025,3.7167,0.0,2026-02-12 10:00:00
2026-02-12 17:00:00,2026-02-12 11:00:00,0.0,0.1424,0.434,0.1732,T1,7.0,1,4.7217,1.195,2.7,0.0,2026-02-12 10:00:00
2026-02-12 18:00:00,2026-02-12 12:00:00,0.0,0.1163,0.3968,0.1676,T1,8.0,1,4.4717,2.175,1.4167,1.0,2026-02-12 10:00:00
2026-02-12 19:00:00,2026-02-12 13:00:00,0.0001,0.2756,0.6034,0.2732,T1,9.0,1,6.1433,1.325,0.3833,1.0,2026-02-12 10:00:00
2026-02-12 20:00:00,2026-02-12 14:00:00,0.0004,0.2986,0.5919,0.2936,T1,10.0,1,6.35,2.945,0.1,1.0,2026-02-12 10:00:00
2026-02-12 21:00:00,2026-02-12 15:00:00,0.0321,0.2103,0.5503,0.2347,T1,11.0,1,5.53,2.36,0.0,1.0,2026-02-12 10:00:00
2026-02-12 22:00:00,2026-02-12 16:00:00,0.0,0.1522,0.4693,0.1887,T1,12.0,1,4.93,1.85,-0.1,1.0,2026-02-12 10:00:00
2026-02-12 23:00:00,2026-02-12 17:00:00,0.0,0.0587,0.1177,0.1275,T1,13.0,1,3.6233,0.555,-0.3333,1.0,2026-02-12 10:00:00
2026-02-13 00:00:00,2026-02-12 18:00:00,0.0,0.0365,0.0768,0.0741,T1,14.0,1,2.3017,0.9,-0.8833,1.0,2026-02-12 10:00:00
2026-02-13 01:00:00,2026-02-12 19:00:00,0.0004,0.0338,0.0353,0.0619,T1,15.0,1,1.635,0.695,-1.4167,1.0,2026-02-12 10:00:00
2026-02-13 02:00:00,2026-02-12 20:00:00,0.0034,0.0263,0.0368,0.0554,T1,16.0,1,1.125,0.46,-1.7833,1.0,2026-02-12 10:00:00
2026-02-13 03:00:00,2026-02-12 21:00:00,0.0,0.0381,0.0765,0.0554,T1,17.0,1,1.1983,0.805,-1.8833,1.0,2026-02-12 10:00:00
2026-02-13 04:00:00,2026-02-12 22:00:00,0.0023,0.0292,0.2176,0.0968,T1,18.0,2,2.9117,3.895,-1.8667,1.0,2026-02-12 10:00:00
2026-02-13 05:00:00,2026-02-12 23:00:00,0.0,0.0427,0.1353,0.0771,T1,19.0,2,2.5233,3.32,-1.8167,1.0,2026-02-12 10:00:00
2026-02-13 06:00:00,2026-02-13 00:00:00,0.0,0.0358,0.1325,0.0741,T1,20.0,2,2.3383,2.35,-1.6667,1.0,2026-02-12 10:00:00
2026-02-13 07:00:00,2026-02-13 01:00:00,0.0023,0.0292,0.1455,0.0741,T1,21.0,2,2.4167,1.65,-1.6333,1.0,2026-02-12 10:00:00
2026-02-13 08:00:00,2026-02-13 02:00:00,0.0075,0.0162,0.1445,0.0781,T1,22.0,2,2.6667,0.55,-1.4833,1.0,2026-02-12 10:00:00
2026-02-13 09:00:00,2026-02-13 03:00:00,0.0053,0.0217,0.154,0.1,T1,23.0,2,3.0617,0.89,-1.2333,1.0,2026-02-12 10:00:00
2026-02-13 10:00:00,2026-02-13 04:00:00,0.0071,0.0172,0.1471,0.1082,T1,24.0,2,3.265,2.245,-0.9333,1.0,2026-02-12 10:00:00
2026-02-13 11:00:00,2026-02-13 05:00:00,0.0088,0.0129,0.1243,0.0968,T1,25.0,2,2.9133,3.275,-0.2833,1.0,2026-02-12 10:00:00
2026-02-13 12:00:00,2026-02-13 06:00:00,0.006,0.0199,0.1465,0.0771,T1,26.0,2,2.4583,3.035,0.5667,0.0,2026-02-12 10:00:00
2026-02-13 13:00:00,2026-02-13 07:00:00,0.0063,0.0192,0.1499,0.0687,T1,27.0,2,2.055,2.63,1.2833,0.0,2026-02-12 10:00:00
2026-02-13 14:00:00,2026-02-13 08:00:00,0.0084,0.0141,0.1082,0.0619,T1,28.0,2,1.555,2.57,1.85,0.0,2026-02-12 10:00:00
2026-02-13 15:00:00,2026-02-13 09:00:00,0.0068,0.0179,0.1185,0.0554,T1,29.0,2,1.2117,1.15,2.0833,0.0,2026-02-12 10:00:00
2026-02-13 16:00:00,2026-02-13 10:00:00,0.0043,0.024,0.123,0.0554,T1,30.0,2,1.1817,1.07,1.9333,0.0,2026-02-12 10:00:00
2026-02-13 17:00:00,2026-02-13 11:00:00,0.0033,0.0266,0.1385,0.0619,T1,31.0,2,1.4217,2.64,1.1833,0.0,2026-02-12 10:00:00
2026-02-13 18:00:00,2026-02-13 12:00:00,0.0,0.0554,0.2445,0.0687,T1,32.0,2,1.9917,3.64,0.55,1.0,2026-02-12 10:00:00
2026-02-13 19:00:00,2026-02-13 13:00:00,0.0,0.0702,0.3062,0.0781,T1,33.0,2,2.6717,5.38,0.5333,1.0,2026-02-12 10:00:00
2026-02-13 20:00:00,2026-02-13 14:00:00,0.0,0.1816,0.5583,0.1082,T1,34.0,2,3.315,6.935,0.65,1.0,2026-02-12 10:00:00
2026-02-13 21:00:00,2026-02-13 15:00:00,0.0,0.2046,0.5956,0.1511,T1,35.0,2,4.385,7.38,0.7667,1.0,2026-02-12 10:00:00
2026-02-13 22:00:00,2026-02-13 16:00:00,0.0,0.2875,0.6742,0.2732,T1,36.0,2,6.0583,6.465,0.8667,1.0,2026-02-12 10:00:00
2026-02-13 23:00:00,2026-02-13 17:00:00,0.0,0.4438,0.9239,0.4253,T1,37.0,2,8.0033,4.875,0.7667,1.0,2026-02-12 10:00:00
2026-02-14 00:00:00,2026-02-13 18:00:00,0.1658,0.5502,0.99,0.5984,T1,38.0,2,9.4833,3.395,0.6,1.0,2026-02-12 10:00:00
2026-02-14 01:00:00,2026-02-13 19:00:00,0.1475,0.6264,0.9769,0.6898,T1,39.0,2,10.3317,2.625,0.5667,1.0,2026-02-12 10:00:00
2026-02-14 02:00:00,2026-02-13 20:00:00,0.3295,0.7271,0.9729,0.7536,T1,40.0,2,10.7983,2.3,0.4667,1.0,2026-02-12 10:00:00
2026-02-14 03:00:00,2026-02-13 21:00:00,0.3193,0.7377,0.9811,0.7639,T1,41.0,2,10.9683,2.2,0.4167,1.0,2026-02-12 10:00:00
2026-02-14 04:00:00,2026-02-13 22:00:00,0.0238,0.4825,0.8816,0.6301,T1,42.0,3,9.575,3.81,-0.4,1.0,2026-02-12 10:00:00
2026-02-14 05:00:00,2026-02-13 23:00:00,0.0399,0.3925,0.8966,0.5531,T1,43.0,3,9.08,1.3,0.05,1.0,2026-02-12 10:00:00
2026-02-14 06:00:00,2026-02-14 00:00:00,0.01,0.2272,0.7944,0.4461,T1,44.0,3,8.28,0.715,0.4667,1.0,2026-02-12 10:00:00
2026-02-14 07:00:00,2026-02-14 01:00:00,0.0,0.1201,0.609,0.3725,T1,45.0,3,7.27,3.95,0.4167,1.0,2026-02-12 10:00:00
2026-02-14 08:00:00,2026-02-14 02:00:00,0.0,0.0951,0.6363,0.331,T1,46.0,3,6.765,7.28,0.6333,1.0,2026-02-12 10:00:00
2026-02-14 09:00:00,2026-02-14 03:00:00,0.0,0.1503,0.7199,0.3243,T1,47.0,3,6.7367,10.14,1.4667,0.0,2026-02-12 10:00:00
2026-02-14 10:00:00,2026-02-14 04:00:00,0.0,0.1218,0.8327,0.3567,T1,48.0,3,7.015,12.655,2.7333,0.0,2026-02-12 10:00:00
2026-02-12 11:00:00,2026-02-12 05:00:00,0.0054,0.0177,0.1387,0.0771,T2,1.0,1,2.4683,3.285,1.9333,0.0,2026-02-12 10:00:00
2026-02-12 12:00:00,2026-02-12 06:00:00,0.0,0.0924,0.5139,0.1566,T2,2.0,1,4.4167,5.445,3.1167,0.0,2026-02-12 10:00:00
2026-02-12 13:00:00,2026-02-12 07:00:00,0.0,0.1634,0.5912,0.2111,T2,3.0,1,5.1333,5.51,3.7167,0.0,2026-02-12 10:00:00
2026-02-12 14:00:00,2026-02-12 08:00:00,0.0,0.1582,0.602,0.2206,T2,4.0,1,5.3783,5.5,4.1833,0.0,2026-02-12 10:00:00
2026-02-12 15:00:00,2026-02-12 09:00:00,0.0,0.1374,0.558,0.2111,T2,5.0,1,5.2117,6.525,4.2833,0.0,2026-02-12 10:00:00
2026-02-12 16:00:00,2026-02-12 10:00:00,0.0,0.1451,0.5791,0.2251,T2,6.0,1,5.4517,6.025,3.7167,0.0,2026-02-12 10:00:00
2026-02-12 17:00:00,2026-02-12 11:00:00,0.0,0.1433,0.434,0.1732,T2,7.0,1,4.7217,1.195,2.7,0.0,2026-02-12 10:00:00
2026-02-12 18:00:00,2026-02-12 12:00:00,0.0,0.1172,0.3968,0.1676,T2,8.0,1,4.4717,2.175,1.4167,1.0,2026-02-12 10:00:00
2026-02-12 19:00:00,2026-02-12 13:00:00,0.0,0.2753,0.6034,0.2732,T2,9.0,1,6.1433,1.325,0.3833,1.0,2026-02-12 10:00:00
2026-02-12 20:00:00,2026-02-12 14:00:00,0.0,0.2981,0.5919,0.2936,T2,10.0,1,6.35,2.945,0.1,1.0,2026-02-12 10:00:00
2026-02-12 21:00:00,2026-02-12 15:00:00,0.0,0.2098,0.5503,0.2347,T2,11.0,1,5.53,2.36,0.0,1.0,2026-02-12 10:00:00
2026-02-12 22:00:00,2026-02-12 16:00:00,0.0,0.1517,0.4693,0.1887,T2,12.0,1,4.93,1.85,-0.1,1.0,2026-02-12 10:00:00
2026-02-12 23:00:00,2026-02-12 17:00:00,0.0,0.0581,0.1177,0.1275,T2,13.0,1,3.6233,0.555,-0.3333,1.0,2026-02-12 10:00:00
2026-02-13 00:00:00,2026-02-12 18:00:00,0.0,0.0356,0.0768,0.0741,T2,14.0,1,2.3017,0.9,-0.8833,1.0,2026-02-12 10:00:00
2026-02-13 01:00:00,2026-02-12 19:00:00,0.0,0.0332,0.0353,0.0619,T2,15.0,1,1.635,0.695,-1.4167,1.0,2026-02-12 10:00:00
2026-02-13 02:00:00,2026-02-12 20:00:00,0.0015,0.0263,0.0362,0.0554,T2,16.0,1,1.125,0.46,-1.7833,1.0,2026-02-12 10:00:00
2026-02-13 03:00:00,2026-02-12 21:00:00,0.0,0.0375,0.0765,0.0554,T2,17.0,1,1.1983,0.805,-1.8833,1.0,2026-02-12 10:00:00
2026-02-13 04:00:00,2026-02-12 22:00:00,0.0042,0.0285,0.2176,0.0968,T2,18.0,2,2.9117,3.895,-1.8667,1.0,2026-02-12 10:00:00
2026-02-13 05:00:00,2026-02-12 23:00:00,0.0,0.0419,0.1353,0.0771,T2,19.0,2,2.5233,3.32,-1.8167,1.0,2026-02-12 10:00:00
2026-02-13 06:00:00,2026-02-13 00:00:00,0.0012,0.0351,0.1325,0.0741,T2,20.0,2,2.3383,2.35,-1.6667,1.0,2026-02-12 10:00:00
2026-02-13 07:00:00,2026-02-13 01:00:00,0.0046,0.0284,0.1455,0.0741,T2,21.0,2,2.4167,1.65,-1.6333,1.0,2026-02-12 10:00:00
2026-02-13 08:00:00,2026-02-13 02:00:00,0.0096,0.0154,0.1445,0.0781,T2,22.0,2,2.6667,0.55,-1.4833,1.0,2026-02-12 10:00:00
2026-02-13 09:00:00,2026-02-13 03:00:00,0.0043,0.021,0.154,0.1,T2,23.0,2,3.0617,0.89,-1.2333,1.0,2026-02-12 10:00:00
2026-02-13 10:00:00,2026-02-13 04:00:00,0.0063,0.0158,0.1471,0.1082,T2,24.0,2,3.265,2.245,-0.9333,1.0,2026-02-12 10:00:00
2026-02-13 11:00:00,2026-02-13 05:00:00,0.0076,0.0115,0.1243,0.0968,T2,25.0,2,2.9133,3.275,-0.2833,1.0,2026-02-12 10:00:00
2026-02-13 12:00:00,2026-02-13 06:00:00,0.0047,0.0189,0.1465,0.0771,T2,26.0,2,2.4583,3.035,0.5667,0.0,2026-02-12 10:00:00
2026-02-13 13:00:00,2026-02-13 07:00:00,0.0043,0.0197,0.1499,0.0687,T2,27.0,2,2.055,2.63,1.2833,0.0,2026-02-12 10:00:00
2026-02-13 14:00:00,2026-02-13 08:00:00,0.0075,0.0131,0.1082,0.0619,T2,28.0,2,1.555,2.57,1.85,0.0,2026-02-12 10:00:00
2026-02-13 15:00:00,2026-02-13 09:00:00,0.0024,0.0261,0.1185,0.0554,T2,29.0,2,1.2117,1.15,2.0833,0.0,2026-02-12 10:00:00
2026-02-13 16:00:00,2026-02-13 10:00:00,0.0028,0.0253,0.123,0.0554,T2,30.0,2,1.1817,1.07,1.9333,0.0,2026-02-12 10:00:00
2026-02-13 17:00:00,2026-02-13 11:00:00,0.0019,0.0275,0.1385,0.0619,T2,31.0,2,1.4217,2.64,1.1833,0.0,2026-02-12 10:00:00
2026-02-13 18:00:00,2026-02-13 12:00:00,0.0,0.0562,0.2445,0.0687,T2,32.0,2,1.9917,3.64,0.55,1.0,2026-02-12 10:00:00
2026-02-13 19:00:00,2026-02-13 13:00:00,0.0,0.0693,0.3062,0.0781,T2,33.0,2,2.6717,5.38,0.5333,1.0,2026-02-12 10:00:00
2026-02-13 20:00:00,2026-02-13 14:00:00,0.0,0.183,0.5583,0.1082,T2,34.0,2,3.315,6.935,0.65,1.0,2026-02-12 10:00:00
2026-02-13 21:00:00,2026-02-13 15:00:00,0.0,0.2069,0.5956,0.1511,T2,35.0,2,4.385,7.38,0.7667,1.0,2026-02-12 10:00:00
2026-02-13 22:00:00,2026-02-13 16:00:00,0.0069,0.2832,0.6752,0.2732,T2,36.0,2,6.0583,6.465,0.8667,1.0,2026-02-12 10:00:00
2026-02-13 23:00:00,2026-02-13 17:00:00,0.0,0.45,0.9231,0.4253,T2,37.0,2,8.0033,4.875,0.7667,1.0,2026-02-12 10:00:00
2026-02-14 00:00:00,2026-02-13 18:00:00,0.1671,0.5615,0.97,0.5984,T2,38.0,2,9.4833,3.395,0.6,1.0,2026-02-12 10:00:00
2026-02-14 01:00:00,2026-02-13 19:00:00,0.1895,0.6378,0.97,0.6898,T2,39.0,2,10.3317,2.625,0.5667,1.0,2026-02-12 10:00:00
2026-02-14 02:00:00,2026-02-13 20:00:00,0.3282,0.7357,0.9695,0.7536,T2,40.0,2,10.7983,2.3,0.4667,1.0,2026-02-12 10:00:00
2026-02-14 03:00:00,2026-02-13 21:00:00,0.309,0.7477,0.97,0.7639,T2,41.0,2,10.9683,2.2,0.4167,1.0,2026-02-12 10:00:00
2026-02-14 04:00:00,2026-02-13 22:00:00,0.0779,0.4875,0.8772,0.6301,T2,42.0,3,9.575,3.81,-0.4,1.0,2026-02-12 10:00:00
2026-02-14 05:00:00,2026-02-13 23:00:00,0.0854,0.3899,0.8963,0.5531,T2,43.0,3,9.08,1.3,0.05,1.0,2026-02-12 10:00:00
2026-02-14 06:00:00,2026-02-14 00:00:00,0.0,0.226,0.7944,0.4461,T2,44.0,3,8.28,0.715,0.4667,1.0,2026-02-12 10:00:00
2026-02-14 07:00:00,2026-02-14 01:00:00,0.0,0.1352,0.6089,0.3725,T2,45.0,3,7.27,3.95,0.4167,1.0,2026-02-12 10:00:00
2026-02-14 08:00:00,2026-02-14 02:00:00,0.0,0.1085,0.6343,0.331,T2,46.0,3,6.765,7.28,0.6333,1.0,2026-02-12 10:00:00
2026-02-14 09:00:00,2026-02-14 03:00:00,0.0,0.1612,0.7145,0.3243,T2,47.0,3,6.7367,10.14,1.4667,0.0,2026-02-12 10:00:00
2026-02-14 10:00:00,2026-02-14 04:00:00,0.0,0.136,0.8273,0.3567,T2,48.0,3,7.015,12.655,2.7333,0.0,2026-02-12 10:00:00
2026-02-12 11:00:00,2026-02-12 05:00:00,0.0064,0.0172,0.1387,0.0771,ВЭС,1.0,1,2.4683,3.285,1.9333,0.0,2026-02-12 10:00:00
2026-02-12 12:00:00,2026-02-12 06:00:00,0.0,0.0889,0.5139,0.1566,ВЭС,2.0,1,4.4167,5.445,3.1167,0.0,2026-02-12 10:00:00
2026-02-12 13:00:00,2026-02-12 07:00:00,0.0,0.1606,0.5912,0.2111,ВЭС,3.0,1,5.1333,5.51,3.7167,0.0,2026-02-12 10:00:00
2026-02-12 14:00:00,2026-02-12 08:00:00,0.0,0.1547,0.6019,0.2206,ВЭС,4.0,1,5.3783,5.5,4.1833,0.0,2026-02-12 10:00:00
2026-02-12 15:00:00,2026-02-12 09:00:00,0.0,0.1344,0.558,0.2111,ВЭС,5.0,1,5.2117,6.525,4.2833,0.0,2026-02-12 10:00:00
2026-02-12 16:00:00,2026-02-12 10:00:00,0.0,0.1439,0.5791,0.2251,ВЭС,6.0,1,5.4517,6.025,3.7167,0.0,2026-02-12 10:00:00
2026-02-12 17:00:00,2026-02-12 11:00:00,0.0,0.1429,0.434,0.1732,ВЭС,7.0,1,4.7217,1.195,2.7,0.0,2026-02-12 10:00:00
2026-02-12 18:00:00,2026-02-12 12:00:00,0.0,0.1167,0.3968,0.1676,ВЭС,8.0,1,4.4717,2.175,1.4167,1.0,2026-02-12 10:00:00
2026-02-12 19:00:00,2026-02-12 13:00:00,0.0001,0.2754,0.6034,0.2732,ВЭС,9.0,1,6.1433,1.325,0.3833,1.0,2026-02-12 10:00:00
2026-02-12 20:00:00,2026-02-12 14:00:00,0.0002,0.2984,0.5919,0.2936,ВЭС,10.0,1,6.35,2.945,0.1,1.0,2026-02-12 10:00:00
2026-02-12 21:00:00,2026-02-12 15:00:00,0.016,0.21,0.5503,0.2347,ВЭС,11.0,1,5.53,2.36,0.0,1.0,2026-02-12 10:00:00
2026-02-12 22:00:00,2026-02-12 16:00:00,0.0,0.1519,0.4693,0.1887,ВЭС,12.0,1,4.93,1.85,-0.1,1.0,2026-02-12 10:00:00
2026-02-12 23:00:00,2026-02-12 17:00:00,0.0,0.0584,0.1177,0.1275,ВЭС,13.0,1,3.6233,0.555,-0.3333,1.0,2026-02-12 10:00:00
2026-02-13 00:00:00,2026-02-12 18:00:00,0.0,0.0361,0.0768,0.0741,ВЭС,14.0,1,2.3017,0.9,-0.8833,1.0,2026-02-12 10:00:00
2026-02-13 01:00:00,2026-02-12 19:00:00,0.0002,0.0335,0.0353,0.0619,ВЭС,15.0,1,1.635,0.695,-1.4167,1.0,2026-02-12 10:00:00
2026-02-13 02:00:00,2026-02-12 20:00:00,0.0024,0.0263,0.0365,0.0554,ВЭС,16.0,1,1.125,0.46,-1.7833,1.0,2026-02-12 10:00:00
2026-02-13 03:00:00,2026-02-12 21:00:00,0.0,0.0378,0.0765,0.0554,ВЭС,17.0,1,1.1983,0.805,-1.8833,1.0,2026-02-12 10:00:00
2026-02-13 04:00:00,2026-02-12 22:00:00,0.0032,0.0288,0.2176,0.0968,ВЭС,18.0,2,2.9117,3.895,-1.8667,1.0,2026-02-12 10:00:00
2026-02-13 05:00:00,2026-02-12 23:00:00,0.0,0.0423,0.1353,0.0771,ВЭС,19.0,2,2.5233,3.32,-1.8167,1.0,2026-02-12 10:00:00
2026-02-13 06:00:00,2026-02-13 00:00:00,0.0006,0.0354,0.1325,0.0741,ВЭС,20.0,2,2.3383,2.35,-1.6667,1.0,2026-02-12 10:00:00
2026-02-13 07:00:00,2026-02-13 01:00:00,0.0034,0.0288,0.1455,0.0741,ВЭС,21.0,2,2.4167,1.65,-1.6333,1.0,2026-02-12 10:00:00
2026-02-13 08:00:00,2026-02-13 02:00:00,0.0085,0.0158,0.1445,0.0781,ВЭС,22.0,2,2.6667,0.55,-1.4833,1.0,2026-02-12 10:00:00
2026-02-13 09:00:00,2026-02-13 03:00:00,0.0048,0.0214,0.154,0.1,ВЭС,23.0,2,3.0617,0.89,-1.2333,1.0,2026-02-12 10:00:00
2026-02-13 10:00:00,2026-02-13 04:00:00,0.0067,0.0165,0.1471,0.1082,ВЭС,24.0,2,3.265,2.245,-0.9333,1.0,2026-02-12 10:00:00
2026-02-13 11:00:00,2026-02-13 05:00:00,0.0082,0.0122,0.1243,0.0968,ВЭС,25.0,2,2.9133,3.275,-0.2833,1.0,2026-02-12 10:00:00
2026-02-13 12:00:00,2026-02-13 06:00:00,0.0053,0.0194,0.1465,0.0771,ВЭС,26.0,2,2.4583,3.035,0.5667,0.0,2026-02-12 10:00:00
2026-02-13 13:00:00,2026-02-13 07:00:00,0.0053,0.0194,0.1499,0.0687,ВЭС,27.0,2,2.055,2.63,1.2833,0.0,2026-02-12 10:00:00
2026-02-13 14:00:00,2026-02-13 08:00:00,0.008,0.0136,0.1082,0.0619,ВЭС,28.0,2,1.555,2.57,1.85,0.0,2026-02-12 10:00:00
2026-02-13 15:00:00,2026-02-13 09:00:00,0.0046,0.022,0.1185,0.0554,ВЭС,29.0,2,1.2117,1.15,2.0833,0.0,2026-02-12 10:00:00
2026-02-13 16:00:00,2026-02-13 10:00:00,0.0036,0.0247,0.123,0.0554,ВЭС,30.0,2,1.1817,1.07,1.9333,0.0,2026-02-12 10:00:00
2026-02-13 17:00:00,2026-02-13 11:00:00,0.0026,0.0271,0.1385,0.0619,ВЭС,31.0,2,1.4217,2.64,1.1833,0.0,2026-02-12 10:00:00
2026-02-13 18:00:00,2026-02-13 12:00:00,0.0,0.0558,0.2445,0.0687,ВЭС,32.0,2,1.9917,3.64,0.55,1.0,2026-02-12 10:00:00
2026-02-13 19:00:00,2026-02-13 13:00:00,0.0,0.0698,0.3062,0.0781,ВЭС,33.0,2,2.6717,5.38,0.5333,1.0,2026-02-12 10:00:00
2026-02-13 20:00:00,2026-02-13 14:00:00,0.0,0.1823,0.5583,0.1082,ВЭС,34.0,2,3.315,6.935,0.65,1.0,2026-02-12 10:00:00
2026-02-13 21:00:00,2026-02-13 15:00:00,0.0,0.2058,0.5956,0.1511,ВЭС,35.0,2,4.385,7.38,0.7667,1.0,2026-02-12 10:00:00
2026-02-13 22:00:00,2026-02-13 16:00:00,0.0035,0.2854,0.6747,0.2732,ВЭС,36.0,2,6.0583,6.465,0.8667,1.0,2026-02-12 10:00:00
2026-02-13 23:00:00,2026-02-13 17:00:00,0.0,0.4469,0.9235,0.4253,ВЭС,37.0,2,8.0033,4.875,0.7667,1.0,2026-02-12 10:00:00
2026-02-14 00:00:00,2026-02-13 18:00:00,0.1664,0.5559,0.98,0.5984,ВЭС,38.0,2,9.4833,3.395,0.6,1.0,2026-02-12 10:00:00
2026-02-14 01:00:00,2026-02-13 19:00:00,0.1685,0.6321,0.9734,0.6898,ВЭС,39.0,2,10.3317,2.625,0.5667,1.0,2026-02-12 10:00:00
2026-02-14 02:00:00,2026-02-13 20:00:00,0.3288,0.7314,0.9712,0.7536,ВЭС,40.0,2,10.7983,2.3,0.4667,1.0,2026-02-12 10:00:00
2026-02-14 03:00:00,2026-02-13 21:00:00,0.3141,0.7427,0.9756,0.7639,ВЭС,41.0,2,10.9683,2.2,0.4167,1.0,2026-02-12 10:00:00
2026-02-14 04:00:00,2026-02-13 22:00:00,0.0509,0.485,0.8794,0.6301,ВЭС,42.0,3,9.575,3.81,-0.4,1.0,2026-02-12 10:00:00
2026-02-14 05:00:00,2026-02-13 23:00:00,0.0627,0.3912,0.8964,0.5531,ВЭС,43.0,3,9.08,1.3,0.05,1.0,2026-02-12 10:00:00
2026-02-14 06:00:00,2026-02-14 00:00:00,0.005,0.2266,0.7944,0.4461,ВЭС,44.0,3,8.28,0.715,0.4667,1.0,2026-02-12 10:00:00
2026-02-14 07:00:00,2026-02-14 01:00:00,0.0,0.1277,0.6089,0.3725,ВЭС,45.0,3,7.27,3.95,0.4167,1.0,2026-02-12 10:00:00
2026-02-14 08:00:00,2026-02-14 02:00:00,0.0,0.1018,0.6353,0.331,ВЭС,46.0,3,6.765,7.28,0.6333,1.0,2026-02-12 10:00:00
2026-02-14 09:00:00,2026-02-14 03:00:00,0.0,0.1558,0.7172,0.3243,ВЭС,47.0,3,6.7367,10.14,1.4667,0.0,2026-02-12 10:00:00
2026-02-14 10:00:00,2026-02-14 04:00:00,0.0,0.1289,0.83,0.3567,ВЭС,48.0,3,7.015,12.655,2.7333,0.0,2026-02-12 10:00:00
2026-02-12 23:00:00,2026-02-12 17:00:00,0.0,0.0587,0.1177,0.1275,T1,1.0,1,3.6233,0.555,-0.3333,1.0,2026-02-12 22:00:00
2026-02-13 00:00:00,2026-02-12 18:00:00,0.0,0.0365,0.0768,0.0741,T1,2.0,1,2.3017,0.9,-0.8833,1.0,2026-02-12 22:00:00
2026-02-13 01:00:00,2026-02-12 19:00:00,0.0004,0.0338,0.0353,0.0619,T1,3.0,1,1.635,0.695,-1.4167,1.0,2026-02-12 22:00:00
2026-02-13 02:00:00,2026-02-12 20:00:00,0.0034,0.0263,0.0368,0.0554,T1,4.0,1,1.125,0.46,-1.7833,1.0,2026-02-12 22:00:00
2026-02-13 03:00:00,2026-02-12 21:00:00,0.0,0.0381,0.0765,0.0554,T1,5.0,1,1.1983,0.805,-1.8833,1.0,2026-02-12 22:00:00
2026-02-13 04:00:00,2026-02-12 22:00:00,0.0,0.035,0.0554,0.0619,T1,6.0,1,1.5433,1.885,-1.8,1.0,2026-02-12 22:00:00
2026-02-13 05:00:00,2026-02-12 23:00:00,0.0006,0.0334,0.0375,0.0687,T1,7.0,1,1.7967,1.85,-1.7333,1.0,2026-02-12 22:00:00
2026-02-13 06:00:00,2026-02-13 00:00:00,0.0,0.0412,0.0786,0.0687,T1,8.0,1,1.9767,2.4,-1.6333,1.0,2026-02-12 22:00:00
2026-02-13 07:00:00,2026-02-13 01:00:00,0.0007,0.0331,0.0583,0.0687,T1,9.0,1,2.0133,3.45,-1.5333,1.0,2026-02-12 22:00:00
2026-02-13 08:00:00,2026-02-13 02:00:00,0.0001,0.0345,0.0483,0.0687,T1,10.0,1,2.0383,3.465,-1.4333,1.0,2026-02-12 22:00:00
2026-02-13 09:00:00,2026-02-13 03:00:00,0.0,0.0387,0.064,0.0687,T1,11.0,1,2.1117,2.94,-1.1833,1.0,2026-02-12 22:00:00
2026-02-13 10:00:00,2026-02-13 04:00:00,0.0016,0.0309,0.1053,0.0771,T1,12.0,1,2.5383,3.19,-0.75,1.0,2026-02-12 22:00:00
2026-02-13 11:00:00,2026-02-13 05:00:00,0.0001,0.0345,0.1308,0.0781,T1,13.0,1,2.62,3.565,-0.4,1.0,2026-02-12 22:00:00
2026-02-13 12:00:00,2026-02-13 06:00:00,0.0062,0.0195,0.1093,0.0687,T1,14.0,1,2.0367,2.765,-0.1667,1.0,2026-02-12 22:00:00
2026-02-13 13:00:00,2026-02-13 07:00:00,0.007,0.0174,0.081,0.0619,T1,15.0,1,1.6917,2.065,0.1667,1.0,2026-02-12 22:00:00
2026-02-13 14:00:00,2026-02-13 08:00:00,0.009,0.0126,0.0667,0.0687,T1,16.0,1,1.84,1.04,0.4667,0.0,2026-02-12 22:00:00
2026-02-13 15:00:00,2026-02-13 09:00:00,0.0,0.0352,0.0695,0.0687,T1,17.0,1,1.835,1.575,0.6,0.0,2026-02-12 22:00:00
2026-02-13 16:00:00,2026-02-13 10:00:00,0.0043,0.024,0.123,0.0554,T1,18.0,2,1.1817,1.07,1.9333,0.0,2026-02-12 22:00:00
2026-02-13 17:00:00,2026-02-13 11:00:00,0.0033,0.0266,0.1385,0.0619,T1,19.0,2,1.4217,2.64,1.1833,0.0,2026-02-12 22:00:00
2026-02-13 18:00:00,2026-02-13 12:00:00,0.0,0.0554,0.2445,0.0687,T1,20.0,2,1.9917,3.64,0.55,1.0,2026-02-12 22:00:00
2026-02-13 19:00:00,2026-02-13 13:00:00,0.0,0.0702,0.3062,0.0781,T1,21.0,2,2.6717,5.38,0.5333,1.0,2026-02-12 22:00:00
2026-02-13 20:00:00,2026-02-13 14:00:00,0.0,0.1816,0.5583,0.1082,T1,22.0,2,3.315,6.935,0.65,1.0,2026-02-12 22:00:00
2026-02-13 21:00:00,2026-02-13 15:00:00,0.0,0.2046,0.5956,0.1511,T1,23.0,2,4.385,7.38,0.7667,1.0,2026-02-12 22:00:00
2026-02-13 22:00:00,2026-02-13 16:00:00,0.0,0.2875,0.6742,0.2732,T1,24.0,2,6.0583,6.465,0.8667,1.0,2026-02-12 22:00:00
2026-02-13 23:00:00,2026-02-13 17:00:00,0.0,0.4438,0.9239,0.4253,T1,25.0,2,8.0033,4.875,0.7667,1.0,2026-02-12 22:00:00
2026-02-14 00:00:00,2026-02-13 18:00:00,0.1658,0.5502,0.99,0.5984,T1,26.0,2,9.4833,3.395,0.6,1.0,2026-02-12 22:00:00
2026-02-14 01:00:00,2026-02-13 19:00:00,0.1475,0.6264,0.9769,0.6898,T1,27.0,2,10.3317,2.625,0.5667,1.0,2026-02-12 22:00:00
2026-02-14 02:00:00,2026-02-13 20:00:00,0.3295,0.7271,0.9729,0.7536,T1,28.0,2,10.7983,2.3,0.4667,1.0,2026-02-12 22:00:00
2026-02-14 03:00:00,2026-02-13 21:00:00,0.3193,0.7377,0.9811,0.7639,T1,29.0,2,10.9683,2.2,0.4167,1.0,2026-02-12 22:00:00
2026-02-14 04:00:00,2026-02-13 22:00:00,0.3357,0.7121,0.9722,0.7536,T1,30.0,2,10.815,2.5,0.4,1.0,2026-02-12 22:00:00
2026-02-14 05:00:00,2026-02-13 23:00:00,0.2128,0.532,0.9688,0.6898,T1,31.0,2,10.255,2.445,0.35,1.0,2026-02-12 22:00:00
2026-02-14 06:00:00,2026-02-14 00:00:00,0.0963,0.335,0.9293,0.6301,T1,32.0,2,9.4983,2.875,0.3667,1.0,2026-02-12 22:00:00
2026-02-14 07:00:00,2026-02-14 01:00:00,0.0129,0.2047,0.813,0.4601,T1,33.0,2,8.3617,5.2,0.3333,1.0,2026-02-12 22:00:00
2026-02-14 08:00:00,2026-02-14 02:00:00,0.0,0.0695,0.635,0.3725,T1,34.0,2,7.2167,7.065,0.5667,1.0,2026-02-12 22:00:00
2026-02-14 09:00:00,2026-02-14 03:00:00,0.0,0.0945,0.7093,0.3243,T1,35.0,2,6.73,8.465,1.4333,0.0,2026-02-12 22:00:00
2026-02-14 10:00:00,2026-02-14 04:00:00,0.0,0.1377,0.754,0.3243,T1,36.0,2,6.765,8.85,2.6167,0.0,2026-02-12 22:00:00
2026-02-14 11:00:00,2026-02-14 05:00:00,0.0,0.1259,0.7904,0.3567,T1,37.0,2,7.14,8.56,3.65,0.0,2026-02-12 22:00:00
2026-02-14 12:00:00,2026-02-14 06:00:00,0.0,0.127,0.7883,0.3379,T1,38.0,2,6.9617,9.225,4.5667,0.0,2026-02-12 22:00:00
2026-02-14 13:00:00,2026-02-14 07:00:00,0.0,0.1866,0.7842,0.3243,T1,39.0,2,6.7,8.995,5.2833,0.0,2026-02-12 22:00:00
2026-02-14 14:00:00,2026-02-14 08:00:00,0.0,0.1755,0.7724,0.3243,T1,40.0,2,6.7067,6.075,5.4333,0.0,2026-02-12 22:00:00
2026-02-14 15:00:00,2026-02-14 09:00:00,0.0,0.1329,0.5099,0.2678,T1,41.0,2,5.95,6.3,5.2167,0.0,2026-02-12 22:00:00
2026-02-14 16:00:00,2026-02-14 10:00:00,0.0,0.0912,0.5328,0.1964,T1,42.0,3,5.1217,7.97,6.9333,0.0,2026-02-12 22:00:00
2026-02-14 17:00:00,2026-02-14 11:00:00,0.0,0.1542,0.6376,0.2678,T1,43.0,3,6.065,5.835,5.6333,0.0,2026-02-12 22:00:00
2026-02-14 18:00:00,2026-02-14 12:00:00,0.0,0.1555,0.7271,0.2678,T1,44.0,3,6.0333,6.42,4.1167,0.0,2026-02-12 22:00:00
2026-02-14 19:00:00,2026-02-14 13:00:00,0.0,0.1365,0.6944,0.2347,T1,45.0,3,5.465,5.845,3.05,0.0,2026-02-12 22:00:00
2026-02-14 20:00:00,2026-02-14 14:00:00,0.0,0.1324,0.5271,0.2678,T1,46.0,3,5.9517,3.96,2.3833,0.0,2026-02-12 22:00:00
2026-02-14 21:00:00,2026-02-14 15:00:00,0.0,0.1367,0.5755,0.2678,T1,47.0,3,6.0117,4.68,2.05,0.0,2026-02-12 22:00:00
2026-02-14 22:00:00,2026-02-14 16:00:00,0.0,0.1017,0.5265,0.2347,T1,48.0,3,5.45,4.02,1.9,0.0,2026-02-12 22:00:00
2026-02-12 23:00:00,2026-02-12 17:00:00,0.0,0.0581,0.1177,0.1275,T2,1.0,1,3.6233,0.555,-0.3333,1.0,2026-02-12 22:00:00
2026-02-13 00:00:00,2026-02-12 18:00:00,0.0,0.0356,0.0768,0.0741,T2,2.0,1,2.3017,0.9,-0.8833,1.0,2026-02-12 22:00:00
2026-02-13 01:00:00,2026-02-12 19:00:00,0.0,0.0332,0.0353,0.0619,T2,3.0,1,1.635,0.695,-1.4167,1.0,2026-02-12 22:00:00
2026-02-13 02:00:00,2026-02-12 20:00:00,0.0015,0.0263,0.0362,0.0554,T2,4.0,1,1.125,0.46,-1.7833,1.0,2026-02-12 22:00:00
2026-02-13 03:00:00,2026-02-12 21:00:00,0.0,0.0375,0.0765,0.0554,T2,5.0,1,1.1983,0.805,-1.8833,1.0,2026-02-12 22:00:00
2026-02-13 04:00:00,2026-02-12 22:00:00,0.0,0.0342,0.0554,0.0619,T2,6.0,1,1.5433,1.885,-1.8,1.0,2026-02-12 22:00:00
2026-02-13 05:00:00,2026-02-12 23:00:00,0.0,0.0327,0.0375,0.0687,T2,7.0,1,1.7967,1.85,-1.7333,1.0,2026-02-12 22:00:00
2026-02-13 06:00:00,2026-02-13 00:00:00,0.0,0.0404,0.0786,0.0687,T2,8.0,1,1.9767,2.4,-1.6333,1.0,2026-02-12 22:00:00
2026-02-13 07:00:00,2026-02-13 01:00:00,0.0,0.0324,0.0583,0.0687,T2,9.0,1,2.0133,3.45,-1.5333,1.0,2026-02-12 22:00:00
2026-02-13 08:00:00,2026-02-13 02:00:00,0.0,0.0334,0.0483,0.0687,T2,10.0,1,2.0383,3.465,-1.4333,1.0,2026-02-12 22:00:00
2026-02-13 09:00:00,2026-02-13 03:00:00,0.0,0.0376,0.064,0.0687,T2,11.0,1,2.1117,2.94,-1.1833,1.0,2026-02-12 22:00:00
2026-02-13 10:00:00,2026-02-13 04:00:00,0.0037,0.03,0.1053,0.0771,T2,12.0,1,2.5383,3.19,-0.75,1.0,2026-02-12 22:00:00
2026-02-13 11:00:00,2026-02-13 05:00:00,0.0021,0.0338,0.1308,0.0781,T2,13.0,1,2.62,3.565,-0.4,1.0,2026-02-12 22:00:00
2026-02-13 12:00:00,2026-02-13 06:00:00,0.005,0.0187,0.1093,0.0687,T2,14.0,1,2.0367,2.765,-0.1667,1.0,2026-02-12 22:00:00
2026-02-13 13:00:00,2026-02-13 07:00:00,0.0048,0.0182,0.081,0.0619,T2,15.0,1,1.6917,2.065,0.1667,1.0,2026-02-12 22:00:00
2026-02-13 14:00:00,2026-02-13 08:00:00,0.008,0.012,0.0667,0.0687,T2,16.0,1,1.84,1.04,0.4667,0.0,2026-02-12 22:00:00
2026-02-13 15:00:00,2026-02-13 09:00:00,0.0,0.036,0.0695,0.0687,T2,17.0,1,1.835,1.575,0.6,0.0,2026-02-12 22:00:00
2026-02-13 16:00:00,2026-02-13 10:00:00,0.0028,0.0253,0.123,0.0554,T2,18.0,2,1.1817,1.07,1.9333,0.0,2026-02-12 22:00:00
2026-02-13 17:00:00,2026-02-13 11:00:00,0.0019,0.0275,0.1385,0.0619,T2,19.0,2,1.4217,2.64,1.1833,0.0,2026-02-12 22:00:00
2026-02-13 18:00:00,2026-02-13 12:00:00,0.0,0.0562,0.2445,0.0687,T2,20.0,2,1.9917,3.64,0.55,1.0,2026-02-12 22:00:00
2026-02-13 19:00:00,2026-02-13 13:00:00,0.0,0.0693,0.3062,0.0781,T2,21.0,2,2.6717,5.38,0.5333,1.0,2026-02-12 22:00:00
2026-02-13 20:00:00,2026-02-13 14:00:00,0.0,0.183,0.5583,0.1082,T2,22.0,2,3.315,6.935,0.65,1.0,2026-02-12 22:00:00
2026-02-13 21:00:00,2026-02-13 15:00:00,0.0,0.2069,0.5956,0.1511,T2,23.0,2,4.385,7.38,0.7667,1.0,2026-02-12 22:00:00
2026-02-13 22:00:00,2026-02-13 16:00:00,0.0069,0.2832,0.6752,0.2732,T2,24.0,2,6.0583,6.465,0.8667,1.0,2026-02-12 22:00:00
2026-02-13 23:00:00,2026-02-13 17:00:00,0.0,0.45,0.9231,0.4253,T2,25.0,2,8.0033,4.875,0.7667,1.0,2026-02-12 22:00:00
2026-02-14 00:00:00,2026-02-13 18:00:00,0.1671,0.5615,0.97,0.5984,T2,26.0,2,9.4833,3.395,0.6,1.0,2026-02-12 22:00:00
2026-02-14 01:00:00,2026-02-13 19:00:00,0.1895,0.6378,0.97,0.6898,T2,27.0,2,10.3317,2.625,0.5667,1.0,2026-02-12 22:00:00
2026-02-14 02:00:00,2026-02-13 20:00:00,0.3282,0.7357,0.9695,0.7536,T2,28.0,2,10.7983,2.3,0.4667,1.0,2026-02-12 22:00:00
2026-02-14 03:00:00,2026-02-13 21:00:00,0.309,0.7477,0.97,0.7639,T2,29.0,2,10.9683,2.2,0.4167,1.0,2026-02-12 22:00:00
2026-02-14 04:00:00,2026-02-13 22:00:00,0.3031,0.7155,0.9674,0.7536,T2,30.0,2,10.815,2.5,0.4,1.0,2026-02-12 22:00:00
2026-02-14 05:00:00,2026-02-13 23:00:00,0.1984,0.5353,0.963,0.6898,T2,31.0,2,10.255,2.445,0.35,1.0,2026-02-12 22:00:00
2026-02-14 06:00:00,2026-02-14 00:00:00,0.1299,0.3384,0.9264,0.6301,T2,32.0,2,9.4983,2.875,0.3667,1.0,2026-02-12 22:00:00
2026-02-14 07:00:00,2026-02-14 01:00:00,0.0159,0.2143,0.8104,0.4601,T2,33.0,2,8.3617,5.2,0.3333,1.0,2026-02-12 22:00:00
2026-02-14 08:00:00,2026-02-14 02:00:00,0.0,0.084,0.6342,0.3725,T2,34.0,2,7.2167,7.065,0.5667,1.0,2026-02-12 22:00:00
2026-02-14 09:00:00,2026-02-14 03:00:00,0.0,0.1041,0.7078,0.3243,T2,35.0,2,6.73,8.465,1.4333,0.0,2026-02-12 22:00:00
2026-02-14 10:00:00,2026-02-14 04:00:00,0.0,0.147,0.752,0.3243,T2,36.0,2,6.765,8.85,2.6167,0.0,2026-02-12 22:00:00
2026-02-14 11:00:00,2026-02-14 05:00:00,0.0,0.1526,0.7888,0.3567,T2,37.0,2,7.14,8.56,3.65,0.0,2026-02-12 22:00:00
2026-02-14 12:00:00,2026-02-14 06:00:00,0.0,0.1511,0.7866,0.3379,T2,38.0,2,6.9617,9.225,4.5667,0.0,2026-02-12 22:00:00
2026-02-14 13:00:00,2026-02-14 07:00:00,0.0,0.1956,0.7827,0.3243,T2,39.0,2,6.7,8.995,5.2833,0.0,2026-02-12 22:00:00
2026-02-14 14:00:00,2026-02-14 08:00:00,0.0,0.1758,0.7724,0.3243,T2,40.0,2,6.7067,6.075,5.4333,0.0,2026-02-12 22:00:00
2026-02-14 15:00:00,2026-02-14 09:00:00,0.0,0.1324,0.5099,0.2678,T2,41.0,2,5.95,6.3,5.2167,0.0,2026-02-12 22:00:00
2026-02-14 16:00:00,2026-02-14 10:00:00,0.0,0.1128,0.5327,0.1964,T2,42.0,3,5.1217,7.97,6.9333,0.0,2026-02-12 22:00:00
2026-02-14 17:00:00,2026-02-14 11:00:00,0.0,0.1741,0.6375,0.2678,T2,43.0,3,6.065,5.835,5.6333,0.0,2026-02-12 22:00:00
2026-02-14 18:00:00,2026-02-14 12:00:00,0.0,0.1739,0.727,0.2678,T2,44.0,3,6.0333,6.42,4.1167,0.0,2026-02-12 22:00:00
2026-02-14 19:00:00,2026-02-14 13:00:00,0.0,0.1385,0.6944,0.2347,T2,45.0,3,5.465,5.845,3.05,0.0,2026-02-12 22:00:00
2026-02-14 20:00:00,2026-02-14 14:00:00,0.0,0.133,0.5271,0.2678,T2,46.0,3,5.9517,3.96,2.3833,0.0,2026-02-12 22:00:00
2026-02-14 21:00:00,2026-02-14 15:00:00,0.0,0.1373,0.5755,0.2678,T2,47.0,3,6.0117,4.68,2.05,0.0,2026-02-12 22:00:00
2026-02-14 22:00:00,2026-02-14 16:00:00,0.0,0.1016,0.5265,0.2347,T2,48.0,3,5.45,4.02,1.9,0.0,2026-02-12 22:00:00
2026-02-12 23:00:00,2026-02-12 17:00:00,0.0,0.0584,0.1177,0.1275,ВЭС,1.0,1,3.6233,0.555,-0.3333,1.0,2026-02-12 22:00:00
2026-02-13 00:00:00,2026-02-12 18:00:00,0.0,0.0361,0.0768,0.0741,ВЭС,2.0,1,2.3017,0.9,-0.8833,1.0,2026-02-12 22:00:00
2026-02-13 01:00:00,2026-02-12 19:00:00,0.0002,0.0335,0.0353,0.0619,ВЭС,3.0,1,1.635,0.695,-1.4167,1.0,2026-02-12 22:00:00
2026-02-13 02:00:00,2026-02-12 20:00:00,0.0024,0.0263,0.0365,0.0554,ВЭС,4.0,1,1.125,0.46,-1.7833,1.0,2026-02-12 22:00:00
2026-02-13 03:00:00,2026-02-12 21:00:00,0.0,0.0378,0.0765,0.0554,ВЭС,5.0,1,1.1983,0.805,-1.8833,1.0,2026-02-12 22:00:00
2026-02-13 04:00:00,2026-02-12 22:00:00,0.0,0.0346,0.0554,0.0619,ВЭС,6.0,1,1.5433,1.885,-1.8,1.0,2026-02-12 22:00:00
2026-02-13 05:00:00,2026-02-12 23:00:00,0.0003,0.033,0.0375,0.0687,ВЭС,7.0,1,1.7967,1.85,-1.7333,1.0,2026-02-12 22:00:00
2026-02-13 06:00:00,2026-02-13 00:00:00,0.0,0.0408,0.0786,0.0687,ВЭС,8.0,1,1.9767,2.4,-1.6333,1.0,2026-02-12 22:00:00
2026-02-13 07:00:00,2026-02-13 01:00:00,0.0003,0.0328,0.0583,0.0687,ВЭС,9.0,1,2.0133,3.45,-1.5333,1.0,2026-02-12 22:00:00
2026-02-13 08:00:00,2026-02-13 02:00:00,0.0001,0.0339,0.0483,0.0687,ВЭС,10.0,1,2.0383,3.465,-1.4333,1.0,2026-02-12 22:00:00
2026-02-13 09:00:00,2026-02-13 03:00:00,0.0,0.0381,0.064,0.0687,ВЭС,11.0,1,2.1117,2.94,-1.1833,1.0,2026-02-12 22:00:00
2026-02-13 10:00:00,2026-02-13 04:00:00,0.0026,0.0304,0.1053,0.0771,ВЭС,12.0,1,2.5383,3.19,-0.75,1.0,2026-02-12 22:00:00
2026-02-13 11:00:00,2026-02-13 05:00:00,0.0011,0.0341,0.1308,0.0781,ВЭС,13.0,1,2.62,3.565,-0.4,1.0,2026-02-12 22:00:00
2026-02-13 12:00:00,2026-02-13 06:00:00,0.0056,0.0191,0.1093,0.0687,ВЭС,14.0,1,2.0367,2.765,-0.1667,1.0,2026-02-12 22:00:00
2026-02-13 13:00:00,2026-02-13 07:00:00,0.0059,0.0178,0.081,0.0619,ВЭС,15.0,1,1.6917,2.065,0.1667,1.0,2026-02-12 22:00:00
2026-02-13 14:00:00,2026-02-13 08:00:00,0.0085,0.0123,0.0667,0.0687,ВЭС,16.0,1,1.84,1.04,0.4667,0.0,2026-02-12 22:00:00
2026-02-13 15:00:00,2026-02-13 09:00:00,0.0,0.0356,0.0695,0.0687,ВЭС,17.0,1,1.835,1.575,0.6,0.0,2026-02-12 22:00:00
2026-02-13 16:00:00,2026-02-13 10:00:00,0.0036,0.0247,0.123,0.0554,ВЭС,18.0,2,1.1817,1.07,1.9333,0.0,2026-02-12 22:00:00
2026-02-13 17:00:00,2026-02-13 11:00:00,0.0026,0.0271,0.1385,0.0619,ВЭС,19.0,2,1.4217,2.64,1.1833,0.0,2026-02-12 22:00:00
2026-02-13 18:00:00,2026-02-13 12:00:00,0.0,0.0558,0.2445,0.0687,ВЭС,20.0,2,1.9917,3.64,0.55,1.0,2026-02-12 22:00:00
2026-02-13 19:00:00,2026-02-13 13:00:00,0.0,0.0698,0.3062,0.0781,ВЭС,21.0,2,2.6717,5.38,0.5333,1.0,2026-02-12 22:00:00
2026-02-13 20:00:00,2026-02-13 14:00:00,0.0,0.1823,0.5583,0.1082,ВЭС,22.0,2,3.315,6.935,0.65,1.0,2026-02-12 22:00:00
2026-02-13 21:00:00,2026-02-13 15:00:00,0.0,0.2058,0.5956,0.1511,ВЭС,23.0,2,4.385,7.38,0.7667,1.0,2026-02-12 22:00:00
2026-02-13 22:00:00,2026-02-13 16:00:00,0.0035,0.2854,0.6747,0.2732,ВЭС,24.0,2,6.0583,6.465,0.8667,1.0,2026-02-12 22:00:00
2026-02-13 23:00:00,2026-02-13 17:00:00,0.0,0.4469,0.9235,0.4253,ВЭС,25.0,2,8.0033,4.875,0.7667,1.0,2026-02-12 22:00:00
2026-02-14 00:00:00,2026-02-13 18:00:00,0.1664,0.5559,0.98,0.5984,ВЭС,26.0,2,9.4833,3.395,0.6,1.0,2026-02-12 22:00:00
2026-02-14 01:00:00,2026-02-13 19:00:00,0.1685,0.6321,0.9734,0.6898,ВЭС,27.0,2,10.3317,2.625,0.5667,1.0,2026-02-12 22:00:00
2026-02-14 02:00:00,2026-02-13 20:00:00,0.3288,0.7314,0.9712,0.7536,ВЭС,28.0,2,10.7983,2.3,0.4667,1.0,2026-02-12 22:00:00
2026-02-14 03:00:00,2026-02-13 21:00:00,0.3141,0.7427,0.9756,0.7639,ВЭС,29.0,2,10.9683,2.2,0.4167,1.0,2026-02-12 22:00:00
2026-02-14 04:00:00,2026-02-13 22:00:00,0.3194,0.7138,0.9698,0.7536,ВЭС,30.0,2,10.815,2.5,0.4,1.0,2026-02-12 22:00:00
2026-02-14 05:00:00,2026-02-13 23:00:00,0.2056,0.5337,0.9659,0.6898,ВЭС,31.0,2,10.255,2.445,0.35,1.0,2026-02-12 22:00:00
2026-02-14 06:00:00,2026-02-14 00:00:00,0.1131,0.3367,0.9278,0.6301,ВЭС,32.0,2,9.4983,2.875,0.3667,1.0,2026-02-12 22:00:00
2026-02-14 07:00:00,2026-02-14 01:00:00,0.0144,0.2095,0.8117,0.4601,ВЭС,33.0,2,8.3617,5.2,0.3333,1.0,2026-02-12 22:00:00
2026-02-14 08:00:00,2026-02-14 02:00:00,0.0,0.0767,0.6346,0.3725,ВЭС,34.0,2,7.2167,7.065,0.5667,1.0,2026-02-12 22:00:00
2026-02-14 09:00:00,2026-02-14 03:00:00,0.0,0.0993,0.7085,0.3243,ВЭС,35.0,2,6.73,8.465,1.4333,0.0,2026-02-12 22:00:00
2026-02-14 10:00:00,2026-02-14 04:00:00,0.0,0.1424,0.753,0.3243,ВЭС,36.0,2,6.765,8.85,2.6167,0.0,2026-02-12 22:00:00
2026-02-14 11:00:00,2026-02-14 05:00:00,0.0,0.1393,0.7896,0.3567,ВЭС,37.0,2,7.14,8.56,3.65,0.0,2026-02-12 22:00:00
2026-02-14 12:00:00,2026-02-14 06:00:00,0.0,0.139,0.7875,0.3379,ВЭС,38.0,2,6.9617,9.225,4.5667,0.0,2026-02-12 22:00:00
2026-02-14 13:00:00,2026-02-14 07:00:00,0.0,0.1911,0.7834,0.3243,ВЭС,39.0,2,6.7,8.995,5.2833,0.0,2026-02-12 22:00:00
2026-02-14 14:00:00,2026-02-14 08:00:00,0.0,0.1756,0.7724,0.3243,ВЭС,40.0,2,6.7067,6.075,5.4333,0.0,2026-02-12 22:00:00
2026-02-14 15:00:00,2026-02-14 09:00:00,0.0,0.1327,0.5099,0.2678,ВЭС,41.0,2,5.95,6.3,5.2167,0.0,2026-02-12 22:00:00
2026-02-14 16:00:00,2026-02-14 10:00:00,0.0,0.102,0.5328,0.1964,ВЭС,42.0,3,5.1217,7.97,6.9333,0.0,2026-02-12 22:00:00
2026-02-14 17:00:00,2026-02-14 11:00:00,0.0,0.1642,0.6375,0.2678,ВЭС,43.0,3,6.065,5.835,5.6333,0.0,2026-02-12 22:00:00
2026-02-14 18:00:00,2026-02-14 12:00:00,0.0,0.1647,0.7271,0.2678,ВЭС,44.0,3,6.0333,6.42,4.1167,0.0,2026-02-12 22:00:00
2026-02-14 19:00:00,2026-02-14 13:00:00,0.0,0.1375,0.6944,0.2347,ВЭС,45.0,3,5.465,5.845,3.05,0.0,2026-02-12 22:00:00
2026-02-14 20:00:00,2026-02-14 14:00:00,0.0,0.1327,0.5271,0.2678,ВЭС,46.0,3,5.9517,3.96,2.3833,0.0,2026-02-12 22:00:00
2026-02-14 21:00:00,2026-02-14 15:00:00,0.0,0.137,0.5755,0.2678,ВЭС,47.0,3,6.0117,4.68,2.05,0.0,2026-02-12 22:00:00
2026-02-14 22:00:00,2026-02-14 16:00:00,0.0,0.1016,0.5265,0.2347,ВЭС,48.0,3,5.45,4.02,1.9,0.0,2026-02-12 22:00:00
2026-02-13 11:00:00,2026-02-13 05:00:00,0.0001,0.0345,0.1308,0.0781,T1,1.0,1,2.62,3.565,-0.4,1.0,2026-02-13 10:00:00
2026-02-13 12:00:00,2026-02-13 06:00:00,0.0062,0.0195,0.1093,0.0687,T1,2.0,1,2.0367,2.765,-0.1667,1.0,2026-02-13 10:00:00
2026-02-13 13:00:00,2026-02-13 07:00:00,0.007,0.0174,0.081,0.0619,T1,3.0,1,1.6917,2.065,0.1667,1.0,2026-02-13 10:00:00
2026-02-13 14:00:00,2026-02-13 08:00:00,0.009,0.0126,0.0667,0.0687,T1,4.0,1,1.84,1.04,0.4667,0.0,2026-02-13 10:00:00
2026-02-13 15:00:00,2026-02-13 09:00:00,0.0,0.0352,0.0695,0.0687,T1,5.0,1,1.835,1.575,0.6,0.0,2026-02-13 10:00:00
2026-02-13 16:00:00,2026-02-13 10:00:00,0.0047,0.0232,0.0868,0.0619,T1,6.0,1,1.5,2.05,0.6,0.0,2026-02-13 10:00:00
2026-02-13 17:00:00,2026-02-13 11:00:00,0.0048,0.023,0.1031,0.0619,T1,7.0,1,1.7167,1.47,0.4333,1.0,2026-02-13 10:00:00
2026-02-13 18:00:00,2026-02-13 12:00:00,0.0,0.0561,0.0798,0.0781,T1,8.0,1,2.61,2.245,0.1,1.0,2026-02-13 10:00:00
2026-02-13 19:00:00,2026-02-13 13:00:00,0.0,0.1389,0.1892,0.1381,T1,9.0,1,3.9533,3.54,-0.2667,1.0,2026-02-13 10:00:00
2026-02-13 20:00:00,2026-02-13 14:00:00,0.0,0.2759,0.5597,0.2388,T1,10.0,1,5.7233,3.89,-0.3833,1.0,2026-02-13 10:00:00
2026-02-13 21:00:00,2026-02-13 15:00:00,0.0,0.452,0.7985,0.3725,T1,11.0,1,7.2983,3.94,-0.2667,1.0,2026-02-13 10:00:00
2026-02-13 22:00:00,2026-02-13 16:00:00,0.0,0.575,0.9628,0.4837,T1,12.0,1,8.5267,4.37,-0.15,1.0,2026-02-13 10:00:00
2026-02-13 23:00:00,2026-02-13 17:00:00,0.0443,0.6514,0.9739,0.6301,T1,13.0,1,9.585,4.82,-0.2,1.0,2026-02-13 10:00:00
2026-02-14 00:00:00,2026-02-13 18:00:00,0.1956,0.7676,0.9692,0.7338,T1,14.0,1,10.5333,5.215,-0.2333,1.0,2026-02-13 10:00:00
2026-02-14 01:00:00,2026-02-13 19:00:00,0.2542,0.79,0.9864,0.7639,T1,15.0,1,11.2,5.175,-0.1667,1.0,2026-02-13 10:00:00
2026-02-14 02:00:00,2026-02-13 20:00:00,0.3704,0.8257,0.987,0.7639,T1,16.0,1,11.1717,4.905,-0.1667,1.0,2026-02-13 10:00:00
2026-02-14 03:00:00,2026-02-13 21:00:00,0.3341,0.8634,0.984,0.7639,T1,17.0,1,10.9583,3.77,-0.1,1.0,2026-02-13 10:00:00
2026-02-14 04:00:00,2026-02-13 22:00:00,0.3357,0.7121,0.9722,0.7536,T1,18.0,2,10.815,2.5,0.4,1.0,2026-02-13 10:00:00
2026-02-14 05:00:00,2026-02-13 23:00:00,0.2128,0.532,0.9688,0.6898,T1,19.0,2,10.255,2.445,0.35,1.0,2026-02-13 10:00:00
2026-02-14 06:00:00,2026-02-14 00:00:00,0.0963,0.335,0.9293,0.6301,T1,20.0,2,9.4983,2.875,0.3667,1.0,2026-02-13 10:00:00
2026-02-14 07:00:00,2026-02-14 01:00:00,0.0129,0.2047,0.813,0.4601,T1,21.0,2,8.3617,5.2,0.3333,1.0,2026-02-13 10:00:00
2026-02-14 08:00:00,2026-02-14 02:00:00,0.0,0.0695,0.635,0.3725,T1,22.0,2,7.2167,7.065,0.5667,1.0,2026-02-13 10:00:00
2026-02-14 09:00:00,2026-02-14 03:00:00,0.0,0.0945,0.7093,0.3243,T1,23.0,2,6.73,8.465,1.4333,0.0,2026-02-13 10:00:00
2026-02-14 10:00:00,2026-02-14 04:00:00,0.0,0.1377,0.754,0.3243,T1,24.0,2,6.765,8.85,2.6167,0.0,2026-02-13 10:00:00
2026-02-14 11:00:00,2026-02-14 05:00:00,0.0,0.1259,0.7904,0.3567,T1,25.0,2,7.14,8.56,3.65,0.0,2026-02-13 10:00:00
2026-02-14 12:00:00,2026-02-14 06:00:00,0.0,0.127,0.7883,0.3379,T1,26.0,2,6.9617,9.225,4.5667,0.0,2026-02-13 10:00:00
2026-02-14 13:00:00,2026-02-14 07:00:00,0.0,0.1866,0.7842,0.3243,T1,27.0,2,6.7,8.995,5.2833,0.0,2026-02-13 10:00:00
2026-02-14 14:00:00,2026-02-14 08:00:00,0.0,0.1755,0.7724,0.3243,T1,28.0,2,6.7067,6.075,5.4333,0.0,2026-02-13 10:00:00
2026-02-14 15:00:00,2026-02-14 09:00:00,0.0,0.1329,0.5099,0.2678,T1,29.0,2,5.95,6.3,5.2167,0.0,2026-02-13 10:00:00
2026-02-14 16:00:00,2026-02-14 10:00:00,0.0,0.1437,0.5426,0.2732,T1,30.0,2,6.18,5.535,4.5167,0.0,2026-02-13 10:00:00
2026-02-14 17:00:00,2026-02-14 11:00:00,0.0,0.3281,0.8187,0.3725,T1,31.0,2,7.2217,2.035,2.9833,0.0,2026-02-13 10:00:00
2026-02-14 18:00:00,2026-02-14 12:00:00,0.0,0.3455,0.8236,0.3725,T1,32.0,2,7.1867,4.2,1.6667,0.0,2026-02-13 10:00:00
2026-02-14 19:00:00,2026-02-14 13:00:00,0.0,0.2602,0.699,0.2753,T1,33.0,2,6.275,4.58,1.15,1.0,2026-02-13 10:00:00
2026-02-14 20:00:00,2026-02-14 14:00:00,0.0,0.1654,0.5508,0.1732,T1,34.0,2,4.6117,4.275,0.95,1.0,2026-02-13 10:00:00
2026-02-14 21:00:00,2026-02-14 15:00:00,0.0,0.1734,0.3781,0.1381,T1,35.0,2,4.1233,2.19,0.8333,1.0,2026-02-13 10:00:00
2026-02-14 22:00:00,2026-02-14 16:00:00,0.0,0.1508,0.3646,0.1511,T1,36.0,2,4.2817,4.515,0.75,1.0,2026-02-13 10:00:00
2026-02-14 23:00:00,2026-02-14 17:00:00,0.0,0.1073,0.3404,0.1275,T1,37.0,2,3.835,0.875,0.7333,1.0,2026-02-13 10:00:00
2026-02-15 00:00:00,2026-02-14 18:00:00,0.0,0.0438,0.3754,0.1082,T1,38.0,2,3.28,2.375,0.65,1.0,2026-02-13 10:00:00
2026-02-15 01:00:00,2026-02-14 19:00:00,0.0021,0.0295,0.2248,0.0741,T1,39.0,2,2.2783,1.955,0.4333,1.0,2026-02-13 10:00:00
2026-02-15 02:00:00,2026-02-14 20:00:00,0.0025,0.0285,0.1349,0.0619,T1,40.0,2,1.5817,1.675,0.05,1.0,2026-02-13 10:00:00
2026-02-15 03:00:00,2026-02-14 21:00:00,0.0,0.0449,0.0981,0.0619,T1,41.0,2,1.4583,0.435,-0.3167,1.0,2026-02-13 10:00:00
2026-02-15 04:00:00,2026-02-14 22:00:00,0.0,0.0415,0.2588,0.0554,T1,42.0,3,1.3583,1.35,0.8333,1.0,2026-02-13 10:00:00
2026-02-15 05:00:00,2026-02-14 23:00:00,0.0023,0.0292,0.2401,0.0619,T1,43.0,3,1.6433,1.37,0.6333,1.0,2026-02-13 10:00:00
2026-02-15 06:00:00,2026-02-15 00:00:00,0.0,0.0717,0.2726,0.0741,T1,44.0,3,2.225,0.905,0.6167,1.0,2026-02-13 10:00:00
2026-02-15 07:00:00,2026-02-15 01:00:00,0.0,0.0987,0.3226,0.0968,T1,45.0,3,2.9367,2.69,0.6667,1.0,2026-02-13 10:00:00
2026-02-15 08:00:00,2026-02-15 02:00:00,0.0,0.1596,0.366,0.1275,T1,46.0,3,3.69,5.32,1.05,1.0,2026-02-13 10:00:00
2026-02-15 09:00:00,2026-02-15 03:00:00,0.0,0.1566,0.6644,0.1864,T1,47.0,3,4.845,6.59,2.1333,0.0,2026-02-13 10:00:00
2026-02-15 10:00:00,2026-02-15 04:00:00,0.0,0.2791,0.7112,0.2678,T1,48.0,3,6.0,7.17,3.6333,0.0,2026-02-13 10:00:00
2026-02-13 11:00:00,2026-02-13 05:00:00,0.0021,0.0338,0.1308,0.0781,T2,1.0,1,2.62,3.565,-0.4,1.0,2026-02-13 10:00:00
2026-02-13 12:00:00,2026-02-13 06:00:00,0.005,0.0187,0.1093,0.0687,T2,2.0,1,2.0367,2.765,-0.1667,1.0,2026-02-13 10:00:00
2026-02-13 13:00:00,2026-02-13 07:00:00,0.0048,0.0182,0.081,0.0619,T2,3.0,1,1.6917,2.065,0.1667,1.0,2026-02-13 10:00:00
2026-02-13 14:00:00,2026-02-13 08:00:00,0.008,0.012,0.0667,0.0687,T2,4.0,1,1.84,1.04,0.4667,0.0,2026-02-13 10:00:00
2026-02-13 15:00:00,2026-02-13 09:00:00,0.0,0.036,0.0695,0.0687,T2,5.0,1,1.835,1.575,0.6,0.0,2026-02-13 10:00:00
2026-02-13 16:00:00,2026-02-13 10:00:00,0.0032,0.0241,0.0868,0.0619,T2,6.0,1,1.5,2.05,0.6,0.0,2026-02-13 10:00:00
2026-02-13 17:00:00,2026-02-13 11:00:00,0.0016,0.028,0.1031,0.0619,T2,7.0,1,1.7167,1.47,0.4333,1.0,2026-02-13 10:00:00
2026-02-13 18:00:00,2026-02-13 12:00:00,0.0,0.0539,0.0798,0.0781,T2,8.0,1,2.61,2.245,0.1,1.0,2026-02-13 10:00:00
2026-02-13 19:00:00,2026-02-13 13:00:00,0.0,0.1403,0.1892,0.1381,T2,9.0,1,3.9533,3.54,-0.2667,1.0,2026-02-13 10:00:00
2026-02-13 20:00:00,2026-02-13 14:00:00,0.0,0.2785,0.5597,0.2388,T2,10.0,1,5.7233,3.89,-0.3833,1.0,2026-02-13 10:00:00
2026-02-13 21:00:00,2026-02-13 15:00:00,0.0,0.4573,0.7985,0.3725,T2,11.0,1,7.2983,3.94,-0.2667,1.0,2026-02-13 10:00:00
2026-02-13 22:00:00,2026-02-13 16:00:00,0.0,0.5818,0.9605,0.4837,T2,12.0,1,8.5267,4.37,-0.15,1.0,2026-02-13 10:00:00
2026-02-13 23:00:00,2026-02-13 17:00:00,0.055,0.6635,0.968,0.6301,T2,13.0,1,9.585,4.82,-0.2,1.0,2026-02-13 10:00:00
2026-02-14 00:00:00,2026-02-13 18:00:00,0.178,0.7827,0.965,0.7338,T2,14.0,1,10.5333,5.215,-0.2333,1.0,2026-02-13 10:00:00
2026-02-14 01:00:00,2026-02-13 19:00:00,0.2753,0.8053,0.97,0.7639,T2,15.0,1,11.2,5.175,-0.1667,1.0,2026-02-13 10:00:00
2026-02-14 02:00:00,2026-02-13 20:00:00,0.4321,0.8342,0.97,0.7639,T2,16.0,1,11.1717,4.905,-0.1667,1.0,2026-02-13 10:00:00
2026-02-14 03:00:00,2026-02-13 21:00:00,0.3909,0.8723,0.9684,0.7639,T2,17.0,1,10.9583,3.77,-0.1,1.0,2026-02-13 10:00:00
2026-02-14 04:00:00,2026-02-13 22:00:00,0.3031,0.7155,0.9674,0.7536,T2,18.0,2,10.815,2.5,0.4,1.0,2026-02-13 10:00:00
2026-02-14 05:00:00,2026-02-13 23:00:00,0.1984,0.5353,0.963,0.6898,T2,19.0,2,10.255,2.445,0.35,1.0,2026-02-13 10:00:00
2026-02-14 06:00:00,2026-02-14 00:00:00,0.1299,0.3384,0.9264,0.6301,T2,20.0,2,9.4983,2.875,0.3667,1.0,2026-02-13 10:00:00
2026-02-14 07:00:00,2026-02-14 01:00:00,0.0159,0.2143,0.8104,0.4601,T2,21.0,2,8.3617,5.2,0.3333,1.0,2026-02-13 10:00:00
2026-02-14 08:00:00,2026-02-14 02:00:00,0.0,0.084,0.6342,0.3725,T2,22.0,2,7.2167,7.065,0.5667,1.0,2026-02-13 10:00:00
2026-02-14 09:00:00,2026-02-14 03:00:00,0.0,0.1041,0.7078,0.3243,T2,23.0,2,6.73,8.465,1.4333,0.0,2026-02-13 10:00:00
2026-02-14 10:00:00,2026-02-14 04:00:00,0.0,0.147,0.752,0.3243,T2,24.0,2,6.765,8.85,2.6167,0.0,2026-02-13 10:00:00
2026-02-14 11:00:00,2026-02-14 05:00:00,0.0,0.1526,0.7888,0.3567,T2,25.0,2,7.14,8.56,3.65,0.0,2026-02-13 10:00:00
2026-02-14 12:00:00,2026-02-14 06:00:00,0.0,0.1511,0.7866,0.3379,T2,26.0,2,6.9617,9.225,4.5667,0.0,2026-02-13 10:00:00
2026-02-14 13:00:00,2026-02-14 07:00:00,0.0,0.1956,0.7827,0.3243,T2,27.0,2,6.7,8.995,5.2833,0.0,2026-02-13 10:00:00
2026-02-14 14:00:00,2026-02-14 08:00:00,0.0,0.1758,0.7724,0.3243,T2,28.0,2,6.7067,6.075,5.4333,0.0,2026-02-13 10:00:00
2026-02-14 15:00:00,2026-02-14 09:00:00,0.0,0.1324,0.5099,0.2678,T2,29.0,2,5.95,6.3,5.2167,0.0,2026-02-13 10:00:00
2026-02-14 16:00:00,2026-02-14 10:00:00,0.0,0.1457,0.5426,0.2732,T2,30.0,2,6.18,5.535,4.5167,0.0,2026-02-13 10:00:00
2026-02-14 17:00:00,2026-02-14 11:00:00,0.0,0.3278,0.8187,0.3725,T2,31.0,2,7.2217,2.035,2.9833,0.0,2026-02-13 10:00:00
2026-02-14 18:00:00,2026-02-14 12:00:00,0.0,0.3451,0.8235,0.3725,T2,32.0,2,7.1867,4.2,1.6667,0.0,2026-02-13 10:00:00
2026-02-14 19:00:00,2026-02-14 13:00:00,0.0,0.2598,0.6989,0.2753,T2,33.0,2,6.275,4.58,1.15,1.0,2026-02-13 10:00:00
2026-02-14 20:00:00,2026-02-14 14:00:00,0.0,0.165,0.5508,0.1732,T2,34.0,2,4.6117,4.275,0.95,1.0,2026-02-13 10:00:00
2026-02-14 21:00:00,2026-02-14 15:00:00,0.0,0.173,0.3781,0.1381,T2,35.0,2,4.1233,2.19,0.8333,1.0,2026-02-13 10:00:00
2026-02-14 22:00:00,2026-02-14 16:00:00,0.0,0.1503,0.3646,0.1511,T2,36.0,2,4.2817,4.515,0.75,1.0,2026-02-13 10:00:00
2026-02-14 23:00:00,2026-02-14 17:00:00,0.0,0.1067,0.3404,0.1275,T2,37.0,2,3.835,0.875,0.7333,1.0,2026-02-13 10:00:00
2026-02-15 00:00:00,2026-02-14 18:00:00,0.0,0.043,0.3754,0.1082,T2,38.0,2,3.28,2.375,0.65,1.0,2026-02-13 10:00:00
2026-02-15 01:00:00,2026-02-14 19:00:00,0.0034,0.0285,0.2248,0.0741,T2,39.0,2,2.2783,1.955,0.4333,1.0,2026-02-13 10:00:00
2026-02-15 02:00:00,2026-02-14 20:00:00,0.0004,0.0277,0.1349,0.0619,T2,40.0,2,1.5817,1.675,0.05,1.0,2026-02-13 10:00:00
2026-02-15 03:00:00,2026-02-14 21:00:00,0.0,0.0443,0.0981,0.0619,T2,41.0,2,1.4583,0.435,-0.3167,1.0,2026-02-13 10:00:00
2026-02-15 04:00:00,2026-02-14 22:00:00,0.0,0.0391,0.2588,0.0554,T2,42.0,3,1.3583,1.35,0.8333,1.0,2026-02-13 10:00:00
2026-02-15 05:00:00,2026-02-14 23:00:00,0.0015,0.0285,0.2401,0.0619,T2,43.0,3,1.6433,1.37,0.6333,1.0,2026-02-13 10:00:00
2026-02-15 06:00:00,2026-02-15 00:00:00,0.0,0.0691,0.2726,0.0741,T2,44.0,3,2.225,0.905,0.6167,1.0,2026-02-13 10:00:00
2026-02-15 07:00:00,2026-02-15 01:00:00,0.0,0.0961,0.3226,0.0968,T2,45.0,3,2.9367,2.69,0.6667,1.0,2026-02-13 10:00:00
2026-02-15 08:00:00,2026-02-15 02:00:00,0.0,0.1568,0.366,0.1275,T2,46.0,3,3.69,5.32,1.05,1.0,2026-02-13 10:00:00
2026-02-15 09:00:00,2026-02-15 03:00:00,0.0,0.1469,0.6644,0.1864,T2,47.0,3,4.845,6.59,2.1333,0.0,2026-02-13 10:00:00
2026-02-15 10:00:00,2026-02-15 04:00:00,0.0,0.2536,0.7113,0.2678,T2,48.0,3,6.0,7.17,3.6333,0.0,2026-02-13 10:00:00
2026-02-13 11:00:00,2026-02-13 05:00:00,0.0011,0.0341,0.1308,0.0781,ВЭС,1.0,1,2.62,3.565,-0.4,1.0,2026-02-13 10:00:00
2026-02-13 12:00:00,2026-02-13 06:00:00,0.0056,0.0191,0.1093,0.0687,ВЭС,2.0,1,2.0367,2.765,-0.1667,1.0,2026-02-13 10:00:00
2026-02-13 13:00:00,2026-02-13 07:00:00,0.0059,0.0178,0.081,0.0619,ВЭС,3.0,1,1.6917,2.065,0.1667,1.0,2026-02-13 10:00:00
2026-02-13 14:00:00,2026-02-13 08:00:00,0.0085,0.0123,0.0667,0.0687,ВЭС,4.0,1,1.84,1.04,0.4667,0.0,2026-02-13 10:00:00
2026-02-13 15:00:00,2026-02-13 09:00:00,0.0,0.0356,0.0695,0.0687,ВЭС,5.0,1,1.835,1.575,0.6,0.0,2026-02-13 10:00:00
2026-02-13 16:00:00,2026-02-13 10:00:00,0.0039,0.0236,0.0868,0.0619,ВЭС,6.0,1,1.5,2.05,0.6,0.0,2026-02-13 10:00:00
2026-02-13 17:00:00,2026-02-13 11:00:00,0.0032,0.0255,0.1031,0.0619,ВЭС,7.0,1,1.7167,1.47,0.4333,1.0,2026-02-13 10:00:00
2026-02-13 18:00:00,2026-02-13 12:00:00,0.0,0.055,0.0798,0.0781,ВЭС,8.0,1,2.61,2.245,0.1,1.0,2026-02-13 10:00:00
2026-02-13 19:00:00,2026-02-13 13:00:00,0.0,0.1396,0.1892,0.1381,ВЭС,9.0,1,3.9533,3.54,-0.2667,1.0,2026-02-13 10:00:00
2026-02-13 20:00:00,2026-02-13 14:00:00,0.0,0.2772,0.5597,0.2388,ВЭС,10.0,1,5.7233,3.89,-0.3833,1.0,2026-02-13 10:00:00
2026-02-13 21:00:00,2026-02-13 15:00:00,0.0,0.4546,0.7985,0.3725,ВЭС,11.0,1,7.2983,3.94,-0.2667,1.0,2026-02-13 10:00:00
2026-02-13 22:00:00,2026-02-13 16:00:00,0.0,0.5784,0.9616,0.4837,ВЭС,12.0,1,8.5267,4.37,-0.15,1.0,2026-02-13 10:00:00
2026-02-13 23:00:00,2026-02-13 17:00:00,0.0496,0.6574,0.971,0.6301,ВЭС,13.0,1,9.585,4.82,-0.2,1.0,2026-02-13 10:00:00
2026-02-14 00:00:00,2026-02-13 18:00:00,0.1868,0.7751,0.9671,0.7338,ВЭС,14.0,1,10.5333,5.215,-0.2333,1.0,2026-02-13 10:00:00
2026-02-14 01:00:00,2026-02-13 19:00:00,0.2647,0.7977,0.9782,0.7639,ВЭС,15.0,1,11.2,5.175,-0.1667,1.0,2026-02-13 10:00:00
2026-02-14 02:00:00,2026-02-13 20:00:00,0.4013,0.8299,0.9785,0.7639,ВЭС,16.0,1,11.1717,4.905,-0.1667,1.0,2026-02-13 10:00:00
2026-02-14 03:00:00,2026-02-13 21:00:00,0.3625,0.8678,0.9762,0.7639,ВЭС,17.0,1,10.9583,3.77,-0.1,1.0,2026-02-13 10:00:00
2026-02-14 04:00:00,2026-02-13 22:00:00,0.3194,0.7138,0.9698,0.7536,ВЭС,18.0,2,10.815,2.5,0.4,1.0,2026-02-13 10:00:00
2026-02-14 05:00:00,2026-02-13 23:00:00,0.2056,0.5337,0.9659,0.6898,ВЭС,19.0,2,10.255,2.445,0.35,1.0,2026-02-13 10:00:00
2026-02-14 06:00:00,2026-02-14 00:00:00,0.1131,0.3367,0.9278,0.6301,ВЭС,20.0,2,9.4983,2.875,0.3667,1.0,2026-02-13 10:00:00
2026-02-14 07:00:00,2026-02-14 01:00:00,0.0144,0.2095,0.8117,0.4601,ВЭС,21.0,2,8.3617,5.2,0.3333,1.0,2026-02-13 10:00:00
2026-02-14 08:00:00,2026-02-14 02:00:00,0.0,0.0767,0.6346,0.3725,ВЭС,22.0,2,7.2167,7.065,0.5667,1.0,2026-02-13 10:00:00
2026-02-14 09:00:00,2026-02-14 03:00:00,0.0,0.0993,0.7085,0.3243,ВЭС,23.0,2,6.73,8.465,1.4333,0.0,2026-02-13 10:00:00
2026-02-14 10:00:00,2026-02-14 04:00:00,0.0,0.1424,0.753,0.3243,ВЭС,24.0,2,6.765,8.85,2.6167,0.0,2026-02-13 10:00:00
2026-02-14 11:00:00,2026-02-14 05:00:00,0.0,0.1393,0.7896,0.3567,ВЭС,25.0,2,7.14,8.56,3.65,0.0,2026-02-13 10:00:00
2026-02-14 12:00:00,2026-02-14 06:00:00,0.0,0.139,0.7875,0.3379,ВЭС,26.0,2,6.9617,9.225,4.5667,0.0,2026-02-13 10:00:00
2026-02-14 13:00:00,2026-02-14 07:00:00,0.0,0.1911,0.7834,0.3243,ВЭС,27.0,2,6.7,8.995,5.2833,0.0,2026-02-13 10:00:00
2026-02-14 14:00:00,2026-02-14 08:00:00,0.0,0.1756,0.7724,0.3243,ВЭС,28.0,2,6.7067,6.075,5.4333,0.0,2026-02-13 10:00:00
2026-02-14 15:00:00,2026-02-14 09:00:00,0.0,0.1327,0.5099,0.2678,ВЭС,29.0,2,5.95,6.3,5.2167,0.0,2026-02-13 10:00:00
2026-02-14 16:00:00,2026-02-14 10:00:00,0.0,0.1447,0.5426,0.2732,ВЭС,30.0,2,6.18,5.535,4.5167,0.0,2026-02-13 10:00:00
2026-02-14 17:00:00,2026-02-14 11:00:00,0.0,0.3279,0.8187,0.3725,ВЭС,31.0,2,7.2217,2.035,2.9833,0.0,2026-02-13 10:00:00
2026-02-14 18:00:00,2026-02-14 12:00:00,0.0,0.3453,0.8236,0.3725,ВЭС,32.0,2,7.1867,4.2,1.6667,0.0,2026-02-13 10:00:00
2026-02-14 19:00:00,2026-02-14 13:00:00,0.0,0.26,0.699,0.2753,ВЭС,33.0,2,6.275,4.58,1.15,1.0,2026-02-13 10:00:00
2026-02-14 20:00:00,2026-02-14 14:00:00,0.0,0.1652,0.5508,0.1732,ВЭС,34.0,2,4.6117,4.275,0.95,1.0,2026-02-13 10:00:00
2026-02-14 21:00:00,2026-02-14 15:00:00,0.0,0.1732,0.3781,0.1381,ВЭС,35.0,2,4.1233,2.19,0.8333,1.0,2026-02-13 10:00:00
2026-02-14 22:00:00,2026-02-14 16:00:00,0.0,0.1505,0.3646,0.1511,ВЭС,36.0,2,4.2817,4.515,0.75,1.0,2026-02-13 10:00:00
2026-02-14 23:00:00,2026-02-14 17:00:00,0.0,0.107,0.3404,0.1275,ВЭС,37.0,2,3.835,0.875,0.7333,1.0,2026-02-13 10:00:00
2026-02-15 00:00:00,2026-02-14 18:00:00,0.0,0.0434,0.3754,0.1082,ВЭС,38.0,2,3.28,2.375,0.65,1.0,2026-02-13 10:00:00
2026-02-15 01:00:00,2026-02-14 19:00:00,0.0028,0.029,0.2248,0.0741,ВЭС,39.0,2,2.2783,1.955,0.4333,1.0,2026-02-13 10:00:00
2026-02-15 02:00:00,2026-02-14 20:00:00,0.0015,0.0281,0.1349,0.0619,ВЭС,40.0,2,1.5817,1.675,0.05,1.0,2026-02-13 10:00:00
2026-02-15 03:00:00,2026-02-14 21:00:00,0.0,0.0446,0.0981,0.0619,ВЭС,41.0,2,1.4583,0.435,-0.3167,1.0,2026-02-13 10:00:00
2026-02-15 04:00:00,2026-02-14 22:00:00,0.0,0.0403,0.2588,0.0554,ВЭС,42.0,3,1.3583,1.35,0.8333,1.0,2026-02-13 10:00:00
2026-02-15 05:00:00,2026-02-14 23:00:00,0.0019,0.0288,0.2401,0.0619,ВЭС,43.0,3,1.6433,1.37,0.6333,1.0,2026-02-13 10:00:00
2026-02-15 06:00:00,2026-02-15 00:00:00,0.0,0.0704,0.2726,0.0741,ВЭС,44.0,3,2.225,0.905,0.6167,1.0,2026-02-13 10:00:00
2026-02-15 07:00:00,2026-02-15 01:00:00,0.0,0.0974,0.3226,0.0968,ВЭС,45.0,3,2.9367,2.69,0.6667,1.0,2026-02-13 10:00:00
2026-02-15 08:00:00,2026-02-15 02:00:00,0.0,0.1582,0.366,0.1275,ВЭС,46.0,3,3.69,5.32,1.05,1.0,2026-02-13 10:00:00
2026-02-15 09:00:00,2026-02-15 03:00:00,0.0,0.1518,0.6644,0.1864,ВЭС,47.0,3,4.845,6.59,2.1333,0.0,2026-02-13 10:00:00
2026-02-15 10:00:00,2026-02-15 04:00:00,0.0,0.2663,0.7112,0.2678,ВЭС,48.0,3,6.0,7.17,3.6333,0.0,2026-02-13 10:00:00
2026-02-13 23:00:00,2026-02-13 17:00:00,0.0443,0.6514,0.9739,0.6301,T1,1.0,1,9.585,4.82,-0.2,1.0,2026-02-13 22:00:00
2026-02-14 00:00:00,2026-02-13 18:00:00,0.1956,0.7676,0.9692,0.7338,T1,2.0,1,10.5333,5.215,-0.2333,1.0,2026-02-13 22:00:00
2026-02-14 01:00:00,2026-02-13 19:00:00,0.2542,0.79,0.9864,0.7639,T1,3.0,1,11.2,5.175,-0.1667,1.0,2026-02-13 22:00:00
2026-02-14 02:00:00,2026-02-13 20:00:00,0.3704,0.8257,0.987,0.7639,T1,4.0,1,11.1717,4.905,-0.1667,1.0,2026-02-13 22:00:00
2026-02-14 03:00:00,2026-02-13 21:00:00,0.3341,0.8634,0.984,0.7639,T1,5.0,1,10.9583,3.77,-0.1,1.0,2026-02-13 22:00:00
2026-02-14 04:00:00,2026-02-13 22:00:00,0.4046,0.7641,0.9619,0.7536,T1,6.0,1,10.7667,2.635,0.0,1.0,2026-02-13 22:00:00
2026-02-14 05:00:00,2026-02-13 23:00:00,0.1229,0.4536,0.9472,0.6301,T1,7.0,1,9.6117,4.03,0.0167,1.0,2026-02-13 22:00:00
2026-02-14 06:00:00,2026-02-14 00:00:00,0.0919,0.226,0.7507,0.4601,T1,8.0,1,8.3533,5.095,-0.0833,1.0,2026-02-13 22:00:00
2026-02-14 07:00:00,2026-02-14 01:00:00,0.074,0.172,0.6591,0.4212,T1,9.0,1,7.78,3.95,-0.1833,1.0,2026-02-13 22:00:00
2026-02-14 08:00:00,2026-02-14 02:00:00,0.0,0.1535,0.6745,0.3725,T1,10.0,1,7.2583,3.55,0.2167,1.0,2026-02-13 22:00:00
2026-02-14 09:00:00,2026-02-14 03:00:00,0.0,0.1129,0.5307,0.3243,T1,11.0,1,6.5367,4.46,1.25,0.0,2026-02-13 22:00:00
2026-02-14 10:00:00,2026-02-14 04:00:00,0.0,0.0896,0.4411,0.2347,T1,12.0,1,5.5533,6.73,2.3167,0.0,2026-02-13 22:00:00
2026-02-14 11:00:00,2026-02-14 05:00:00,0.0,0.1069,0.4465,0.2347,T1,13.0,1,5.585,6.13,2.7333,0.0,2026-02-13 22:00:00
2026-02-14 12:00:00,2026-02-14 06:00:00,0.0,0.0951,0.5028,0.2206,T1,14.0,1,5.3933,7.345,3.0333,0.0,2026-02-13 22:00:00
2026-02-14 13:00:00,2026-02-14 07:00:00,0.0,0.0664,0.263,0.1472,T1,15.0,1,4.2267,6.33,3.7,0.0,2026-02-13 22:00:00
2026-02-14 14:00:00,2026-02-14 08:00:00,0.0017,0.0307,0.2167,0.1275,T1,16.0,1,3.675,4.005,4.1333,0.0,2026-02-13 22:00:00
2026-02-14 15:00:00,2026-02-14 09:00:00,0.0,0.0385,0.2465,0.115,T1,17.0,1,3.5317,2.84,4.0167,0.0,2026-02-13 22:00:00
2026-02-14 16:00:00,2026-02-14 10:00:00,0.0,0.1437,0.5426,0.2732,T1,18.0,2,6.18,5.535,4.5167,0.0,2026-02-13 22:00:00
2026-02-14 17:00:00,2026-02-14 11:00:00,0.0,0.3281,0.8187,0.3725,T1,19.0,2,7.2217,2.035,2.9833,0.0,2026-02-13 22:00:00
2026-02-14 18:00:00,2026-02-14 12:00:00,0.0,0.3455,0.8236,0.3725,T1,20.0,2,7.1867,4.2,1.6667,0.0,2026-02-13 22:00:00
2026-02-14 19:00:00,2026-02-14 13:00:00,0.0,0.2602,0.699,0.2753,T1,21.0,2,6.275,4.58,1.15,1.0,2026-02-13 22:00:00
2026-02-14 20:00:00,2026-02-14 14:00:00,0.0,0.1654,0.5508,0.1732,T1,22.0,2,4.6117,4.275,0.95,1.0,2026-02-13 22:00:00
2026-02-14 21:00:00,2026-02-14 15:00:00,0.0,0.1734,0.3781,0.1381,T1,23.0,2,4.1233,2.19,0.8333,1.0,2026-02-13 22:00:00
2026-02-14 22:00:00,2026-02-14 16:00:00,0.0,0.1508,0.3646,0.1511,T1,24.0,2,4.2817,4.515,0.75,1.0,2026-02-13 22:00:00
2026-02-14 23:00:00,2026-02-14 17:00:00,0.0,0.1073,0.3404,0.1275,T1,25.0,2,3.835,0.875,0.7333,1.0,2026-02-13 22:00:00
2026-02-15 00:00:00,2026-02-14 18:00:00,0.0,0.0438,0.3754,0.1082,T1,26.0,2,3.28,2.375,0.65,1.0,2026-02-13 22:00:00
2026-02-15 01:00:00,2026-02-14 19:00:00,0.0021,0.0295,0.2248,0.0741,T1,27.0,2,2.2783,1.955,0.4333,1.0,2026-02-13 22:00:00
2026-02-15 02:00:00,2026-02-14 20:00:00,0.0025,0.0285,0.1349,0.0619,T1,28.0,2,1.5817,1.675,0.05,1.0,2026-02-13 22:00:00
2026-02-15 03:00:00,2026-02-14 21:00:00,0.0,0.0449,0.0981,0.0619,T1,29.0,2,1.4583,0.435,-0.3167,1.0,2026-02-13 22:00:00
2026-02-15 04:00:00,2026-02-14 22:00:00,0.0,0.0638,0.2154,0.0687,T1,30.0,2,1.8233,2.035,-0.5167,1.0,2026-02-13 22:00:00
2026-02-15 05:00:00,2026-02-14 23:00:00,0.0,0.1298,0.245,0.0923,T1,31.0,2,2.8533,3.325,-0.2167,1.0,2026-02-13 22:00:00
2026-02-15 06:00:00,2026-02-15 00:00:00,0.0,0.195,0.3588,0.1472,T1,32.0,2,4.1617,3.48,0.15,1.0,2026-02-13 22:00:00
2026-02-15 07:00:00,2026-02-15 01:00:00,0.0,0.2161,0.6529,0.2347,T1,33.0,2,5.585,3.69,0.4333,1.0,2026-02-13 22:00:00
2026-02-15 08:00:00,2026-02-15 02:00:00,0.0,0.2934,0.8206,0.3567,T1,34.0,2,7.125,3.68,1.05,1.0,2026-02-13 22:00:00
2026-02-15 09:00:00,2026-02-15 03:00:00,0.0,0.5331,0.9713,0.4837,T1,35.0,2,8.47,4.04,1.9333,0.0,2026-02-13 22:00:00
2026-02-15 10:00:00,2026-02-15 04:00:00,0.163,0.5962,0.9778,0.65,T1,36.0,2,9.7867,3.955,3.0,0.0,2026-02-13 22:00:00
2026-02-15 11:00:00,2026-02-15 05:00:00,0.3332,0.7307,0.9793,0.7639,T1,37.0,2,10.8967,2.85,3.75,0.0,2026-02-13 22:00:00
2026-02-15 12:00:00,2026-02-15 06:00:00,0.3633,0.9147,0.9853,0.7831,T1,38.0,2,11.48,2.44,4.45,0.0,2026-02-13 22:00:00
2026-02-15 13:00:00,2026-02-15 07:00:00,0.5569,0.9672,0.9865,0.8017,T1,39.0,2,11.695,2.315,5.3333,0.0,2026-02-13 22:00:00
2026-02-15 14:00:00,2026-02-15 08:00:00,0.5862,0.976,0.99,0.8017,T1,40.0,2,11.7433,2.335,6.0,0.0,2026-02-13 22:00:00
2026-02-15 15:00:00,2026-02-15 09:00:00,0.6604,0.99,0.99,0.7831,T1,41.0,2,11.5867,2.23,6.3,0.0,2026-02-13 22:00:00
2026-02-15 16:00:00,2026-02-15 10:00:00,0.7344,0.99,0.99,0.8017,T1,42.0,3,11.8667,2.325,6.4333,0.0,2026-02-13 22:00:00
2026-02-15 17:00:00,2026-02-15 11:00:00,0.6513,0.99,0.99,0.781,T1,43.0,3,11.4167,2.455,5.5667,0.0,2026-02-13 22:00:00
2026-02-15 18:00:00,2026-02-15 12:00:00,0.49,0.9838,0.9886,0.7639,T1,44.0,3,11.26,2.395,4.55,0.0,2026-02-13 22:00:00
2026-02-15 19:00:00,2026-02-15 13:00:00,0.4653,0.99,0.99,0.7831,T1,45.0,3,11.6433,2.96,3.7667,0.0,2026-02-13 22:00:00
2026-02-15 20:00:00,2026-02-15 14:00:00,0.4761,0.9857,0.99,0.8017,T1,46.0,3,12.0667,3.34,3.2833,0.0,2026-02-13 22:00:00
2026-02-15 21:00:00,2026-02-15 15:00:00,0.4036,0.9264,0.99,0.8217,T1,47.0,3,12.335,3.245,2.95,0.0,2026-02-13 22:00:00
2026-02-15 22:00:00,2026-02-15 16:00:00,0.4311,0.8631,0.99,0.8297,T1,48.0,3,12.4467,3.02,2.7167,0.0,2026-02-13 22:00:00
2026-02-13 23:00:00,2026-02-13 17:00:00,0.055,0.6635,0.968,0.6301,T2,1.0,1,9.585,4.82,-0.2,1.0,2026-02-13 22:00:00
2026-02-14 00:00:00,2026-02-13 18:00:00,0.178,0.7827,0.965,0.7338,T2,2.0,1,10.5333,5.215,-0.2333,1.0,2026-02-13 22:00:00
2026-02-14 01:00:00,2026-02-13 19:00:00,0.2753,0.8053,0.97,0.7639,T2,3.0,1,11.2,5.175,-0.1667,1.0,2026-02-13 22:00:00
2026-02-14 02:00:00,2026-02-13 20:00:00,0.4321,0.8342,0.97,0.7639,T2,4.0,1,11.1717,4.905,-0.1667,1.0,2026-02-13 22:00:00
2026-02-14 03:00:00,2026-02-13 21:00:00,0.3909,0.8723,0.9684,0.7639,T2,5.0,1,10.9583,3.77,-0.1,1.0,2026-02-13 22:00:00
2026-02-14 04:00:00,2026-02-13 22:00:00,0.3051,0.7731,0.957,0.7536,T2,6.0,1,10.7667,2.635,0.0,1.0,2026-02-13 22:00:00
2026-02-14 05:00:00,2026-02-13 23:00:00,0.083,0.4677,0.9438,0.6301,T2,7.0,1,9.6117,4.03,0.0167,1.0,2026-02-13 22:00:00
2026-02-14 06:00:00,2026-02-14 00:00:00,0.0,0.241,0.7496,0.4601,T2,8.0,1,8.3533,5.095,-0.0833,1.0,2026-02-13 22:00:00
2026-02-14 07:00:00,2026-02-14 01:00:00,0.0014,0.1871,0.6591,0.4212,T2,9.0,1,7.78,3.95,-0.1833,1.0,2026-02-13 22:00:00
2026-02-14 08:00:00,2026-02-14 02:00:00,0.0,0.1671,0.6744,0.3725,T2,10.0,1,7.2583,3.55,0.2167,1.0,2026-02-13 22:00:00
2026-02-14 09:00:00,2026-02-14 03:00:00,0.0,0.1282,0.5306,0.3243,T2,11.0,1,6.5367,4.46,1.25,0.0,2026-02-13 22:00:00
2026-02-14 10:00:00,2026-02-14 04:00:00,0.0,0.1037,0.4411,0.2347,T2,12.0,1,5.5533,6.73,2.3167,0.0,2026-02-13 22:00:00
2026-02-14 11:00:00,2026-02-14 05:00:00,0.0,0.1068,0.4465,0.2347,T2,13.0,1,5.585,6.13,2.7333,0.0,2026-02-13 22:00:00
2026-02-14 12:00:00,2026-02-14 06:00:00,0.0,0.0954,0.5028,0.2206,T2,14.0,1,5.3933,7.345,3.0333,0.0,2026-02-13 22:00:00
2026-02-14 13:00:00,2026-02-14 07:00:00,0.0,0.0666,0.263,0.1472,T2,15.0,1,4.2267,6.33,3.7,0.0,2026-02-13 22:00:00
2026-02-14 14:00:00,2026-02-14 08:00:00,0.0009,0.03,0.2167,0.1275,T2,16.0,1,3.675,4.005,4.1333,0.0,2026-02-13 22:00:00
2026-02-14 15:00:00,2026-02-14 09:00:00,0.0,0.0377,0.2465,0.115,T2,17.0,1,3.5317,2.84,4.0167,0.0,2026-02-13 22:00:00
2026-02-14 16:00:00,2026-02-14 10:00:00,0.0,0.1457,0.5426,0.2732,T2,18.0,2,6.18,5.535,4.5167,0.0,2026-02-13 22:00:00
2026-02-14 17:00:00,2026-02-14 11:00:00,0.0,0.3278,0.8187,0.3725,T2,19.0,2,7.2217,2.035,2.9833,0.0,2026-02-13 22:00:00
2026-02-14 18:00:00,2026-02-14 12:00:00,0.0,0.3451,0.8235,0.3725,T2,20.0,2,7.1867,4.2,1.6667,0.0,2026-02-13 22:00:00
2026-02-14 19:00:00,2026-02-14 13:00:00,0.0,0.2598,0.6989,0.2753,T2,21.0,2,6.275,4.58,1.15,1.0,2026-02-13 22:00:00
2026-02-14 20:00:00,2026-02-14 14:00:00,0.0,0.165,0.5508,0.1732,T2,22.0,2,4.6117,4.275,0.95,1.0,2026-02-13 22:00:00
2026-02-14 21:00:00,2026-02-14 15:00:00,0.0,0.173,0.3781,0.1381,T2,23.0,2,4.1233,2.19,0.8333,1.0,2026-02-13 22:00:00
2026-02-14 22:00:00,2026-02-14 16:00:00,0.0,0.1503,0.3646,0.1511,T2,24.0,2,4.2817,4.515,0.75,1.0,2026-02-13 22:00:00
2026-02-14 23:00:00,2026-02-14 17:00:00,0.0,0.1067,0.3404,0.1275,T2,25.0,2,3.835,0.875,0.7333,1.0,2026-02-13 22:00:00
2026-02-15 00:00:00,2026-02-14 18:00:00,0.0,0.043,0.3754,0.1082,T2,26.0,2,3.28,2.375,0.65,1.0,2026-02-13 22:00:00
2026-02-15 01:00:00,2026-02-14 19:00:00,0.0034,0.0285,0.2248,0.0741,T2,27.0,2,2.2783,1.955,0.4333,1.0,2026-02-13 22:00:00
2026-02-15 02:00:00,2026-02-14 20:00:00,0.0004,0.0277,0.1349,0.0619,T2,28.0,2,1.5817,1.675,0.05,1.0,2026-02-13 22:00:00
2026-02-15 03:00:00,2026-02-14 21:00:00,0.0,0.0443,0.0981,0.0619,T2,29.0,2,1.4583,0.435,-0.3167,1.0,2026-02-13 22:00:00
2026-02-15 04:00:00,2026-02-14 22:00:00,0.0,0.0613,0.2154,0.0687,T2,30.0,2,1.8233,2.035,-0.5167,1.0,2026-02-13 22:00:00
2026-02-15 05:00:00,2026-02-14 23:00:00,0.0,0.1205,0.245,0.0923,T2,31.0,2,2.8533,3.325,-0.2167,1.0,2026-02-13 22:00:00
2026-02-15 06:00:00,2026-02-15 00:00:00,0.0,0.1867,0.3589,0.1472,T2,32.0,2,4.1617,3.48,0.15,1.0,2026-02-13 22:00:00
2026-02-15 07:00:00,2026-02-15 01:00:00,0.0,0.2,0.653,0.2347,T2,33.0,2,5.585,3.69,0.4333,1.0,2026-02-13 22:00:00
2026-02-15 08:00:00,2026-02-15 02:00:00,0.0,0.2773,0.8207,0.3567,T2,34.0,2,7.125,3.68,1.05,1.0,2026-02-13 22:00:00
2026-02-15 09:00:00,2026-02-15 03:00:00,0.0,0.5171,0.9695,0.4837,T2,35.0,2,8.47,4.04,1.9333,0.0,2026-02-13 22:00:00
2026-02-15 10:00:00,2026-02-15 04:00:00,0.0908,0.5854,0.97,0.65,T2,36.0,2,9.7867,3.955,3.0,0.0,2026-02-13 22:00:00
2026-02-15 11:00:00,2026-02-15 05:00:00,0.2765,0.7132,0.97,0.7639,T2,37.0,2,10.8967,2.85,3.75,0.0,2026-02-13 22:00:00
2026-02-15 12:00:00,2026-02-15 06:00:00,0.2409,0.9079,0.97,0.7831,T2,38.0,2,11.48,2.44,4.45,0.0,2026-02-13 22:00:00
2026-02-15 13:00:00,2026-02-15 07:00:00,0.5119,0.9609,0.97,0.8017,T2,39.0,2,11.695,2.315,5.3333,0.0,2026-02-13 22:00:00
2026-02-15 14:00:00,2026-02-15 08:00:00,0.6173,0.969,0.97,0.8017,T2,40.0,2,11.7433,2.335,6.0,0.0,2026-02-13 22:00:00
2026-02-15 15:00:00,2026-02-15 09:00:00,0.7977,0.97,0.97,0.7831,T2,41.0,2,11.5867,2.23,6.3,0.0,2026-02-13 22:00:00
2026-02-15 16:00:00,2026-02-15 10:00:00,0.7663,0.97,0.97,0.8017,T2,42.0,3,11.8667,2.325,6.4333,0.0,2026-02-13 22:00:00
2026-02-15 17:00:00,2026-02-15 11:00:00,0.6028,0.97,0.97,0.781,T2,43.0,3,11.4167,2.455,5.5667,0.0,2026-02-13 22:00:00
2026-02-15 18:00:00,2026-02-15 12:00:00,0.4083,0.9683,0.97,0.7639,T2,44.0,3,11.26,2.395,4.55,0.0,2026-02-13 22:00:00
2026-02-15 19:00:00,2026-02-15 13:00:00,0.4923,0.97,0.97,0.7831,T2,45.0,3,11.6433,2.96,3.7667,0.0,2026-02-13 22:00:00
2026-02-15 20:00:00,2026-02-15 14:00:00,0.5124,0.9656,0.97,0.8017,T2,46.0,3,12.0667,3.34,3.2833,0.0,2026-02-13 22:00:00
2026-02-15 21:00:00,2026-02-15 15:00:00,0.3262,0.9077,0.97,0.8217,T2,47.0,3,12.335,3.245,2.95,0.0,2026-02-13 22:00:00
2026-02-15 22:00:00,2026-02-15 16:00:00,0.3209,0.8484,0.97,0.8297,T2,48.0,3,12.4467,3.02,2.7167,0.0,2026-02-13 22:00:00
2026-02-13 23:00:00,2026-02-13 17:00:00,0.0496,0.6574,0.971,0.6301,ВЭС,1.0,1,9.585,4.82,-0.2,1.0,2026-02-13 22:00:00
2026-02-14 00:00:00,2026-02-13 18:00:00,0.1868,0.7751,0.9671,0.7338,ВЭС,2.0,1,10.5333,5.215,-0.2333,1.0,2026-02-13 22:00:00
2026-02-14 01:00:00,2026-02-13 19:00:00,0.2647,0.7977,0.9782,0.7639,ВЭС,3.0,1,11.2,5.175,-0.1667,1.0,2026-02-13 22:00:00
2026-02-14 02:00:00,2026-02-13 20:00:00,0.4013,0.8299,0.9785,0.7639,ВЭС,4.0,1,11.1717,4.905,-0.1667,1.0,2026-02-13 22:00:00
2026-02-14 03:00:00,2026-02-13 21:00:00,0.3625,0.8678,0.9762,0.7639,ВЭС,5.0,1,10.9583,3.77,-0.1,1.0,2026-02-13 22:00:00
2026-02-14 04:00:00,2026-02-13 22:00:00,0.3548,0.7686,0.9595,0.7536,ВЭС,6.0,1,10.7667,2.635,0.0,1.0,2026-02-13 22:00:00
2026-02-14 05:00:00,2026-02-13 23:00:00,0.1029,0.4607,0.9455,0.6301,ВЭС,7.0,1,9.6117,4.03,0.0167,1.0,2026-02-13 22:00:00
2026-02-14 06:00:00,2026-02-14 00:00:00,0.0459,0.2335,0.7501,0.4601,ВЭС,8.0,1,8.3533,5.095,-0.0833,1.0,2026-02-13 22:00:00
2026-02-14 07:00:00,2026-02-14 01:00:00,0.0377,0.1796,0.6591,0.4212,ВЭС,9.0,1,7.78,3.95,-0.1833,1.0,2026-02-13 22:00:00
2026-02-14 08:00:00,2026-02-14 02:00:00,0.0,0.1603,0.6744,0.3725,ВЭС,10.0,1,7.2583,3.55,0.2167,1.0,2026-02-13 22:00:00
2026-02-14 09:00:00,2026-02-14 03:00:00,0.0,0.1205,0.5307,0.3243,ВЭС,11.0,1,6.5367,4.46,1.25,0.0,2026-02-13 22:00:00
2026-02-14 10:00:00,2026-02-14 04:00:00,0.0,0.0967,0.4411,0.2347,ВЭС,12.0,1,5.5533,6.73,2.3167,0.0,2026-02-13 22:00:00
2026-02-14 11:00:00,2026-02-14 05:00:00,0.0,0.1069,0.4465,0.2347,ВЭС,13.0,1,5.585,6.13,2.7333,0.0,2026-02-13 22:00:00
2026-02-14 12:00:00,2026-02-14 06:00:00,0.0,0.0953,0.5028,0.2206,ВЭС,14.0,1,5.3933,7.345,3.0333,0.0,2026-02-13 22:00:00
2026-02-14 13:00:00,2026-02-14 07:00:00,0.0,0.0665,0.263,0.1472,ВЭС,15.0,1,4.2267,6.33,3.7,0.0,2026-02-13 22:00:00
2026-02-14 14:00:00,2026-02-14 08:00:00,0.0013,0.0304,0.2167,0.1275,ВЭС,16.0,1,3.675,4.005,4.1333,0.0,2026-02-13 22:00:00
2026-02-14 15:00:00,2026-02-14 09:00:00,0.0,0.0381,0.2465,0.115,ВЭС,17.0,1,3.5317,2.84,4.0167,0.0,2026-02-13 22:00:00
2026-02-14 16:00:00,2026-02-14 10:00:00,0.0,0.1447,0.5426,0.2732,ВЭС,18.0,2,6.18,5.535,4.5167,0.0,2026-02-13 22:00:00
2026-02-14 17:00:00,2026-02-14 11:00:00,0.0,0.3279,0.8187,0.3725,ВЭС,19.0,2,7.2217,2.035,2.9833,0.0,2026-02-13 22:00:00
2026-02-14 18:00:00,2026-02-14 12:00:00,0.0,0.3453,0.8236,0.3725,ВЭС,20.0,2,7.1867,4.2,1.6667,0.0,2026-02-13 22:00:00
2026-02-14 19:00:00,2026-02-14 13:00:00,0.0,0.26,0.699,0.2753,ВЭС,21.0,2,6.275,4.58,1.15,1.0,2026-02-13 22:00:00
2026-02-14 20:00:00,2026-02-14 14:00:00,0.0,0.1652,0.5508,0.1732,ВЭС,22.0,2,4.6117,4.275,0.95,1.0,2026-02-13 22:00:00
2026-02-14 21:00:00,2026-02-14 15:00:00,0.0,0.1732,0.3781,0.1381,ВЭС,23.0,2,4.1233,2.19,0.8333,1.0,2026-02-13 22:00:00
2026-02-14 22:00:00,2026-02-14 16:00:00,0.0,0.1505,0.3646,0.1511,ВЭС,24.0,2,4.2817,4.515,0.75,1.0,2026-02-13 22:00:00
2026-02-14 23:00:00,2026-02-14 17:00:00,0.0,0.107,0.3404,0.1275,ВЭС,25.0,2,3.835,0.875,0.7333,1.0,2026-02-13 22:00:00
2026-02-15 00:00:00,2026-02-14 18:00:00,0.0,0.0434,0.3754,0.1082,ВЭС,26.0,2,3.28,2.375,0.65,1.0,2026-02-13 22:00:00
2026-02-15 01:00:00,2026-02-14 19:00:00,0.0028,0.029,0.2248,0.0741,ВЭС,27.0,2,2.2783,1.955,0.4333,1.0,2026-02-13 22:00:00
2026-02-15 02:00:00,2026-02-14 20:00:00,0.0015,0.0281,0.1349,0.0619,ВЭС,28.0,2,1.5817,1.675,0.05,1.0,2026-02-13 22:00:00
2026-02-15 03:00:00,2026-02-14 21:00:00,0.0,0.0446,0.0981,0.0619,ВЭС,29.0,2,1.4583,0.435,-0.3167,1.0,2026-02-13 22:00:00
2026-02-15 04:00:00,2026-02-14 22:00:00,0.0,0.0625,0.2154,0.0687,ВЭС,30.0,2,1.8233,2.035,-0.5167,1.0,2026-02-13 22:00:00
2026-02-15 05:00:00,2026-02-14 23:00:00,0.0,0.1251,0.245,0.0923,ВЭС,31.0,2,2.8533,3.325,-0.2167,1.0,2026-02-13 22:00:00
2026-02-15 06:00:00,2026-02-15 00:00:00,0.0,0.1909,0.3589,0.1472,ВЭС,32.0,2,4.1617,3.48,0.15,1.0,2026-02-13 22:00:00
2026-02-15 07:00:00,2026-02-15 01:00:00,0.0,0.208,0.653,0.2347,ВЭС,33.0,2,5.585,3.69,0.4333,1.0,2026-02-13 22:00:00
2026-02-15 08:00:00,2026-02-15 02:00:00,0.0,0.2854,0.8207,0.3567,ВЭС,34.0,2,7.125,3.68,1.05,1.0,2026-02-13 22:00:00
2026-02-15 09:00:00,2026-02-15 03:00:00,0.0,0.5251,0.9704,0.4837,ВЭС,35.0,2,8.47,4.04,1.9333,0.0,2026-02-13 22:00:00
2026-02-15 10:00:00,2026-02-15 04:00:00,0.1269,0.5908,0.9739,0.65,ВЭС,36.0,2,9.7867,3.955,3.0,0.0,2026-02-13 22:00:00
2026-02-15 11:00:00,2026-02-15 05:00:00,0.3049,0.7219,0.9746,0.7639,ВЭС,37.0,2,10.8967,2.85,3.75,0.0,2026-02-13 22:00:00
2026-02-15 12:00:00,2026-02-15 06:00:00,0.3021,0.9113,0.9777,0.7831,ВЭС,38.0,2,11.48,2.44,4.45,0.0,2026-02-13 22:00:00
2026-02-15 13:00:00,2026-02-15 07:00:00,0.5344,0.964,0.9783,0.8017,ВЭС,39.0,2,11.695,2.315,5.3333,0.0,2026-02-13 22:00:00
2026-02-15 14:00:00,2026-02-15 08:00:00,0.6017,0.9725,0.98,0.8017,ВЭС,40.0,2,11.7433,2.335,6.0,0.0,2026-02-13 22:00:00
2026-02-15 15:00:00,2026-02-15 09:00:00,0.729,0.98,0.98,0.7831,ВЭС,41.0,2,11.5867,2.23,6.3,0.0,2026-02-13 22:00:00
2026-02-15 16:00:00,2026-02-15 10:00:00,0.7504,0.98,0.98,0.8017,ВЭС,42.0,3,11.8667,2.325,6.4333,0.0,2026-02-13 22:00:00
2026-02-15 17:00:00,2026-02-15 11:00:00,0.627,0.98,0.98,0.781,ВЭС,43.0,3,11.4167,2.455,5.5667,0.0,2026-02-13 22:00:00
2026-02-15 18:00:00,2026-02-15 12:00:00,0.4492,0.9761,0.9793,0.7639,ВЭС,44.0,3,11.26,2.395,4.55,0.0,2026-02-13 22:00:00
2026-02-15 19:00:00,2026-02-15 13:00:00,0.4788,0.98,0.98,0.7831,ВЭС,45.0,3,11.6433,2.96,3.7667,0.0,2026-02-13 22:00:00
2026-02-15 20:00:00,2026-02-15 14:00:00,0.4942,0.9757,0.98,0.8017,ВЭС,46.0,3,12.0667,3.34,3.2833,0.0,2026-02-13 22:00:00
2026-02-15 21:00:00,2026-02-15 15:00:00,0.3649,0.917,0.98,0.8217,ВЭС,47.0,3,12.335,3.245,2.95,0.0,2026-02-13 22:00:00
2026-02-15 22:00:00,2026-02-15 16:00:00,0.376,0.8557,0.98,0.8297,ВЭС,48.0,3,12.4467,3.02,2.7167,0.0,2026-02-13 22:00:00
2026-02-14 11:00:00,2026-02-14 05:00:00,0.0,0.1069,0.4465,0.2347,T1,1.0,1,5.585,6.13,2.7333,0.0,2026-02-14 10:00:00
2026-02-14 12:00:00,2026-02-14 06:00:00,0.0,0.0951,0.5028,0.2206,T1,2.0,1,5.3933,7.345,3.0333,0.0,2026-02-14 10:00:00
2026-02-14 13:00:00,2026-02-14 07:00:00,0.0,0.0664,0.263,0.1472,T1,3.0,1,4.2267,6.33,3.7,0.0,2026-02-14 10:00:00
2026-02-14 14:00:00,2026-02-14 08:00:00,0.0017,0.0307,0.2167,0.1275,T1,4.0,1,3.675,4.005,4.1333,0.0,2026-02-14 10:00:00
2026-02-14 15:00:00,2026-02-14 09:00:00,0.0,0.0385,0.2465,0.115,T1,5.0,1,3.5317,2.84,4.0167,0.0,2026-02-14 10:00:00
2026-02-14 16:00:00,2026-02-14 10:00:00,0.0,0.0511,0.1704,0.1,T1,6.0,1,3.1,2.88,3.4,0.0,2026-02-14 10:00:00
2026-02-14 17:00:00,2026-02-14 11:00:00,0.004,0.0248,0.142,0.0968,T1,7.0,1,2.9633,1.82,2.4833,0.0,2026-02-14 10:00:00
2026-02-14 18:00:00,2026-02-14 12:00:00,0.0039,0.0252,0.1385,0.1,T1,8.0,1,2.9933,1.435,1.3833,0.0,2026-02-14 10:00:00
2026-02-14 19:00:00,2026-02-14 13:00:00,0.0,0.0447,0.1807,0.0771,T1,9.0,1,2.5967,1.015,0.5,1.0,2026-02-14 10:00:00
2026-02-14 20:00:00,2026-02-14 14:00:00,0.0,0.066,0.3093,0.0771,T1,10.0,1,2.5433,2.965,0.0333,1.0,2026-02-14 10:00:00
2026-02-14 21:00:00,2026-02-14 15:00:00,0.0,0.0661,0.3421,0.0781,T1,11.0,1,2.7017,2.76,-0.2,1.0,2026-02-14 10:00:00
2026-02-14 22:00:00,2026-02-14 16:00:00,0.0,0.0444,0.2519,0.0835,T1,12.0,1,2.7883,1.55,-0.2667,1.0,2026-02-14 10:00:00
2026-02-14 23:00:00,2026-02-14 17:00:00,0.0056,0.0209,0.1419,0.115,T1,13.0,1,3.4117,1.93,-0.35,1.0,2026-02-14 10:00:00
2026-02-15 00:00:00,2026-02-14 18:00:00,0.0033,0.0267,0.1764,0.1238,T1,14.0,1,3.5517,2.93,-0.55,1.0,2026-02-14 10:00:00
2026-02-15 01:00:00,2026-02-14 19:00:00,0.0053,0.0217,0.1058,0.0781,T1,15.0,1,2.665,2.76,-0.6833,1.0,2026-02-14 10:00:00
2026-02-15 02:00:00,2026-02-14 20:00:00,0.0046,0.0234,0.105,0.0687,T1,16.0,1,2.01,3.0,-0.7,1.0,2026-02-14 10:00:00
2026-02-15 03:00:00,2026-02-14 21:00:00,0.0064,0.0189,0.0813,0.0741,T1,17.0,1,2.2767,3.83,-0.6667,1.0,2026-02-14 10:00:00
2026-02-15 04:00:00,2026-02-14 22:00:00,0.0,0.0638,0.2154,0.0687,T1,18.0,2,1.8233,2.035,-0.5167,1.0,2026-02-14 10:00:00
2026-02-15 05:00:00,2026-02-14 23:00:00,0.0,0.1298,0.245,0.0923,T1,19.0,2,2.8533,3.325,-0.2167,1.0,2026-02-14 10:00:00
2026-02-15 06:00:00,2026-02-15 00:00:00,0.0,0.195,0.3588,0.1472,T1,20.0,2,4.1617,3.48,0.15,1.0,2026-02-14 10:00:00
2026-02-15 07:00:00,2026-02-15 01:00:00,0.0,0.2161,0.6529,0.2347,T1,21.0,2,5.585,3.69,0.4333,1.0,2026-02-14 10:00:00
2026-02-15 08:00:00,2026-02-15 02:00:00,0.0,0.2934,0.8206,0.3567,T1,22.0,2,7.125,3.68,1.05,1.0,2026-02-14 10:00:00
2026-02-15 09:00:00,2026-02-15 03:00:00,0.0,0.5331,0.9713,0.4837,T1,23.0,2,8.47,4.04,1.9333,0.0,2026-02-14 10:00:00
2026-02-15 10:00:00,2026-02-15 04:00:00,0.163,0.5962,0.9778,0.65,T1,24.0,2,9.7867,3.955,3.0,0.0,2026-02-14 10:00:00
2026-02-15 11:00:00,2026-02-15 05:00:00,0.3332,0.7307,0.9793,0.7639,T1,25.0,2,10.8967,2.85,3.75,0.0,2026-02-14 10:00:00
2026-02-15 12:00:00,2026-02-15 06:00:00,0.3633,0.9147,0.9853,0.7831,T1,26.0,2,11.48,2.44,4.45,0.0,2026-02-14 10:00:00
2026-02-15 13:00:00,2026-02-15 07:00:00,0.5569,0.9672,0.9865,0.8017,T1,27.0,2,11.695,2.315,5.3333,0.0,2026-02-14 10:00:00
2026-02-15 14:00:00,2026-02-15 08:00:00,0.5862,0.976,0.99,0.8017,T1,28.0,2,11.7433,2.335,6.0,0.0,2026-02-14 10:00:00
2026-02-15 15:00:00,2026-02-15 09:00:00,0.6604,0.99,0.99,0.7831,T1,29.0,2,11.5867,2.23,6.3,0.0,2026-02-14 10:00:00
2026-02-15 16:00:00,2026-02-15 10:00:00,0.575,0.99,0.99,0.7639,T1,30.0,2,11.3667,1.99,6.1167,0.0,2026-02-14 10:00:00
2026-02-15 17:00:00,2026-02-15 11:00:00,0.6715,0.99,0.99,0.7831,T1,31.0,2,11.59,1.5,5.45,0.0,2026-02-14 10:00:00
2026-02-15 18:00:00,2026-02-15 12:00:00,0.611,0.99,0.99,0.8017,T1,32.0,2,11.9867,1.69,4.5333,0.0,2026-02-14 10:00:00
2026-02-15 19:00:00,2026-02-15 13:00:00,0.6385,0.99,0.99,0.8017,T1,33.0,2,12.1433,1.96,3.7833,0.0,2026-02-14 10:00:00
2026-02-15 20:00:00,2026-02-15 14:00:00,0.6583,0.99,0.99,0.8017,T1,34.0,2,12.2383,2.075,3.3667,0.0,2026-02-14 10:00:00
2026-02-15 21:00:00,2026-02-15 15:00:00,0.4867,0.99,0.99,0.8017,T1,35.0,2,12.155,2.185,3.1,0.0,2026-02-14 10:00:00
2026-02-15 22:00:00,2026-02-15 16:00:00,0.3797,0.9027,0.99,0.8017,T1,36.0,2,11.9467,2.56,2.9333,0.0,2026-02-14 10:00:00
2026-02-15 23:00:00,2026-02-15 17:00:00,0.262,0.9463,0.9851,0.7831,T1,37.0,2,11.4617,2.1,2.7,0.0,2026-02-14 10:00:00
2026-02-16 00:00:00,2026-02-15 18:00:00,0.1633,0.7619,0.9782,0.7639,T1,38.0,2,11.0333,1.475,2.4667,0.0,2026-02-14 10:00:00
2026-02-16 01:00:00,2026-02-15 19:00:00,0.1331,0.685,0.9485,0.7639,T1,39.0,2,10.9233,1.445,2.3833,0.0,2026-02-14 10:00:00
2026-02-16 02:00:00,2026-02-15 20:00:00,0.1528,0.6969,0.9677,0.7536,T1,40.0,2,10.8067,1.62,2.2833,0.0,2026-02-14 10:00:00
2026-02-16 03:00:00,2026-02-15 21:00:00,0.0807,0.674,0.9645,0.7415,T1,41.0,2,10.6217,2.47,2.1833,0.0,2026-02-14 10:00:00
2026-02-16 04:00:00,2026-02-15 22:00:00,0.184,0.8259,0.978,0.8017,T1,42.0,3,11.9683,3.1,2.3,0.0,2026-02-14 10:00:00
2026-02-16 05:00:00,2026-02-15 23:00:00,0.2905,0.8736,0.975,0.8017,T1,43.0,3,11.985,2.635,2.5667,0.0,2026-02-14 10:00:00
2026-02-16 06:00:00,2026-02-16 00:00:00,0.2416,0.6736,0.9777,0.8017,T1,44.0,3,11.9683,1.55,2.8833,0.0,2026-02-14 10:00:00
2026-02-16 07:00:00,2026-02-16 01:00:00,0.1994,0.598,0.9786,0.8017,T1,45.0,3,11.8483,2.145,2.95,0.0,2026-02-14 10:00:00
2026-02-16 08:00:00,2026-02-16 02:00:00,0.1142,0.6158,0.9674,0.7831,T1,46.0,3,11.4733,3.095,3.2833,0.0,2026-02-14 10:00:00
2026-02-16 09:00:00,2026-02-16 03:00:00,0.1563,0.6074,0.9664,0.781,T1,47.0,3,11.4267,2.825,4.2167,0.0,2026-02-14 10:00:00
2026-02-16 10:00:00,2026-02-16 04:00:00,0.3271,0.6809,0.9817,0.7639,T1,48.0,3,11.3633,2.82,5.4667,0.0,2026-02-14 10:00:00
2026-02-14 11:00:00,2026-02-14 05:00:00,0.0,0.1068,0.4465,0.2347,T2,1.0,1,5.585,6.13,2.7333,0.0,2026-02-14 10:00:00
2026-02-14 12:00:00,2026-02-14 06:00:00,0.0,0.0954,0.5028,0.2206,T2,2.0,1,5.3933,7.345,3.0333,0.0,2026-02-14 10:00:00
2026-02-14 13:00:00,2026-02-14 07:00:00,0.0,0.0666,0.263,0.1472,T2,3.0,1,4.2267,6.33,3.7,0.0,2026-02-14 10:00:00
2026-02-14 14:00:00,2026-02-14 08:00:00,0.0009,0.03,0.2167,0.1275,T2,4.0,1,3.675,4.005,4.1333,0.0,2026-02-14 10:00:00
2026-02-14 15:00:00,2026-02-14 09:00:00,0.0,0.0377,0.2465,0.115,T2,5.0,1,3.5317,2.84,4.0167,0.0,2026-02-14 10:00:00
2026-02-14 16:00:00,2026-02-14 10:00:00,0.0,0.0504,0.1704,0.1,T2,6.0,1,3.1,2.88,3.4,0.0,2026-02-14 10:00:00
2026-02-14 17:00:00,2026-02-14 11:00:00,0.0038,0.0242,0.142,0.0968,T2,7.0,1,2.9633,1.82,2.4833,0.0,2026-02-14 10:00:00
2026-02-14 18:00:00,2026-02-14 12:00:00,0.005,0.0248,0.1385,0.1,T2,8.0,1,2.9933,1.435,1.3833,0.0,2026-02-14 10:00:00
2026-02-14 19:00:00,2026-02-14 13:00:00,0.0,0.0442,0.1807,0.0771,T2,9.0,1,2.5967,1.015,0.5,1.0,2026-02-14 10:00:00
2026-02-14 20:00:00,2026-02-14 14:00:00,0.0,0.0637,0.3093,0.0771,T2,10.0,1,2.5433,2.965,0.0333,1.0,2026-02-14 10:00:00
2026-02-14 21:00:00,2026-02-14 15:00:00,0.0,0.0638,0.3421,0.0781,T2,11.0,1,2.7017,2.76,-0.2,1.0,2026-02-14 10:00:00
2026-02-14 22:00:00,2026-02-14 16:00:00,0.0,0.0435,0.2519,0.0835,T2,12.0,1,2.7883,1.55,-0.2667,1.0,2026-02-14 10:00:00
2026-02-14 23:00:00,2026-02-14 17:00:00,0.0095,0.0203,0.1419,0.115,T2,13.0,1,3.4117,1.93,-0.35,1.0,2026-02-14 10:00:00
2026-02-15 00:00:00,2026-02-14 18:00:00,0.0043,0.026,0.1764,0.1238,T2,14.0,1,3.5517,2.93,-0.55,1.0,2026-02-14 10:00:00
2026-02-15 01:00:00,2026-02-14 19:00:00,0.0064,0.0208,0.1058,0.0781,T2,15.0,1,2.665,2.76,-0.6833,1.0,2026-02-14 10:00:00
2026-02-15 02:00:00,2026-02-14 20:00:00,0.0025,0.0226,0.105,0.0687,T2,16.0,1,2.01,3.0,-0.7,1.0,2026-02-14 10:00:00
2026-02-15 03:00:00,2026-02-14 21:00:00,0.0043,0.0181,0.0813,0.0741,T2,17.0,1,2.2767,3.83,-0.6667,1.0,2026-02-14 10:00:00
2026-02-15 04:00:00,2026-02-14 22:00:00,0.0,0.0613,0.2154,0.0687,T2,18.0,2,1.8233,2.035,-0.5167,1.0,2026-02-14 10:00:00
2026-02-15 05:00:00,2026-02-14 23:00:00,0.0,0.1205,0.245,0.0923,T2,19.0,2,2.8533,3.325,-0.2167,1.0,2026-02-14 10:00:00
2026-02-15 06:00:00,2026-02-15 00:00:00,0.0,0.1867,0.3589,0.1472,T2,20.0,2,4.1617,3.48,0.15,1.0,2026-02-14 10:00:00
2026-02-15 07:00:00,2026-02-15 01:00:00,0.0,0.2,0.653,0.2347,T2,21.0,2,5.585,3.69,0.4333,1.0,2026-02-14 10:00:00
2026-02-15 08:00:00,2026-02-15 02:00:00,0.0,0.2773,0.8207,0.3567,T2,22.0,2,7.125,3.68,1.05,1.0,2026-02-14 10:00:00
2026-02-15 09:00:00,2026-02-15 03:00:00,0.0,0.5171,0.9695,0.4837,T2,23.0,2,8.47,4.04,1.9333,0.0,2026-02-14 10:00:00
2026-02-15 10:00:00,2026-02-15 04:00:00,0.0908,0.5854,0.97,0.65,T2,24.0,2,9.7867,3.955,3.0,0.0,2026-02-14 10:00:00
2026-02-15 11:00:00,2026-02-15 05:00:00,0.2765,0.7132,0.97,0.7639,T2,25.0,2,10.8967,2.85,3.75,0.0,2026-02-14 10:00:00
2026-02-15 12:00:00,2026-02-15 06:00:00,0.2409,0.9079,0.97,0.7831,T2,26.0,2,11.48,2.44,4.45,0.0,2026-02-14 10:00:00
2026-02-15 13:00:00,2026-02-15 07:00:00,0.5119,0.9609,0.97,0.8017,T2,27.0,2,11.695,2.315,5.3333,0.0,2026-02-14 10:00:00
2026-02-15 14:00:00,2026-02-15 08:00:00,0.6173,0.969,0.97,0.8017,T2,28.0,2,11.7433,2.335,6.0,0.0,2026-02-14 10:00:00
2026-02-15 15:00:00,2026-02-15 09:00:00,0.7977,0.97,0.97,0.7831,T2,29.0,2,11.5867,2.23,6.3,0.0,2026-02-14 10:00:00
2026-02-15 16:00:00,2026-02-15 10:00:00,0.6746,0.97,0.97,0.7639,T2,30.0,2,11.3667,1.99,6.1167,0.0,2026-02-14 10:00:00
2026-02-15 17:00:00,2026-02-15 11:00:00,0.7149,0.97,0.97,0.7831,T2,31.0,2,11.59,1.5,5.45,0.0,2026-02-14 10:00:00
2026-02-15 18:00:00,2026-02-15 12:00:00,0.5976,0.97,0.97,0.8017,T2,32.0,2,11.9867,1.69,4.5333,0.0,2026-02-14 10:00:00
2026-02-15 19:00:00,2026-02-15 13:00:00,0.6198,0.97,0.97,0.8017,T2,33.0,2,12.1433,1.96,3.7833,0.0,2026-02-14 10:00:00
2026-02-15 20:00:00,2026-02-15 14:00:00,0.6377,0.97,0.97,0.8017,T2,34.0,2,12.2383,2.075,3.3667,0.0,2026-02-14 10:00:00
2026-02-15 21:00:00,2026-02-15 15:00:00,0.4522,0.97,0.97,0.8017,T2,35.0,2,12.155,2.185,3.1,0.0,2026-02-14 10:00:00
2026-02-15 22:00:00,2026-02-15 16:00:00,0.3059,0.8796,0.97,0.8017,T2,36.0,2,11.9467,2.56,2.9333,0.0,2026-02-14 10:00:00
2026-02-15 23:00:00,2026-02-15 17:00:00,0.187,0.9313,0.97,0.7831,T2,37.0,2,11.4617,2.1,2.7,0.0,2026-02-14 10:00:00
2026-02-16 00:00:00,2026-02-15 18:00:00,0.1142,0.7627,0.97,0.7639,T2,38.0,2,11.0333,1.475,2.4667,0.0,2026-02-14 10:00:00
2026-02-16 01:00:00,2026-02-15 19:00:00,0.1166,0.6858,0.9447,0.7639,T2,39.0,2,10.9233,1.445,2.3833,0.0,2026-02-14 10:00:00
2026-02-16 02:00:00,2026-02-15 20:00:00,0.1119,0.6958,0.9639,0.7536,T2,40.0,2,10.8067,1.62,2.2833,0.0,2026-02-14 10:00:00
2026-02-16 03:00:00,2026-02-15 21:00:00,0.0684,0.6726,0.9607,0.7415,T2,41.0,2,10.6217,2.47,2.1833,0.0,2026-02-14 10:00:00
2026-02-16 04:00:00,2026-02-15 22:00:00,0.1779,0.8448,0.97,0.8017,T2,42.0,3,11.9683,3.1,2.3,0.0,2026-02-14 10:00:00
2026-02-16 05:00:00,2026-02-15 23:00:00,0.2555,0.8737,0.9689,0.8017,T2,43.0,3,11.985,2.635,2.5667,0.0,2026-02-14 10:00:00
2026-02-16 06:00:00,2026-02-16 00:00:00,0.2338,0.6739,0.97,0.8017,T2,44.0,3,11.9683,1.55,2.8833,0.0,2026-02-14 10:00:00
2026-02-16 07:00:00,2026-02-16 01:00:00,0.1766,0.6148,0.97,0.8017,T2,45.0,3,11.8483,2.145,2.95,0.0,2026-02-14 10:00:00
2026-02-16 08:00:00,2026-02-16 02:00:00,0.1155,0.6155,0.9612,0.7831,T2,46.0,3,11.4733,3.095,3.2833,0.0,2026-02-14 10:00:00
2026-02-16 09:00:00,2026-02-16 03:00:00,0.1469,0.607,0.9596,0.781,T2,47.0,3,11.4267,2.825,4.2167,0.0,2026-02-14 10:00:00
2026-02-16 10:00:00,2026-02-16 04:00:00,0.2497,0.6774,0.97,0.7639,T2,48.0,3,11.3633,2.82,5.4667,0.0,2026-02-14 10:00:00
2026-02-14 11:00:00,2026-02-14 05:00:00,0.0,0.1069,0.4465,0.2347,ВЭС,1.0,1,5.585,6.13,2.7333,0.0,2026-02-14 10:00:00
2026-02-14 12:00:00,2026-02-14 06:00:00,0.0,0.0953,0.5028,0.2206,ВЭС,2.0,1,5.3933,7.345,3.0333,0.0,2026-02-14 10:00:00
2026-02-14 13:00:00,2026-02-14 07:00:00,0.0,0.0665,0.263,0.1472,ВЭС,3.0,1,4.2267,6.33,3.7,0.0,2026-02-14 10:00:00
2026-02-14 14:00:00,2026-02-14 08:00:00,0.0013,0.0304,0.2167,0.1275,ВЭС,4.0,1,3.675,4.005,4.1333,0.0,2026-02-14 10:00:00
2026-02-14 15:00:00,2026-02-14 09:00:00,0.0,0.0381,0.2465,0.115,ВЭС,5.0,1,3.5317,2.84,4.0167,0.0,2026-02-14 10:00:00
2026-02-14 16:00:00,2026-02-14 10:00:00,0.0,0.0508,0.1704,0.1,ВЭС,6.0,1,3.1,2.88,3.4,0.0,2026-02-14 10:00:00
2026-02-14 17:00:00,2026-02-14 11:00:00,0.0039,0.0245,0.142,0.0968,ВЭС,7.0,1,2.9633,1.82,2.4833,0.0,2026-02-14 10:00:00
2026-02-14 18:00:00,2026-02-14 12:00:00,0.0044,0.025,0.1385,0.1,ВЭС,8.0,1,2.9933,1.435,1.3833,0.0,2026-02-14 10:00:00
2026-02-14 19:00:00,2026-02-14 13:00:00,0.0,0.0445,0.1807,0.0771,ВЭС,9.0,1,2.5967,1.015,0.5,1.0,2026-02-14 10:00:00
2026-02-14 20:00:00,2026-02-14 14:00:00,0.0,0.0649,0.3093,0.0771,ВЭС,10.0,1,2.5433,2.965,0.0333,1.0,2026-02-14 10:00:00
2026-02-14 21:00:00,2026-02-14 15:00:00,0.0,0.065,0.3421,0.0781,ВЭС,11.0,1,2.7017,2.76,-0.2,1.0,2026-02-14 10:00:00
2026-02-14 22:00:00,2026-02-14 16:00:00,0.0,0.044,0.2519,0.0835,ВЭС,12.0,1,2.7883,1.55,-0.2667,1.0,2026-02-14 10:00:00
2026-02-14 23:00:00,2026-02-14 17:00:00,0.0076,0.0206,0.1419,0.115,ВЭС,13.0,1,3.4117,1.93,-0.35,1.0,2026-02-14 10:00:00
2026-02-15 00:00:00,2026-02-14 18:00:00,0.0038,0.0264,0.1764,0.1238,ВЭС,14.0,1,3.5517,2.93,-0.55,1.0,2026-02-14 10:00:00
2026-02-15 01:00:00,2026-02-14 19:00:00,0.0059,0.0213,0.1058,0.0781,ВЭС,15.0,1,2.665,2.76,-0.6833,1.0,2026-02-14 10:00:00
2026-02-15 02:00:00,2026-02-14 20:00:00,0.0036,0.023,0.105,0.0687,ВЭС,16.0,1,2.01,3.0,-0.7,1.0,2026-02-14 10:00:00
2026-02-15 03:00:00,2026-02-14 21:00:00,0.0054,0.0185,0.0813,0.0741,ВЭС,17.0,1,2.2767,3.83,-0.6667,1.0,2026-02-14 10:00:00
2026-02-15 04:00:00,2026-02-14 22:00:00,0.0,0.0625,0.2154,0.0687,ВЭС,18.0,2,1.8233,2.035,-0.5167,1.0,2026-02-14 10:00:00
2026-02-15 05:00:00,2026-02-14 23:00:00,0.0,0.1251,0.245,0.0923,ВЭС,19.0,2,2.8533,3.325,-0.2167,1.0,2026-02-14 10:00:00
2026-02-15 06:00:00,2026-02-15 00:00:00,0.0,0.1909,0.3589,0.1472,ВЭС,20.0,2,4.1617,3.48,0.15,1.0,2026-02-14 10:00:00
2026-02-15 07:00:00,2026-02-15 01:00:00,0.0,0.208,0.653,0.2347,ВЭС,21.0,2,5.585,3.69,0.4333,1.0,2026-02-14 10:00:00
2026-02-15 08:00:00,2026-02-15 02:00:00,0.0,0.2854,0.8207,0.3567,ВЭС,22.0,2,7.125,3.68,1.05,1.0,2026-02-14 10:00:00
2026-02-15 09:00:00,2026-02-15 03:00:00,0.0,0.5251,0.9704,0.4837,ВЭС,23.0,2,8.47,4.04,1.9333,0.0,2026-02-14 10:00:00
2026-02-15 10:00:00,2026-02-15 04:00:00,0.1269,0.5908,0.9739,0.65,ВЭС,24.0,2,9.7867,3.955,3.0,0.0,2026-02-14 10:00:00
2026-02-15 11:00:00,2026-02-15 05:00:00,0.3049,0.7219,0.9746,0.7639,ВЭС,25.0,2,10.8967,2.85,3.75,0.0,2026-02-14 10:00:00
2026-02-15 12:00:00,2026-02-15 06:00:00,0.3021,0.9113,0.9777,0.7831,ВЭС,26.0,2,11.48,2.44,4.45,0.0,2026-02-14 10:00:00
2026-02-15 13:00:00,2026-02-15 07:00:00,0.5344,0.964,0.9783,0.8017,ВЭС,27.0,2,11.695,2.315,5.3333,0.0,2026-02-14 10:00:00
2026-02-15 14:00:00,2026-02-15 08:00:00,0.6017,0.9725,0.98,0.8017,ВЭС,28.0,2,11.7433,2.335,6.0,0.0,2026-02-14 10:00:00
2026-02-15 15:00:00,2026-02-15 09:00:00,0.729,0.98,0.98,0.7831,ВЭС,29.0,2,11.5867,2.23,6.3,0.0,2026-02-14 10:00:00
2026-02-15 16:00:00,2026-02-15 10:00:00,0.6248,0.98,0.98,0.7639,ВЭС,30.0,2,11.3667,1.99,6.1167,0.0,2026-02-14 10:00:00
2026-02-15 17:00:00,2026-02-15 11:00:00,0.6932,0.98,0.98,0.7831,ВЭС,31.0,2,11.59,1.5,5.45,0.0,2026-02-14 10:00:00
2026-02-15 18:00:00,2026-02-15 12:00:00,0.6043,0.98,0.98,0.8017,ВЭС,32.0,2,11.9867,1.69,4.5333,0.0,2026-02-14 10:00:00
2026-02-15 19:00:00,2026-02-15 13:00:00,0.6292,0.98,0.98,0.8017,ВЭС,33.0,2,12.1433,1.96,3.7833,0.0,2026-02-14 10:00:00
2026-02-15 20:00:00,2026-02-15 14:00:00,0.648,0.98,0.98,0.8017,ВЭС,34.0,2,12.2383,2.075,3.3667,0.0,2026-02-14 10:00:00
2026-02-15 21:00:00,2026-02-15 15:00:00,0.4694,0.98,0.98,0.8017,ВЭС,35.0,2,12.155,2.185,3.1,0.0,2026-02-14 10:00:00
2026-02-15 22:00:00,2026-02-15 16:00:00,0.3428,0.8912,0.98,0.8017,ВЭС,36.0,2,11.9467,2.56,2.9333,0.0,2026-02-14 10:00:00
2026-02-15 23:00:00,2026-02-15 17:00:00,0.2245,0.9388,0.9776,0.7831,ВЭС,37.0,2,11.4617,2.1,2.7,0.0,2026-02-14 10:00:00
2026-02-16 00:00:00,2026-02-15 18:00:00,0.1387,0.7623,0.9741,0.7639,ВЭС,38.0,2,11.0333,1.475,2.4667,0.0,2026-02-14 10:00:00
2026-02-16 01:00:00,2026-02-15 19:00:00,0.1249,0.6854,0.9466,0.7639,ВЭС,39.0,2,10.9233,1.445,2.3833,0.0,2026-02-14 10:00:00
2026-02-16 02:00:00,2026-02-15 20:00:00,0.1323,0.6963,0.9658,0.7536,ВЭС,40.0,2,10.8067,1.62,2.2833,0.0,2026-02-14 10:00:00
2026-02-16 03:00:00,2026-02-15 21:00:00,0.0746,0.6733,0.9626,0.7415,ВЭС,41.0,2,10.6217,2.47,2.1833,0.0,2026-02-14 10:00:00
2026-02-16 04:00:00,2026-02-15 22:00:00,0.1809,0.8354,0.974,0.8017,ВЭС,42.0,3,11.9683,3.1,2.3,0.0,2026-02-14 10:00:00
2026-02-16 05:00:00,2026-02-15 23:00:00,0.273,0.8737,0.9719,0.8017,ВЭС,43.0,3,11.985,2.635,2.5667,0.0,2026-02-14 10:00:00
2026-02-16 06:00:00,2026-02-16 00:00:00,0.2377,0.6737,0.9738,0.8017,ВЭС,44.0,3,11.9683,1.55,2.8833,0.0,2026-02-14 10:00:00
2026-02-16 07:00:00,2026-02-16 01:00:00,0.188,0.6064,0.9743,0.8017,ВЭС,45.0,3,11.8483,2.145,2.95,0.0,2026-02-14 10:00:00
2026-02-16 08:00:00,2026-02-16 02:00:00,0.1148,0.6156,0.9643,0.7831,ВЭС,46.0,3,11.4733,3.095,3.2833,0.0,2026-02-14 10:00:00
2026-02-16 09:00:00,2026-02-16 03:00:00,0.1516,0.6072,0.963,0.781,ВЭС,47.0,3,11.4267,2.825,4.2167,0.0,2026-02-14 10:00:00
2026-02-16 10:00:00,2026-02-16 04:00:00,0.2884,0.6791,0.9759,0.7639,ВЭС,48.0,3,11.3633,2.82,5.4667,0.0,2026-02-14 10:00:00
2026-02-14 23:00:00,2026-02-14 17:00:00,0.0056,0.0209,0.1419,0.115,T1,1.0,1,3.4117,1.93,-0.35,1.0,2026-02-14 22:00:00
2026-02-15 00:00:00,2026-02-14 18:00:00,0.0033,0.0267,0.1764,0.1238,T1,2.0,1,3.5517,2.93,-0.55,1.0,2026-02-14 22:00:00
2026-02-15 01:00:00,2026-02-14 19:00:00,0.0053,0.0217,0.1058,0.0781,T1,3.0,1,2.665,2.76,-0.6833,1.0,2026-02-14 22:00:00
2026-02-15 02:00:00,2026-02-14 20:00:00,0.0046,0.0234,0.105,0.0687,T1,4.0,1,2.01,3.0,-0.7,1.0,2026-02-14 22:00:00
2026-02-15 03:00:00,2026-02-14 21:00:00,0.0064,0.0189,0.0813,0.0741,T1,5.0,1,2.2767,3.83,-0.6667,1.0,2026-02-14 22:00:00
2026-02-15 04:00:00,2026-02-14 22:00:00,0.0047,0.023,0.0647,0.0923,T1,6.0,1,2.86,5.16,-0.8833,1.0,2026-02-14 22:00:00
2026-02-15 05:00:00,2026-02-14 23:00:00,0.0,0.0662,0.1,0.1275,T1,7.0,1,3.675,4.965,-1.1167,1.0,2026-02-14 22:00:00
2026-02-15 06:00:00,2026-02-15 00:00:00,0.0,0.1466,0.3233,0.2206,T1,8.0,1,5.3317,4.345,-1.15,1.0,2026-02-14 22:00:00
2026-02-15 07:00:00,2026-02-15 01:00:00,0.0177,0.1935,0.5707,0.3567,T1,9.0,1,6.9933,3.965,-0.95,1.0,2026-02-14 22:00:00
2026-02-15 08:00:00,2026-02-15 02:00:00,0.0497,0.2178,0.8286,0.4461,T1,10.0,1,8.1917,2.59,-0.1,1.0,2026-02-14 22:00:00
2026-02-15 09:00:00,2026-02-15 03:00:00,0.1105,0.606,0.9783,0.5709,T1,11.0,1,9.3617,2.72,1.1833,1.0,2026-02-14 22:00:00
2026-02-15 10:00:00,2026-02-15 04:00:00,0.3575,0.8956,0.9845,0.73,T1,12.0,1,10.535,2.325,2.45,0.0,2026-02-14 22:00:00
2026-02-15 11:00:00,2026-02-15 05:00:00,0.5607,0.967,0.99,0.8017,T1,13.0,1,11.735,1.88,3.5333,0.0,2026-02-14 22:00:00
2026-02-15 12:00:00,2026-02-15 06:00:00,0.5531,0.9346,0.99,0.8291,T1,14.0,1,12.3917,1.58,4.6,0.0,2026-02-14 22:00:00
2026-02-15 13:00:00,2026-02-15 07:00:00,0.6208,0.9537,0.99,0.8017,T1,15.0,1,12.17,1.73,5.55,0.0,2026-02-14 22:00:00
2026-02-15 14:00:00,2026-02-15 08:00:00,0.6419,0.99,0.99,0.8017,T1,16.0,1,11.8933,1.94,6.15,0.0,2026-02-14 22:00:00
2026-02-15 15:00:00,2026-02-15 09:00:00,0.789,0.99,0.99,0.8017,T1,17.0,1,11.7017,2.105,6.3333,0.0,2026-02-14 22:00:00
2026-02-15 16:00:00,2026-02-15 10:00:00,0.575,0.99,0.99,0.7639,T1,18.0,2,11.3667,1.99,6.1167,0.0,2026-02-14 22:00:00
2026-02-15 17:00:00,2026-02-15 11:00:00,0.6715,0.99,0.99,0.7831,T1,19.0,2,11.59,1.5,5.45,0.0,2026-02-14 22:00:00
2026-02-15 18:00:00,2026-02-15 12:00:00,0.611,0.99,0.99,0.8017,T1,20.0,2,11.9867,1.69,4.5333,0.0,2026-02-14 22:00:00
2026-02-15 19:00:00,2026-02-15 13:00:00,0.6385,0.99,0.99,0.8017,T1,21.0,2,12.1433,1.96,3.7833,0.0,2026-02-14 22:00:00
2026-02-15 20:00:00,2026-02-15 14:00:00,0.6583,0.99,0.99,0.8017,T1,22.0,2,12.2383,2.075,3.3667,0.0,2026-02-14 22:00:00
2026-02-15 21:00:00,2026-02-15 15:00:00,0.4867,0.99,0.99,0.8017,T1,23.0,2,12.155,2.185,3.1,0.0,2026-02-14 22:00:00
2026-02-15 22:00:00,2026-02-15 16:00:00,0.3797,0.9027,0.99,0.8017,T1,24.0,2,11.9467,2.56,2.9333,0.0,2026-02-14 22:00:00
2026-02-15 23:00:00,2026-02-15 17:00:00,0.262,0.9463,0.9851,0.7831,T1,25.0,2,11.4617,2.1,2.7,0.0,2026-02-14 22:00:00
2026-02-16 00:00:00,2026-02-15 18:00:00,0.1633,0.7619,0.9782,0.7639,T1,26.0,2,11.0333,1.475,2.4667,0.0,2026-02-14 22:00:00
2026-02-16 01:00:00,2026-02-15 19:00:00,0.1331,0.685,0.9485,0.7639,T1,27.0,2,10.9233,1.445,2.3833,0.0,2026-02-14 22:00:00
2026-02-16 02:00:00,2026-02-15 20:00:00,0.1528,0.6969,0.9677,0.7536,T1,28.0,2,10.8067,1.62,2.2833,0.0,2026-02-14 22:00:00
2026-02-16 03:00:00,2026-02-15 21:00:00,0.0807,0.674,0.9645,0.7415,T1,29.0,2,10.6217,2.47,2.1833,0.0,2026-02-14 22:00:00
2026-02-16 04:00:00,2026-02-15 22:00:00,0.0,0.512,0.9354,0.681,T1,30.0,2,10.055,4.1,2.1667,0.0,2026-02-14 22:00:00
2026-02-16 05:00:00,2026-02-15 23:00:00,0.0875,0.4789,0.9453,0.681,T1,31.0,2,10.13,4.175,2.2833,0.0,2026-02-14 22:00:00
2026-02-16 06:00:00,2026-02-16 00:00:00,0.1367,0.487,0.963,0.6898,T1,32.0,2,10.235,4.03,2.3167,0.0,2026-02-14 22:00:00
2026-02-16 07:00:00,2026-02-16 01:00:00,0.0215,0.4817,0.9741,0.6587,T1,33.0,2,9.855,4.68,2.3333,0.0,2026-02-14 22:00:00
2026-02-16 08:00:00,2026-02-16 02:00:00,0.0048,0.4729,0.9658,0.6587,T1,34.0,2,9.9083,4.89,2.5833,0.0,2026-02-14 22:00:00
2026-02-16 09:00:00,2026-02-16 03:00:00,0.085,0.6623,0.9809,0.681,T1,35.0,2,10.0717,3.465,3.0667,0.0,2026-02-14 22:00:00
2026-02-16 10:00:00,2026-02-16 04:00:00,0.2754,0.7398,0.99,0.681,T1,36.0,2,10.1917,2.28,3.6333,0.0,2026-02-14 22:00:00
2026-02-16 11:00:00,2026-02-16 05:00:00,0.1452,0.7548,0.9872,0.65,T1,37.0,2,9.8367,1.79,4.1833,0.0,2026-02-14 22:00:00
2026-02-16 12:00:00,2026-02-16 06:00:00,0.1317,0.5432,0.9784,0.5709,T1,38.0,2,9.3067,0.675,4.9333,0.0,2026-02-14 22:00:00
2026-02-16 13:00:00,2026-02-16 07:00:00,0.1641,0.5365,0.9594,0.5417,T1,39.0,2,8.975,0.81,6.0667,0.0,2026-02-14 22:00:00
2026-02-16 14:00:00,2026-02-16 08:00:00,0.054,0.5306,0.9862,0.5291,T1,40.0,2,8.9633,2.085,7.15,0.0,2026-02-14 22:00:00
2026-02-16 15:00:00,2026-02-16 09:00:00,0.0563,0.5433,0.99,0.5709,T1,41.0,2,9.3867,2.735,7.5333,0.0,2026-02-14 22:00:00
2026-02-16 16:00:00,2026-02-16 10:00:00,0.326,0.9504,0.9822,0.8217,T1,42.0,3,12.43,3.27,8.0333,0.0,2026-02-14 22:00:00
2026-02-16 17:00:00,2026-02-16 11:00:00,0.4272,0.9267,0.99,0.8017,T1,43.0,3,12.05,3.745,6.9333,0.0,2026-02-14 22:00:00
2026-02-16 18:00:00,2026-02-16 12:00:00,0.173,0.8895,0.99,0.7639,T1,44.0,3,11.2933,4.63,5.7333,0.0,2026-02-14 22:00:00
2026-02-16 19:00:00,2026-02-16 13:00:00,0.1551,0.8982,0.9889,0.7639,T1,45.0,3,11.2233,4.93,4.9167,0.0,2026-02-14 22:00:00
2026-02-16 20:00:00,2026-02-16 14:00:00,0.1167,0.911,0.9813,0.7639,T1,46.0,3,11.205,4.93,4.2167,0.0,2026-02-14 22:00:00
2026-02-16 21:00:00,2026-02-16 15:00:00,0.1699,0.7755,0.9816,0.7639,T1,47.0,3,11.295,4.565,3.6333,0.0,2026-02-14 22:00:00
2026-02-16 22:00:00,2026-02-16 16:00:00,0.2033,0.7405,0.9886,0.781,T1,48.0,3,11.3967,3.875,3.1667,0.0,2026-02-14 22:00:00
2026-02-14 23:00:00,2026-02-14 17:00:00,0.0095,0.0203,0.1419,0.115,T2,1.0,1,3.4117,1.93,-0.35,1.0,2026-02-14 22:00:00
2026-02-15 00:00:00,2026-02-14 18:00:00,0.0043,0.026,0.1764,0.1238,T2,2.0,1,3.5517,2.93,-0.55,1.0,2026-02-14 22:00:00
2026-02-15 01:00:00,2026-02-14 19:00:00,0.0064,0.0208,0.1058,0.0781,T2,3.0,1,2.665,2.76,-0.6833,1.0,2026-02-14 22:00:00
2026-02-15 02:00:00,2026-02-14 20:00:00,0.0025,0.0226,0.105,0.0687,T2,4.0,1,2.01,3.0,-0.7,1.0,2026-02-14 22:00:00
2026-02-15 03:00:00,2026-02-14 21:00:00,0.0043,0.0181,0.0813,0.0741,T2,5.0,1,2.2767,3.83,-0.6667,1.0,2026-02-14 22:00:00
2026-02-15 04:00:00,2026-02-14 22:00:00,0.0057,0.0155,0.0647,0.0923,T2,6.0,1,2.86,5.16,-0.8833,1.0,2026-02-14 22:00:00
2026-02-15 05:00:00,2026-02-14 23:00:00,0.0,0.0588,0.1,0.1275,T2,7.0,1,3.675,4.965,-1.1167,1.0,2026-02-14 22:00:00
2026-02-15 06:00:00,2026-02-15 00:00:00,0.0,0.1395,0.3233,0.2206,T2,8.0,1,5.3317,4.345,-1.15,1.0,2026-02-14 22:00:00
2026-02-15 07:00:00,2026-02-15 01:00:00,0.0,0.18,0.5707,0.3567,T2,9.0,1,6.9933,3.965,-0.95,1.0,2026-02-14 22:00:00
2026-02-15 08:00:00,2026-02-15 02:00:00,0.0083,0.2005,0.8286,0.4461,T2,10.0,1,8.1917,2.59,-0.1,1.0,2026-02-14 22:00:00
2026-02-15 09:00:00,2026-02-15 03:00:00,0.1398,0.594,0.97,0.5709,T2,11.0,1,9.3617,2.72,1.1833,1.0,2026-02-14 22:00:00
2026-02-15 10:00:00,2026-02-15 04:00:00,0.5223,0.8747,0.97,0.73,T2,12.0,1,10.535,2.325,2.45,0.0,2026-02-14 22:00:00
2026-02-15 11:00:00,2026-02-15 05:00:00,0.5553,0.9492,0.97,0.8017,T2,13.0,1,11.735,1.88,3.5333,0.0,2026-02-14 22:00:00
2026-02-15 12:00:00,2026-02-15 06:00:00,0.5662,0.9091,0.97,0.8291,T2,14.0,1,12.3917,1.58,4.6,0.0,2026-02-14 22:00:00
2026-02-15 13:00:00,2026-02-15 07:00:00,0.6616,0.945,0.97,0.8017,T2,15.0,1,12.17,1.73,5.55,0.0,2026-02-14 22:00:00
2026-02-15 14:00:00,2026-02-15 08:00:00,0.6999,0.97,0.97,0.8017,T2,16.0,1,11.8933,1.94,6.15,0.0,2026-02-14 22:00:00
2026-02-15 15:00:00,2026-02-15 09:00:00,0.8101,0.97,0.97,0.8017,T2,17.0,1,11.7017,2.105,6.3333,0.0,2026-02-14 22:00:00
2026-02-15 16:00:00,2026-02-15 10:00:00,0.6746,0.97,0.97,0.7639,T2,18.0,2,11.3667,1.99,6.1167,0.0,2026-02-14 22:00:00
2026-02-15 17:00:00,2026-02-15 11:00:00,0.7149,0.97,0.97,0.7831,T2,19.0,2,11.59,1.5,5.45,0.0,2026-02-14 22:00:00
2026-02-15 18:00:00,2026-02-15 12:00:00,0.5976,0.97,0.97,0.8017,T2,20.0,2,11.9867,1.69,4.5333,0.0,2026-02-14 22:00:00
2026-02-15 19:00:00,2026-02-15 13:00:00,0.6198,0.97,0.97,0.8017,T2,21.0,2,12.1433,1.96,3.7833,0.0,2026-02-14 22:00:00
2026-02-15 20:00:00,2026-02-15 14:00:00,0.6377,0.97,0.97,0.8017,T2,22.0,2,12.2383,2.075,3.3667,0.0,2026-02-14 22:00:00
2026-02-15 21:00:00,2026-02-15 15:00:00,0.4522,0.97,0.97,0.8017,T2,23.0,2,12.155,2.185,3.1,0.0,2026-02-14 22:00:00
2026-02-15 22:00:00,2026-02-15 16:00:00,0.3059,0.8796,0.97,0.8017,T2,24.0,2,11.9467,2.56,2.9333,0.0,2026-02-14 22:00:00
2026-02-15 23:00:00,2026-02-15 17:00:00,0.187,0.9313,0.97,0.7831,T2,25.0,2,11.4617,2.1,2.7,0.0,2026-02-14 22:00:00
2026-02-16 00:00:00,2026-02-15 18:00:00,0.1142,0.7627,0.97,0.7639,T2,26.0,2,11.0333,1.475,2.4667,0.0,2026-02-14 22:00:00
2026-02-16 01:00:00,2026-02-15 19:00:00,0.1166,0.6858,0.9447,0.7639,T2,27.0,2,10.9233,1.445,2.3833,0.0,2026-02-14 22:00:00
2026-02-16 02:00:00,2026-02-15 20:00:00,0.1119,0.6958,0.9639,0.7536,T2,28.0,2,10.8067,1.62,2.2833,0.0,2026-02-14 22:00:00
2026-02-16 03:00:00,2026-02-15 21:00:00,0.0684,0.6726,0.9607,0.7415,T2,29.0,2,10.6217,2.47,2.1833,0.0,2026-02-14 22:00:00
2026-02-16 04:00:00,2026-02-15 22:00:00,0.0,0.5105,0.9307,0.681,T2,30.0,2,10.055,4.1,2.1667,0.0,2026-02-14 22:00:00
2026-02-16 05:00:00,2026-02-15 23:00:00,0.0796,0.4827,0.9408,0.681,T2,31.0,2,10.13,4.175,2.2833,0.0,2026-02-14 22:00:00
2026-02-16 06:00:00,2026-02-16 00:00:00,0.1078,0.4855,0.9558,0.6898,T2,32.0,2,10.235,4.03,2.3167,0.0,2026-02-14 22:00:00
2026-02-16 07:00:00,2026-02-16 01:00:00,0.022,0.4855,0.9681,0.6587,T2,33.0,2,9.855,4.68,2.3333,0.0,2026-02-14 22:00:00
2026-02-16 08:00:00,2026-02-16 02:00:00,0.0034,0.4709,0.9583,0.6587,T2,34.0,2,9.9083,4.89,2.5833,0.0,2026-02-14 22:00:00
2026-02-16 09:00:00,2026-02-16 03:00:00,0.0979,0.6535,0.97,0.681,T2,35.0,2,10.0717,3.465,3.0667,0.0,2026-02-14 22:00:00
2026-02-16 10:00:00,2026-02-16 04:00:00,0.3124,0.7338,0.97,0.681,T2,36.0,2,10.1917,2.28,3.6333,0.0,2026-02-14 22:00:00
2026-02-16 11:00:00,2026-02-16 05:00:00,0.2165,0.7594,0.97,0.65,T2,37.0,2,9.8367,1.79,4.1833,0.0,2026-02-14 22:00:00
2026-02-16 12:00:00,2026-02-16 06:00:00,0.0998,0.5478,0.97,0.5709,T2,38.0,2,9.3067,0.675,4.9333,0.0,2026-02-14 22:00:00
2026-02-16 13:00:00,2026-02-16 07:00:00,0.1747,0.5409,0.9583,0.5417,T2,39.0,2,8.975,0.81,6.0667,0.0,2026-02-14 22:00:00
2026-02-16 14:00:00,2026-02-16 08:00:00,0.0582,0.5363,0.97,0.5291,T2,40.0,2,8.9633,2.085,7.15,0.0,2026-02-14 22:00:00
2026-02-16 15:00:00,2026-02-16 09:00:00,0.0408,0.5502,0.97,0.5709,T2,41.0,2,9.3867,2.735,7.5333,0.0,2026-02-14 22:00:00
2026-02-16 16:00:00,2026-02-16 10:00:00,0.2588,0.9456,0.97,0.8217,T2,42.0,3,12.43,3.27,8.0333,0.0,2026-02-14 22:00:00
2026-02-16 17:00:00,2026-02-16 11:00:00,0.1857,0.9304,0.97,0.8017,T2,43.0,3,12.05,3.745,6.9333,0.0,2026-02-14 22:00:00
2026-02-16 18:00:00,2026-02-16 12:00:00,0.2219,0.8901,0.97,0.7639,T2,44.0,3,11.2933,4.63,5.7333,0.0,2026-02-14 22:00:00
2026-02-16 19:00:00,2026-02-16 13:00:00,0.1596,0.8949,0.97,0.7639,T2,45.0,3,11.2233,4.93,4.9167,0.0,2026-02-14 22:00:00
2026-02-16 20:00:00,2026-02-16 14:00:00,0.1468,0.9077,0.97,0.7639,T2,46.0,3,11.205,4.93,4.2167,0.0,2026-02-14 22:00:00
2026-02-16 21:00:00,2026-02-16 15:00:00,0.1952,0.7695,0.97,0.7639,T2,47.0,3,11.295,4.565,3.6333,0.0,2026-02-14 22:00:00
2026-02-16 22:00:00,2026-02-16 16:00:00,0.1929,0.7338,0.97,0.781,T2,48.0,3,11.3967,3.875,3.1667,0.0,2026-02-14 22:00:00
2026-02-14 23:00:00,2026-02-14 17:00:00,0.0076,0.0206,0.1419,0.115,ВЭС,1.0,1,3.4117,1.93,-0.35,1.0,2026-02-14 22:00:00
2026-02-15 00:00:00,2026-02-14 18:00:00,0.0038,0.0264,0.1764,0.1238,ВЭС,2.0,1,3.5517,2.93,-0.55,1.0,2026-02-14 22:00:00
2026-02-15 01:00:00,2026-02-14 19:00:00,0.0059,0.0213,0.1058,0.0781,ВЭС,3.0,1,2.665,2.76,-0.6833,1.0,2026-02-14 22:00:00
2026-02-15 02:00:00,2026-02-14 20:00:00,0.0036,0.023,0.105,0.0687,ВЭС,4.0,1,2.01,3.0,-0.7,1.0,2026-02-14 22:00:00
2026-02-15 03:00:00,2026-02-14 21:00:00,0.0054,0.0185,0.0813,0.0741,ВЭС,5.0,1,2.2767,3.83,-0.6667,1.0,2026-02-14 22:00:00
2026-02-15 04:00:00,2026-02-14 22:00:00,0.0052,0.0193,0.0647,0.0923,ВЭС,6.0,1,2.86,5.16,-0.8833,1.0,2026-02-14 22:00:00
2026-02-15 05:00:00,2026-02-14 23:00:00,0.0,0.0625,0.1,0.1275,ВЭС,7.0,1,3.675,4.965,-1.1167,1.0,2026-02-14 22:00:00
2026-02-15 06:00:00,2026-02-15 00:00:00,0.0,0.1431,0.3233,0.2206,ВЭС,8.0,1,5.3317,4.345,-1.15,1.0,2026-02-14 22:00:00
2026-02-15 07:00:00,2026-02-15 01:00:00,0.0089,0.1867,0.5707,0.3567,ВЭС,9.0,1,6.9933,3.965,-0.95,1.0,2026-02-14 22:00:00
2026-02-15 08:00:00,2026-02-15 02:00:00,0.029,0.2091,0.8286,0.4461,ВЭС,10.0,1,8.1917,2.59,-0.1,1.0,2026-02-14 22:00:00
2026-02-15 09:00:00,2026-02-15 03:00:00,0.1252,0.6,0.9741,0.5709,ВЭС,11.0,1,9.3617,2.72,1.1833,1.0,2026-02-14 22:00:00
2026-02-15 10:00:00,2026-02-15 04:00:00,0.4399,0.8851,0.9773,0.73,ВЭС,12.0,1,10.535,2.325,2.45,0.0,2026-02-14 22:00:00
2026-02-15 11:00:00,2026-02-15 05:00:00,0.558,0.9581,0.98,0.8017,ВЭС,13.0,1,11.735,1.88,3.5333,0.0,2026-02-14 22:00:00
2026-02-15 12:00:00,2026-02-15 06:00:00,0.5596,0.9218,0.98,0.8291,ВЭС,14.0,1,12.3917,1.58,4.6,0.0,2026-02-14 22:00:00
2026-02-15 13:00:00,2026-02-15 07:00:00,0.6412,0.9494,0.98,0.8017,ВЭС,15.0,1,12.17,1.73,5.55,0.0,2026-02-14 22:00:00
2026-02-15 14:00:00,2026-02-15 08:00:00,0.6709,0.98,0.98,0.8017,ВЭС,16.0,1,11.8933,1.94,6.15,0.0,2026-02-14 22:00:00
2026-02-15 15:00:00,2026-02-15 09:00:00,0.7996,0.98,0.98,0.8017,ВЭС,17.0,1,11.7017,2.105,6.3333,0.0,2026-02-14 22:00:00
2026-02-15 16:00:00,2026-02-15 10:00:00,0.6248,0.98,0.98,0.7639,ВЭС,18.0,2,11.3667,1.99,6.1167,0.0,2026-02-14 22:00:00
2026-02-15 17:00:00,2026-02-15 11:00:00,0.6932,0.98,0.98,0.7831,ВЭС,19.0,2,11.59,1.5,5.45,0.0,2026-02-14 22:00:00
2026-02-15 18:00:00,2026-02-15 12:00:00,0.6043,0.98,0.98,0.8017,ВЭС,20.0,2,11.9867,1.69,4.5333,0.0,2026-02-14 22:00:00
2026-02-15 19:00:00,2026-02-15 13:00:00,0.6292,0.98,0.98,0.8017,ВЭС,21.0,2,12.1433,1.96,3.7833,0.0,2026-02-14 22:00:00
2026-02-15 20:00:00,2026-02-15 14:00:00,0.648,0.98,0.98,0.8017,ВЭС,22.0,2,12.2383,2.075,3.3667,0.0,2026-02-14 22:00:00
2026-02-15 21:00:00,2026-02-15 15:00:00,0.4694,0.98,0.98,0.8017,ВЭС,23.0,2,12.155,2.185,3.1,0.0,2026-02-14 22:00:00
2026-02-15 22:00:00,2026-02-15 16:00:00,0.3428,0.8912,0.98,0.8017,ВЭС,24.0,2,11.9467,2.56,2.9333,0.0,2026-02-14 22:00:00
2026-02-15 23:00:00,2026-02-15 17:00:00,0.2245,0.9388,0.9776,0.7831,ВЭС,25.0,2,11.4617,2.1,2.7,0.0,2026-02-14 22:00:00
2026-02-16 00:00:00,2026-02-15 18:00:00,0.1387,0.7623,0.9741,0.7639,ВЭС,26.0,2,11.0333,1.475,2.4667,0.0,2026-02-14 22:00:00
2026-02-16 01:00:00,2026-02-15 19:00:00,0.1249,0.6854,0.9466,0.7639,ВЭС,27.0,2,10.9233,1.445,2.3833,0.0,2026-02-14 22:00:00
2026-02-16 02:00:00,2026-02-15 20:00:00,0.1323,0.6963,0.9658,0.7536,ВЭС,28.0,2,10.8067,1.62,2.2833,0.0,2026-02-14 22:00:00
2026-02-16 03:00:00,2026-02-15 21:00:00,0.0746,0.6733,0.9626,0.7415,ВЭС,29.0,2,10.6217,2.47,2.1833,0.0,2026-02-14 22:00:00
2026-02-16 04:00:00,2026-02-15 22:00:00,0.0,0.5112,0.9331,0.681,ВЭС,30.0,2,10.055,4.1,2.1667,0.0,2026-02-14 22:00:00
2026-02-16 05:00:00,2026-02-15 23:00:00,0.0835,0.4808,0.943,0.681,ВЭС,31.0,2,10.13,4.175,2.2833,0.0,2026-02-14 22:00:00
2026-02-16 06:00:00,2026-02-16 00:00:00,0.1222,0.4863,0.9594,0.6898,ВЭС,32.0,2,10.235,4.03,2.3167,0.0,2026-02-14 22:00:00
2026-02-16 07:00:00,2026-02-16 01:00:00,0.0217,0.4836,0.9711,0.6587,ВЭС,33.0,2,9.855,4.68,2.3333,0.0,2026-02-14 22:00:00
2026-02-16 08:00:00,2026-02-16 02:00:00,0.0041,0.4719,0.9621,0.6587,ВЭС,34.0,2,9.9083,4.89,2.5833,0.0,2026-02-14 22:00:00
2026-02-16 09:00:00,2026-02-16 03:00:00,0.0914,0.6579,0.9754,0.681,ВЭС,35.0,2,10.0717,3.465,3.0667,0.0,2026-02-14 22:00:00
2026-02-16 10:00:00,2026-02-16 04:00:00,0.2939,0.7368,0.98,0.681,ВЭС,36.0,2,10.1917,2.28,3.6333,0.0,2026-02-14 22:00:00
2026-02-16 11:00:00,2026-02-16 05:00:00,0.1809,0.7571,0.9786,0.65,ВЭС,37.0,2,9.8367,1.79,4.1833,0.0,2026-02-14 22:00:00
2026-02-16 12:00:00,2026-02-16 06:00:00,0.1158,0.5455,0.9742,0.5709,ВЭС,38.0,2,9.3067,0.675,4.9333,0.0,2026-02-14 22:00:00
2026-02-16 13:00:00,2026-02-16 07:00:00,0.1694,0.5387,0.9588,0.5417,ВЭС,39.0,2,8.975,0.81,6.0667,0.0,2026-02-14 22:00:00
2026-02-16 14:00:00,2026-02-16 08:00:00,0.0561,0.5334,0.9781,0.5291,ВЭС,40.0,2,8.9633,2.085,7.15,0.0,2026-02-14 22:00:00
2026-02-16 15:00:00,2026-02-16 09:00:00,0.0485,0.5468,0.98,0.5709,ВЭС,41.0,2,9.3867,2.735,7.5333,0.0,2026-02-14 22:00:00
2026-02-16 16:00:00,2026-02-16 10:00:00,0.2924,0.948,0.9761,0.8217,ВЭС,42.0,3,12.43,3.27,8.0333,0.0,2026-02-14 22:00:00
2026-02-16 17:00:00,2026-02-16 11:00:00,0.3065,0.9286,0.98,0.8017,ВЭС,43.0,3,12.05,3.745,6.9333,0.0,2026-02-14 22:00:00
2026-02-16 18:00:00,2026-02-16 12:00:00,0.1975,0.8898,0.98,0.7639,ВЭС,44.0,3,11.2933,4.63,5.7333,0.0,2026-02-14 22:00:00
2026-02-16 19:00:00,2026-02-16 13:00:00,0.1574,0.8965,0.9795,0.7639,ВЭС,45.0,3,11.2233,4.93,4.9167,0.0,2026-02-14 22:00:00
2026-02-16 20:00:00,2026-02-16 14:00:00,0.1318,0.9094,0.9756,0.7639,ВЭС,46.0,3,11.205,4.93,4.2167,0.0,2026-02-14 22:00:00
2026-02-16 21:00:00,2026-02-16 15:00:00,0.1826,0.7725,0.9758,0.7639,ВЭС,47.0,3,11.295,4.565,3.6333,0.0,2026-02-14 22:00:00
2026-02-16 22:00:00,2026-02-16 16:00:00,0.1981,0.7372,0.9793,0.781,ВЭС,48.0,3,11.3967,3.875,3.1667,0.0,2026-02-14 22:00:00
2026-02-15 11:00:00,2026-02-15 05:00:00,0.5607,0.967,0.99,0.8017,T1,1.0,1,11.735,1.88,3.5333,0.0,2026-02-15 10:00:00
2026-02-15 12:00:00,2026-02-15 06:00:00,0.5531,0.9346,0.99,0.8291,T1,2.0,1,12.3917,1.58,4.6,0.0,2026-02-15 10:00:00
2026-02-15 13:00:00,2026-02-15 07:00:00,0.6208,0.9537,0.99,0.8017,T1,3.0,1,12.17,1.73,5.55,0.0,2026-02-15 10:00:00
2026-02-15 14:00:00,2026-02-15 08:00:00,0.6419,0.99,0.99,0.8017,T1,4.0,1,11.8933,1.94,6.15,0.0,2026-02-15 10:00:00
2026-02-15 15:00:00,2026-02-15 09:00:00,0.789,0.99,0.99,0.8017,T1,5.0,1,11.7017,2.105,6.3333,0.0,2026-02-15 10:00:00
2026-02-15 16:00:00,2026-02-15 10:00:00,0.6055,0.99,0.99,0.7831,T1,6.0,1,11.5867,2.19,6.0167,0.0,2026-02-15 10:00:00
2026-02-15 17:00:00,2026-02-15 11:00:00,0.588,0.99,0.99,0.7831,T1,7.0,1,11.5383,2.105,5.2,0.0,2026-02-15 10:00:00
2026-02-15 18:00:00,2026-02-15 12:00:00,0.577,0.99,0.99,0.7831,T1,8.0,1,11.61,2.075,4.2833,0.0,2026-02-15 10:00:00
2026-02-15 19:00:00,2026-02-15 13:00:00,0.591,0.99,0.99,0.8017,T1,9.0,1,11.7217,1.88,3.7167,0.0,2026-02-15 10:00:00
2026-02-15 20:00:00,2026-02-15 14:00:00,0.427,0.9876,0.99,0.8017,T1,10.0,1,11.76,1.52,3.4,0.0,2026-02-15 10:00:00
2026-02-15 21:00:00,2026-02-15 15:00:00,0.3346,0.9592,0.986,0.7831,T1,11.0,1,11.5617,1.43,3.1833,0.0,2026-02-15 10:00:00
2026-02-15 22:00:00,2026-02-15 16:00:00,0.1717,0.8166,0.9622,0.7639,T1,12.0,1,11.095,1.57,3.05,0.0,2026-02-15 10:00:00
2026-02-15 23:00:00,2026-02-15 17:00:00,0.159,0.6159,0.9609,0.6898,T1,13.0,1,10.4333,2.9,2.8667,0.0,2026-02-15 10:00:00
2026-02-16 00:00:00,2026-02-15 18:00:00,0.0,0.5794,0.9742,0.65,T1,14.0,1,9.7317,4.695,2.7667,0.0,2026-02-15 10:00:00
2026-02-16 01:00:00,2026-02-15 19:00:00,0.0078,0.576,0.9634,0.6301,T1,15.0,1,9.6683,5.615,2.7833,0.0,2026-02-15 10:00:00
2026-02-16 02:00:00,2026-02-15 20:00:00,0.0805,0.7125,0.9711,0.681,T1,16.0,1,10.0883,5.905,2.7833,0.0,2026-02-15 10:00:00
2026-02-16 03:00:00,2026-02-15 21:00:00,0.091,0.7039,0.9765,0.681,T1,17.0,1,10.1717,5.79,2.75,0.0,2026-02-15 10:00:00
2026-02-16 04:00:00,2026-02-15 22:00:00,0.0,0.512,0.9354,0.681,T1,18.0,2,10.055,4.1,2.1667,0.0,2026-02-15 10:00:00
2026-02-16 05:00:00,2026-02-15 23:00:00,0.0875,0.4789,0.9453,0.681,T1,19.0,2,10.13,4.175,2.2833,0.0,2026-02-15 10:00:00
2026-02-16 06:00:00,2026-02-16 00:00:00,0.1367,0.487,0.963,0.6898,T1,20.0,2,10.235,4.03,2.3167,0.0,2026-02-15 10:00:00
2026-02-16 07:00:00,2026-02-16 01:00:00,0.0215,0.4817,0.9741,0.6587,T1,21.0,2,9.855,4.68,2.3333,0.0,2026-02-15 10:00:00
2026-02-16 08:00:00,2026-02-16 02:00:00,0.0048,0.4729,0.9658,0.6587,T1,22.0,2,9.9083,4.89,2.5833,0.0,2026-02-15 10:00:00
2026-02-16 09:00:00,2026-02-16 03:00:00,0.085,0.6623,0.9809,0.681,T1,23.0,2,10.0717,3.465,3.0667,0.0,2026-02-15 10:00:00
2026-02-16 10:00:00,2026-02-16 04:00:00,0.2754,0.7398,0.99,0.681,T1,24.0,2,10.1917,2.28,3.6333,0.0,2026-02-15 10:00:00
2026-02-16 11:00:00,2026-02-16 05:00:00,0.1452,0.7548,0.9872,0.65,T1,25.0,2,9.8367,1.79,4.1833,0.0,2026-02-15 10:00:00
2026-02-16 12:00:00,2026-02-16 06:00:00,0.1317,0.5432,0.9784,0.5709,T1,26.0,2,9.3067,0.675,4.9333,0.0,2026-02-15 10:00:00
2026-02-16 13:00:00,2026-02-16 07:00:00,0.1641,0.5365,0.9594,0.5417,T1,27.0,2,8.975,0.81,6.0667,0.0,2026-02-15 10:00:00
2026-02-16 14:00:00,2026-02-16 08:00:00,0.054,0.5306,0.9862,0.5291,T1,28.0,2,8.9633,2.085,7.15,0.0,2026-02-15 10:00:00
2026-02-16 15:00:00,2026-02-16 09:00:00,0.0563,0.5433,0.99,0.5709,T1,29.0,2,9.3867,2.735,7.5333,0.0,2026-02-15 10:00:00
2026-02-16 16:00:00,2026-02-16 10:00:00,0.0595,0.6425,0.99,0.681,T1,30.0,2,10.1233,3.09,7.15,0.0,2026-02-15 10:00:00
2026-02-16 17:00:00,2026-02-16 11:00:00,0.2739,0.8388,0.9832,0.7639,T1,31.0,2,10.9417,3.035,6.0667,0.0,2026-02-15 10:00:00
2026-02-16 18:00:00,2026-02-16 12:00:00,0.3369,0.9445,0.9894,0.7831,T1,32.0,2,11.6717,3.5,4.85,0.0,2026-02-15 10:00:00
2026-02-16 19:00:00,2026-02-16 13:00:00,0.3298,0.9492,0.9884,0.8017,T1,33.0,2,11.99,4.95,4.15,0.0,2026-02-15 10:00:00
2026-02-16 20:00:00,2026-02-16 14:00:00,0.3074,0.891,0.9879,0.8017,T1,34.0,2,11.8517,5.335,3.8167,0.0,2026-02-15 10:00:00
2026-02-16 21:00:00,2026-02-16 15:00:00,0.2088,0.9087,0.9804,0.8017,T1,35.0,2,11.7383,5.02,3.4833,0.0,2026-02-15 10:00:00
2026-02-16 22:00:00,2026-02-16 16:00:00,0.2684,0.8113,0.984,0.8017,T1,36.0,2,11.74,4.385,3.3667,0.0,2026-02-15 10:00:00
2026-02-16 23:00:00,2026-02-16 17:00:00,0.2242,0.6699,0.9842,0.7831,T1,37.0,2,11.5,3.71,3.3833,0.0,2026-02-15 10:00:00
2026-02-17 00:00:00,2026-02-16 18:00:00,0.196,0.6713,0.9855,0.7639,T1,38.0,2,11.37,3.43,3.25,0.0,2026-02-15 10:00:00
2026-02-17 01:00:00,2026-02-16 19:00:00,0.3033,0.787,0.9845,0.7831,T1,39.0,2,11.445,3.25,3.1167,0.0,2026-02-15 10:00:00
2026-02-17 02:00:00,2026-02-16 20:00:00,0.2058,0.6111,0.9802,0.7639,T1,40.0,2,11.2067,2.43,3.15,0.0,2026-02-15 10:00:00
2026-02-17 03:00:00,2026-02-16 21:00:00,0.1725,0.4966,0.9537,0.7639,T1,41.0,2,10.9933,2.07,3.2,0.0,2026-02-15 10:00:00
2026-02-17 04:00:00,2026-02-16 22:00:00,0.019,0.6024,0.8938,0.6301,T1,42.0,3,9.61,4.305,2.7333,0.0,2026-02-15 10:00:00
2026-02-17 05:00:00,2026-02-16 23:00:00,0.0102,0.5126,0.8769,0.5709,T1,43.0,3,9.2533,6.075,2.3167,0.0,2026-02-15 10:00:00
2026-02-17 06:00:00,2026-02-17 00:00:00,0.0,0.455,0.8853,0.5291,T1,44.0,3,8.8617,7.65,2.0667,0.0,2026-02-15 10:00:00
2026-02-17 07:00:00,2026-02-17 01:00:00,0.0,0.4686,0.9012,0.5291,T1,45.0,3,8.9117,7.07,2.2333,0.0,2026-02-15 10:00:00
2026-02-17 08:00:00,2026-02-17 02:00:00,0.0481,0.5272,0.9247,0.5709,T1,46.0,3,9.2917,5.685,2.5833,0.0,2026-02-15 10:00:00
2026-02-17 09:00:00,2026-02-17 03:00:00,0.058,0.5193,0.9643,0.5709,T1,47.0,3,9.365,5.16,3.4167,0.0,2026-02-15 10:00:00
2026-02-17 10:00:00,2026-02-17 04:00:00,0.0012,0.5234,0.8859,0.5709,T1,48.0,3,9.2367,5.095,4.5667,0.0,2026-02-15 10:00:00
2026-02-15 11:00:00,2026-02-15 05:00:00,0.5553,0.9492,0.97,0.8017,T2,1.0,1,11.735,1.88,3.5333,0.0,2026-02-15 10:00:00
2026-02-15 12:00:00,2026-02-15 06:00:00,0.5662,0.9091,0.97,0.8291,T2,2.0,1,12.3917,1.58,4.6,0.0,2026-02-15 10:00:00
2026-02-15 13:00:00,2026-02-15 07:00:00,0.6616,0.945,0.97,0.8017,T2,3.0,1,12.17,1.73,5.55,0.0,2026-02-15 10:00:00
2026-02-15 14:00:00,2026-02-15 08:00:00,0.6999,0.97,0.97,0.8017,T2,4.0,1,11.8933,1.94,6.15,0.0,2026-02-15 10:00:00
2026-02-15 15:00:00,2026-02-15 09:00:00,0.8101,0.97,0.97,0.8017,T2,5.0,1,11.7017,2.105,6.3333,0.0,2026-02-15 10:00:00
2026-02-15 16:00:00,2026-02-15 10:00:00,0.6716,0.97,0.97,0.7831,T2,6.0,1,11.5867,2.19,6.0167,0.0,2026-02-15 10:00:00
2026-02-15 17:00:00,2026-02-15 11:00:00,0.5358,0.97,0.97,0.7831,T2,7.0,1,11.5383,2.105,5.2,0.0,2026-02-15 10:00:00
2026-02-15 18:00:00,2026-02-15 12:00:00,0.5703,0.97,0.97,0.7831,T2,8.0,1,11.61,2.075,4.2833,0.0,2026-02-15 10:00:00
2026-02-15 19:00:00,2026-02-15 13:00:00,0.624,0.97,0.97,0.8017,T2,9.0,1,11.7217,1.88,3.7167,0.0,2026-02-15 10:00:00
2026-02-15 20:00:00,2026-02-15 14:00:00,0.4411,0.97,0.97,0.8017,T2,10.0,1,11.76,1.52,3.4,0.0,2026-02-15 10:00:00
2026-02-15 21:00:00,2026-02-15 15:00:00,0.2388,0.9449,0.97,0.7831,T2,11.0,1,11.5617,1.43,3.1833,0.0,2026-02-15 10:00:00
2026-02-15 22:00:00,2026-02-15 16:00:00,0.1382,0.809,0.9589,0.7639,T2,12.0,1,11.095,1.57,3.05,0.0,2026-02-15 10:00:00
2026-02-15 23:00:00,2026-02-15 17:00:00,0.1512,0.6069,0.9564,0.6898,T2,13.0,1,10.4333,2.9,2.8667,0.0,2026-02-15 10:00:00
2026-02-16 00:00:00,2026-02-15 18:00:00,0.0,0.578,0.9683,0.65,T2,14.0,1,9.7317,4.695,2.7667,0.0,2026-02-15 10:00:00
2026-02-16 01:00:00,2026-02-15 19:00:00,0.0,0.5738,0.9574,0.6301,T2,15.0,1,9.6683,5.615,2.7833,0.0,2026-02-15 10:00:00
2026-02-16 02:00:00,2026-02-15 20:00:00,0.0348,0.7052,0.964,0.681,T2,16.0,1,10.0883,5.905,2.7833,0.0,2026-02-15 10:00:00
2026-02-16 03:00:00,2026-02-15 21:00:00,0.0566,0.6943,0.9688,0.681,T2,17.0,1,10.1717,5.79,2.75,0.0,2026-02-15 10:00:00
2026-02-16 04:00:00,2026-02-15 22:00:00,0.0,0.5105,0.9307,0.681,T2,18.0,2,10.055,4.1,2.1667,0.0,2026-02-15 10:00:00
2026-02-16 05:00:00,2026-02-15 23:00:00,0.0796,0.4827,0.9408,0.681,T2,19.0,2,10.13,4.175,2.2833,0.0,2026-02-15 10:00:00
2026-02-16 06:00:00,2026-02-16 00:00:00,0.1078,0.4855,0.9558,0.6898,T2,20.0,2,10.235,4.03,2.3167,0.0,2026-02-15 10:00:00
2026-02-16 07:00:00,2026-02-16 01:00:00,0.022,0.4855,0.9681,0.6587,T2,21.0,2,9.855,4.68,2.3333,0.0,2026-02-15 10:00:00
2026-02-16 08:00:00,2026-02-16 02:00:00,0.0034,0.4709,0.9583,0.6587,T2,22.0,2,9.9083,4.89,2.5833,0.0,2026-02-15 10:00:00
2026-02-16 09:00:00,2026-02-16 03:00:00,0.0979,0.6535,0.97,0.681,T2,23.0,2,10.0717,3.465,3.0667,0.0,2026-02-15 10:00:00
2026-02-16 10:00:00,2026-02-16 04:00:00,0.3124,0.7338,0.97,0.681,T2,24.0,2,10.1917,2.28,3.6333,0.0,2026-02-15 10:00:00
2026-02-16 11:00:00,2026-02-16 05:00:00,0.2165,0.7594,0.97,0.65,T2,25.0,2,9.8367,1.79,4.1833,0.0,2026-02-15 10:00:00
2026-02-16 12:00:00,2026-02-16 06:00:00,0.0998,0.5478,0.97,0.5709,T2,26.0,2,9.3067,0.675,4.9333,0.0,2026-02-15 10:00:00
2026-02-16 13:00:00,2026-02-16 07:00:00,0.1747,0.5409,0.9583,0.5417,T2,27.0,2,8.975,0.81,6.0667,0.0,2026-02-15 10:00:00
2026-02-16 14:00:00,2026-02-16 08:00:00,0.0582,0.5363,0.97,0.5291,T2,28.0,2,8.9633,2.085,7.15,0.0,2026-02-15 10:00:00
2026-02-16 15:00:00,2026-02-16 09:00:00,0.0408,0.5502,0.97,0.5709,T2,29.0,2,9.3867,2.735,7.5333,0.0,2026-02-15 10:00:00
2026-02-16 16:00:00,2026-02-16 10:00:00,0.0439,0.647,0.97,0.681,T2,30.0,2,10.1233,3.09,7.15,0.0,2026-02-15 10:00:00
2026-02-16 17:00:00,2026-02-16 11:00:00,0.1326,0.8404,0.97,0.7639,T2,31.0,2,10.9417,3.035,6.0667,0.0,2026-02-15 10:00:00
2026-02-16 18:00:00,2026-02-16 12:00:00,0.212,0.9382,0.97,0.7831,T2,32.0,2,11.6717,3.5,4.85,0.0,2026-02-15 10:00:00
2026-02-16 19:00:00,2026-02-16 13:00:00,0.2671,0.9456,0.97,0.8017,T2,33.0,2,11.99,4.95,4.15,0.0,2026-02-15 10:00:00
2026-02-16 20:00:00,2026-02-16 14:00:00,0.2252,0.8896,0.97,0.8017,T2,34.0,2,11.8517,5.335,3.8167,0.0,2026-02-15 10:00:00
2026-02-16 21:00:00,2026-02-16 15:00:00,0.1904,0.9023,0.97,0.8017,T2,35.0,2,11.7383,5.02,3.4833,0.0,2026-02-15 10:00:00
2026-02-16 22:00:00,2026-02-16 16:00:00,0.2353,0.8043,0.97,0.8017,T2,36.0,2,11.74,4.385,3.3667,0.0,2026-02-15 10:00:00
2026-02-16 23:00:00,2026-02-16 17:00:00,0.1857,0.6681,0.97,0.7831,T2,37.0,2,11.5,3.71,3.3833,0.0,2026-02-15 10:00:00
2026-02-17 00:00:00,2026-02-16 18:00:00,0.1828,0.6669,0.97,0.7639,T2,38.0,2,11.37,3.43,3.25,0.0,2026-02-15 10:00:00
2026-02-17 01:00:00,2026-02-16 19:00:00,0.242,0.7774,0.97,0.7831,T2,39.0,2,11.445,3.25,3.1167,0.0,2026-02-15 10:00:00
2026-02-17 02:00:00,2026-02-16 20:00:00,0.1831,0.5991,0.97,0.7639,T2,40.0,2,11.2067,2.43,3.15,0.0,2026-02-15 10:00:00
2026-02-17 03:00:00,2026-02-16 21:00:00,0.1867,0.4897,0.9501,0.7639,T2,41.0,2,10.9933,2.07,3.2,0.0,2026-02-15 10:00:00
2026-02-17 04:00:00,2026-02-16 22:00:00,0.0265,0.5957,0.889,0.6301,T2,42.0,3,9.61,4.305,2.7333,0.0,2026-02-15 10:00:00
2026-02-17 05:00:00,2026-02-16 23:00:00,0.0,0.5047,0.8722,0.5709,T2,43.0,3,9.2533,6.075,2.3167,0.0,2026-02-15 10:00:00
2026-02-17 06:00:00,2026-02-17 00:00:00,0.0,0.4402,0.8808,0.5291,T2,44.0,3,8.8617,7.65,2.0667,0.0,2026-02-15 10:00:00
2026-02-17 07:00:00,2026-02-17 01:00:00,0.0,0.4535,0.8989,0.5291,T2,45.0,3,8.9117,7.07,2.2333,0.0,2026-02-15 10:00:00
2026-02-17 08:00:00,2026-02-17 02:00:00,0.0,0.5121,0.9225,0.5709,T2,46.0,3,9.2917,5.685,2.5833,0.0,2026-02-15 10:00:00
2026-02-17 09:00:00,2026-02-17 03:00:00,0.0,0.5043,0.9621,0.5709,T2,47.0,3,9.365,5.16,3.4167,0.0,2026-02-15 10:00:00
2026-02-17 10:00:00,2026-02-17 04:00:00,0.0,0.5154,0.8841,0.5709,T2,48.0,3,9.2367,5.095,4.5667,0.0,2026-02-15 10:00:00
2026-02-15 11:00:00,2026-02-15 05:00:00,0.558,0.9581,0.98,0.8017,ВЭС,1.0,1,11.735,1.88,3.5333,0.0,2026-02-15 10:00:00
2026-02-15 12:00:00,2026-02-15 06:00:00,0.5596,0.9218,0.98,0.8291,ВЭС,2.0,1,12.3917,1.58,4.6,0.0,2026-02-15 10:00:00
2026-02-15 13:00:00,2026-02-15 07:00:00,0.6412,0.9494,0.98,0.8017,ВЭС,3.0,1,12.17,1.73,5.55,0.0,2026-02-15 10:00:00
2026-02-15 14:00:00,2026-02-15 08:00:00,0.6709,0.98,0.98,0.8017,ВЭС,4.0,1,11.8933,1.94,6.15,0.0,2026-02-15 10:00:00
2026-02-15 15:00:00,2026-02-15 09:00:00,0.7996,0.98,0.98,0.8017,ВЭС,5.0,1,11.7017,2.105,6.3333,0.0,2026-02-15 10:00:00
2026-02-15 16:00:00,2026-02-15 10:00:00,0.6385,0.98,0.98,0.7831,ВЭС,6.0,1,11.5867,2.19,6.0167,0.0,2026-02-15 10:00:00
2026-02-15 17:00:00,2026-02-15 11:00:00,0.5619,0.98,0.98,0.7831,ВЭС,7.0,1,11.5383,2.105,5.2,0.0,2026-02-15 10:00:00
2026-02-15 18:00:00,2026-02-15 12:00:00,0.5737,0.98,0.98,0.7831,ВЭС,8.0,1,11.61,2.075,4.2833,0.0,2026-02-15 10:00:00
2026-02-15 19:00:00,2026-02-15 13:00:00,0.6075,0.98,0.98,0.8017,ВЭС,9.0,1,11.7217,1.88,3.7167,0.0,2026-02-15 10:00:00
2026-02-15 20:00:00,2026-02-15 14:00:00,0.4341,0.9788,0.98,0.8017,ВЭС,10.0,1,11.76,1.52,3.4,0.0,2026-02-15 10:00:00
2026-02-15 21:00:00,2026-02-15 15:00:00,0.2867,0.952,0.978,0.7831,ВЭС,11.0,1,11.5617,1.43,3.1833,0.0,2026-02-15 10:00:00
2026-02-15 22:00:00,2026-02-15 16:00:00,0.1549,0.8128,0.9606,0.7639,ВЭС,12.0,1,11.095,1.57,3.05,0.0,2026-02-15 10:00:00
2026-02-15 23:00:00,2026-02-15 17:00:00,0.1551,0.6114,0.9587,0.6898,ВЭС,13.0,1,10.4333,2.9,2.8667,0.0,2026-02-15 10:00:00
2026-02-16 00:00:00,2026-02-15 18:00:00,0.0,0.5787,0.9713,0.65,ВЭС,14.0,1,9.7317,4.695,2.7667,0.0,2026-02-15 10:00:00
2026-02-16 01:00:00,2026-02-15 19:00:00,0.0039,0.5749,0.9604,0.6301,ВЭС,15.0,1,9.6683,5.615,2.7833,0.0,2026-02-15 10:00:00
2026-02-16 02:00:00,2026-02-15 20:00:00,0.0577,0.7088,0.9675,0.681,ВЭС,16.0,1,10.0883,5.905,2.7833,0.0,2026-02-15 10:00:00
2026-02-16 03:00:00,2026-02-15 21:00:00,0.0738,0.6991,0.9727,0.681,ВЭС,17.0,1,10.1717,5.79,2.75,0.0,2026-02-15 10:00:00
2026-02-16 04:00:00,2026-02-15 22:00:00,0.0,0.5112,0.9331,0.681,ВЭС,18.0,2,10.055,4.1,2.1667,0.0,2026-02-15 10:00:00
2026-02-16 05:00:00,2026-02-15 23:00:00,0.0835,0.4808,0.943,0.681,ВЭС,19.0,2,10.13,4.175,2.2833,0.0,2026-02-15 10:00:00
2026-02-16 06:00:00,2026-02-16 00:00:00,0.1222,0.4863,0.9594,0.6898,ВЭС,20.0,2,10.235,4.03,2.3167,0.0,2026-02-15 10:00:00
2026-02-16 07:00:00,2026-02-16 01:00:00,0.0217,0.4836,0.9711,0.6587,ВЭС,21.0,2,9.855,4.68,2.3333,0.0,2026-02-15 10:00:00
2026-02-16 08:00:00,2026-02-16 02:00:00,0.0041,0.4719,0.9621,0.6587,ВЭС,22.0,2,9.9083,4.89,2.5833,0.0,2026-02-15 10:00:00
2026-02-16 09:00:00,2026-02-16 03:00:00,0.0914,0.6579,0.9754,0.681,ВЭС,23.0,2,10.0717,3.465,3.0667,0.0,2026-02-15 10:00:00
2026-02-16 10:00:00,2026-02-16 04:00:00,0.2939,0.7368,0.98,0.681,ВЭС,24.0,2,10.1917,2.28,3.6333,0.0,2026-02-15 10:00:00
2026-02-16 11:00:00,2026-02-16 05:00:00,0.1809,0.7571,0.9786,0.65,ВЭС,25.0,2,9.8367,1.79,4.1833,0.0,2026-02-15 10:00:00
2026-02-16 12:00:00,2026-02-16 06:00:00,0.1158,0.5455,0.9742,0.5709,ВЭС,26.0,2,9.3067,0.675,4.9333,0.0,2026-02-15 10:00:00
2026-02-16 13:00:00,2026-02-16 07:00:00,0.1694,0.5387,0.9588,0.5417,ВЭС,27.0,2,8.975,0.81,6.0667,0.0,2026-02-15 10:00:00
2026-02-16 14:00:00,2026-02-16 08:00:00,0.0561,0.5334,0.9781,0.5291,ВЭС,28.0,2,8.9633,2.085,7.15,0.0,2026-02-15 10:00:00
2026-02-16 15:00:00,2026-02-16 09:00:00,0.0485,0.5468,0.98,0.5709,ВЭС,29.0,2,9.3867,2.735,7.5333,0.0,2026-02-15 10:00:00
2026-02-16 16:00:00,2026-02-16 10:00:00,0.0517,0.6448,0.98,0.681,ВЭС,30.0,2,10.1233,3.09,7.15,0.0,2026-02-15 10:00:00
2026-02-16 17:00:00,2026-02-16 11:00:00,0.2032,0.8396,0.9766,0.7639,ВЭС,31.0,2,10.9417,3.035,6.0667,0.0,2026-02-15 10:00:00
2026-02-16 18:00:00,2026-02-16 12:00:00,0.2745,0.9414,0.9797,0.7831,ВЭС,32.0,2,11.6717,3.5,4.85,0.0,2026-02-15 10:00:00
2026-02-16 19:00:00,2026-02-16 13:00:00,0.2984,0.9474,0.9792,0.8017,ВЭС,33.0,2,11.99,4.95,4.15,0.0,2026-02-15 10:00:00
2026-02-16 20:00:00,2026-02-16 14:00:00,0.2663,0.8903,0.979,0.8017,ВЭС,34.0,2,11.8517,5.335,3.8167,0.0,2026-02-15 10:00:00
2026-02-16 21:00:00,2026-02-16 15:00:00,0.1996,0.9055,0.9752,0.8017,ВЭС,35.0,2,11.7383,5.02,3.4833,0.0,2026-02-15 10:00:00
2026-02-16 22:00:00,2026-02-16 16:00:00,0.2519,0.8078,0.977,0.8017,ВЭС,36.0,2,11.74,4.385,3.3667,0.0,2026-02-15 10:00:00
2026-02-16 23:00:00,2026-02-16 17:00:00,0.205,0.669,0.9771,0.7831,ВЭС,37.0,2,11.5,3.71,3.3833,0.0,2026-02-15 10:00:00
2026-02-17 00:00:00,2026-02-16 18:00:00,0.1894,0.6691,0.9778,0.7639,ВЭС,38.0,2,11.37,3.43,3.25,0.0,2026-02-15 10:00:00
2026-02-17 01:00:00,2026-02-16 19:00:00,0.2726,0.7822,0.9772,0.7831,ВЭС,39.0,2,11.445,3.25,3.1167,0.0,2026-02-15 10:00:00
2026-02-17 02:00:00,2026-02-16 20:00:00,0.1944,0.6051,0.9751,0.7639,ВЭС,40.0,2,11.2067,2.43,3.15,0.0,2026-02-15 10:00:00
2026-02-17 03:00:00,2026-02-16 21:00:00,0.1796,0.4932,0.9519,0.7639,ВЭС,41.0,2,10.9933,2.07,3.2,0.0,2026-02-15 10:00:00
2026-02-17 04:00:00,2026-02-16 22:00:00,0.0228,0.5991,0.8914,0.6301,ВЭС,42.0,3,9.61,4.305,2.7333,0.0,2026-02-15 10:00:00
2026-02-17 05:00:00,2026-02-16 23:00:00,0.0051,0.5087,0.8745,0.5709,ВЭС,43.0,3,9.2533,6.075,2.3167,0.0,2026-02-15 10:00:00
2026-02-17 06:00:00,2026-02-17 00:00:00,0.0,0.4476,0.8831,0.5291,ВЭС,44.0,3,8.8617,7.65,2.0667,0.0,2026-02-15 10:00:00
2026-02-17 07:00:00,2026-02-17 01:00:00,0.0,0.4611,0.9001,0.5291,ВЭС,45.0,3,8.9117,7.07,2.2333,0.0,2026-02-15 10:00:00
2026-02-17 08:00:00,2026-02-17 02:00:00,0.024,0.5197,0.9236,0.5709,ВЭС,46.0,3,9.2917,5.685,2.5833,0.0,2026-02-15 10:00:00
2026-02-17 09:00:00,2026-02-17 03:00:00,0.029,0.5118,0.9632,0.5709,ВЭС,47.0,3,9.365,5.16,3.4167,0.0,2026-02-15 10:00:00
2026-02-17 10:00:00,2026-02-17 04:00:00,0.0006,0.5194,0.885,0.5709,ВЭС,48.0,3,9.2367,5.095,4.5667,0.0,2026-02-15 10:00:00
2026-02-15 23:00:00,2026-02-15 17:00:00,0.159,0.6159,0.9609,0.6898,T1,1.0,1,10.4333,2.9,2.8667,0.0,2026-02-15 22:00:00
2026-02-16 00:00:00,2026-02-15 18:00:00,0.0,0.5794,0.9742,0.65,T1,2.0,1,9.7317,4.695,2.7667,0.0,2026-02-15 22:00:00
2026-02-16 01:00:00,2026-02-15 19:00:00,0.0078,0.576,0.9634,0.6301,T1,3.0,1,9.6683,5.615,2.7833,0.0,2026-02-15 22:00:00
2026-02-16 02:00:00,2026-02-15 20:00:00,0.0805,0.7125,0.9711,0.681,T1,4.0,1,10.0883,5.905,2.7833,0.0,2026-02-15 22:00:00
2026-02-16 03:00:00,2026-02-15 21:00:00,0.091,0.7039,0.9765,0.681,T1,5.0,1,10.1717,5.79,2.75,0.0,2026-02-15 22:00:00
2026-02-16 04:00:00,2026-02-15 22:00:00,0.1177,0.6651,0.9795,0.681,T1,6.0,1,10.065,4.96,2.7167,0.0,2026-02-15 22:00:00
2026-02-16 05:00:00,2026-02-15 23:00:00,0.3409,0.6932,0.9867,0.681,T1,7.0,1,10.2017,2.845,2.75,0.0,2026-02-15 22:00:00
2026-02-16 06:00:00,2026-02-16 00:00:00,0.3535,0.763,0.9839,0.6898,T1,8.0,1,10.3683,2.05,2.8667,0.0,2026-02-15 22:00:00
2026-02-16 07:00:00,2026-02-16 01:00:00,0.3183,0.6769,0.9658,0.681,T1,9.0,1,10.115,1.125,2.95,0.0,2026-02-15 22:00:00
2026-02-16 08:00:00,2026-02-16 02:00:00,0.1708,0.4986,0.9473,0.6301,T1,10.0,1,9.6283,0.39,3.1833,0.0,2026-02-15 22:00:00
2026-02-16 09:00:00,2026-02-16 03:00:00,0.0,0.5014,0.9582,0.5709,T1,11.0,1,9.375,1.11,3.7667,0.0,2026-02-15 22:00:00
2026-02-16 10:00:00,2026-02-16 04:00:00,0.0507,0.5686,0.9741,0.5984,T1,12.0,1,9.4583,1.325,4.5167,0.0,2026-02-15 22:00:00
2026-02-16 11:00:00,2026-02-16 05:00:00,0.1026,0.6623,0.9648,0.6587,T1,13.0,1,9.865,0.88,5.45,0.0,2026-02-15 22:00:00
2026-02-16 12:00:00,2026-02-16 06:00:00,0.2148,0.7032,0.9725,0.6794,T1,14.0,1,10.015,0.785,6.3167,0.0,2026-02-15 22:00:00
2026-02-16 13:00:00,2026-02-16 07:00:00,0.2334,0.7128,0.9725,0.6587,T1,15.0,1,9.8917,1.095,7.0,0.0,2026-02-15 22:00:00
2026-02-16 14:00:00,2026-02-16 08:00:00,0.2316,0.6876,0.9742,0.6587,T1,16.0,1,9.9,1.355,7.5333,0.0,2026-02-15 22:00:00
2026-02-16 15:00:00,2026-02-16 09:00:00,0.2502,0.8038,0.9874,0.65,T1,17.0,1,9.875,1.845,7.6667,0.0,2026-02-15 22:00:00
2026-02-16 16:00:00,2026-02-16 10:00:00,0.0595,0.6425,0.99,0.681,T1,18.0,2,10.1233,3.09,7.15,0.0,2026-02-15 22:00:00
2026-02-16 17:00:00,2026-02-16 11:00:00,0.2739,0.8388,0.9832,0.7639,T1,19.0,2,10.9417,3.035,6.0667,0.0,2026-02-15 22:00:00
2026-02-16 18:00:00,2026-02-16 12:00:00,0.3369,0.9445,0.9894,0.7831,T1,20.0,2,11.6717,3.5,4.85,0.0,2026-02-15 22:00:00
2026-02-16 19:00:00,2026-02-16 13:00:00,0.3298,0.9492,0.9884,0.8017,T1,21.0,2,11.99,4.95,4.15,0.0,2026-02-15 22:00:00
2026-02-16 20:00:00,2026-02-16 14:00:00,0.3074,0.891,0.9879,0.8017,T1,22.0,2,11.8517,5.335,3.8167,0.0,2026-02-15 22:00:00
2026-02-16 21:00:00,2026-02-16 15:00:00,0.2088,0.9087,0.9804,0.8017,T1,23.0,2,11.7383,5.02,3.4833,0.0,2026-02-15 22:00:00
2026-02-16 22:00:00,2026-02-16 16:00:00,0.2684,0.8113,0.984,0.8017,T1,24.0,2,11.74,4.385,3.3667,0.0,2026-02-15 22:00:00
2026-02-16 23:00:00,2026-02-16 17:00:00,0.2242,0.6699,0.9842,0.7831,T1,25.0,2,11.5,3.71,3.3833,0.0,2026-02-15 22:00:00
2026-02-17 00:00:00,2026-02-16 18:00:00,0.196,0.6713,0.9855,0.7639,T1,26.0,2,11.37,3.43,3.25,0.0,2026-02-15 22:00:00
2026-02-17 01:00:00,2026-02-16 19:00:00,0.3033,0.787,0.9845,0.7831,T1,27.0,2,11.445,3.25,3.1167,0.0,2026-02-15 22:00:00
2026-02-17 02:00:00,2026-02-16 20:00:00,0.2058,0.6111,0.9802,0.7639,T1,28.0,2,11.2067,2.43,3.15,0.0,2026-02-15 22:00:00
2026-02-17 03:00:00,2026-02-16 21:00:00,0.1725,0.4966,0.9537,0.7639,T1,29.0,2,10.9933,2.07,3.2,0.0,2026-02-15 22:00:00
2026-02-17 04:00:00,2026-02-16 22:00:00,0.0833,0.5654,0.8966,0.7536,T1,30.0,2,10.6417,2.27,3.2833,0.0,2026-02-15 22:00:00
2026-02-17 05:00:00,2026-02-16 23:00:00,0.0,0.3097,0.8537,0.519,T1,31.0,2,8.7567,3.145,3.5167,0.0,2026-02-15 22:00:00
2026-02-17 06:00:00,2026-02-17 00:00:00,0.0,0.1693,0.6253,0.3243,T1,32.0,2,6.7567,5.18,3.4,0.0,2026-02-15 22:00:00
2026-02-17 07:00:00,2026-02-17 01:00:00,0.0,0.1766,0.5756,0.2732,T1,33.0,2,6.085,4.545,3.0333,0.0,2026-02-15 22:00:00
2026-02-17 08:00:00,2026-02-17 02:00:00,0.0,0.18,0.585,0.2388,T1,34.0,2,5.7483,3.795,3.0,0.0,2026-02-15 22:00:00
2026-02-17 09:00:00,2026-02-17 03:00:00,0.0,0.1297,0.5465,0.2347,T1,35.0,2,5.5267,2.79,3.4667,0.0,2026-02-15 22:00:00
2026-02-17 10:00:00,2026-02-17 04:00:00,0.0,0.19,0.5424,0.2347,T1,36.0,2,5.635,1.58,4.2333,0.0,2026-02-15 22:00:00
2026-02-17 11:00:00,2026-02-17 05:00:00,0.0,0.2104,0.6845,0.2753,T1,37.0,2,6.2167,1.57,5.8833,0.0,2026-02-15 22:00:00
2026-02-17 12:00:00,2026-02-17 06:00:00,0.0,0.2577,0.8099,0.3243,T1,38.0,2,6.7183,2.045,7.4333,0.0,2026-02-15 22:00:00
2026-02-17 13:00:00,2026-02-17 07:00:00,0.0,0.2924,0.8472,0.3379,T1,39.0,2,6.9433,2.325,8.0833,0.0,2026-02-15 22:00:00
2026-02-17 14:00:00,2026-02-17 08:00:00,0.0,0.3035,0.8318,0.3567,T1,40.0,2,7.1533,2.505,8.5333,0.0,2026-02-15 22:00:00
2026-02-17 15:00:00,2026-02-17 09:00:00,0.0,0.3239,0.8612,0.3725,T1,41.0,2,7.3817,2.03,8.6667,0.0,2026-02-15 22:00:00
2026-02-17 16:00:00,2026-02-17 10:00:00,0.0,0.1799,0.719,0.2347,T1,42.0,3,5.4933,3.635,7.75,0.0,2026-02-15 22:00:00
2026-02-17 17:00:00,2026-02-17 11:00:00,0.0,0.2694,0.7542,0.2936,T1,43.0,3,6.38,4.13,7.1667,0.0,2026-02-15 22:00:00
2026-02-17 18:00:00,2026-02-17 12:00:00,0.0,0.3951,0.8511,0.4212,T1,44.0,3,7.85,4.215,6.1167,0.0,2026-02-15 22:00:00
2026-02-17 19:00:00,2026-02-17 13:00:00,0.0,0.4843,0.9285,0.519,T1,45.0,3,8.645,3.635,5.1167,0.0,2026-02-15 22:00:00
2026-02-17 20:00:00,2026-02-17 14:00:00,0.0,0.6222,0.9779,0.5709,T1,46.0,3,9.3883,3.13,4.4833,0.0,2026-02-15 22:00:00
2026-02-17 21:00:00,2026-02-17 15:00:00,0.0,0.6895,0.9874,0.6794,T1,47.0,3,10.0317,2.55,4.1167,0.0,2026-02-15 22:00:00
2026-02-17 22:00:00,2026-02-17 16:00:00,0.1118,0.723,0.989,0.7536,T1,48.0,3,10.6683,1.465,3.95,0.0,2026-02-15 22:00:00
2026-02-15 23:00:00,2026-02-15 17:00:00,0.1512,0.6069,0.9564,0.6898,T2,1.0,1,10.4333,2.9,2.8667,0.0,2026-02-15 22:00:00
2026-02-16 00:00:00,2026-02-15 18:00:00,0.0,0.578,0.9683,0.65,T2,2.0,1,9.7317,4.695,2.7667,0.0,2026-02-15 22:00:00
2026-02-16 01:00:00,2026-02-15 19:00:00,0.0,0.5738,0.9574,0.6301,T2,3.0,1,9.6683,5.615,2.7833,0.0,2026-02-15 22:00:00
2026-02-16 02:00:00,2026-02-15 20:00:00,0.0348,0.7052,0.964,0.681,T2,4.0,1,10.0883,5.905,2.7833,0.0,2026-02-15 22:00:00
2026-02-16 03:00:00,2026-02-15 21:00:00,0.0566,0.6943,0.9688,0.681,T2,5.0,1,10.1717,5.79,2.75,0.0,2026-02-15 22:00:00
2026-02-16 04:00:00,2026-02-15 22:00:00,0.082,0.6535,0.97,0.681,T2,6.0,1,10.065,4.96,2.7167,0.0,2026-02-15 22:00:00
2026-02-16 05:00:00,2026-02-15 23:00:00,0.3102,0.6793,0.97,0.681,T2,7.0,1,10.2017,2.845,2.75,0.0,2026-02-15 22:00:00
2026-02-16 06:00:00,2026-02-16 00:00:00,0.3165,0.7508,0.97,0.6898,T2,8.0,1,10.3683,2.05,2.8667,0.0,2026-02-15 22:00:00
2026-02-16 07:00:00,2026-02-16 01:00:00,0.2353,0.6701,0.9636,0.681,T2,9.0,1,10.115,1.125,2.95,0.0,2026-02-15 22:00:00
2026-02-16 08:00:00,2026-02-16 02:00:00,0.087,0.5017,0.9454,0.6301,T2,10.0,1,9.6283,0.39,3.1833,0.0,2026-02-15 22:00:00
2026-02-16 09:00:00,2026-02-16 03:00:00,0.0,0.5056,0.9564,0.5709,T2,11.0,1,9.375,1.11,3.7667,0.0,2026-02-15 22:00:00
2026-02-16 10:00:00,2026-02-16 04:00:00,0.0327,0.5717,0.97,0.5984,T2,12.0,1,9.4583,1.325,4.5167,0.0,2026-02-15 22:00:00
2026-02-16 11:00:00,2026-02-16 05:00:00,0.0698,0.6601,0.963,0.6587,T2,13.0,1,9.865,0.88,5.45,0.0,2026-02-15 22:00:00
2026-02-16 12:00:00,2026-02-16 06:00:00,0.0769,0.7069,0.97,0.6794,T2,14.0,1,10.015,0.785,6.3167,0.0,2026-02-15 22:00:00
2026-02-16 13:00:00,2026-02-16 07:00:00,0.0959,0.7194,0.97,0.6587,T2,15.0,1,9.8917,1.095,7.0,0.0,2026-02-15 22:00:00
2026-02-16 14:00:00,2026-02-16 08:00:00,0.1341,0.6938,0.97,0.6587,T2,16.0,1,9.9,1.355,7.5333,0.0,2026-02-15 22:00:00
2026-02-16 15:00:00,2026-02-16 09:00:00,0.2314,0.8101,0.97,0.65,T2,17.0,1,9.875,1.845,7.6667,0.0,2026-02-15 22:00:00
2026-02-16 16:00:00,2026-02-16 10:00:00,0.0439,0.647,0.97,0.681,T2,18.0,2,10.1233,3.09,7.15,0.0,2026-02-15 22:00:00
2026-02-16 17:00:00,2026-02-16 11:00:00,0.1326,0.8404,0.97,0.7639,T2,19.0,2,10.9417,3.035,6.0667,0.0,2026-02-15 22:00:00
2026-02-16 18:00:00,2026-02-16 12:00:00,0.212,0.9382,0.97,0.7831,T2,20.0,2,11.6717,3.5,4.85,0.0,2026-02-15 22:00:00
2026-02-16 19:00:00,2026-02-16 13:00:00,0.2671,0.9456,0.97,0.8017,T2,21.0,2,11.99,4.95,4.15,0.0,2026-02-15 22:00:00
2026-02-16 20:00:00,2026-02-16 14:00:00,0.2252,0.8896,0.97,0.8017,T2,22.0,2,11.8517,5.335,3.8167,0.0,2026-02-15 22:00:00
2026-02-16 21:00:00,2026-02-16 15:00:00,0.1904,0.9023,0.97,0.8017,T2,23.0,2,11.7383,5.02,3.4833,0.0,2026-02-15 22:00:00
2026-02-16 22:00:00,2026-02-16 16:00:00,0.2353,0.8043,0.97,0.8017,T2,24.0,2,11.74,4.385,3.3667,0.0,2026-02-15 22:00:00
2026-02-16 23:00:00,2026-02-16 17:00:00,0.1857,0.6681,0.97,0.7831,T2,25.0,2,11.5,3.71,3.3833,0.0,2026-02-15 22:00:00
2026-02-17 00:00:00,2026-02-16 18:00:00,0.1828,0.6669,0.97,0.7639,T2,26.0,2,11.37,3.43,3.25,0.0,2026-02-15 22:00:00
2026-02-17 01:00:00,2026-02-16 19:00:00,0.242,0.7774,0.97,0.7831,T2,27.0,2,11.445,3.25,3.1167,0.0,2026-02-15 22:00:00
2026-02-17 02:00:00,2026-02-16 20:00:00,0.1831,0.5991,0.97,0.7639,T2,28.0,2,11.2067,2.43,3.15,0.0,2026-02-15 22:00:00
2026-02-17 03:00:00,2026-02-16 21:00:00,0.1867,0.4897,0.9501,0.7639,T2,29.0,2,10.9933,2.07,3.2,0.0,2026-02-15 22:00:00
2026-02-17 04:00:00,2026-02-16 22:00:00,0.1269,0.5581,0.8931,0.7536,T2,30.0,2,10.6417,2.27,3.2833,0.0,2026-02-15 22:00:00
2026-02-17 05:00:00,2026-02-16 23:00:00,0.0,0.3036,0.8535,0.519,T2,31.0,2,8.7567,3.145,3.5167,0.0,2026-02-15 22:00:00
2026-02-17 06:00:00,2026-02-17 00:00:00,0.0,0.1639,0.6253,0.3243,T2,32.0,2,6.7567,5.18,3.4,0.0,2026-02-15 22:00:00
2026-02-17 07:00:00,2026-02-17 01:00:00,0.0,0.1648,0.5757,0.2732,T2,33.0,2,6.085,4.545,3.0333,0.0,2026-02-15 22:00:00
2026-02-17 08:00:00,2026-02-17 02:00:00,0.0,0.166,0.585,0.2388,T2,34.0,2,5.7483,3.795,3.0,0.0,2026-02-15 22:00:00
2026-02-17 09:00:00,2026-02-17 03:00:00,0.0,0.1131,0.5466,0.2347,T2,35.0,2,5.5267,2.79,3.4667,0.0,2026-02-15 22:00:00
2026-02-17 10:00:00,2026-02-17 04:00:00,0.0,0.1794,0.5424,0.2347,T2,36.0,2,5.635,1.58,4.2333,0.0,2026-02-15 22:00:00
2026-02-17 11:00:00,2026-02-17 05:00:00,0.0,0.2077,0.6845,0.2753,T2,37.0,2,6.2167,1.57,5.8833,0.0,2026-02-15 22:00:00
2026-02-17 12:00:00,2026-02-17 06:00:00,0.0,0.2545,0.8099,0.3243,T2,38.0,2,6.7183,2.045,7.4333,0.0,2026-02-15 22:00:00
2026-02-17 13:00:00,2026-02-17 07:00:00,0.0,0.2912,0.8472,0.3379,T2,39.0,2,6.9433,2.325,8.0833,0.0,2026-02-15 22:00:00
2026-02-17 14:00:00,2026-02-17 08:00:00,0.0,0.3023,0.8317,0.3567,T2,40.0,2,7.1533,2.505,8.5333,0.0,2026-02-15 22:00:00
2026-02-17 15:00:00,2026-02-17 09:00:00,0.0,0.3228,0.8611,0.3725,T2,41.0,2,7.3817,2.03,8.6667,0.0,2026-02-15 22:00:00
2026-02-17 16:00:00,2026-02-17 10:00:00,0.0,0.18,0.7187,0.2347,T2,42.0,3,5.4933,3.635,7.75,0.0,2026-02-15 22:00:00
2026-02-17 17:00:00,2026-02-17 11:00:00,0.0,0.273,0.7541,0.2936,T2,43.0,3,6.38,4.13,7.1667,0.0,2026-02-15 22:00:00
2026-02-17 18:00:00,2026-02-17 12:00:00,0.0,0.3918,0.8511,0.4212,T2,44.0,3,7.85,4.215,6.1167,0.0,2026-02-15 22:00:00
2026-02-17 19:00:00,2026-02-17 13:00:00,0.0,0.4713,0.9275,0.519,T2,45.0,3,8.645,3.635,5.1167,0.0,2026-02-15 22:00:00
2026-02-17 20:00:00,2026-02-17 14:00:00,0.0,0.6102,0.97,0.5709,T2,46.0,3,9.3883,3.13,4.4833,0.0,2026-02-15 22:00:00
2026-02-17 21:00:00,2026-02-17 15:00:00,0.0,0.6768,0.97,0.6794,T2,47.0,3,10.0317,2.55,4.1167,0.0,2026-02-15 22:00:00
2026-02-17 22:00:00,2026-02-17 16:00:00,0.0498,0.7092,0.97,0.7536,T2,48.0,3,10.6683,1.465,3.95,0.0,2026-02-15 22:00:00
2026-02-15 23:00:00,2026-02-15 17:00:00,0.1551,0.6114,0.9587,0.6898,ВЭС,1.0,1,10.4333,2.9,2.8667,0.0,2026-02-15 22:00:00
2026-02-16 00:00:00,2026-02-15 18:00:00,0.0,0.5787,0.9713,0.65,ВЭС,2.0,1,9.7317,4.695,2.7667,0.0,2026-02-15 22:00:00
2026-02-16 01:00:00,2026-02-15 19:00:00,0.0039,0.5749,0.9604,0.6301,ВЭС,3.0,1,9.6683,5.615,2.7833,0.0,2026-02-15 22:00:00
2026-02-16 02:00:00,2026-02-15 20:00:00,0.0577,0.7088,0.9675,0.681,ВЭС,4.0,1,10.0883,5.905,2.7833,0.0,2026-02-15 22:00:00
2026-02-16 03:00:00,2026-02-15 21:00:00,0.0738,0.6991,0.9727,0.681,ВЭС,5.0,1,10.1717,5.79,2.75,0.0,2026-02-15 22:00:00
2026-02-16 04:00:00,2026-02-15 22:00:00,0.0999,0.6593,0.9747,0.681,ВЭС,6.0,1,10.065,4.96,2.7167,0.0,2026-02-15 22:00:00
2026-02-16 05:00:00,2026-02-15 23:00:00,0.3255,0.6862,0.9783,0.681,ВЭС,7.0,1,10.2017,2.845,2.75,0.0,2026-02-15 22:00:00
2026-02-16 06:00:00,2026-02-16 00:00:00,0.335,0.7569,0.9769,0.6898,ВЭС,8.0,1,10.3683,2.05,2.8667,0.0,2026-02-15 22:00:00
2026-02-16 07:00:00,2026-02-16 01:00:00,0.2768,0.6735,0.9647,0.681,ВЭС,9.0,1,10.115,1.125,2.95,0.0,2026-02-15 22:00:00
2026-02-16 08:00:00,2026-02-16 02:00:00,0.1289,0.5002,0.9464,0.6301,ВЭС,10.0,1,9.6283,0.39,3.1833,0.0,2026-02-15 22:00:00
2026-02-16 09:00:00,2026-02-16 03:00:00,0.0,0.5035,0.9573,0.5709,ВЭС,11.0,1,9.375,1.11,3.7667,0.0,2026-02-15 22:00:00
2026-02-16 10:00:00,2026-02-16 04:00:00,0.0417,0.5702,0.9721,0.5984,ВЭС,12.0,1,9.4583,1.325,4.5167,0.0,2026-02-15 22:00:00
2026-02-16 11:00:00,2026-02-16 05:00:00,0.0862,0.6612,0.9639,0.6587,ВЭС,13.0,1,9.865,0.88,5.45,0.0,2026-02-15 22:00:00
2026-02-16 12:00:00,2026-02-16 06:00:00,0.1459,0.7051,0.9713,0.6794,ВЭС,14.0,1,10.015,0.785,6.3167,0.0,2026-02-15 22:00:00
2026-02-16 13:00:00,2026-02-16 07:00:00,0.1646,0.7161,0.9713,0.6587,ВЭС,15.0,1,9.8917,1.095,7.0,0.0,2026-02-15 22:00:00
2026-02-16 14:00:00,2026-02-16 08:00:00,0.1828,0.6907,0.9721,0.6587,ВЭС,16.0,1,9.9,1.355,7.5333,0.0,2026-02-15 22:00:00
2026-02-16 15:00:00,2026-02-16 09:00:00,0.2408,0.8069,0.9787,0.65,ВЭС,17.0,1,9.875,1.845,7.6667,0.0,2026-02-15 22:00:00
2026-02-16 16:00:00,2026-02-16 10:00:00,0.0517,0.6448,0.98,0.681,ВЭС,18.0,2,10.1233,3.09,7.15,0.0,2026-02-15 22:00:00
2026-02-16 17:00:00,2026-02-16 11:00:00,0.2032,0.8396,0.9766,0.7639,ВЭС,19.0,2,10.9417,3.035,6.0667,0.0,2026-02-15 22:00:00
2026-02-16 18:00:00,2026-02-16 12:00:00,0.2745,0.9414,0.9797,0.7831,ВЭС,20.0,2,11.6717,3.5,4.85,0.0,2026-02-15 22:00:00
2026-02-16 19:00:00,2026-02-16 13:00:00,0.2984,0.9474,0.9792,0.8017,ВЭС,21.0,2,11.99,4.95,4.15,0.0,2026-02-15 22:00:00
2026-02-16 20:00:00,2026-02-16 14:00:00,0.2663,0.8903,0.979,0.8017,ВЭС,22.0,2,11.8517,5.335,3.8167,0.0,2026-02-15 22:00:00
2026-02-16 21:00:00,2026-02-16 15:00:00,0.1996,0.9055,0.9752,0.8017,ВЭС,23.0,2,11.7383,5.02,3.4833,0.0,2026-02-15 22:00:00
2026-02-16 22:00:00,2026-02-16 16:00:00,0.2519,0.8078,0.977,0.8017,ВЭС,24.0,2,11.74,4.385,3.3667,0.0,2026-02-15 22:00:00
2026-02-16 23:00:00,2026-02-16 17:00:00,0.205,0.669,0.9771,0.7831,ВЭС,25.0,2,11.5,3.71,3.3833,0.0,2026-02-15 22:00:00
2026-02-17 00:00:00,2026-02-16 18:00:00,0.1894,0.6691,0.9778,0.7639,ВЭС,26.0,2,11.37,3.43,3.25,0.0,2026-02-15 22:00:00
2026-02-17 01:00:00,2026-02-16 19:00:00,0.2726,0.7822,0.9772,0.7831,ВЭС,27.0,2,11.445,3.25,3.1167,0.0,2026-02-15 22:00:00
2026-02-17 02:00:00,2026-02-16 20:00:00,0.1944,0.6051,0.9751,0.7639,ВЭС,28.0,2,11.2067,2.43,3.15,0.0,2026-02-15 22:00:00
2026-02-17 03:00:00,2026-02-16 21:00:00,0.1796,0.4932,0.9519,0.7639,ВЭС,29.0,2,10.9933,2.07,3.2,0.0,2026-02-15 22:00:00
2026-02-17 04:00:00,2026-02-16 22:00:00,0.1051,0.5617,0.8949,0.7536,ВЭС,30.0,2,10.6417,2.27,3.2833,0.0,2026-02-15 22:00:00
2026-02-17 05:00:00,2026-02-16 23:00:00,0.0,0.3067,0.8536,0.519,ВЭС,31.0,2,8.7567,3.145,3.5167,0.0,2026-02-15 22:00:00
2026-02-17 06:00:00,2026-02-17 00:00:00,0.0,0.1666,0.6253,0.3243,ВЭС,32.0,2,6.7567,5.18,3.4,0.0,2026-02-15 22:00:00
2026-02-17 07:00:00,2026-02-17 01:00:00,0.0,0.1707,0.5757,0.2732,ВЭС,33.0,2,6.085,4.545,3.0333,0.0,2026-02-15 22:00:00
2026-02-17 08:00:00,2026-02-17 02:00:00,0.0,0.173,0.585,0.2388,ВЭС,34.0,2,5.7483,3.795,3.0,0.0,2026-02-15 22:00:00
2026-02-17 09:00:00,2026-02-17 03:00:00,0.0,0.1214,0.5466,0.2347,ВЭС,35.0,2,5.5267,2.79,3.4667,0.0,2026-02-15 22:00:00
2026-02-17 10:00:00,2026-02-17 04:00:00,0.0,0.1847,0.5424,0.2347,ВЭС,36.0,2,5.635,1.58,4.2333,0.0,2026-02-15 22:00:00
2026-02-17 11:00:00,2026-02-17 05:00:00,0.0,0.209,0.6845,0.2753,ВЭС,37.0,2,6.2167,1.57,5.8833,0.0,2026-02-15 22:00:00
2026-02-17 12:00:00,2026-02-17 06:00:00,0.0,0.2561,0.8099,0.3243,ВЭС,38.0,2,6.7183,2.045,7.4333,0.0,2026-02-15 22:00:00
2026-02-17 13:00:00,2026-02-17 07:00:00,0.0,0.2918,0.8472,0.3379,ВЭС,39.0,2,6.9433,2.325,8.0833,0.0,2026-02-15 22:00:00
2026-02-17 14:00:00,2026-02-17 08:00:00,0.0,0.3029,0.8317,0.3567,ВЭС,40.0,2,7.1533,2.505,8.5333,0.0,2026-02-15 22:00:00
2026-02-17 15:00:00,2026-02-17 09:00:00,0.0,0.3233,0.8611,0.3725,ВЭС,41.0,2,7.3817,2.03,8.6667,0.0,2026-02-15 22:00:00
2026-02-17 16:00:00,2026-02-17 10:00:00,0.0,0.1799,0.7188,0.2347,ВЭС,42.0,3,5.4933,3.635,7.75,0.0,2026-02-15 22:00:00
2026-02-17 17:00:00,2026-02-17 11:00:00,0.0,0.2712,0.7541,0.2936,ВЭС,43.0,3,6.38,4.13,7.1667,0.0,2026-02-15 22:00:00
2026-02-17 18:00:00,2026-02-17 12:00:00,0.0,0.3935,0.8511,0.4212,ВЭС,44.0,3,7.85,4.215,6.1167,0.0,2026-02-15 22:00:00
2026-02-17 19:00:00,2026-02-17 13:00:00,0.0,0.4778,0.928,0.519,ВЭС,45.0,3,8.645,3.635,5.1167,0.0,2026-02-15 22:00:00
2026-02-17 20:00:00,2026-02-17 14:00:00,0.0,0.6162,0.9739,0.5709,ВЭС,46.0,3,9.3883,3.13,4.4833,0.0,2026-02-15 22:00:00
2026-02-17 21:00:00,2026-02-17 15:00:00,0.0,0.6831,0.9787,0.6794,ВЭС,47.0,3,10.0317,2.55,4.1167,0.0,2026-02-15 22:00:00
2026-02-17 22:00:00,2026-02-17 16:00:00,0.0808,0.7161,0.9795,0.7536,ВЭС,48.0,3,10.6683,1.465,3.95,0.0,2026-02-15 22:00:00
2026-02-16 11:00:00,2026-02-16 05:00:00,0.1026,0.6623,0.9648,0.6587,T1,1.0,1,9.865,0.88,5.45,0.0,2026-02-16 10:00:00
2026-02-16 12:00:00,2026-02-16 06:00:00,0.2148,0.7032,0.9725,0.6794,T1,2.0,1,10.015,0.785,6.3167,0.0,2026-02-16 10:00:00
2026-02-16 13:00:00,2026-02-16 07:00:00,0.2334,0.7128,0.9725,0.6587,T1,3.0,1,9.8917,1.095,7.0,0.0,2026-02-16 10:00:00
2026-02-16 14:00:00,2026-02-16 08:00:00,0.2316,0.6876,0.9742,0.6587,T1,4.0,1,9.9,1.355,7.5333,0.0,2026-02-16 10:00:00
2026-02-16 15:00:00,2026-02-16 09:00:00,0.2502,0.8038,0.9874,0.65,T1,5.0,1,9.875,1.845,7.6667,0.0,2026-02-16 10:00:00
2026-02-16 16:00:00,2026-02-16 10:00:00,0.1971,0.7768,0.99,0.6587,T1,6.0,1,9.9567,2.115,7.2833,0.0,2026-02-16 10:00:00
2026-02-16 17:00:00,2026-02-16 11:00:00,0.1179,0.7131,0.9869,0.65,T1,7.0,1,9.7833,1.94,6.5333,0.0,2026-02-16 10:00:00
2026-02-16 18:00:00,2026-02-16 12:00:00,0.0,0.5929,0.9564,0.6301,T1,8.0,1,9.63,1.89,5.7333,0.0,2026-02-16 10:00:00
2026-02-16 19:00:00,2026-02-16 13:00:00,0.0,0.6177,0.9464,0.6721,T1,9.0,1,9.9517,2.89,5.1333,0.0,2026-02-16 10:00:00
2026-02-16 20:00:00,2026-02-16 14:00:00,0.0694,0.6299,0.967,0.6898,T1,10.0,1,10.2333,3.64,4.75,0.0,2026-02-16 10:00:00
2026-02-16 21:00:00,2026-02-16 15:00:00,0.1188,0.6122,0.9602,0.6898,T1,11.0,1,10.2567,3.73,4.45,0.0,2026-02-16 10:00:00
2026-02-16 22:00:00,2026-02-16 16:00:00,0.055,0.5876,0.9581,0.6898,T1,12.0,1,10.31,3.99,4.2333,0.0,2026-02-16 10:00:00
2026-02-16 23:00:00,2026-02-16 17:00:00,0.0653,0.5945,0.9527,0.7338,T1,13.0,1,10.5767,5.03,4.15,0.0,2026-02-16 10:00:00
2026-02-17 00:00:00,2026-02-16 18:00:00,0.0,0.5792,0.9537,0.7536,T1,14.0,1,10.7783,5.515,4.0333,0.0,2026-02-16 10:00:00
2026-02-17 01:00:00,2026-02-16 19:00:00,0.0428,0.6043,0.9553,0.7536,T1,15.0,1,10.8817,4.87,3.8667,0.0,2026-02-16 10:00:00
2026-02-17 02:00:00,2026-02-16 20:00:00,0.1163,0.5756,0.9509,0.7536,T1,16.0,1,10.715,3.81,3.75,0.0,2026-02-16 10:00:00
2026-02-17 03:00:00,2026-02-16 21:00:00,0.0601,0.4535,0.9071,0.681,T1,17.0,1,10.1583,3.13,3.6167,0.0,2026-02-16 10:00:00
2026-02-17 04:00:00,2026-02-16 22:00:00,0.0833,0.5654,0.8966,0.7536,T1,18.0,2,10.6417,2.27,3.2833,0.0,2026-02-16 10:00:00
2026-02-17 05:00:00,2026-02-16 23:00:00,0.0,0.3097,0.8537,0.519,T1,19.0,2,8.7567,3.145,3.5167,0.0,2026-02-16 10:00:00
2026-02-17 06:00:00,2026-02-17 00:00:00,0.0,0.1693,0.6253,0.3243,T1,20.0,2,6.7567,5.18,3.4,0.0,2026-02-16 10:00:00
2026-02-17 07:00:00,2026-02-17 01:00:00,0.0,0.1766,0.5756,0.2732,T1,21.0,2,6.085,4.545,3.0333,0.0,2026-02-16 10:00:00
2026-02-17 08:00:00,2026-02-17 02:00:00,0.0,0.18,0.585,0.2388,T1,22.0,2,5.7483,3.795,3.0,0.0,2026-02-16 10:00:00
2026-02-17 09:00:00,2026-02-17 03:00:00,0.0,0.1297,0.5465,0.2347,T1,23.0,2,5.5267,2.79,3.4667,0.0,2026-02-16 10:00:00
2026-02-17 10:00:00,2026-02-17 04:00:00,0.0,0.19,0.5424,0.2347,T1,24.0,2,5.635,1.58,4.2333,0.0,2026-02-16 10:00:00
2026-02-17 11:00:00,2026-02-17 05:00:00,0.0,0.2104,0.6845,0.2753,T1,25.0,2,6.2167,1.57,5.8833,0.0,2026-02-16 10:00:00
2026-02-17 12:00:00,2026-02-17 06:00:00,0.0,0.2577,0.8099,0.3243,T1,26.0,2,6.7183,2.045,7.4333,0.0,2026-02-16 10:00:00
2026-02-17 13:00:00,2026-02-17 07:00:00,0.0,0.2924,0.8472,0.3379,T1,27.0,2,6.9433,2.325,8.0833,0.0,2026-02-16 10:00:00
2026-02-17 14:00:00,2026-02-17 08:00:00,0.0,0.3035,0.8318,0.3567,T1,28.0,2,7.1533,2.505,8.5333,0.0,2026-02-16 10:00:00
2026-02-17 15:00:00,2026-02-17 09:00:00,0.0,0.3239,0.8612,0.3725,T1,29.0,2,7.3817,2.03,8.6667,0.0,2026-02-16 10:00:00
2026-02-17 16:00:00,2026-02-17 10:00:00,0.0,0.3844,0.9126,0.3974,T1,30.0,2,7.6433,2.27,8.5167,0.0,2026-02-16 10:00:00
2026-02-17 17:00:00,2026-02-17 11:00:00,0.034,0.3871,0.9158,0.4309,T1,31.0,2,8.1417,1.82,7.7667,0.0,2026-02-16 10:00:00
2026-02-17 18:00:00,2026-02-17 12:00:00,0.0766,0.4744,0.9822,0.5291,T1,32.0,2,8.855,2.785,6.8,0.0,2026-02-16 10:00:00
2026-02-17 19:00:00,2026-02-17 13:00:00,0.0515,0.6429,0.9783,0.6301,T1,33.0,2,9.6167,2.755,6.1667,0.0,2026-02-16 10:00:00
2026-02-17 20:00:00,2026-02-17 14:00:00,0.0996,0.8323,0.9868,0.6898,T1,34.0,2,10.3817,2.67,5.7167,0.0,2026-02-16 10:00:00
2026-02-17 21:00:00,2026-02-17 15:00:00,0.1025,0.9089,0.9833,0.7639,T1,35.0,2,11.0217,2.63,5.4,0.0,2026-02-16 10:00:00
2026-02-17 22:00:00,2026-02-17 16:00:00,0.2655,0.7824,0.9888,0.781,T1,36.0,2,11.4117,2.85,4.9667,0.0,2026-02-16 10:00:00
2026-02-17 23:00:00,2026-02-17 17:00:00,0.207,0.7506,0.9894,0.7831,T1,37.0,2,11.5033,3.385,4.3667,0.0,2026-02-16 10:00:00
2026-02-18 00:00:00,2026-02-17 18:00:00,0.1807,0.677,0.9854,0.7831,T1,38.0,2,11.485,3.73,3.8667,0.0,2026-02-16 10:00:00
2026-02-18 01:00:00,2026-02-17 19:00:00,0.254,0.7667,0.985,0.7831,T1,39.0,2,11.5833,3.42,3.5,0.0,2026-02-16 10:00:00
2026-02-18 02:00:00,2026-02-17 20:00:00,0.3072,0.8127,0.9809,0.8017,T1,40.0,2,11.85,2.68,3.2667,0.0,2026-02-16 10:00:00
2026-02-18 03:00:00,2026-02-17 21:00:00,0.3258,0.7838,0.9808,0.8017,T1,41.0,2,11.9783,1.965,3.1167,0.0,2026-02-16 10:00:00
2026-02-18 04:00:00,2026-02-17 22:00:00,0.4437,0.7892,0.9878,0.8017,T1,42.0,3,12.1367,1.98,3.85,0.0,2026-02-16 10:00:00
2026-02-18 05:00:00,2026-02-17 23:00:00,0.356,0.7808,0.9813,0.8017,T1,43.0,3,12.105,1.115,3.3667,0.0,2026-02-16 10:00:00
2026-02-18 06:00:00,2026-02-18 00:00:00,0.264,0.7315,0.9733,0.8017,T1,44.0,3,11.9033,0.34,2.9833,0.0,2026-02-16 10:00:00
2026-02-18 07:00:00,2026-02-18 01:00:00,0.23,0.7202,0.972,0.8017,T1,45.0,3,12.0533,0.55,3.2333,0.0,2026-02-16 10:00:00
2026-02-18 08:00:00,2026-02-18 02:00:00,0.2319,0.7197,0.9712,0.8017,T1,46.0,3,12.16,0.73,3.9333,0.0,2026-02-16 10:00:00
2026-02-18 09:00:00,2026-02-18 03:00:00,0.2714,0.5677,0.9774,0.8217,T1,47.0,3,12.3683,0.43,5.3667,0.0,2026-02-16 10:00:00
2026-02-18 10:00:00,2026-02-18 04:00:00,0.2518,0.8516,0.9698,0.8297,T1,48.0,3,12.5433,0.74,7.2833,0.0,2026-02-16 10:00:00
2026-02-16 11:00:00,2026-02-16 05:00:00,0.0698,0.6601,0.963,0.6587,T2,1.0,1,9.865,0.88,5.45,0.0,2026-02-16 10:00:00
2026-02-16 12:00:00,2026-02-16 06:00:00,0.0769,0.7069,0.97,0.6794,T2,2.0,1,10.015,0.785,6.3167,0.0,2026-02-16 10:00:00
2026-02-16 13:00:00,2026-02-16 07:00:00,0.0959,0.7194,0.97,0.6587,T2,3.0,1,9.8917,1.095,7.0,0.0,2026-02-16 10:00:00
2026-02-16 14:00:00,2026-02-16 08:00:00,0.1341,0.6938,0.97,0.6587,T2,4.0,1,9.9,1.355,7.5333,0.0,2026-02-16 10:00:00
2026-02-16 15:00:00,2026-02-16 09:00:00,0.2314,0.8101,0.97,0.65,T2,5.0,1,9.875,1.845,7.6667,0.0,2026-02-16 10:00:00
2026-02-16 16:00:00,2026-02-16 10:00:00,0.2138,0.7826,0.97,0.6587,T2,6.0,1,9.9567,2.115,7.2833,0.0,2026-02-16 10:00:00
2026-02-16 17:00:00,2026-02-16 11:00:00,0.0773,0.7186,0.97,0.65,T2,7.0,1,9.7833,1.94,6.5333,0.0,2026-02-16 10:00:00
2026-02-16 18:00:00,2026-02-16 12:00:00,0.0,0.5934,0.9539,0.6301,T2,8.0,1,9.63,1.89,5.7333,0.0,2026-02-16 10:00:00
2026-02-16 19:00:00,2026-02-16 13:00:00,0.0,0.6132,0.9412,0.6721,T2,9.0,1,9.9517,2.89,5.1333,0.0,2026-02-16 10:00:00
2026-02-16 20:00:00,2026-02-16 14:00:00,0.0692,0.6238,0.9607,0.6898,T2,10.0,1,10.2333,3.64,4.75,0.0,2026-02-16 10:00:00
2026-02-16 21:00:00,2026-02-16 15:00:00,0.0782,0.6061,0.9539,0.6898,T2,11.0,1,10.2567,3.73,4.45,0.0,2026-02-16 10:00:00
2026-02-16 22:00:00,2026-02-16 16:00:00,0.021,0.5809,0.9518,0.6898,T2,12.0,1,10.31,3.99,4.2333,0.0,2026-02-16 10:00:00
2026-02-16 23:00:00,2026-02-16 17:00:00,0.1208,0.5875,0.9472,0.7338,T2,13.0,1,10.5767,5.03,4.15,0.0,2026-02-16 10:00:00
2026-02-17 00:00:00,2026-02-16 18:00:00,0.1107,0.5691,0.9474,0.7536,T2,14.0,1,10.7783,5.515,4.0333,0.0,2026-02-16 10:00:00
2026-02-17 01:00:00,2026-02-16 19:00:00,0.1175,0.5941,0.9502,0.7536,T2,15.0,1,10.8817,4.87,3.8667,0.0,2026-02-16 10:00:00
2026-02-17 02:00:00,2026-02-16 20:00:00,0.1728,0.5634,0.9462,0.7536,T2,16.0,1,10.715,3.81,3.75,0.0,2026-02-16 10:00:00
2026-02-17 03:00:00,2026-02-16 21:00:00,0.1276,0.441,0.9023,0.681,T2,17.0,1,10.1583,3.13,3.6167,0.0,2026-02-16 10:00:00
2026-02-17 04:00:00,2026-02-16 22:00:00,0.1269,0.5581,0.8931,0.7536,T2,18.0,2,10.6417,2.27,3.2833,0.0,2026-02-16 10:00:00
2026-02-17 05:00:00,2026-02-16 23:00:00,0.0,0.3036,0.8535,0.519,T2,19.0,2,8.7567,3.145,3.5167,0.0,2026-02-16 10:00:00
2026-02-17 06:00:00,2026-02-17 00:00:00,0.0,0.1639,0.6253,0.3243,T2,20.0,2,6.7567,5.18,3.4,0.0,2026-02-16 10:00:00
2026-02-17 07:00:00,2026-02-17 01:00:00,0.0,0.1648,0.5757,0.2732,T2,21.0,2,6.085,4.545,3.0333,0.0,2026-02-16 10:00:00
2026-02-17 08:00:00,2026-02-17 02:00:00,0.0,0.166,0.585,0.2388,T2,22.0,2,5.7483,3.795,3.0,0.0,2026-02-16 10:00:00
2026-02-17 09:00:00,2026-02-17 03:00:00,0.0,0.1131,0.5466,0.2347,T2,23.0,2,5.5267,2.79,3.4667,0.0,2026-02-16 10:00:00
2026-02-17 10:00:00,2026-02-17 04:00:00,0.0,0.1794,0.5424,0.2347,T2,24.0,2,5.635,1.58,4.2333,0.0,2026-02-16 10:00:00
2026-02-17 11:00:00,2026-02-17 05:00:00,0.0,0.2077,0.6845,0.2753,T2,25.0,2,6.2167,1.57,5.8833,0.0,2026-02-16 10:00:00
2026-02-17 12:00:00,2026-02-17 06:00:00,0.0,0.2545,0.8099,0.3243,T2,26.0,2,6.7183,2.045,7.4333,0.0,2026-02-16 10:00:00
2026-02-17 13:00:00,2026-02-17 07:00:00,0.0,0.2912,0.8472,0.3379,T2,27.0,2,6.9433,2.325,8.0833,0.0,2026-02-16 10:00:00
2026-02-17 14:00:00,2026-02-17 08:00:00,0.0,0.3023,0.8317,0.3567,T2,28.0,2,7.1533,2.505,8.5333,0.0,2026-02-16 10:00:00
2026-02-17 15:00:00,2026-02-17 09:00:00,0.0,0.3228,0.8611,0.3725,T2,29.0,2,7.3817,2.03,8.6667,0.0,2026-02-16 10:00:00
2026-02-17 16:00:00,2026-02-17 10:00:00,0.0,0.3838,0.9125,0.3974,T2,30.0,2,7.6433,2.27,8.5167,0.0,2026-02-16 10:00:00
2026-02-17 17:00:00,2026-02-17 11:00:00,0.0,0.3882,0.9158,0.4309,T2,31.0,2,8.1417,1.82,7.7667,0.0,2026-02-16 10:00:00
2026-02-17 18:00:00,2026-02-17 12:00:00,0.0238,0.4761,0.97,0.5291,T2,32.0,2,8.855,2.785,6.8,0.0,2026-02-16 10:00:00
2026-02-17 19:00:00,2026-02-17 13:00:00,0.0284,0.6383,0.97,0.6301,T2,33.0,2,9.6167,2.755,6.1667,0.0,2026-02-16 10:00:00
2026-02-17 20:00:00,2026-02-17 14:00:00,0.0898,0.8209,0.97,0.6898,T2,34.0,2,10.3817,2.67,5.7167,0.0,2026-02-16 10:00:00
2026-02-17 21:00:00,2026-02-17 15:00:00,0.0831,0.8976,0.97,0.7639,T2,35.0,2,11.0217,2.63,5.4,0.0,2026-02-16 10:00:00
2026-02-17 22:00:00,2026-02-17 16:00:00,0.2513,0.7695,0.97,0.781,T2,36.0,2,11.4117,2.85,4.9667,0.0,2026-02-16 10:00:00
2026-02-17 23:00:00,2026-02-17 17:00:00,0.1935,0.7388,0.97,0.7831,T2,37.0,2,11.5033,3.385,4.3667,0.0,2026-02-16 10:00:00
2026-02-18 00:00:00,2026-02-17 18:00:00,0.1901,0.6648,0.97,0.7831,T2,38.0,2,11.485,3.73,3.8667,0.0,2026-02-16 10:00:00
2026-02-18 01:00:00,2026-02-17 19:00:00,0.2166,0.7543,0.97,0.7831,T2,39.0,2,11.5833,3.42,3.5,0.0,2026-02-16 10:00:00
2026-02-18 02:00:00,2026-02-17 20:00:00,0.2385,0.81,0.97,0.8017,T2,40.0,2,11.85,2.68,3.2667,0.0,2026-02-16 10:00:00
2026-02-18 03:00:00,2026-02-17 21:00:00,0.3073,0.7783,0.97,0.8017,T2,41.0,2,11.9783,1.965,3.1167,0.0,2026-02-16 10:00:00
2026-02-18 04:00:00,2026-02-17 22:00:00,0.4215,0.7733,0.97,0.8017,T2,42.0,3,12.1367,1.98,3.85,0.0,2026-02-16 10:00:00
2026-02-18 05:00:00,2026-02-17 23:00:00,0.3541,0.7751,0.97,0.8017,T2,43.0,3,12.105,1.115,3.3667,0.0,2026-02-16 10:00:00
2026-02-18 06:00:00,2026-02-18 00:00:00,0.2185,0.7331,0.9679,0.8017,T2,44.0,3,11.9033,0.34,2.9833,0.0,2026-02-16 10:00:00
2026-02-18 07:00:00,2026-02-18 01:00:00,0.223,0.7257,0.9656,0.8017,T2,45.0,3,12.0533,0.55,3.2333,0.0,2026-02-16 10:00:00
2026-02-18 08:00:00,2026-02-18 02:00:00,0.1385,0.736,0.9644,0.8017,T2,46.0,3,12.16,0.73,3.9333,0.0,2026-02-16 10:00:00
2026-02-18 09:00:00,2026-02-18 03:00:00,0.2282,0.5638,0.97,0.8217,T2,47.0,3,12.3683,0.43,5.3667,0.0,2026-02-16 10:00:00
2026-02-18 10:00:00,2026-02-18 04:00:00,0.1586,0.8539,0.9609,0.8297,T2,48.0,3,12.5433,0.74,7.2833,0.0,2026-02-16 10:00:00
2026-02-16 11:00:00,2026-02-16 05:00:00,0.0862,0.6612,0.9639,0.6587,ВЭС,1.0,1,9.865,0.88,5.45,0.0,2026-02-16 10:00:00
2026-02-16 12:00:00,2026-02-16 06:00:00,0.1459,0.7051,0.9713,0.6794,ВЭС,2.0,1,10.015,0.785,6.3167,0.0,2026-02-16 10:00:00
2026-02-16 13:00:00,2026-02-16 07:00:00,0.1646,0.7161,0.9713,0.6587,ВЭС,3.0,1,9.8917,1.095,7.0,0.0,2026-02-16 10:00:00
2026-02-16 14:00:00,2026-02-16 08:00:00,0.1828,0.6907,0.9721,0.6587,ВЭС,4.0,1,9.9,1.355,7.5333,0.0,2026-02-16 10:00:00
2026-02-16 15:00:00,2026-02-16 09:00:00,0.2408,0.8069,0.9787,0.65,ВЭС,5.0,1,9.875,1.845,7.6667,0.0,2026-02-16 10:00:00
2026-02-16 16:00:00,2026-02-16 10:00:00,0.2054,0.7797,0.98,0.6587,ВЭС,6.0,1,9.9567,2.115,7.2833,0.0,2026-02-16 10:00:00
2026-02-16 17:00:00,2026-02-16 11:00:00,0.0976,0.7159,0.9784,0.65,ВЭС,7.0,1,9.7833,1.94,6.5333,0.0,2026-02-16 10:00:00
2026-02-16 18:00:00,2026-02-16 12:00:00,0.0,0.5931,0.9551,0.6301,ВЭС,8.0,1,9.63,1.89,5.7333,0.0,2026-02-16 10:00:00
2026-02-16 19:00:00,2026-02-16 13:00:00,0.0,0.6154,0.9438,0.6721,ВЭС,9.0,1,9.9517,2.89,5.1333,0.0,2026-02-16 10:00:00
2026-02-16 20:00:00,2026-02-16 14:00:00,0.0693,0.6268,0.9639,0.6898,ВЭС,10.0,1,10.2333,3.64,4.75,0.0,2026-02-16 10:00:00
2026-02-16 21:00:00,2026-02-16 15:00:00,0.0985,0.6091,0.9571,0.6898,ВЭС,11.0,1,10.2567,3.73,4.45,0.0,2026-02-16 10:00:00
2026-02-16 22:00:00,2026-02-16 16:00:00,0.038,0.5843,0.9549,0.6898,ВЭС,12.0,1,10.31,3.99,4.2333,0.0,2026-02-16 10:00:00
2026-02-16 23:00:00,2026-02-16 17:00:00,0.0931,0.591,0.95,0.7338,ВЭС,13.0,1,10.5767,5.03,4.15,0.0,2026-02-16 10:00:00
2026-02-17 00:00:00,2026-02-16 18:00:00,0.0554,0.5741,0.9505,0.7536,ВЭС,14.0,1,10.7783,5.515,4.0333,0.0,2026-02-16 10:00:00
2026-02-17 01:00:00,2026-02-16 19:00:00,0.0802,0.5992,0.9527,0.7536,ВЭС,15.0,1,10.8817,4.87,3.8667,0.0,2026-02-16 10:00:00
2026-02-17 02:00:00,2026-02-16 20:00:00,0.1445,0.5695,0.9485,0.7536,ВЭС,16.0,1,10.715,3.81,3.75,0.0,2026-02-16 10:00:00
2026-02-17 03:00:00,2026-02-16 21:00:00,0.0938,0.4472,0.9047,0.681,ВЭС,17.0,1,10.1583,3.13,3.6167,0.0,2026-02-16 10:00:00
2026-02-17 04:00:00,2026-02-16 22:00:00,0.1051,0.5617,0.8949,0.7536,ВЭС,18.0,2,10.6417,2.27,3.2833,0.0,2026-02-16 10:00:00
2026-02-17 05:00:00,2026-02-16 23:00:00,0.0,0.3067,0.8536,0.519,ВЭС,19.0,2,8.7567,3.145,3.5167,0.0,2026-02-16 10:00:00
2026-02-17 06:00:00,2026-02-17 00:00:00,0.0,0.1666,0.6253,0.3243,ВЭС,20.0,2,6.7567,5.18,3.4,0.0,2026-02-16 10:00:00
2026-02-17 07:00:00,2026-02-17 01:00:00,0.0,0.1707,0.5757,0.2732,ВЭС,21.0,2,6.085,4.545,3.0333,0.0,2026-02-16 10:00:00
2026-02-17 08:00:00,2026-02-17 02:00:00,0.0,0.173,0.585,0.2388,ВЭС,22.0,2,5.7483,3.795,3.0,0.0,2026-02-16 10:00:00
2026-02-17 09:00:00,2026-02-17 03:00:00,0.0,0.1214,0.5466,0.2347,ВЭС,23.0,2,5.5267,2.79,3.4667,0.0,2026-02-16 10:00:00
2026-02-17 10:00:00,2026-02-17 04:00:00,0.0,0.1847,0.5424,0.2347,ВЭС,24.0,2,5.635,1.58,4.2333,0.0,2026-02-16 10:00:00
2026-02-17 11:00:00,2026-02-17 05:00:00,0.0,0.209,0.6845,0.2753,ВЭС,25.0,2,6.2167,1.57,5.8833,0.0,2026-02-16 10:00:00
2026-02-17 12:00:00,2026-02-17 06:00:00,0.0,0.2561,0.8099,0.3243,ВЭС,26.0,2,6.7183,2.045,7.4333,0.0,2026-02-16 10:00:00
2026-02-17 13:00:00,2026-02-17 07:00:00,0.0,0.2918,0.8472,0.3379,ВЭС,27.0,2,6.9433,2.325,8.0833,0.0,2026-02-16 10:00:00
2026-02-17 14:00:00,2026-02-17 08:00:00,0.0,0.3029,0.8317,0.3567,ВЭС,28.0,2,7.1533,2.505,8.5333,0.0,2026-02-16 10:00:00
2026-02-17 15:00:00,2026-02-17 09:00:00,0.0,0.3233,0.8611,0.3725,ВЭС,29.0,2,7.3817,2.03,8.6667,0.0,2026-02-16 10:00:00
2026-02-17 16:00:00,2026-02-17 10:00:00,0.0,0.3841,0.9126,0.3974,ВЭС,30.0,2,7.6433,2.27,8.5167,0.0,2026-02-16 10:00:00
2026-02-17 17:00:00,2026-02-17 11:00:00,0.017,0.3876,0.9158,0.4309,ВЭС,31.0,2,8.1417,1.82,7.7667,0.0,2026-02-16 10:00:00
2026-02-17 18:00:00,2026-02-17 12:00:00,0.0502,0.4752,0.9761,0.5291,ВЭС,32.0,2,8.855,2.785,6.8,0.0,2026-02-16 10:00:00
2026-02-17 19:00:00,2026-02-17 13:00:00,0.0399,0.6406,0.9742,0.6301,ВЭС,33.0,2,9.6167,2.755,6.1667,0.0,2026-02-16 10:00:00
2026-02-17 20:00:00,2026-02-17 14:00:00,0.0947,0.8266,0.9784,0.6898,ВЭС,34.0,2,10.3817,2.67,5.7167,0.0,2026-02-16 10:00:00
2026-02-17 21:00:00,2026-02-17 15:00:00,0.0928,0.9033,0.9767,0.7639,ВЭС,35.0,2,11.0217,2.63,5.4,0.0,2026-02-16 10:00:00
2026-02-17 22:00:00,2026-02-17 16:00:00,0.2584,0.7759,0.9794,0.781,ВЭС,36.0,2,11.4117,2.85,4.9667,0.0,2026-02-16 10:00:00
2026-02-17 23:00:00,2026-02-17 17:00:00,0.2002,0.7447,0.9797,0.7831,ВЭС,37.0,2,11.5033,3.385,4.3667,0.0,2026-02-16 10:00:00
2026-02-18 00:00:00,2026-02-17 18:00:00,0.1854,0.6709,0.9777,0.7831,ВЭС,38.0,2,11.485,3.73,3.8667,0.0,2026-02-16 10:00:00
2026-02-18 01:00:00,2026-02-17 19:00:00,0.2353,0.7605,0.9775,0.7831,ВЭС,39.0,2,11.5833,3.42,3.5,0.0,2026-02-16 10:00:00
2026-02-18 02:00:00,2026-02-17 20:00:00,0.2729,0.8114,0.9755,0.8017,ВЭС,40.0,2,11.85,2.68,3.2667,0.0,2026-02-16 10:00:00
2026-02-18 03:00:00,2026-02-17 21:00:00,0.3165,0.781,0.9754,0.8017,ВЭС,41.0,2,11.9783,1.965,3.1167,0.0,2026-02-16 10:00:00
2026-02-18 04:00:00,2026-02-17 22:00:00,0.4326,0.7812,0.9789,0.8017,ВЭС,42.0,3,12.1367,1.98,3.85,0.0,2026-02-16 10:00:00
2026-02-18 05:00:00,2026-02-17 23:00:00,0.3551,0.778,0.9756,0.8017,ВЭС,43.0,3,12.105,1.115,3.3667,0.0,2026-02-16 10:00:00
2026-02-18 06:00:00,2026-02-18 00:00:00,0.2412,0.7323,0.9706,0.8017,ВЭС,44.0,3,11.9033,0.34,2.9833,0.0,2026-02-16 10:00:00
2026-02-18 07:00:00,2026-02-18 01:00:00,0.2265,0.7229,0.9688,0.8017,ВЭС,45.0,3,12.0533,0.55,3.2333,0.0,2026-02-16 10:00:00
2026-02-18 08:00:00,2026-02-18 02:00:00,0.1852,0.7279,0.9678,0.8017,ВЭС,46.0,3,12.16,0.73,3.9333,0.0,2026-02-16 10:00:00
2026-02-18 09:00:00,2026-02-18 03:00:00,0.2498,0.5657,0.9737,0.8217,ВЭС,47.0,3,12.3683,0.43,5.3667,0.0,2026-02-16 10:00:00
2026-02-18 10:00:00,2026-02-18 04:00:00,0.2052,0.8527,0.9654,0.8297,ВЭС,48.0,3,12.5433,0.74,7.2833,0.0,2026-02-16 10:00:00
2026-02-16 23:00:00,2026-02-16 17:00:00,0.0653,0.5945,0.9527,0.7338,T1,1.0,1,10.5767,5.03,4.15,0.0,2026-02-16 22:00:00
2026-02-17 00:00:00,2026-02-16 18:00:00,0.0,0.5792,0.9537,0.7536,T1,2.0,1,10.7783,5.515,4.0333,0.0,2026-02-16 22:00:00
2026-02-17 01:00:00,2026-02-16 19:00:00,0.0428,0.6043,0.9553,0.7536,T1,3.0,1,10.8817,4.87,3.8667,0.0,2026-02-16 22:00:00
2026-02-17 02:00:00,2026-02-16 20:00:00,0.1163,0.5756,0.9509,0.7536,T1,4.0,1,10.715,3.81,3.75,0.0,2026-02-16 22:00:00
2026-02-17 03:00:00,2026-02-16 21:00:00,0.0601,0.4535,0.9071,0.681,T1,5.0,1,10.1583,3.13,3.6167,0.0,2026-02-16 22:00:00
2026-02-17 04:00:00,2026-02-16 22:00:00,0.0,0.3165,0.8691,0.5709,T1,6.0,1,9.3117,3.115,3.5333,0.0,2026-02-16 22:00:00
2026-02-17 05:00:00,2026-02-16 23:00:00,0.0,0.2328,0.7782,0.4461,T1,7.0,1,8.295,2.925,3.45,0.0,2026-02-16 22:00:00
2026-02-17 06:00:00,2026-02-17 00:00:00,0.0,0.1809,0.7344,0.3974,T1,8.0,1,7.525,2.48,3.3333,0.0,2026-02-16 22:00:00
2026-02-17 07:00:00,2026-02-17 01:00:00,0.0,0.1721,0.6775,0.3567,T1,9.0,1,6.9867,2.215,3.35,0.0,2026-02-16 22:00:00
2026-02-17 08:00:00,2026-02-17 02:00:00,0.0,0.1666,0.5507,0.2938,T1,10.0,1,6.45,2.56,3.5667,0.0,2026-02-16 22:00:00
2026-02-17 09:00:00,2026-02-17 03:00:00,0.0,0.1524,0.4819,0.2678,T1,11.0,1,6.0233,3.465,3.95,0.0,2026-02-16 22:00:00
2026-02-17 10:00:00,2026-02-17 04:00:00,0.0,0.1497,0.458,0.2365,T1,12.0,1,5.6533,4.28,4.45,0.0,2026-02-16 22:00:00
2026-02-17 11:00:00,2026-02-17 05:00:00,0.0,0.1103,0.431,0.2111,T1,13.0,1,5.115,4.83,5.5167,0.0,2026-02-16 22:00:00
2026-02-17 12:00:00,2026-02-17 06:00:00,0.0,0.1339,0.424,0.1732,T1,14.0,1,4.7267,4.825,6.65,0.0,2026-02-16 22:00:00
2026-02-17 13:00:00,2026-02-17 07:00:00,0.0,0.1226,0.4292,0.1887,T1,15.0,1,4.9667,4.69,7.2,0.0,2026-02-16 22:00:00
2026-02-17 14:00:00,2026-02-17 08:00:00,0.0,0.1678,0.5024,0.2347,T1,16.0,1,5.5,5.375,7.6833,0.0,2026-02-16 22:00:00
2026-02-17 15:00:00,2026-02-17 09:00:00,0.0,0.2315,0.5355,0.2678,T1,17.0,1,6.01,6.02,8.1167,0.0,2026-02-16 22:00:00
2026-02-17 16:00:00,2026-02-17 10:00:00,0.0,0.3844,0.9126,0.3974,T1,18.0,2,7.6433,2.27,8.5167,0.0,2026-02-16 22:00:00
2026-02-17 17:00:00,2026-02-17 11:00:00,0.034,0.3871,0.9158,0.4309,T1,19.0,2,8.1417,1.82,7.7667,0.0,2026-02-16 22:00:00
2026-02-17 18:00:00,2026-02-17 12:00:00,0.0766,0.4744,0.9822,0.5291,T1,20.0,2,8.855,2.785,6.8,0.0,2026-02-16 22:00:00
2026-02-17 19:00:00,2026-02-17 13:00:00,0.0515,0.6429,0.9783,0.6301,T1,21.0,2,9.6167,2.755,6.1667,0.0,2026-02-16 22:00:00
2026-02-17 20:00:00,2026-02-17 14:00:00,0.0996,0.8323,0.9868,0.6898,T1,22.0,2,10.3817,2.67,5.7167,0.0,2026-02-16 22:00:00
2026-02-17 21:00:00,2026-02-17 15:00:00,0.1025,0.9089,0.9833,0.7639,T1,23.0,2,11.0217,2.63,5.4,0.0,2026-02-16 22:00:00
2026-02-17 22:00:00,2026-02-17 16:00:00,0.2655,0.7824,0.9888,0.781,T1,24.0,2,11.4117,2.85,4.9667,0.0,2026-02-16 22:00:00
2026-02-17 23:00:00,2026-02-17 17:00:00,0.207,0.7506,0.9894,0.7831,T1,25.0,2,11.5033,3.385,4.3667,0.0,2026-02-16 22:00:00
2026-02-18 00:00:00,2026-02-17 18:00:00,0.1807,0.677,0.9854,0.7831,T1,26.0,2,11.485,3.73,3.8667,0.0,2026-02-16 22:00:00
2026-02-18 01:00:00,2026-02-17 19:00:00,0.254,0.7667,0.985,0.7831,T1,27.0,2,11.5833,3.42,3.5,0.0,2026-02-16 22:00:00
2026-02-18 02:00:00,2026-02-17 20:00:00,0.3072,0.8127,0.9809,0.8017,T1,28.0,2,11.85,2.68,3.2667,0.0,2026-02-16 22:00:00
2026-02-18 03:00:00,2026-02-17 21:00:00,0.3258,0.7838,0.9808,0.8017,T1,29.0,2,11.9783,1.965,3.1167,0.0,2026-02-16 22:00:00
2026-02-18 04:00:00,2026-02-17 22:00:00,0.3159,0.7342,0.9757,0.8017,T1,30.0,2,12.0133,1.595,2.9333,0.0,2026-02-16 22:00:00
2026-02-18 05:00:00,2026-02-17 23:00:00,0.3327,0.7309,0.983,0.8017,T1,31.0,2,12.095,1.665,2.7167,0.0,2026-02-16 22:00:00
2026-02-18 06:00:00,2026-02-18 00:00:00,0.3023,0.675,0.9711,0.8017,T1,32.0,2,12.0867,1.27,2.6833,0.0,2026-02-16 22:00:00
2026-02-18 07:00:00,2026-02-18 01:00:00,0.2045,0.6026,0.9599,0.8017,T1,33.0,2,12.1467,1.395,2.75,0.0,2026-02-16 22:00:00
2026-02-18 08:00:00,2026-02-18 02:00:00,0.19,0.6451,0.9766,0.8017,T1,34.0,2,12.2667,0.93,3.4,0.0,2026-02-16 22:00:00
2026-02-18 09:00:00,2026-02-18 03:00:00,0.2634,0.6228,0.9666,0.8297,T1,35.0,2,12.5467,0.7,5.05,0.0,2026-02-16 22:00:00
2026-02-18 10:00:00,2026-02-18 04:00:00,0.3293,0.7103,0.9733,0.8297,T1,36.0,2,12.6117,0.85,7.2167,0.0,2026-02-16 22:00:00
2026-02-18 11:00:00,2026-02-18 05:00:00,0.4073,0.9422,0.9807,0.8297,T1,37.0,2,12.605,1.89,9.4833,0.0,2026-02-16 22:00:00
2026-02-18 12:00:00,2026-02-18 06:00:00,0.7398,0.9806,0.99,0.872,T1,38.0,2,12.8967,1.86,11.2,0.0,2026-02-16 22:00:00
2026-02-18 13:00:00,2026-02-18 07:00:00,0.9068,0.9809,0.9896,0.8813,T1,39.0,2,13.1217,1.455,12.3,0.0,2026-02-16 22:00:00
2026-02-18 14:00:00,2026-02-18 08:00:00,0.876,0.9864,0.9896,0.8813,T1,40.0,2,13.0717,1.225,12.9333,0.0,2026-02-16 22:00:00
2026-02-18 15:00:00,2026-02-18 09:00:00,0.7055,0.9769,0.99,0.8297,T1,41.0,2,12.66,1.565,13.05,0.0,2026-02-16 22:00:00
2026-02-18 16:00:00,2026-02-18 10:00:00,0.7677,0.9653,0.99,0.8017,T1,42.0,3,12.075,2.44,12.3167,0.0,2026-02-16 22:00:00
2026-02-18 17:00:00,2026-02-18 11:00:00,0.513,0.9763,0.99,0.7831,T1,43.0,3,11.5633,2.675,11.3333,0.0,2026-02-16 22:00:00
2026-02-18 18:00:00,2026-02-18 12:00:00,0.2474,0.8934,0.9829,0.7536,T1,44.0,3,10.9617,3.76,9.9167,0.0,2026-02-16 22:00:00
2026-02-18 19:00:00,2026-02-18 13:00:00,0.1036,0.8164,0.9628,0.681,T1,45.0,3,10.225,4.17,8.6167,0.0,2026-02-16 22:00:00
2026-02-18 20:00:00,2026-02-18 14:00:00,0.0,0.5886,0.9397,0.6301,T1,46.0,3,9.695,4.235,7.7167,0.0,2026-02-16 22:00:00
2026-02-18 21:00:00,2026-02-18 15:00:00,0.0,0.4795,0.9268,0.5709,T1,47.0,3,9.3283,4.015,7.1,0.0,2026-02-16 22:00:00
2026-02-18 22:00:00,2026-02-18 16:00:00,0.0,0.4695,0.9499,0.5531,T1,48.0,3,9.18,3.635,6.6833,0.0,2026-02-16 22:00:00
2026-02-16 23:00:00,2026-02-16 17:00:00,0.1208,0.5875,0.9472,0.7338,T2,1.0,1,10.5767,5.03,4.15,0.0,2026-02-16 22:00:00
2026-02-17 00:00:00,2026-02-16 18:00:00,0.1107,0.5691,0.9474,0.7536,T2,2.0,1,10.7783,5.515,4.0333,0.0,2026-02-16 22:00:00
2026-02-17 01:00:00,2026-02-16 19:00:00,0.1175,0.5941,0.9502,0.7536,T2,3.0,1,10.8817,4.87,3.8667,0.0,2026-02-16 22:00:00
2026-02-17 02:00:00,2026-02-16 20:00:00,0.1728,0.5634,0.9462,0.7536,T2,4.0,1,10.715,3.81,3.75,0.0,2026-02-16 22:00:00
2026-02-17 03:00:00,2026-02-16 21:00:00,0.1276,0.441,0.9023,0.681,T2,5.0,1,10.1583,3.13,3.6167,0.0,2026-02-16 22:00:00
2026-02-17 04:00:00,2026-02-16 22:00:00,0.0,0.3093,0.8666,0.5709,T2,6.0,1,9.3117,3.115,3.5333,0.0,2026-02-16 22:00:00
2026-02-17 05:00:00,2026-02-16 23:00:00,0.0,0.2196,0.7783,0.4461,T2,7.0,1,8.295,2.925,3.45,0.0,2026-02-16 22:00:00
2026-02-17 06:00:00,2026-02-17 00:00:00,0.0,0.1675,0.7345,0.3974,T2,8.0,1,7.525,2.48,3.3333,0.0,2026-02-16 22:00:00
2026-02-17 07:00:00,2026-02-17 01:00:00,0.0,0.1598,0.6776,0.3567,T2,9.0,1,6.9867,2.215,3.35,0.0,2026-02-16 22:00:00
2026-02-17 08:00:00,2026-02-17 02:00:00,0.0,0.1498,0.5508,0.2938,T2,10.0,1,6.45,2.56,3.5667,0.0,2026-02-16 22:00:00
2026-02-17 09:00:00,2026-02-17 03:00:00,0.0,0.1432,0.482,0.2678,T2,11.0,1,6.0233,3.465,3.95,0.0,2026-02-16 22:00:00
2026-02-17 10:00:00,2026-02-17 04:00:00,0.0,0.14,0.458,0.2365,T2,12.0,1,5.6533,4.28,4.45,0.0,2026-02-16 22:00:00
2026-02-17 11:00:00,2026-02-17 05:00:00,0.0,0.0992,0.4311,0.2111,T2,13.0,1,5.115,4.83,5.5167,0.0,2026-02-16 22:00:00
2026-02-17 12:00:00,2026-02-17 06:00:00,0.0,0.1242,0.424,0.1732,T2,14.0,1,4.7267,4.825,6.65,0.0,2026-02-16 22:00:00
2026-02-17 13:00:00,2026-02-17 07:00:00,0.0,0.1204,0.4292,0.1887,T2,15.0,1,4.9667,4.69,7.2,0.0,2026-02-16 22:00:00
2026-02-17 14:00:00,2026-02-17 08:00:00,0.0,0.166,0.5024,0.2347,T2,16.0,1,5.5,5.375,7.6833,0.0,2026-02-16 22:00:00
2026-02-17 15:00:00,2026-02-17 09:00:00,0.0,0.2331,0.5355,0.2678,T2,17.0,1,6.01,6.02,8.1167,0.0,2026-02-16 22:00:00
2026-02-17 16:00:00,2026-02-17 10:00:00,0.0,0.3838,0.9125,0.3974,T2,18.0,2,7.6433,2.27,8.5167,0.0,2026-02-16 22:00:00
2026-02-17 17:00:00,2026-02-17 11:00:00,0.0,0.3882,0.9158,0.4309,T2,19.0,2,8.1417,1.82,7.7667,0.0,2026-02-16 22:00:00
2026-02-17 18:00:00,2026-02-17 12:00:00,0.0238,0.4761,0.97,0.5291,T2,20.0,2,8.855,2.785,6.8,0.0,2026-02-16 22:00:00
2026-02-17 19:00:00,2026-02-17 13:00:00,0.0284,0.6383,0.97,0.6301,T2,21.0,2,9.6167,2.755,6.1667,0.0,2026-02-16 22:00:00
2026-02-17 20:00:00,2026-02-17 14:00:00,0.0898,0.8209,0.97,0.6898,T2,22.0,2,10.3817,2.67,5.7167,0.0,2026-02-16 22:00:00
2026-02-17 21:00:00,2026-02-17 15:00:00,0.0831,0.8976,0.97,0.7639,T2,23.0,2,11.0217,2.63,5.4,0.0,2026-02-16 22:00:00
2026-02-17 22:00:00,2026-02-17 16:00:00,0.2513,0.7695,0.97,0.781,T2,24.0,2,11.4117,2.85,4.9667,0.0,2026-02-16 22:00:00
2026-02-17 23:00:00,2026-02-17 17:00:00,0.1935,0.7388,0.97,0.7831,T2,25.0,2,11.5033,3.385,4.3667,0.0,2026-02-16 22:00:00
2026-02-18 00:00:00,2026-02-17 18:00:00,0.1901,0.6648,0.97,0.7831,T2,26.0,2,11.485,3.73,3.8667,0.0,2026-02-16 22:00:00
2026-02-18 01:00:00,2026-02-17 19:00:00,0.2166,0.7543,0.97,0.7831,T2,27.0,2,11.5833,3.42,3.5,0.0,2026-02-16 22:00:00
2026-02-18 02:00:00,2026-02-17 20:00:00,0.2385,0.81,0.97,0.8017,T2,28.0,2,11.85,2.68,3.2667,0.0,2026-02-16 22:00:00
2026-02-18 03:00:00,2026-02-17 21:00:00,0.3073,0.7783,0.97,0.8017,T2,29.0,2,11.9783,1.965,3.1167,0.0,2026-02-16 22:00:00
2026-02-18 04:00:00,2026-02-17 22:00:00,0.2571,0.7285,0.9695,0.8017,T2,30.0,2,12.0133,1.595,2.9333,0.0,2026-02-16 22:00:00
2026-02-18 05:00:00,2026-02-17 23:00:00,0.302,0.7148,0.97,0.8017,T2,31.0,2,12.095,1.665,2.7167,0.0,2026-02-16 22:00:00
2026-02-18 06:00:00,2026-02-18 00:00:00,0.2732,0.6769,0.9651,0.8017,T2,32.0,2,12.0867,1.27,2.6833,0.0,2026-02-16 22:00:00
2026-02-18 07:00:00,2026-02-18 01:00:00,0.1762,0.6047,0.9536,0.8017,T2,33.0,2,12.1467,1.395,2.75,0.0,2026-02-16 22:00:00
2026-02-18 08:00:00,2026-02-18 02:00:00,0.1611,0.6462,0.97,0.8017,T2,34.0,2,12.2667,0.93,3.4,0.0,2026-02-16 22:00:00
2026-02-18 09:00:00,2026-02-18 03:00:00,0.2145,0.6178,0.9602,0.8297,T2,35.0,2,12.5467,0.7,5.05,0.0,2026-02-16 22:00:00
2026-02-18 10:00:00,2026-02-18 04:00:00,0.2419,0.7107,0.9644,0.8297,T2,36.0,2,12.6117,0.85,7.2167,0.0,2026-02-16 22:00:00
2026-02-18 11:00:00,2026-02-18 05:00:00,0.3601,0.9328,0.97,0.8297,T2,37.0,2,12.605,1.89,9.4833,0.0,2026-02-16 22:00:00
2026-02-18 12:00:00,2026-02-18 06:00:00,0.5772,0.9667,0.97,0.872,T2,38.0,2,12.8967,1.86,11.2,0.0,2026-02-16 22:00:00
2026-02-18 13:00:00,2026-02-18 07:00:00,0.8187,0.9667,0.97,0.8813,T2,39.0,2,13.1217,1.455,12.3,0.0,2026-02-16 22:00:00
2026-02-18 14:00:00,2026-02-18 08:00:00,0.7702,0.97,0.97,0.8813,T2,40.0,2,13.0717,1.225,12.9333,0.0,2026-02-16 22:00:00
2026-02-18 15:00:00,2026-02-18 09:00:00,0.8361,0.9635,0.97,0.8297,T2,41.0,2,12.66,1.565,13.05,0.0,2026-02-16 22:00:00
2026-02-18 16:00:00,2026-02-18 10:00:00,0.7502,0.963,0.97,0.8017,T2,42.0,3,12.075,2.44,12.3167,0.0,2026-02-16 22:00:00
2026-02-18 17:00:00,2026-02-18 11:00:00,0.6131,0.97,0.97,0.7831,T2,43.0,3,11.5633,2.675,11.3333,0.0,2026-02-16 22:00:00
2026-02-18 18:00:00,2026-02-18 12:00:00,0.2573,0.8947,0.9662,0.7536,T2,44.0,3,10.9617,3.76,9.9167,0.0,2026-02-16 22:00:00
2026-02-18 19:00:00,2026-02-18 13:00:00,0.1561,0.8193,0.9524,0.681,T2,45.0,3,10.225,4.17,8.6167,0.0,2026-02-16 22:00:00
2026-02-18 20:00:00,2026-02-18 14:00:00,0.0,0.5873,0.9341,0.6301,T2,46.0,3,9.695,4.235,7.7167,0.0,2026-02-16 22:00:00
2026-02-18 21:00:00,2026-02-18 15:00:00,0.0,0.4786,0.9216,0.5709,T2,47.0,3,9.3283,4.015,7.1,0.0,2026-02-16 22:00:00
2026-02-18 22:00:00,2026-02-18 16:00:00,0.0,0.4666,0.9474,0.5531,T2,48.0,3,9.18,3.635,6.6833,0.0,2026-02-16 22:00:00
2026-02-16 23:00:00,2026-02-16 17:00:00,0.0931,0.591,0.95,0.7338,ВЭС,1.0,1,10.5767,5.03,4.15,0.0,2026-02-16 22:00:00
2026-02-17 00:00:00,2026-02-16 18:00:00,0.0554,0.5741,0.9505,0.7536,ВЭС,2.0,1,10.7783,5.515,4.0333,0.0,2026-02-16 22:00:00
2026-02-17 01:00:00,2026-02-16 19:00:00,0.0802,0.5992,0.9527,0.7536,ВЭС,3.0,1,10.8817,4.87,3.8667,0.0,2026-02-16 22:00:00
2026-02-17 02:00:00,2026-02-16 20:00:00,0.1445,0.5695,0.9485,0.7536,ВЭС,4.0,1,10.715,3.81,3.75,0.0,2026-02-16 22:00:00
2026-02-17 03:00:00,2026-02-16 21:00:00,0.0938,0.4472,0.9047,0.681,ВЭС,5.0,1,10.1583,3.13,3.6167,0.0,2026-02-16 22:00:00
2026-02-17 04:00:00,2026-02-16 22:00:00,0.0,0.3129,0.8678,0.5709,ВЭС,6.0,1,9.3117,3.115,3.5333,0.0,2026-02-16 22:00:00
2026-02-17 05:00:00,2026-02-16 23:00:00,0.0,0.2262,0.7783,0.4461,ВЭС,7.0,1,8.295,2.925,3.45,0.0,2026-02-16 22:00:00
2026-02-17 06:00:00,2026-02-17 00:00:00,0.0,0.1742,0.7344,0.3974,ВЭС,8.0,1,7.525,2.48,3.3333,0.0,2026-02-16 22:00:00
2026-02-17 07:00:00,2026-02-17 01:00:00,0.0,0.1659,0.6775,0.3567,ВЭС,9.0,1,6.9867,2.215,3.35,0.0,2026-02-16 22:00:00
2026-02-17 08:00:00,2026-02-17 02:00:00,0.0,0.1582,0.5508,0.2938,ВЭС,10.0,1,6.45,2.56,3.5667,0.0,2026-02-16 22:00:00
2026-02-17 09:00:00,2026-02-17 03:00:00,0.0,0.1478,0.4819,0.2678,ВЭС,11.0,1,6.0233,3.465,3.95,0.0,2026-02-16 22:00:00
2026-02-17 10:00:00,2026-02-17 04:00:00,0.0,0.1449,0.458,0.2365,ВЭС,12.0,1,5.6533,4.28,4.45,0.0,2026-02-16 22:00:00
2026-02-17 11:00:00,2026-02-17 05:00:00,0.0,0.1048,0.4311,0.2111,ВЭС,13.0,1,5.115,4.83,5.5167,0.0,2026-02-16 22:00:00
2026-02-17 12:00:00,2026-02-17 06:00:00,0.0,0.129,0.424,0.1732,ВЭС,14.0,1,4.7267,4.825,6.65,0.0,2026-02-16 22:00:00
2026-02-17 13:00:00,2026-02-17 07:00:00,0.0,0.1215,0.4292,0.1887,ВЭС,15.0,1,4.9667,4.69,7.2,0.0,2026-02-16 22:00:00
2026-02-17 14:00:00,2026-02-17 08:00:00,0.0,0.1669,0.5024,0.2347,ВЭС,16.0,1,5.5,5.375,7.6833,0.0,2026-02-16 22:00:00
2026-02-17 15:00:00,2026-02-17 09:00:00,0.0,0.2323,0.5355,0.2678,ВЭС,17.0,1,6.01,6.02,8.1167,0.0,2026-02-16 22:00:00
2026-02-17 16:00:00,2026-02-17 10:00:00,0.0,0.3841,0.9126,0.3974,ВЭС,18.0,2,7.6433,2.27,8.5167,0.0,2026-02-16 22:00:00
2026-02-17 17:00:00,2026-02-17 11:00:00,0.017,0.3876,0.9158,0.4309,ВЭС,19.0,2,8.1417,1.82,7.7667,0.0,2026-02-16 22:00:00
2026-02-17 18:00:00,2026-02-17 12:00:00,0.0502,0.4752,0.9761,0.5291,ВЭС,20.0,2,8.855,2.785,6.8,0.0,2026-02-16 22:00:00
2026-02-17 19:00:00,2026-02-17 13:00:00,0.0399,0.6406,0.9742,0.6301,ВЭС,21.0,2,9.6167,2.755,6.1667,0.0,2026-02-16 22:00:00
2026-02-17 20:00:00,2026-02-17 14:00:00,0.0947,0.8266,0.9784,0.6898,ВЭС,22.0,2,10.3817,2.67,5.7167,0.0,2026-02-16 22:00:00
2026-02-17 21:00:00,2026-02-17 15:00:00,0.0928,0.9033,0.9767,0.7639,ВЭС,23.0,2,11.0217,2.63,5.4,0.0,2026-02-16 22:00:00
2026-02-17 22:00:00,2026-02-17 16:00:00,0.2584,0.7759,0.9794,0.781,ВЭС,24.0,2,11.4117,2.85,4.9667,0.0,2026-02-16 22:00:00
2026-02-17 23:00:00,2026-02-17 17:00:00,0.2002,0.7447,0.9797,0.7831,ВЭС,25.0,2,11.5033,3.385,4.3667,0.0,2026-02-16 22:00:00
2026-02-18 00:00:00,2026-02-17 18:00:00,0.1854,0.6709,0.9777,0.7831,ВЭС,26.0,2,11.485,3.73,3.8667,0.0,2026-02-16 22:00:00
2026-02-18 01:00:00,2026-02-17 19:00:00,0.2353,0.7605,0.9775,0.7831,ВЭС,27.0,2,11.5833,3.42,3.5,0.0,2026-02-16 22:00:00
2026-02-18 02:00:00,2026-02-17 20:00:00,0.2729,0.8114,0.9755,0.8017,ВЭС,28.0,2,11.85,2.68,3.2667,0.0,2026-02-16 22:00:00
2026-02-18 03:00:00,2026-02-17 21:00:00,0.3165,0.781,0.9754,0.8017,ВЭС,29.0,2,11.9783,1.965,3.1167,0.0,2026-02-16 22:00:00
2026-02-18 04:00:00,2026-02-17 22:00:00,0.2865,0.7314,0.9726,0.8017,ВЭС,30.0,2,12.0133,1.595,2.9333,0.0,2026-02-16 22:00:00
2026-02-18 05:00:00,2026-02-17 23:00:00,0.3174,0.7228,0.9765,0.8017,ВЭС,31.0,2,12.095,1.665,2.7167,0.0,2026-02-16 22:00:00
2026-02-18 06:00:00,2026-02-18 00:00:00,0.2878,0.6759,0.9681,0.8017,ВЭС,32.0,2,12.0867,1.27,2.6833,0.0,2026-02-16 22:00:00
2026-02-18 07:00:00,2026-02-18 01:00:00,0.1903,0.6037,0.9568,0.8017,ВЭС,33.0,2,12.1467,1.395,2.75,0.0,2026-02-16 22:00:00
2026-02-18 08:00:00,2026-02-18 02:00:00,0.1755,0.6457,0.9733,0.8017,ВЭС,34.0,2,12.2667,0.93,3.4,0.0,2026-02-16 22:00:00
2026-02-18 09:00:00,2026-02-18 03:00:00,0.2389,0.6203,0.9634,0.8297,ВЭС,35.0,2,12.5467,0.7,5.05,0.0,2026-02-16 22:00:00
2026-02-18 10:00:00,2026-02-18 04:00:00,0.2856,0.7105,0.9688,0.8297,ВЭС,36.0,2,12.6117,0.85,7.2167,0.0,2026-02-16 22:00:00
2026-02-18 11:00:00,2026-02-18 05:00:00,0.3837,0.9375,0.9753,0.8297,ВЭС,37.0,2,12.605,1.89,9.4833,0.0,2026-02-16 22:00:00
2026-02-18 12:00:00,2026-02-18 06:00:00,0.6585,0.9736,0.98,0.872,ВЭС,38.0,2,12.8967,1.86,11.2,0.0,2026-02-16 22:00:00
2026-02-18 13:00:00,2026-02-18 07:00:00,0.8628,0.9738,0.9798,0.8813,ВЭС,39.0,2,13.1217,1.455,12.3,0.0,2026-02-16 22:00:00
2026-02-18 14:00:00,2026-02-18 08:00:00,0.8231,0.9782,0.9798,0.8813,ВЭС,40.0,2,13.0717,1.225,12.9333,0.0,2026-02-16 22:00:00
2026-02-18 15:00:00,2026-02-18 09:00:00,0.7708,0.9702,0.98,0.8297,ВЭС,41.0,2,12.66,1.565,13.05,0.0,2026-02-16 22:00:00
2026-02-18 16:00:00,2026-02-18 10:00:00,0.759,0.9642,0.98,0.8017,ВЭС,42.0,3,12.075,2.44,12.3167,0.0,2026-02-16 22:00:00
2026-02-18 17:00:00,2026-02-18 11:00:00,0.5631,0.9731,0.98,0.7831,ВЭС,43.0,3,11.5633,2.675,11.3333,0.0,2026-02-16 22:00:00
2026-02-18 18:00:00,2026-02-18 12:00:00,0.2523,0.8941,0.9746,0.7536,ВЭС,44.0,3,10.9617,3.76,9.9167,0.0,2026-02-16 22:00:00
2026-02-18 19:00:00,2026-02-18 13:00:00,0.1299,0.8178,0.9576,0.681,ВЭС,45.0,3,10.225,4.17,8.6167,0.0,2026-02-16 22:00:00
2026-02-18 20:00:00,2026-02-18 14:00:00,0.0,0.588,0.9369,0.6301,ВЭС,46.0,3,9.695,4.235,7.7167,0.0,2026-02-16 22:00:00
2026-02-18 21:00:00,2026-02-18 15:00:00,0.0,0.479,0.9242,0.5709,ВЭС,47.0,3,9.3283,4.015,7.1,0.0,2026-02-16 22:00:00
2026-02-18 22:00:00,2026-02-18 16:00:00,0.0,0.4681,0.9486,0.5531,ВЭС,48.0,3,9.18,3.635,6.6833,0.0,2026-02-16 22:00:00
2026-02-17 11:00:00,2026-02-17 05:00:00,0.0,0.1103,0.431,0.2111,T1,1.0,1,5.115,4.83,5.5167,0.0,2026-02-17 10:00:00
2026-02-17 12:00:00,2026-02-17 06:00:00,0.0,0.1339,0.424,0.1732,T1,2.0,1,4.7267,4.825,6.65,0.0,2026-02-17 10:00:00
2026-02-17 13:00:00,2026-02-17 07:00:00,0.0,0.1226,0.4292,0.1887,T1,3.0,1,4.9667,4.69,7.2,0.0,2026-02-17 10:00:00
2026-02-17 14:00:00,2026-02-17 08:00:00,0.0,0.1678,0.5024,0.2347,T1,4.0,1,5.5,5.375,7.6833,0.0,2026-02-17 10:00:00
2026-02-17 15:00:00,2026-02-17 09:00:00,0.0,0.2315,0.5355,0.2678,T1,5.0,1,6.01,6.02,8.1167,0.0,2026-02-17 10:00:00
2026-02-17 16:00:00,2026-02-17 10:00:00,0.0,0.3078,0.675,0.3243,T1,6.0,1,6.595,6.645,8.2167,0.0,2026-02-17 10:00:00
2026-02-17 17:00:00,2026-02-17 11:00:00,0.0,0.3741,0.8268,0.4057,T1,7.0,1,7.7233,5.33,7.85,0.0,2026-02-17 10:00:00
2026-02-17 18:00:00,2026-02-17 12:00:00,0.0363,0.4668,0.9778,0.5291,T1,8.0,1,8.95,4.46,7.0667,0.0,2026-02-17 10:00:00
2026-02-17 19:00:00,2026-02-17 13:00:00,0.0205,0.7072,0.9724,0.6301,T1,9.0,1,9.7117,5.83,6.1667,0.0,2026-02-17 10:00:00
2026-02-17 20:00:00,2026-02-17 14:00:00,0.063,0.8017,0.9722,0.6898,T1,10.0,1,10.3867,6.585,5.5,0.0,2026-02-17 10:00:00
2026-02-17 21:00:00,2026-02-17 15:00:00,0.0471,0.8109,0.9761,0.7639,T1,11.0,1,10.9317,6.78,5.0167,0.0,2026-02-17 10:00:00
2026-02-17 22:00:00,2026-02-17 16:00:00,0.1043,0.8545,0.9817,0.7639,T1,12.0,1,11.01,6.28,4.6667,0.0,2026-02-17 10:00:00
2026-02-17 23:00:00,2026-02-17 17:00:00,0.1516,0.7924,0.9841,0.7639,T1,13.0,1,11.0383,4.965,4.3,0.0,2026-02-17 10:00:00
2026-02-18 00:00:00,2026-02-17 18:00:00,0.3455,0.823,0.9831,0.7831,T1,14.0,1,11.4433,3.37,3.9833,0.0,2026-02-17 10:00:00
2026-02-18 01:00:00,2026-02-17 19:00:00,0.3353,0.8323,0.9872,0.7831,T1,15.0,1,11.5483,2.36,3.8167,0.0,2026-02-17 10:00:00
2026-02-18 02:00:00,2026-02-17 20:00:00,0.3517,0.8267,0.99,0.7831,T1,16.0,1,11.4233,2.375,3.6333,0.0,2026-02-17 10:00:00
2026-02-18 03:00:00,2026-02-17 21:00:00,0.3531,0.8817,0.99,0.781,T1,17.0,1,11.385,2.395,3.4667,0.0,2026-02-17 10:00:00
2026-02-18 04:00:00,2026-02-17 22:00:00,0.3159,0.7342,0.9757,0.8017,T1,18.0,2,12.0133,1.595,2.9333,0.0,2026-02-17 10:00:00
2026-02-18 05:00:00,2026-02-17 23:00:00,0.3327,0.7309,0.983,0.8017,T1,19.0,2,12.095,1.665,2.7167,0.0,2026-02-17 10:00:00
2026-02-18 06:00:00,2026-02-18 00:00:00,0.3023,0.675,0.9711,0.8017,T1,20.0,2,12.0867,1.27,2.6833,0.0,2026-02-17 10:00:00
2026-02-18 07:00:00,2026-02-18 01:00:00,0.2045,0.6026,0.9599,0.8017,T1,21.0,2,12.1467,1.395,2.75,0.0,2026-02-17 10:00:00
2026-02-18 08:00:00,2026-02-18 02:00:00,0.19,0.6451,0.9766,0.8017,T1,22.0,2,12.2667,0.93,3.4,0.0,2026-02-17 10:00:00
2026-02-18 09:00:00,2026-02-18 03:00:00,0.2634,0.6228,0.9666,0.8297,T1,23.0,2,12.5467,0.7,5.05,0.0,2026-02-17 10:00:00
2026-02-18 10:00:00,2026-02-18 04:00:00,0.3293,0.7103,0.9733,0.8297,T1,24.0,2,12.6117,0.85,7.2167,0.0,2026-02-17 10:00:00
2026-02-18 11:00:00,2026-02-18 05:00:00,0.4073,0.9422,0.9807,0.8297,T1,25.0,2,12.605,1.89,9.4833,0.0,2026-02-17 10:00:00
2026-02-18 12:00:00,2026-02-18 06:00:00,0.7398,0.9806,0.99,0.872,T1,26.0,2,12.8967,1.86,11.2,0.0,2026-02-17 10:00:00
2026-02-18 13:00:00,2026-02-18 07:00:00,0.9068,0.9809,0.9896,0.8813,T1,27.0,2,13.1217,1.455,12.3,0.0,2026-02-17 10:00:00
2026-02-18 14:00:00,2026-02-18 08:00:00,0.876,0.9864,0.9896,0.8813,T1,28.0,2,13.0717,1.225,12.9333,0.0,2026-02-17 10:00:00
2026-02-18 15:00:00,2026-02-18 09:00:00,0.7055,0.9769,0.99,0.8297,T1,29.0,2,12.66,1.565,13.05,0.0,2026-02-17 10:00:00
2026-02-18 16:00:00,2026-02-18 10:00:00,0.5972,0.9773,0.99,0.8017,T1,30.0,2,12.1983,2.565,12.6667,0.0,2026-02-17 10:00:00
2026-02-18 17:00:00,2026-02-18 11:00:00,0.4688,0.9847,0.99,0.8017,T1,31.0,2,11.9917,3.12,11.65,0.0,2026-02-17 10:00:00
2026-02-18 18:00:00,2026-02-18 12:00:00,0.4472,0.9793,0.99,0.7831,T1,32.0,2,11.5783,2.395,10.2667,0.0,2026-02-17 10:00:00
2026-02-18 19:00:00,2026-02-18 13:00:00,0.3426,0.777,0.9608,0.7639,T1,33.0,2,10.9983,2.105,9.05,0.0,2026-02-17 10:00:00
2026-02-18 20:00:00,2026-02-18 14:00:00,0.1319,0.721,0.9528,0.7338,T1,34.0,2,10.6433,2.765,8.1333,0.0,2026-02-17 10:00:00
2026-02-18 21:00:00,2026-02-18 15:00:00,0.1312,0.5798,0.9455,0.6898,T1,35.0,2,10.4067,3.135,7.45,0.0,2026-02-17 10:00:00
2026-02-18 22:00:00,2026-02-18 16:00:00,0.0179,0.4944,0.9435,0.6898,T1,36.0,2,10.3783,3.23,6.9333,0.0,2026-02-17 10:00:00
2026-02-18 23:00:00,2026-02-18 17:00:00,0.0093,0.5406,0.946,0.723,T1,37.0,2,10.5233,2.96,6.6167,0.0,2026-02-17 10:00:00
2026-02-19 00:00:00,2026-02-18 18:00:00,0.0,0.63,0.9692,0.7536,T1,38.0,2,10.7017,3.25,6.3167,0.0,2026-02-17 10:00:00
2026-02-19 01:00:00,2026-02-18 19:00:00,0.006,0.6342,0.9647,0.7536,T1,39.0,2,10.87,3.57,5.8333,0.0,2026-02-17 10:00:00
2026-02-19 02:00:00,2026-02-18 20:00:00,0.0,0.5811,0.9574,0.7536,T1,40.0,2,10.9083,3.34,5.4167,0.0,2026-02-17 10:00:00
2026-02-19 03:00:00,2026-02-18 21:00:00,0.1193,0.7105,0.9636,0.7536,T1,41.0,2,10.8883,3.74,5.1833,0.0,2026-02-17 10:00:00
2026-02-19 04:00:00,2026-02-18 22:00:00,0.0856,0.627,0.8938,0.6794,T1,42.0,3,10.0733,0.36,5.7667,0.0,2026-02-17 10:00:00
2026-02-19 05:00:00,2026-02-18 23:00:00,0.0,0.5739,0.9071,0.6301,T1,43.0,3,9.6617,2.515,5.3667,0.0,2026-02-17 10:00:00
2026-02-19 06:00:00,2026-02-19 00:00:00,0.0,0.4862,0.9534,0.5709,T1,44.0,3,9.345,4.75,4.85,0.0,2026-02-17 10:00:00
2026-02-19 07:00:00,2026-02-19 01:00:00,0.0,0.4416,0.9257,0.5709,T1,45.0,3,9.3017,3.59,4.8833,0.0,2026-02-17 10:00:00
2026-02-19 08:00:00,2026-02-19 02:00:00,0.0,0.5073,0.8874,0.5709,T1,46.0,3,9.425,3.33,5.3167,0.0,2026-02-17 10:00:00
2026-02-19 09:00:00,2026-02-19 03:00:00,0.0,0.5015,0.9777,0.5709,T1,47.0,3,9.2517,4.52,6.5167,0.0,2026-02-17 10:00:00
2026-02-19 10:00:00,2026-02-19 04:00:00,0.0422,0.5986,0.9519,0.5417,T1,48.0,3,9.0283,4.77,8.65,0.0,2026-02-17 10:00:00
2026-02-17 11:00:00,2026-02-17 05:00:00,0.0,0.0992,0.4311,0.2111,T2,1.0,1,5.115,4.83,5.5167,0.0,2026-02-17 10:00:00
2026-02-17 12:00:00,2026-02-17 06:00:00,0.0,0.1242,0.424,0.1732,T2,2.0,1,4.7267,4.825,6.65,0.0,2026-02-17 10:00:00
2026-02-17 13:00:00,2026-02-17 07:00:00,0.0,0.1204,0.4292,0.1887,T2,3.0,1,4.9667,4.69,7.2,0.0,2026-02-17 10:00:00
2026-02-17 14:00:00,2026-02-17 08:00:00,0.0,0.166,0.5024,0.2347,T2,4.0,1,5.5,5.375,7.6833,0.0,2026-02-17 10:00:00
2026-02-17 15:00:00,2026-02-17 09:00:00,0.0,0.2331,0.5355,0.2678,T2,5.0,1,6.01,6.02,8.1167,0.0,2026-02-17 10:00:00
2026-02-17 16:00:00,2026-02-17 10:00:00,0.0,0.307,0.675,0.3243,T2,6.0,1,6.595,6.645,8.2167,0.0,2026-02-17 10:00:00
2026-02-17 17:00:00,2026-02-17 11:00:00,0.0,0.3744,0.8268,0.4057,T2,7.0,1,7.7233,5.33,7.85,0.0,2026-02-17 10:00:00
2026-02-17 18:00:00,2026-02-17 12:00:00,0.0,0.4673,0.97,0.5291,T2,8.0,1,8.95,4.46,7.0667,0.0,2026-02-17 10:00:00
2026-02-17 19:00:00,2026-02-17 13:00:00,0.0,0.7044,0.9668,0.6301,T2,9.0,1,9.7117,5.83,6.1667,0.0,2026-02-17 10:00:00
2026-02-17 20:00:00,2026-02-17 14:00:00,0.017,0.7957,0.9663,0.6898,T2,10.0,1,10.3867,6.585,5.5,0.0,2026-02-17 10:00:00
2026-02-17 21:00:00,2026-02-17 15:00:00,0.0028,0.81,0.97,0.7639,T2,11.0,1,10.9317,6.78,5.0167,0.0,2026-02-17 10:00:00
2026-02-17 22:00:00,2026-02-17 16:00:00,0.1385,0.8369,0.97,0.7639,T2,12.0,1,11.01,6.28,4.6667,0.0,2026-02-17 10:00:00
2026-02-17 23:00:00,2026-02-17 17:00:00,0.1875,0.7804,0.97,0.7639,T2,13.0,1,11.0383,4.965,4.3,0.0,2026-02-17 10:00:00
2026-02-18 00:00:00,2026-02-17 18:00:00,0.2554,0.8109,0.97,0.7831,T2,14.0,1,11.4433,3.37,3.9833,0.0,2026-02-17 10:00:00
2026-02-18 01:00:00,2026-02-17 19:00:00,0.313,0.8137,0.97,0.7831,T2,15.0,1,11.5483,2.36,3.8167,0.0,2026-02-17 10:00:00
2026-02-18 02:00:00,2026-02-17 20:00:00,0.259,0.8061,0.97,0.7831,T2,16.0,1,11.4233,2.375,3.6333,0.0,2026-02-17 10:00:00
2026-02-18 03:00:00,2026-02-17 21:00:00,0.4106,0.8611,0.97,0.781,T2,17.0,1,11.385,2.395,3.4667,0.0,2026-02-17 10:00:00
2026-02-18 04:00:00,2026-02-17 22:00:00,0.2571,0.7285,0.9695,0.8017,T2,18.0,2,12.0133,1.595,2.9333,0.0,2026-02-17 10:00:00
2026-02-18 05:00:00,2026-02-17 23:00:00,0.302,0.7148,0.97,0.8017,T2,19.0,2,12.095,1.665,2.7167,0.0,2026-02-17 10:00:00
2026-02-18 06:00:00,2026-02-18 00:00:00,0.2732,0.6769,0.9651,0.8017,T2,20.0,2,12.0867,1.27,2.6833,0.0,2026-02-17 10:00:00
2026-02-18 07:00:00,2026-02-18 01:00:00,0.1762,0.6047,0.9536,0.8017,T2,21.0,2,12.1467,1.395,2.75,0.0,2026-02-17 10:00:00
2026-02-18 08:00:00,2026-02-18 02:00:00,0.1611,0.6462,0.97,0.8017,T2,22.0,2,12.2667,0.93,3.4,0.0,2026-02-17 10:00:00
2026-02-18 09:00:00,2026-02-18 03:00:00,0.2145,0.6178,0.9602,0.8297,T2,23.0,2,12.5467,0.7,5.05,0.0,2026-02-17 10:00:00
2026-02-18 10:00:00,2026-02-18 04:00:00,0.2419,0.7107,0.9644,0.8297,T2,24.0,2,12.6117,0.85,7.2167,0.0,2026-02-17 10:00:00
2026-02-18 11:00:00,2026-02-18 05:00:00,0.3601,0.9328,0.97,0.8297,T2,25.0,2,12.605,1.89,9.4833,0.0,2026-02-17 10:00:00
2026-02-18 12:00:00,2026-02-18 06:00:00,0.5772,0.9667,0.97,0.872,T2,26.0,2,12.8967,1.86,11.2,0.0,2026-02-17 10:00:00
2026-02-18 13:00:00,2026-02-18 07:00:00,0.8187,0.9667,0.97,0.8813,T2,27.0,2,13.1217,1.455,12.3,0.0,2026-02-17 10:00:00
2026-02-18 14:00:00,2026-02-18 08:00:00,0.7702,0.97,0.97,0.8813,T2,28.0,2,13.0717,1.225,12.9333,0.0,2026-02-17 10:00:00
2026-02-18 15:00:00,2026-02-18 09:00:00,0.8361,0.9635,0.97,0.8297,T2,29.0,2,12.66,1.565,13.05,0.0,2026-02-17 10:00:00
2026-02-18 16:00:00,2026-02-18 10:00:00,0.6963,0.97,0.97,0.8017,T2,30.0,2,12.1983,2.565,12.6667,0.0,2026-02-17 10:00:00
2026-02-18 17:00:00,2026-02-18 11:00:00,0.5301,0.97,0.97,0.8017,T2,31.0,2,11.9917,3.12,11.65,0.0,2026-02-17 10:00:00
2026-02-18 18:00:00,2026-02-18 12:00:00,0.5344,0.97,0.97,0.7831,T2,32.0,2,11.5783,2.395,10.2667,0.0,2026-02-17 10:00:00
2026-02-18 19:00:00,2026-02-18 13:00:00,0.2658,0.7753,0.9532,0.7639,T2,33.0,2,10.9983,2.105,9.05,0.0,2026-02-17 10:00:00
2026-02-18 20:00:00,2026-02-18 14:00:00,0.1451,0.7207,0.9472,0.7338,T2,34.0,2,10.6433,2.765,8.1333,0.0,2026-02-17 10:00:00
2026-02-18 21:00:00,2026-02-18 15:00:00,0.1046,0.5816,0.9407,0.6898,T2,35.0,2,10.4067,3.135,7.45,0.0,2026-02-17 10:00:00
2026-02-18 22:00:00,2026-02-18 16:00:00,0.019,0.4889,0.9395,0.6898,T2,36.0,2,10.3783,3.23,6.9333,0.0,2026-02-17 10:00:00
2026-02-18 23:00:00,2026-02-18 17:00:00,0.059,0.5351,0.9415,0.723,T2,37.0,2,10.5233,2.96,6.6167,0.0,2026-02-17 10:00:00
2026-02-19 00:00:00,2026-02-18 18:00:00,0.0373,0.6255,0.9635,0.7536,T2,38.0,2,10.7017,3.25,6.3167,0.0,2026-02-17 10:00:00
2026-02-19 01:00:00,2026-02-18 19:00:00,0.0296,0.6297,0.9589,0.7536,T2,39.0,2,10.87,3.57,5.8333,0.0,2026-02-17 10:00:00
2026-02-19 02:00:00,2026-02-18 20:00:00,0.0697,0.5777,0.9517,0.7536,T2,40.0,2,10.9083,3.34,5.4167,0.0,2026-02-17 10:00:00
2026-02-19 03:00:00,2026-02-18 21:00:00,0.1347,0.7052,0.9566,0.7536,T2,41.0,2,10.8883,3.74,5.1833,0.0,2026-02-17 10:00:00
2026-02-19 04:00:00,2026-02-18 22:00:00,0.0809,0.6196,0.8935,0.6794,T2,42.0,3,10.0733,0.36,5.7667,0.0,2026-02-17 10:00:00
2026-02-19 05:00:00,2026-02-18 23:00:00,0.0322,0.5662,0.9055,0.6301,T2,43.0,3,9.6617,2.515,5.3667,0.0,2026-02-17 10:00:00
2026-02-19 06:00:00,2026-02-19 00:00:00,0.0,0.4748,0.9479,0.5709,T2,44.0,3,9.345,4.75,4.85,0.0,2026-02-17 10:00:00
2026-02-19 07:00:00,2026-02-19 01:00:00,0.0,0.4328,0.924,0.5709,T2,45.0,3,9.3017,3.59,4.8833,0.0,2026-02-17 10:00:00
2026-02-19 08:00:00,2026-02-19 02:00:00,0.0,0.4996,0.8857,0.5709,T2,46.0,3,9.425,3.33,5.3167,0.0,2026-02-17 10:00:00
2026-02-19 09:00:00,2026-02-19 03:00:00,0.0,0.4941,0.97,0.5709,T2,47.0,3,9.2517,4.52,6.5167,0.0,2026-02-17 10:00:00
2026-02-19 10:00:00,2026-02-19 04:00:00,0.0,0.597,0.9485,0.5417,T2,48.0,3,9.0283,4.77,8.65,0.0,2026-02-17 10:00:00
2026-02-17 11:00:00,2026-02-17 05:00:00,0.0,0.1048,0.4311,0.2111,ВЭС,1.0,1,5.115,4.83,5.5167,0.0,2026-02-17 10:00:00
2026-02-17 12:00:00,2026-02-17 06:00:00,0.0,0.129,0.424,0.1732,ВЭС,2.0,1,4.7267,4.825,6.65,0.0,2026-02-17 10:00:00
2026-02-17 13:00:00,2026-02-17 07:00:00,0.0,0.1215,0.4292,0.1887,ВЭС,3.0,1,4.9667,4.69,7.2,0.0,2026-02-17 10:00:00
2026-02-17 14:00:00,2026-02-17 08:00:00,0.0,0.1669,0.5024,0.2347,ВЭС,4.0,1,5.5,5.375,7.6833,0.0,2026-02-17 10:00:00
2026-02-17 15:00:00,2026-02-17 09:00:00,0.0,0.2323,0.5355,0.2678,ВЭС,5.0,1,6.01,6.02,8.1167,0.0,2026-02-17 10:00:00
2026-02-17 16:00:00,2026-02-17 10:00:00,0.0,0.3074,0.675,0.3243,ВЭС,6.0,1,6.595,6.645,8.2167,0.0,2026-02-17 10:00:00
2026-02-17 17:00:00,2026-02-17 11:00:00,0.0,0.3742,0.8268,0.4057,ВЭС,7.0,1,7.7233,5.33,7.85,0.0,2026-02-17 10:00:00
2026-02-17 18:00:00,2026-02-17 12:00:00,0.0181,0.467,0.9739,0.5291,ВЭС,8.0,1,8.95,4.46,7.0667,0.0,2026-02-17 10:00:00
2026-02-17 19:00:00,2026-02-17 13:00:00,0.0103,0.7058,0.9696,0.6301,ВЭС,9.0,1,9.7117,5.83,6.1667,0.0,2026-02-17 10:00:00
2026-02-17 20:00:00,2026-02-17 14:00:00,0.04,0.7987,0.9693,0.6898,ВЭС,10.0,1,10.3867,6.585,5.5,0.0,2026-02-17 10:00:00
2026-02-17 21:00:00,2026-02-17 15:00:00,0.0249,0.8104,0.9731,0.7639,ВЭС,11.0,1,10.9317,6.78,5.0167,0.0,2026-02-17 10:00:00
2026-02-17 22:00:00,2026-02-17 16:00:00,0.1214,0.8457,0.9758,0.7639,ВЭС,12.0,1,11.01,6.28,4.6667,0.0,2026-02-17 10:00:00
2026-02-17 23:00:00,2026-02-17 17:00:00,0.1696,0.7864,0.9771,0.7639,ВЭС,13.0,1,11.0383,4.965,4.3,0.0,2026-02-17 10:00:00
2026-02-18 00:00:00,2026-02-17 18:00:00,0.3004,0.8169,0.9766,0.7831,ВЭС,14.0,1,11.4433,3.37,3.9833,0.0,2026-02-17 10:00:00
2026-02-18 01:00:00,2026-02-17 19:00:00,0.3241,0.823,0.9786,0.7831,ВЭС,15.0,1,11.5483,2.36,3.8167,0.0,2026-02-17 10:00:00
2026-02-18 02:00:00,2026-02-17 20:00:00,0.3053,0.8164,0.98,0.7831,ВЭС,16.0,1,11.4233,2.375,3.6333,0.0,2026-02-17 10:00:00
2026-02-18 03:00:00,2026-02-17 21:00:00,0.3818,0.8714,0.98,0.781,ВЭС,17.0,1,11.385,2.395,3.4667,0.0,2026-02-17 10:00:00
2026-02-18 04:00:00,2026-02-17 22:00:00,0.2865,0.7314,0.9726,0.8017,ВЭС,18.0,2,12.0133,1.595,2.9333,0.0,2026-02-17 10:00:00
2026-02-18 05:00:00,2026-02-17 23:00:00,0.3174,0.7228,0.9765,0.8017,ВЭС,19.0,2,12.095,1.665,2.7167,0.0,2026-02-17 10:00:00
2026-02-18 06:00:00,2026-02-18 00:00:00,0.2878,0.6759,0.9681,0.8017,ВЭС,20.0,2,12.0867,1.27,2.6833,0.0,2026-02-17 10:00:00
2026-02-18 07:00:00,2026-02-18 01:00:00,0.1903,0.6037,0.9568,0.8017,ВЭС,21.0,2,12.1467,1.395,2.75,0.0,2026-02-17 10:00:00
2026-02-18 08:00:00,2026-02-18 02:00:00,0.1755,0.6457,0.9733,0.8017,ВЭС,22.0,2,12.2667,0.93,3.4,0.0,2026-02-17 10:00:00
2026-02-18 09:00:00,2026-02-18 03:00:00,0.2389,0.6203,0.9634,0.8297,ВЭС,23.0,2,12.5467,0.7,5.05,0.0,2026-02-17 10:00:00
2026-02-18 10:00:00,2026-02-18 04:00:00,0.2856,0.7105,0.9688,0.8297,ВЭС,24.0,2,12.6117,0.85,7.2167,0.0,2026-02-17 10:00:00
2026-02-18 11:00:00,2026-02-18 05:00:00,0.3837,0.9375,0.9753,0.8297,ВЭС,25.0,2,12.605,1.89,9.4833,0.0,2026-02-17 10:00:00
2026-02-18 12:00:00,2026-02-18 06:00:00,0.6585,0.9736,0.98,0.872,ВЭС,26.0,2,12.8967,1.86,11.2,0.0,2026-02-17 10:00:00
2026-02-18 13:00:00,2026-02-18 07:00:00,0.8628,0.9738,0.9798,0.8813,ВЭС,27.0,2,13.1217,1.455,12.3,0.0,2026-02-17 10:00:00
2026-02-18 14:00:00,2026-02-18 08:00:00,0.8231,0.9782,0.9798,0.8813,ВЭС,28.0,2,13.0717,1.225,12.9333,0.0,2026-02-17 10:00:00
2026-02-18 15:00:00,2026-02-18 09:00:00,0.7708,0.9702,0.98,0.8297,ВЭС,29.0,2,12.66,1.565,13.05,0.0,2026-02-17 10:00:00
2026-02-18 16:00:00,2026-02-18 10:00:00,0.6468,0.9737,0.98,0.8017,ВЭС,30.0,2,12.1983,2.565,12.6667,0.0,2026-02-17 10:00:00
2026-02-18 17:00:00,2026-02-18 11:00:00,0.4995,0.9773,0.98,0.8017,ВЭС,31.0,2,11.9917,3.12,11.65,0.0,2026-02-17 10:00:00
2026-02-18 18:00:00,2026-02-18 12:00:00,0.4908,0.9746,0.98,0.7831,ВЭС,32.0,2,11.5783,2.395,10.2667,0.0,2026-02-17 10:00:00
2026-02-18 19:00:00,2026-02-18 13:00:00,0.3042,0.7762,0.957,0.7639,ВЭС,33.0,2,10.9983,2.105,9.05,0.0,2026-02-17 10:00:00
2026-02-18 20:00:00,2026-02-18 14:00:00,0.1385,0.7209,0.95,0.7338,ВЭС,34.0,2,10.6433,2.765,8.1333,0.0,2026-02-17 10:00:00
2026-02-18 21:00:00,2026-02-18 15:00:00,0.1179,0.5807,0.9431,0.6898,ВЭС,35.0,2,10.4067,3.135,7.45,0.0,2026-02-17 10:00:00
2026-02-18 22:00:00,2026-02-18 16:00:00,0.0184,0.4916,0.9415,0.6898,ВЭС,36.0,2,10.3783,3.23,6.9333,0.0,2026-02-17 10:00:00
2026-02-18 23:00:00,2026-02-18 17:00:00,0.0342,0.5379,0.9438,0.723,ВЭС,37.0,2,10.5233,2.96,6.6167,0.0,2026-02-17 10:00:00
2026-02-19 00:00:00,2026-02-18 18:00:00,0.0186,0.6278,0.9663,0.7536,ВЭС,38.0,2,10.7017,3.25,6.3167,0.0,2026-02-17 10:00:00
2026-02-19 01:00:00,2026-02-18 19:00:00,0.0178,0.632,0.9618,0.7536,ВЭС,39.0,2,10.87,3.57,5.8333,0.0,2026-02-17 10:00:00
2026-02-19 02:00:00,2026-02-18 20:00:00,0.0348,0.5794,0.9546,0.7536,ВЭС,40.0,2,10.9083,3.34,5.4167,0.0,2026-02-17 10:00:00
2026-02-19 03:00:00,2026-02-18 21:00:00,0.127,0.7078,0.9601,0.7536,ВЭС,41.0,2,10.8883,3.74,5.1833,0.0,2026-02-17 10:00:00
2026-02-19 04:00:00,2026-02-18 22:00:00,0.0833,0.6233,0.8937,0.6794,ВЭС,42.0,3,10.0733,0.36,5.7667,0.0,2026-02-17 10:00:00
2026-02-19 05:00:00,2026-02-18 23:00:00,0.0161,0.5701,0.9063,0.6301,ВЭС,43.0,3,9.6617,2.515,5.3667,0.0,2026-02-17 10:00:00
2026-02-19 06:00:00,2026-02-19 00:00:00,0.0,0.4805,0.9507,0.5709,ВЭС,44.0,3,9.345,4.75,4.85,0.0,2026-02-17 10:00:00
2026-02-19 07:00:00,2026-02-19 01:00:00,0.0,0.4372,0.9249,0.5709,ВЭС,45.0,3,9.3017,3.59,4.8833,0.0,2026-02-17 10:00:00
2026-02-19 08:00:00,2026-02-19 02:00:00,0.0,0.5035,0.8866,0.5709,ВЭС,46.0,3,9.425,3.33,5.3167,0.0,2026-02-17 10:00:00
2026-02-19 09:00:00,2026-02-19 03:00:00,0.0,0.4978,0.9738,0.5709,ВЭС,47.0,3,9.2517,4.52,6.5167,0.0,2026-02-17 10:00:00
2026-02-19 10:00:00,2026-02-19 04:00:00,0.0211,0.5978,0.9502,0.5417,ВЭС,48.0,3,9.0283,4.77,8.65,0.0,2026-02-17 10:00:00
2026-02-17 23:00:00,2026-02-17 17:00:00,0.1516,0.7924,0.9841,0.7639,T1,1.0,1,11.0383,4.965,4.3,0.0,2026-02-17 22:00:00
2026-02-18 00:00:00,2026-02-17 18:00:00,0.3455,0.823,0.9831,0.7831,T1,2.0,1,11.4433,3.37,3.9833,0.0,2026-02-17 22:00:00
2026-02-18 01:00:00,2026-02-17 19:00:00,0.3353,0.8323,0.9872,0.7831,T1,3.0,1,11.5483,2.36,3.8167,0.0,2026-02-17 22:00:00
2026-02-18 02:00:00,2026-02-17 20:00:00,0.3517,0.8267,0.99,0.7831,T1,4.0,1,11.4233,2.375,3.6333,0.0,2026-02-17 22:00:00
2026-02-18 03:00:00,2026-02-17 21:00:00,0.3531,0.8817,0.99,0.781,T1,5.0,1,11.385,2.395,3.4667,0.0,2026-02-17 22:00:00
2026-02-18 04:00:00,2026-02-17 22:00:00,0.5124,0.8948,0.9889,0.7639,T1,6.0,1,11.29,1.64,3.3,0.0,2026-02-17 22:00:00
2026-02-18 05:00:00,2026-02-17 23:00:00,0.5613,0.9649,0.99,0.7831,T1,7.0,1,11.53,1.06,3.3333,0.0,2026-02-17 22:00:00
2026-02-18 06:00:00,2026-02-18 00:00:00,0.4444,0.9371,0.99,0.8017,T1,8.0,1,12.235,1.395,3.4333,0.0,2026-02-17 22:00:00
2026-02-18 07:00:00,2026-02-18 01:00:00,0.5991,0.853,0.9873,0.8794,T1,9.0,1,12.835,1.77,3.4333,0.0,2026-02-17 22:00:00
2026-02-18 08:00:00,2026-02-18 02:00:00,0.5976,0.8608,0.9872,0.8813,T1,10.0,1,12.9867,1.735,3.9167,0.0,2026-02-17 22:00:00
2026-02-18 09:00:00,2026-02-18 03:00:00,0.5696,0.8253,0.9871,0.8813,T1,11.0,1,12.9617,1.17,5.4,0.0,2026-02-17 22:00:00
2026-02-18 10:00:00,2026-02-18 04:00:00,0.4485,0.7519,0.9796,0.8813,T1,12.0,1,12.965,1.185,7.45,0.0,2026-02-17 22:00:00
2026-02-18 11:00:00,2026-02-18 05:00:00,0.5644,0.9275,0.9793,0.8813,T1,13.0,1,12.975,1.65,9.2167,0.0,2026-02-17 22:00:00
2026-02-18 12:00:00,2026-02-18 06:00:00,0.707,0.9753,0.9897,0.8813,T1,14.0,1,12.9933,1.81,10.5833,0.0,2026-02-17 22:00:00
2026-02-18 13:00:00,2026-02-18 07:00:00,0.8934,0.9824,0.99,0.8794,T1,15.0,1,12.995,2.455,11.7833,0.0,2026-02-17 22:00:00
2026-02-18 14:00:00,2026-02-18 08:00:00,0.8671,0.9854,0.99,0.872,T1,16.0,1,12.9133,2.82,12.6167,0.0,2026-02-17 22:00:00
2026-02-18 15:00:00,2026-02-18 09:00:00,0.8581,0.986,0.99,0.872,T1,17.0,1,12.7833,2.265,12.7833,0.0,2026-02-17 22:00:00
2026-02-18 16:00:00,2026-02-18 10:00:00,0.5972,0.9773,0.99,0.8017,T1,18.0,2,12.1983,2.565,12.6667,0.0,2026-02-17 22:00:00
2026-02-18 17:00:00,2026-02-18 11:00:00,0.4688,0.9847,0.99,0.8017,T1,19.0,2,11.9917,3.12,11.65,0.0,2026-02-17 22:00:00
2026-02-18 18:00:00,2026-02-18 12:00:00,0.4472,0.9793,0.99,0.7831,T1,20.0,2,11.5783,2.395,10.2667,0.0,2026-02-17 22:00:00
2026-02-18 19:00:00,2026-02-18 13:00:00,0.3426,0.777,0.9608,0.7639,T1,21.0,2,10.9983,2.105,9.05,0.0,2026-02-17 22:00:00
2026-02-18 20:00:00,2026-02-18 14:00:00,0.1319,0.721,0.9528,0.7338,T1,22.0,2,10.6433,2.765,8.1333,0.0,2026-02-17 22:00:00
2026-02-18 21:00:00,2026-02-18 15:00:00,0.1312,0.5798,0.9455,0.6898,T1,23.0,2,10.4067,3.135,7.45,0.0,2026-02-17 22:00:00
2026-02-18 22:00:00,2026-02-18 16:00:00,0.0179,0.4944,0.9435,0.6898,T1,24.0,2,10.3783,3.23,6.9333,0.0,2026-02-17 22:00:00
2026-02-18 23:00:00,2026-02-18 17:00:00,0.0093,0.5406,0.946,0.723,T1,25.0,2,10.5233,2.96,6.6167,0.0,2026-02-17 22:00:00
2026-02-19 00:00:00,2026-02-18 18:00:00,0.0,0.63,0.9692,0.7536,T1,26.0,2,10.7017,3.25,6.3167,0.0,2026-02-17 22:00:00
2026-02-19 01:00:00,2026-02-18 19:00:00,0.006,0.6342,0.9647,0.7536,T1,27.0,2,10.87,3.57,5.8333,0.0,2026-02-17 22:00:00
2026-02-19 02:00:00,2026-02-18 20:00:00,0.0,0.5811,0.9574,0.7536,T1,28.0,2,10.9083,3.34,5.4167,0.0,2026-02-17 22:00:00
2026-02-19 03:00:00,2026-02-18 21:00:00,0.1193,0.7105,0.9636,0.7536,T1,29.0,2,10.8883,3.74,5.1833,0.0,2026-02-17 22:00:00
2026-02-19 04:00:00,2026-02-18 22:00:00,0.0586,0.5548,0.9427,0.7536,T1,30.0,2,10.7067,4.125,5.1167,0.0,2026-02-17 22:00:00
2026-02-19 05:00:00,2026-02-18 23:00:00,0.0831,0.5501,0.9444,0.7536,T1,31.0,2,10.8783,3.835,5.1167,0.0,2026-02-17 22:00:00
2026-02-19 06:00:00,2026-02-19 00:00:00,0.2,0.659,0.9477,0.7639,T1,32.0,2,11.03,3.29,5.05,0.0,2026-02-17 22:00:00
2026-02-19 07:00:00,2026-02-19 01:00:00,0.2082,0.665,0.9378,0.7536,T1,33.0,2,10.7783,2.615,4.9667,0.0,2026-02-17 22:00:00
2026-02-19 08:00:00,2026-02-19 02:00:00,0.2021,0.6228,0.9262,0.73,T1,34.0,2,10.5667,2.17,5.5,0.0,2026-02-17 22:00:00
2026-02-19 09:00:00,2026-02-19 03:00:00,0.0993,0.6233,0.9433,0.6898,T1,35.0,2,10.4017,2.105,7.0,0.0,2026-02-17 22:00:00
2026-02-19 10:00:00,2026-02-19 04:00:00,0.1222,0.6313,0.9416,0.681,T1,36.0,2,10.155,2.275,8.95,0.0,2026-02-17 22:00:00
2026-02-19 11:00:00,2026-02-19 05:00:00,0.0,0.4445,0.9186,0.5709,T1,37.0,2,9.3083,3.53,10.6667,0.0,2026-02-17 22:00:00
2026-02-19 12:00:00,2026-02-19 06:00:00,0.0,0.4477,0.8748,0.4396,T1,38.0,2,8.2483,4.715,12.0833,0.0,2026-02-17 22:00:00
2026-02-19 13:00:00,2026-02-19 07:00:00,0.0,0.4178,0.7667,0.3725,T1,39.0,2,7.3033,4.2,13.4,0.0,2026-02-17 22:00:00
2026-02-19 14:00:00,2026-02-19 08:00:00,0.0,0.266,0.6075,0.2936,T1,40.0,2,6.5083,3.59,14.3,0.0,2026-02-17 22:00:00
2026-02-19 15:00:00,2026-02-19 09:00:00,0.0,0.2262,0.5111,0.2678,T1,41.0,2,6.0083,3.19,14.5333,0.0,2026-02-17 22:00:00
2026-02-19 16:00:00,2026-02-19 10:00:00,0.0,0.146,0.5371,0.2347,T1,42.0,3,5.5983,7.935,14.9333,0.0,2026-02-17 22:00:00
2026-02-19 17:00:00,2026-02-19 11:00:00,0.0,0.1209,0.5443,0.2206,T1,43.0,3,5.4483,7.47,13.3833,0.0,2026-02-17 22:00:00
2026-02-19 18:00:00,2026-02-19 12:00:00,0.0,0.1027,0.4991,0.2111,T1,44.0,3,5.195,7.56,11.4167,0.0,2026-02-17 22:00:00
2026-02-19 19:00:00,2026-02-19 13:00:00,0.0,0.0991,0.4478,0.1864,T1,45.0,3,4.8483,8.135,9.6,0.0,2026-02-17 22:00:00
2026-02-19 20:00:00,2026-02-19 14:00:00,0.0,0.1014,0.4676,0.1864,T1,46.0,3,4.8667,7.025,8.1667,0.0,2026-02-17 22:00:00
2026-02-19 21:00:00,2026-02-19 15:00:00,0.0,0.1052,0.5958,0.1864,T1,47.0,3,4.9533,7.07,7.5833,0.0,2026-02-17 22:00:00
2026-02-19 22:00:00,2026-02-19 16:00:00,0.0,0.1587,0.6327,0.2388,T1,48.0,3,5.775,4.765,7.4667,0.0,2026-02-17 22:00:00
2026-02-17 23:00:00,2026-02-17 17:00:00,0.1875,0.7804,0.97,0.7639,T2,1.0,1,11.0383,4.965,4.3,0.0,2026-02-17 22:00:00
2026-02-18 00:00:00,2026-02-17 18:00:00,0.2554,0.8109,0.97,0.7831,T2,2.0,1,11.4433,3.37,3.9833,0.0,2026-02-17 22:00:00
2026-02-18 01:00:00,2026-02-17 19:00:00,0.313,0.8137,0.97,0.7831,T2,3.0,1,11.5483,2.36,3.8167,0.0,2026-02-17 22:00:00
2026-02-18 02:00:00,2026-02-17 20:00:00,0.259,0.8061,0.97,0.7831,T2,4.0,1,11.4233,2.375,3.6333,0.0,2026-02-17 22:00:00
2026-02-18 03:00:00,2026-02-17 21:00:00,0.4106,0.8611,0.97,0.781,T2,5.0,1,11.385,2.395,3.4667,0.0,2026-02-17 22:00:00
2026-02-18 04:00:00,2026-02-17 22:00:00,0.5334,0.8806,0.97,0.7639,T2,6.0,1,11.29,1.64,3.3,0.0,2026-02-17 22:00:00
2026-02-18 05:00:00,2026-02-17 23:00:00,0.5625,0.9496,0.97,0.7831,T2,7.0,1,11.53,1.06,3.3333,0.0,2026-02-17 22:00:00
2026-02-18 06:00:00,2026-02-18 00:00:00,0.4317,0.9161,0.97,0.8017,T2,8.0,1,12.235,1.395,3.4333,0.0,2026-02-17 22:00:00
2026-02-18 07:00:00,2026-02-18 01:00:00,0.5047,0.8597,0.97,0.8794,T2,9.0,1,12.835,1.77,3.4333,0.0,2026-02-17 22:00:00
2026-02-18 08:00:00,2026-02-18 02:00:00,0.4485,0.859,0.97,0.8813,T2,10.0,1,12.9867,1.735,3.9167,0.0,2026-02-17 22:00:00
2026-02-18 09:00:00,2026-02-18 03:00:00,0.3781,0.8092,0.9698,0.8813,T2,11.0,1,12.9617,1.17,5.4,0.0,2026-02-17 22:00:00
2026-02-18 10:00:00,2026-02-18 04:00:00,0.2743,0.7536,0.96,0.8813,T2,12.0,1,12.965,1.185,7.45,0.0,2026-02-17 22:00:00
2026-02-18 11:00:00,2026-02-18 05:00:00,0.2814,0.929,0.961,0.8813,T2,13.0,1,12.975,1.65,9.2167,0.0,2026-02-17 22:00:00
2026-02-18 12:00:00,2026-02-18 06:00:00,0.4934,0.9626,0.97,0.8813,T2,14.0,1,12.9933,1.81,10.5833,0.0,2026-02-17 22:00:00
2026-02-18 13:00:00,2026-02-18 07:00:00,0.8524,0.9681,0.97,0.8794,T2,15.0,1,12.995,2.455,11.7833,0.0,2026-02-17 22:00:00
2026-02-18 14:00:00,2026-02-18 08:00:00,0.9616,0.97,0.97,0.872,T2,16.0,1,12.9133,2.82,12.6167,0.0,2026-02-17 22:00:00
2026-02-18 15:00:00,2026-02-18 09:00:00,0.9508,0.97,0.97,0.872,T2,17.0,1,12.7833,2.265,12.7833,0.0,2026-02-17 22:00:00
2026-02-18 16:00:00,2026-02-18 10:00:00,0.6963,0.97,0.97,0.8017,T2,18.0,2,12.1983,2.565,12.6667,0.0,2026-02-17 22:00:00
2026-02-18 17:00:00,2026-02-18 11:00:00,0.5301,0.97,0.97,0.8017,T2,19.0,2,11.9917,3.12,11.65,0.0,2026-02-17 22:00:00
2026-02-18 18:00:00,2026-02-18 12:00:00,0.5344,0.97,0.97,0.7831,T2,20.0,2,11.5783,2.395,10.2667,0.0,2026-02-17 22:00:00
2026-02-18 19:00:00,2026-02-18 13:00:00,0.2658,0.7753,0.9532,0.7639,T2,21.0,2,10.9983,2.105,9.05,0.0,2026-02-17 22:00:00
2026-02-18 20:00:00,2026-02-18 14:00:00,0.1451,0.7207,0.9472,0.7338,T2,22.0,2,10.6433,2.765,8.1333,0.0,2026-02-17 22:00:00
2026-02-18 21:00:00,2026-02-18 15:00:00,0.1046,0.5816,0.9407,0.6898,T2,23.0,2,10.4067,3.135,7.45,0.0,2026-02-17 22:00:00
2026-02-18 22:00:00,2026-02-18 16:00:00,0.019,0.4889,0.9395,0.6898,T2,24.0,2,10.3783,3.23,6.9333,0.0,2026-02-17 22:00:00
2026-02-18 23:00:00,2026-02-18 17:00:00,0.059,0.5351,0.9415,0.723,T2,25.0,2,10.5233,2.96,6.6167,0.0,2026-02-17 22:00:00
2026-02-19 00:00:00,2026-02-18 18:00:00,0.0373,0.6255,0.9635,0.7536,T2,26.0,2,10.7017,3.25,6.3167,0.0,2026-02-17 22:00:00
2026-02-19 01:00:00,2026-02-18 19:00:00,0.0296,0.6297,0.9589,0.7536,T2,27.0,2,10.87,3.57,5.8333,0.0,2026-02-17 22:00:00
2026-02-19 02:00:00,2026-02-18 20:00:00,0.0697,0.5777,0.9517,0.7536,T2,28.0,2,10.9083,3.34,5.4167,0.0,2026-02-17 22:00:00
2026-02-19 03:00:00,2026-02-18 21:00:00,0.1347,0.7052,0.9566,0.7536,T2,29.0,2,10.8883,3.74,5.1833,0.0,2026-02-17 22:00:00
2026-02-19 04:00:00,2026-02-18 22:00:00,0.1509,0.5496,0.9369,0.7536,T2,30.0,2,10.7067,4.125,5.1167,0.0,2026-02-17 22:00:00
2026-02-19 05:00:00,2026-02-18 23:00:00,0.1562,0.5472,0.9389,0.7536,T2,31.0,2,10.8783,3.835,5.1167,0.0,2026-02-17 22:00:00
2026-02-19 06:00:00,2026-02-19 00:00:00,0.1563,0.6541,0.9418,0.7639,T2,32.0,2,11.03,3.29,5.05,0.0,2026-02-17 22:00:00
2026-02-19 07:00:00,2026-02-19 01:00:00,0.1058,0.6576,0.9321,0.7536,T2,33.0,2,10.7783,2.615,4.9667,0.0,2026-02-17 22:00:00
2026-02-19 08:00:00,2026-02-19 02:00:00,0.1458,0.6154,0.9165,0.73,T2,34.0,2,10.5667,2.17,5.5,0.0,2026-02-17 22:00:00
2026-02-19 09:00:00,2026-02-19 03:00:00,0.1588,0.6176,0.9367,0.6898,T2,35.0,2,10.4017,2.105,7.0,0.0,2026-02-17 22:00:00
2026-02-19 10:00:00,2026-02-19 04:00:00,0.1775,0.6285,0.9357,0.681,T2,36.0,2,10.155,2.275,8.95,0.0,2026-02-17 22:00:00
2026-02-19 11:00:00,2026-02-19 05:00:00,0.0,0.4428,0.9161,0.5709,T2,37.0,2,9.3083,3.53,10.6667,0.0,2026-02-17 22:00:00
2026-02-19 12:00:00,2026-02-19 06:00:00,0.0,0.4518,0.8748,0.4396,T2,38.0,2,8.2483,4.715,12.0833,0.0,2026-02-17 22:00:00
2026-02-19 13:00:00,2026-02-19 07:00:00,0.0,0.4183,0.7667,0.3725,T2,39.0,2,7.3033,4.2,13.4,0.0,2026-02-17 22:00:00
2026-02-19 14:00:00,2026-02-19 08:00:00,0.0,0.2643,0.6076,0.2936,T2,40.0,2,6.5083,3.59,14.3,0.0,2026-02-17 22:00:00
2026-02-19 15:00:00,2026-02-19 09:00:00,0.0,0.2268,0.5111,0.2678,T2,41.0,2,6.0083,3.19,14.5333,0.0,2026-02-17 22:00:00
2026-02-19 16:00:00,2026-02-19 10:00:00,0.0,0.1456,0.5371,0.2347,T2,42.0,3,5.5983,7.935,14.9333,0.0,2026-02-17 22:00:00
2026-02-19 17:00:00,2026-02-19 11:00:00,0.0,0.1204,0.5443,0.2206,T2,43.0,3,5.4483,7.47,13.3833,0.0,2026-02-17 22:00:00
2026-02-19 18:00:00,2026-02-19 12:00:00,0.0,0.1009,0.4991,0.2111,T2,44.0,3,5.195,7.56,11.4167,0.0,2026-02-17 22:00:00
2026-02-19 19:00:00,2026-02-19 13:00:00,0.0,0.0986,0.4478,0.1864,T2,45.0,3,4.8483,8.135,9.6,0.0,2026-02-17 22:00:00
2026-02-19 20:00:00,2026-02-19 14:00:00,0.0,0.1009,0.4676,0.1864,T2,46.0,3,4.8667,7.025,8.1667,0.0,2026-02-17 22:00:00
2026-02-19 21:00:00,2026-02-19 15:00:00,0.0,0.1045,0.5958,0.1864,T2,47.0,3,4.9533,7.07,7.5833,0.0,2026-02-17 22:00:00
2026-02-19 22:00:00,2026-02-19 16:00:00,0.0,0.1582,0.6327,0.2388,T2,48.0,3,5.775,4.765,7.4667,0.0,2026-02-17 22:00:00
2026-02-17 23:00:00,2026-02-17 17:00:00,0.1696,0.7864,0.9771,0.7639,ВЭС,1.0,1,11.0383,4.965,4.3,0.0,2026-02-17 22:00:00
2026-02-18 00:00:00,2026-02-17 18:00:00,0.3004,0.8169,0.9766,0.7831,ВЭС,2.0,1,11.4433,3.37,3.9833,0.0,2026-02-17 22:00:00
2026-02-18 01:00:00,2026-02-17 19:00:00,0.3241,0.823,0.9786,0.7831,ВЭС,3.0,1,11.5483,2.36,3.8167,0.0,2026-02-17 22:00:00
2026-02-18 02:00:00,2026-02-17 20:00:00,0.3053,0.8164,0.98,0.7831,ВЭС,4.0,1,11.4233,2.375,3.6333,0.0,2026-02-17 22:00:00
2026-02-18 03:00:00,2026-02-17 21:00:00,0.3818,0.8714,0.98,0.781,ВЭС,5.0,1,11.385,2.395,3.4667,0.0,2026-02-17 22:00:00
2026-02-18 04:00:00,2026-02-17 22:00:00,0.5229,0.8877,0.9794,0.7639,ВЭС,6.0,1,11.29,1.64,3.3,0.0,2026-02-17 22:00:00
2026-02-18 05:00:00,2026-02-17 23:00:00,0.5619,0.9572,0.98,0.7831,ВЭС,7.0,1,11.53,1.06,3.3333,0.0,2026-02-17 22:00:00
2026-02-18 06:00:00,2026-02-18 00:00:00,0.438,0.9266,0.98,0.8017,ВЭС,8.0,1,12.235,1.395,3.4333,0.0,2026-02-17 22:00:00
2026-02-18 07:00:00,2026-02-18 01:00:00,0.5519,0.8563,0.9787,0.8794,ВЭС,9.0,1,12.835,1.77,3.4333,0.0,2026-02-17 22:00:00
2026-02-18 08:00:00,2026-02-18 02:00:00,0.5231,0.8599,0.9786,0.8813,ВЭС,10.0,1,12.9867,1.735,3.9167,0.0,2026-02-17 22:00:00
2026-02-18 09:00:00,2026-02-18 03:00:00,0.4738,0.8172,0.9784,0.8813,ВЭС,11.0,1,12.9617,1.17,5.4,0.0,2026-02-17 22:00:00
2026-02-18 10:00:00,2026-02-18 04:00:00,0.3614,0.7528,0.9698,0.8813,ВЭС,12.0,1,12.965,1.185,7.45,0.0,2026-02-17 22:00:00
2026-02-18 11:00:00,2026-02-18 05:00:00,0.4229,0.9282,0.9702,0.8813,ВЭС,13.0,1,12.975,1.65,9.2167,0.0,2026-02-17 22:00:00
2026-02-18 12:00:00,2026-02-18 06:00:00,0.6002,0.9689,0.9798,0.8813,ВЭС,14.0,1,12.9933,1.81,10.5833,0.0,2026-02-17 22:00:00
2026-02-18 13:00:00,2026-02-18 07:00:00,0.8729,0.9753,0.98,0.8794,ВЭС,15.0,1,12.995,2.455,11.7833,0.0,2026-02-17 22:00:00
2026-02-18 14:00:00,2026-02-18 08:00:00,0.9143,0.9777,0.98,0.872,ВЭС,16.0,1,12.9133,2.82,12.6167,0.0,2026-02-17 22:00:00
2026-02-18 15:00:00,2026-02-18 09:00:00,0.9044,0.978,0.98,0.872,ВЭС,17.0,1,12.7833,2.265,12.7833,0.0,2026-02-17 22:00:00
2026-02-18 16:00:00,2026-02-18 10:00:00,0.6468,0.9737,0.98,0.8017,ВЭС,18.0,2,12.1983,2.565,12.6667,0.0,2026-02-17 22:00:00
2026-02-18 17:00:00,2026-02-18 11:00:00,0.4995,0.9773,0.98,0.8017,ВЭС,19.0,2,11.9917,3.12,11.65,0.0,2026-02-17 22:00:00
2026-02-18 18:00:00,2026-02-18 12:00:00,0.4908,0.9746,0.98,0.7831,ВЭС,20.0,2,11.5783,2.395,10.2667,0.0,2026-02-17 22:00:00
2026-02-18 19:00:00,2026-02-18 13:00:00,0.3042,0.7762,0.957,0.7639,ВЭС,21.0,2,10.9983,2.105,9.05,0.0,2026-02-17 22:00:00
2026-02-18 20:00:00,2026-02-18 14:00:00,0.1385,0.7209,0.95,0.7338,ВЭС,22.0,2,10.6433,2.765,8.1333,0.0,2026-02-17 22:00:00
2026-02-18 21:00:00,2026-02-18 15:00:00,0.1179,0.5807,0.9431,0.6898,ВЭС,23.0,2,10.4067,3.135,7.45,0.0,2026-02-17 22:00:00
2026-02-18 22:00:00,2026-02-18 16:00:00,0.0184,0.4916,0.9415,0.6898,ВЭС,24.0,2,10.3783,3.23,6.9333,0.0,2026-02-17 22:00:00
2026-02-18 23:00:00,2026-02-18 17:00:00,0.0342,0.5379,0.9438,0.723,ВЭС,25.0,2,10.5233,2.96,6.6167,0.0,2026-02-17 22:00:00
2026-02-19 00:00:00,2026-02-18 18:00:00,0.0186,0.6278,0.9663,0.7536,ВЭС,26.0,2,10.7017,3.25,6.3167,0.0,2026-02-17 22:00:00
2026-02-19 01:00:00,2026-02-18 19:00:00,0.0178,0.632,0.9618,0.7536,ВЭС,27.0,2,10.87,3.57,5.8333,0.0,2026-02-17 22:00:00
2026-02-19 02:00:00,2026-02-18 20:00:00,0.0348,0.5794,0.9546,0.7536,ВЭС,28.0,2,10.9083,3.34,5.4167,0.0,2026-02-17 22:00:00
2026-02-19 03:00:00,2026-02-18 21:00:00,0.127,0.7078,0.9601,0.7536,ВЭС,29.0,2,10.8883,3.74,5.1833,0.0,2026-02-17 22:00:00
2026-02-19 04:00:00,2026-02-18 22:00:00,0.1047,0.5522,0.9398,0.7536,ВЭС,30.0,2,10.7067,4.125,5.1167,0.0,2026-02-17 22:00:00
2026-02-19 05:00:00,2026-02-18 23:00:00,0.1197,0.5487,0.9416,0.7536,ВЭС,31.0,2,10.8783,3.835,5.1167,0.0,2026-02-17 22:00:00
2026-02-19 06:00:00,2026-02-19 00:00:00,0.1782,0.6566,0.9448,0.7639,ВЭС,32.0,2,11.03,3.29,5.05,0.0,2026-02-17 22:00:00
2026-02-19 07:00:00,2026-02-19 01:00:00,0.157,0.6613,0.9349,0.7536,ВЭС,33.0,2,10.7783,2.615,4.9667,0.0,2026-02-17 22:00:00
2026-02-19 08:00:00,2026-02-19 02:00:00,0.1739,0.6191,0.9213,0.73,ВЭС,34.0,2,10.5667,2.17,5.5,0.0,2026-02-17 22:00:00
2026-02-19 09:00:00,2026-02-19 03:00:00,0.129,0.6204,0.94,0.6898,ВЭС,35.0,2,10.4017,2.105,7.0,0.0,2026-02-17 22:00:00
2026-02-19 10:00:00,2026-02-19 04:00:00,0.1498,0.6299,0.9386,0.681,ВЭС,36.0,2,10.155,2.275,8.95,0.0,2026-02-17 22:00:00
2026-02-19 11:00:00,2026-02-19 05:00:00,0.0,0.4436,0.9174,0.5709,ВЭС,37.0,2,9.3083,3.53,10.6667,0.0,2026-02-17 22:00:00
2026-02-19 12:00:00,2026-02-19 06:00:00,0.0,0.4497,0.8748,0.4396,ВЭС,38.0,2,8.2483,4.715,12.0833,0.0,2026-02-17 22:00:00
2026-02-19 13:00:00,2026-02-19 07:00:00,0.0,0.418,0.7667,0.3725,ВЭС,39.0,2,7.3033,4.2,13.4,0.0,2026-02-17 22:00:00
2026-02-19 14:00:00,2026-02-19 08:00:00,0.0,0.2651,0.6075,0.2936,ВЭС,40.0,2,6.5083,3.59,14.3,0.0,2026-02-17 22:00:00
2026-02-19 15:00:00,2026-02-19 09:00:00,0.0,0.2265,0.5111,0.2678,ВЭС,41.0,2,6.0083,3.19,14.5333,0.0,2026-02-17 22:00:00
2026-02-19 16:00:00,2026-02-19 10:00:00,0.0,0.1458,0.5371,0.2347,ВЭС,42.0,3,5.5983,7.935,14.9333,0.0,2026-02-17 22:00:00
2026-02-19 17:00:00,2026-02-19 11:00:00,0.0,0.1206,0.5443,0.2206,ВЭС,43.0,3,5.4483,7.47,13.3833,0.0,2026-02-17 22:00:00
2026-02-19 18:00:00,2026-02-19 12:00:00,0.0,0.1018,0.4991,0.2111,ВЭС,44.0,3,5.195,7.56,11.4167,0.0,2026-02-17 22:00:00
2026-02-19 19:00:00,2026-02-19 13:00:00,0.0,0.0988,0.4478,0.1864,ВЭС,45.0,3,4.8483,8.135,9.6,0.0,2026-02-17 22:00:00
2026-02-19 20:00:00,2026-02-19 14:00:00,0.0,0.1012,0.4676,0.1864,ВЭС,46.0,3,4.8667,7.025,8.1667,0.0,2026-02-17 22:00:00
2026-02-19 21:00:00,2026-02-19 15:00:00,0.0,0.1049,0.5958,0.1864,ВЭС,47.0,3,4.9533,7.07,7.5833,0.0,2026-02-17 22:00:00
2026-02-19 22:00:00,2026-02-19 16:00:00,0.0,0.1584,0.6327,0.2388,ВЭС,48.0,3,5.775,4.765,7.4667,0.0,2026-02-17 22:00:00
2026-02-18 11:00:00,2026-02-18 05:00:00,0.5644,0.9275,0.9793,0.8813,T1,1.0,1,12.975,1.65,9.2167,0.0,2026-02-18 10:00:00
2026-02-18 12:00:00,2026-02-18 06:00:00,0.707,0.9753,0.9897,0.8813,T1,2.0,1,12.9933,1.81,10.5833,0.0,2026-02-18 10:00:00
2026-02-18 13:00:00,2026-02-18 07:00:00,0.8934,0.9824,0.99,0.8794,T1,3.0,1,12.995,2.455,11.7833,0.0,2026-02-18 10:00:00
2026-02-18 14:00:00,2026-02-18 08:00:00,0.8671,0.9854,0.99,0.872,T1,4.0,1,12.9133,2.82,12.6167,0.0,2026-02-18 10:00:00
2026-02-18 15:00:00,2026-02-18 09:00:00,0.8581,0.986,0.99,0.872,T1,5.0,1,12.7833,2.265,12.7833,0.0,2026-02-18 10:00:00
2026-02-18 16:00:00,2026-02-18 10:00:00,0.7351,0.9777,0.99,0.8291,T1,6.0,1,12.5783,2.03,12.2167,0.0,2026-02-18 10:00:00
2026-02-18 17:00:00,2026-02-18 11:00:00,0.6575,0.9706,0.99,0.8017,T1,7.0,1,11.9917,2.27,11.0,0.0,2026-02-18 10:00:00
2026-02-18 18:00:00,2026-02-18 12:00:00,0.586,0.9713,0.9787,0.7639,T1,8.0,1,11.0483,2.1,9.5833,0.0,2026-02-18 10:00:00
2026-02-18 19:00:00,2026-02-18 13:00:00,0.3574,0.8802,0.9716,0.6898,T1,9.0,1,10.4933,2.515,8.5,0.0,2026-02-18 10:00:00
2026-02-18 20:00:00,2026-02-18 14:00:00,0.149,0.6856,0.9614,0.6898,T1,10.0,1,10.3783,3.425,7.75,0.0,2026-02-18 10:00:00
2026-02-18 21:00:00,2026-02-18 15:00:00,0.1243,0.6435,0.9569,0.6898,T1,11.0,1,10.3133,3.6,7.1833,0.0,2026-02-18 10:00:00
2026-02-18 22:00:00,2026-02-18 16:00:00,0.075,0.6434,0.9503,0.6898,T1,12.0,1,10.4333,3.145,6.8,0.0,2026-02-18 10:00:00
2026-02-18 23:00:00,2026-02-18 17:00:00,0.1096,0.6089,0.9451,0.7536,T1,13.0,1,10.7783,2.57,6.5167,0.0,2026-02-18 10:00:00
2026-02-19 00:00:00,2026-02-18 18:00:00,0.136,0.5109,0.9511,0.7639,T1,14.0,1,11.1567,2.0,6.2667,0.0,2026-02-18 10:00:00
2026-02-19 01:00:00,2026-02-18 19:00:00,0.1192,0.4997,0.9559,0.7639,T1,15.0,1,11.2733,1.88,6.0167,0.0,2026-02-18 10:00:00
2026-02-19 02:00:00,2026-02-18 20:00:00,0.2342,0.7443,0.9573,0.7639,T1,16.0,1,11.33,2.305,5.75,0.0,2026-02-18 10:00:00
2026-02-19 03:00:00,2026-02-18 21:00:00,0.2464,0.7326,0.9634,0.7639,T1,17.0,1,11.3233,2.685,5.4333,0.0,2026-02-18 10:00:00
2026-02-19 04:00:00,2026-02-18 22:00:00,0.0586,0.5548,0.9427,0.7536,T1,18.0,2,10.7067,4.125,5.1167,0.0,2026-02-18 10:00:00
2026-02-19 05:00:00,2026-02-18 23:00:00,0.0831,0.5501,0.9444,0.7536,T1,19.0,2,10.8783,3.835,5.1167,0.0,2026-02-18 10:00:00
2026-02-19 06:00:00,2026-02-19 00:00:00,0.2,0.659,0.9477,0.7639,T1,20.0,2,11.03,3.29,5.05,0.0,2026-02-18 10:00:00
2026-02-19 07:00:00,2026-02-19 01:00:00,0.2082,0.665,0.9378,0.7536,T1,21.0,2,10.7783,2.615,4.9667,0.0,2026-02-18 10:00:00
2026-02-19 08:00:00,2026-02-19 02:00:00,0.2021,0.6228,0.9262,0.73,T1,22.0,2,10.5667,2.17,5.5,0.0,2026-02-18 10:00:00
2026-02-19 09:00:00,2026-02-19 03:00:00,0.0993,0.6233,0.9433,0.6898,T1,23.0,2,10.4017,2.105,7.0,0.0,2026-02-18 10:00:00
2026-02-19 10:00:00,2026-02-19 04:00:00,0.1222,0.6313,0.9416,0.681,T1,24.0,2,10.155,2.275,8.95,0.0,2026-02-18 10:00:00
2026-02-19 11:00:00,2026-02-19 05:00:00,0.0,0.4445,0.9186,0.5709,T1,25.0,2,9.3083,3.53,10.6667,0.0,2026-02-18 10:00:00
2026-02-19 12:00:00,2026-02-19 06:00:00,0.0,0.4477,0.8748,0.4396,T1,26.0,2,8.2483,4.715,12.0833,0.0,2026-02-18 10:00:00
2026-02-19 13:00:00,2026-02-19 07:00:00,0.0,0.4178,0.7667,0.3725,T1,27.0,2,7.3033,4.2,13.4,0.0,2026-02-18 10:00:00
2026-02-19 14:00:00,2026-02-19 08:00:00,0.0,0.266,0.6075,0.2936,T1,28.0,2,6.5083,3.59,14.3,0.0,2026-02-18 10:00:00
2026-02-19 15:00:00,2026-02-19 09:00:00,0.0,0.2262,0.5111,0.2678,T1,29.0,2,6.0083,3.19,14.5333,0.0,2026-02-18 10:00:00
2026-02-19 16:00:00,2026-02-19 10:00:00,0.0,0.1902,0.4934,0.2347,T1,30.0,2,5.7167,2.96,14.1333,0.0,2026-02-18 10:00:00
2026-02-19 17:00:00,2026-02-19 11:00:00,0.0,0.1805,0.5549,0.2388,T1,31.0,2,5.7733,3.57,12.7833,0.0,2026-02-18 10:00:00
2026-02-19 18:00:00,2026-02-19 12:00:00,0.0,0.1598,0.5386,0.2388,T1,32.0,2,5.955,4.8,10.85,0.0,2026-02-18 10:00:00
2026-02-19 19:00:00,2026-02-19 13:00:00,0.0,0.1304,0.5401,0.2347,T1,33.0,2,5.6083,6.43,9.2,0.0,2026-02-18 10:00:00
2026-02-19 20:00:00,2026-02-19 14:00:00,0.0,0.1075,0.5066,0.1864,T1,34.0,2,4.93,7.41,8.0667,0.0,2026-02-18 10:00:00
2026-02-19 21:00:00,2026-02-19 15:00:00,0.0,0.0558,0.3768,0.1381,T1,35.0,2,4.1117,6.65,7.25,0.0,2026-02-18 10:00:00
2026-02-19 22:00:00,2026-02-19 16:00:00,0.0,0.0681,0.3048,0.1275,T1,36.0,2,3.8417,5.44,6.7667,0.0,2026-02-18 10:00:00
2026-02-19 23:00:00,2026-02-19 17:00:00,0.0,0.082,0.3699,0.1511,T1,37.0,2,4.3867,4.0,6.65,0.0,2026-02-18 10:00:00
2026-02-20 00:00:00,2026-02-19 18:00:00,0.0,0.1173,0.5176,0.1964,T1,38.0,2,5.1183,0.93,6.4833,0.0,2026-02-18 10:00:00
2026-02-20 01:00:00,2026-02-19 19:00:00,0.0,0.1419,0.6933,0.2347,T1,39.0,2,5.5967,3.83,6.25,0.0,2026-02-18 10:00:00
2026-02-20 02:00:00,2026-02-19 20:00:00,0.0,0.1817,0.7221,0.2388,T1,40.0,2,5.7983,6.76,6.1833,0.0,2026-02-18 10:00:00
2026-02-20 03:00:00,2026-02-19 21:00:00,0.0,0.2015,0.8151,0.2678,T1,41.0,2,5.98,8.91,6.3333,0.0,2026-02-18 10:00:00
2026-02-20 04:00:00,2026-02-19 22:00:00,0.0,0.6014,0.99,0.4253,T1,42.0,3,7.9783,11.865,7.8333,0.0,2026-02-18 10:00:00
2026-02-20 05:00:00,2026-02-19 23:00:00,0.0,0.6582,0.99,0.5291,T1,43.0,3,8.9583,8.025,7.7833,0.0,2026-02-18 10:00:00
2026-02-20 06:00:00,2026-02-20 00:00:00,0.0,0.7595,0.99,0.6301,T1,44.0,3,9.5767,5.25,7.7833,0.0,2026-02-18 10:00:00
2026-02-20 07:00:00,2026-02-20 01:00:00,0.0487,0.7658,0.99,0.65,T1,45.0,3,9.8383,4.455,7.7,0.0,2026-02-18 10:00:00
2026-02-20 08:00:00,2026-02-20 02:00:00,0.0,0.7249,0.99,0.5984,T1,46.0,3,9.54,3.375,8.0667,0.0,2026-02-18 10:00:00
2026-02-20 09:00:00,2026-02-20 03:00:00,0.0,0.4996,0.9579,0.4461,T1,47.0,3,8.325,2.41,9.2667,0.0,2026-02-18 10:00:00
2026-02-20 10:00:00,2026-02-20 04:00:00,0.0,0.2555,0.7952,0.2981,T1,48.0,3,6.5533,1.435,10.7667,0.0,2026-02-18 10:00:00
2026-02-18 11:00:00,2026-02-18 05:00:00,0.2814,0.929,0.961,0.8813,T2,1.0,1,12.975,1.65,9.2167,0.0,2026-02-18 10:00:00
2026-02-18 12:00:00,2026-02-18 06:00:00,0.4934,0.9626,0.97,0.8813,T2,2.0,1,12.9933,1.81,10.5833,0.0,2026-02-18 10:00:00
2026-02-18 13:00:00,2026-02-18 07:00:00,0.8524,0.9681,0.97,0.8794,T2,3.0,1,12.995,2.455,11.7833,0.0,2026-02-18 10:00:00
2026-02-18 14:00:00,2026-02-18 08:00:00,0.9616,0.97,0.97,0.872,T2,4.0,1,12.9133,2.82,12.6167,0.0,2026-02-18 10:00:00
2026-02-18 15:00:00,2026-02-18 09:00:00,0.9508,0.97,0.97,0.872,T2,5.0,1,12.7833,2.265,12.7833,0.0,2026-02-18 10:00:00
2026-02-18 16:00:00,2026-02-18 10:00:00,0.7758,0.9681,0.97,0.8291,T2,6.0,1,12.5783,2.03,12.2167,0.0,2026-02-18 10:00:00
2026-02-18 17:00:00,2026-02-18 11:00:00,0.6469,0.9614,0.97,0.8017,T2,7.0,1,11.9917,2.27,11.0,0.0,2026-02-18 10:00:00
2026-02-18 18:00:00,2026-02-18 12:00:00,0.6072,0.9629,0.9651,0.7639,T2,8.0,1,11.0483,2.1,9.5833,0.0,2026-02-18 10:00:00
2026-02-18 19:00:00,2026-02-18 13:00:00,0.4232,0.8804,0.963,0.6898,T2,9.0,1,10.4933,2.515,8.5,0.0,2026-02-18 10:00:00
2026-02-18 20:00:00,2026-02-18 14:00:00,0.105,0.6842,0.9559,0.6898,T2,10.0,1,10.3783,3.425,7.75,0.0,2026-02-18 10:00:00
2026-02-18 21:00:00,2026-02-18 15:00:00,0.0984,0.6433,0.9525,0.6898,T2,11.0,1,10.3133,3.6,7.1833,0.0,2026-02-18 10:00:00
2026-02-18 22:00:00,2026-02-18 16:00:00,0.0453,0.6379,0.9459,0.6898,T2,12.0,1,10.4333,3.145,6.8,0.0,2026-02-18 10:00:00
2026-02-18 23:00:00,2026-02-18 17:00:00,0.081,0.6031,0.9407,0.7536,T2,13.0,1,10.7783,2.57,6.5167,0.0,2026-02-18 10:00:00
2026-02-19 00:00:00,2026-02-18 18:00:00,0.1698,0.5076,0.9453,0.7639,T2,14.0,1,11.1567,2.0,6.2667,0.0,2026-02-18 10:00:00
2026-02-19 01:00:00,2026-02-18 19:00:00,0.1467,0.4963,0.9502,0.7639,T2,15.0,1,11.2733,1.88,6.0167,0.0,2026-02-18 10:00:00
2026-02-19 02:00:00,2026-02-18 20:00:00,0.1993,0.7389,0.9516,0.7639,T2,16.0,1,11.33,2.305,5.75,0.0,2026-02-18 10:00:00
2026-02-19 03:00:00,2026-02-18 21:00:00,0.1643,0.7261,0.9566,0.7639,T2,17.0,1,11.3233,2.685,5.4333,0.0,2026-02-18 10:00:00
2026-02-19 04:00:00,2026-02-18 22:00:00,0.1509,0.5496,0.9369,0.7536,T2,18.0,2,10.7067,4.125,5.1167,0.0,2026-02-18 10:00:00
2026-02-19 05:00:00,2026-02-18 23:00:00,0.1562,0.5472,0.9389,0.7536,T2,19.0,2,10.8783,3.835,5.1167,0.0,2026-02-18 10:00:00
2026-02-19 06:00:00,2026-02-19 00:00:00,0.1563,0.6541,0.9418,0.7639,T2,20.0,2,11.03,3.29,5.05,0.0,2026-02-18 10:00:00
2026-02-19 07:00:00,2026-02-19 01:00:00,0.1058,0.6576,0.9321,0.7536,T2,21.0,2,10.7783,2.615,4.9667,0.0,2026-02-18 10:00:00
2026-02-19 08:00:00,2026-02-19 02:00:00,0.1458,0.6154,0.9165,0.73,T2,22.0,2,10.5667,2.17,5.5,0.0,2026-02-18 10:00:00
2026-02-19 09:00:00,2026-02-19 03:00:00,0.1588,0.6176,0.9367,0.6898,T2,23.0,2,10.4017,2.105,7.0,0.0,2026-02-18 10:00:00
2026-02-19 10:00:00,2026-02-19 04:00:00,0.1775,0.6285,0.9357,0.681,T2,24.0,2,10.155,2.275,8.95,0.0,2026-02-18 10:00:00
2026-02-19 11:00:00,2026-02-19 05:00:00,0.0,0.4428,0.9161,0.5709,T2,25.0,2,9.3083,3.53,10.6667,0.0,2026-02-18 10:00:00
2026-02-19 12:00:00,2026-02-19 06:00:00,0.0,0.4518,0.8748,0.4396,T2,26.0,2,8.2483,4.715,12.0833,0.0,2026-02-18 10:00:00
2026-02-19 13:00:00,2026-02-19 07:00:00,0.0,0.4183,0.7667,0.3725,T2,27.0,2,7.3033,4.2,13.4,0.0,2026-02-18 10:00:00
2026-02-19 14:00:00,2026-02-19 08:00:00,0.0,0.2643,0.6076,0.2936,T2,28.0,2,6.5083,3.59,14.3,0.0,2026-02-18 10:00:00
2026-02-19 15:00:00,2026-02-19 09:00:00,0.0,0.2268,0.5111,0.2678,T2,29.0,2,6.0083,3.19,14.5333,0.0,2026-02-18 10:00:00
2026-02-19 16:00:00,2026-02-19 10:00:00,0.0,0.1888,0.4934,0.2347,T2,30.0,2,5.7167,2.96,14.1333,0.0,2026-02-18 10:00:00
2026-02-19 17:00:00,2026-02-19 11:00:00,0.0,0.1766,0.5549,0.2388,T2,31.0,2,5.7733,3.57,12.7833,0.0,2026-02-18 10:00:00
2026-02-19 18:00:00,2026-02-19 12:00:00,0.0,0.1551,0.5386,0.2388,T2,32.0,2,5.955,4.8,10.85,0.0,2026-02-18 10:00:00
2026-02-19 19:00:00,2026-02-19 13:00:00,0.0,0.1281,0.5401,0.2347,T2,33.0,2,5.6083,6.43,9.2,0.0,2026-02-18 10:00:00
2026-02-19 20:00:00,2026-02-19 14:00:00,0.0,0.1056,0.5066,0.1864,T2,34.0,2,4.93,7.41,8.0667,0.0,2026-02-18 10:00:00
2026-02-19 21:00:00,2026-02-19 15:00:00,0.0,0.0551,0.3768,0.1381,T2,35.0,2,4.1117,6.65,7.25,0.0,2026-02-18 10:00:00
2026-02-19 22:00:00,2026-02-19 16:00:00,0.0,0.0672,0.3048,0.1275,T2,36.0,2,3.8417,5.44,6.7667,0.0,2026-02-18 10:00:00
2026-02-19 23:00:00,2026-02-19 17:00:00,0.0,0.0814,0.3699,0.1511,T2,37.0,2,4.3867,4.0,6.65,0.0,2026-02-18 10:00:00
2026-02-20 00:00:00,2026-02-19 18:00:00,0.0,0.1155,0.5176,0.1964,T2,38.0,2,5.1183,0.93,6.4833,0.0,2026-02-18 10:00:00
2026-02-20 01:00:00,2026-02-19 19:00:00,0.0,0.1412,0.6933,0.2347,T2,39.0,2,5.5967,3.83,6.25,0.0,2026-02-18 10:00:00
2026-02-20 02:00:00,2026-02-19 20:00:00,0.0,0.181,0.722,0.2388,T2,40.0,2,5.7983,6.76,6.1833,0.0,2026-02-18 10:00:00
2026-02-20 03:00:00,2026-02-19 21:00:00,0.0,0.2008,0.815,0.2678,T2,41.0,2,5.98,8.91,6.3333,0.0,2026-02-18 10:00:00
2026-02-20 04:00:00,2026-02-19 22:00:00,0.0,0.6003,0.97,0.4253,T2,42.0,3,7.9783,11.865,7.8333,0.0,2026-02-18 10:00:00
2026-02-20 05:00:00,2026-02-19 23:00:00,0.0,0.6598,0.97,0.5291,T2,43.0,3,8.9583,8.025,7.7833,0.0,2026-02-18 10:00:00
2026-02-20 06:00:00,2026-02-20 00:00:00,0.0,0.7611,0.97,0.6301,T2,44.0,3,9.5767,5.25,7.7833,0.0,2026-02-18 10:00:00
2026-02-20 07:00:00,2026-02-20 01:00:00,0.0,0.7673,0.97,0.65,T2,45.0,3,9.8383,4.455,7.7,0.0,2026-02-18 10:00:00
2026-02-20 08:00:00,2026-02-20 02:00:00,0.0,0.7261,0.97,0.5984,T2,46.0,3,9.54,3.375,8.0667,0.0,2026-02-18 10:00:00
2026-02-20 09:00:00,2026-02-20 03:00:00,0.0,0.4917,0.9579,0.4461,T2,47.0,3,8.325,2.41,9.2667,0.0,2026-02-18 10:00:00
2026-02-20 10:00:00,2026-02-20 04:00:00,0.0,0.2544,0.7952,0.2981,T2,48.0,3,6.5533,1.435,10.7667,0.0,2026-02-18 10:00:00
2026-02-18 11:00:00,2026-02-18 05:00:00,0.4229,0.9282,0.9702,0.8813,ВЭС,1.0,1,12.975,1.65,9.2167,0.0,2026-02-18 10:00:00
2026-02-18 12:00:00,2026-02-18 06:00:00,0.6002,0.9689,0.9798,0.8813,ВЭС,2.0,1,12.9933,1.81,10.5833,0.0,2026-02-18 10:00:00
2026-02-18 13:00:00,2026-02-18 07:00:00,0.8729,0.9753,0.98,0.8794,ВЭС,3.0,1,12.995,2.455,11.7833,0.0,2026-02-18 10:00:00
2026-02-18 14:00:00,2026-02-18 08:00:00,0.9143,0.9777,0.98,0.872,ВЭС,4.0,1,12.9133,2.82,12.6167,0.0,2026-02-18 10:00:00
2026-02-18 15:00:00,2026-02-18 09:00:00,0.9044,0.978,0.98,0.872,ВЭС,5.0,1,12.7833,2.265,12.7833,0.0,2026-02-18 10:00:00
2026-02-18 16:00:00,2026-02-18 10:00:00,0.7555,0.9729,0.98,0.8291,ВЭС,6.0,1,12.5783,2.03,12.2167,0.0,2026-02-18 10:00:00
2026-02-18 17:00:00,2026-02-18 11:00:00,0.6522,0.966,0.98,0.8017,ВЭС,7.0,1,11.9917,2.27,11.0,0.0,2026-02-18 10:00:00
2026-02-18 18:00:00,2026-02-18 12:00:00,0.5966,0.9671,0.9719,0.7639,ВЭС,8.0,1,11.0483,2.1,9.5833,0.0,2026-02-18 10:00:00
2026-02-18 19:00:00,2026-02-18 13:00:00,0.3903,0.8803,0.9673,0.6898,ВЭС,9.0,1,10.4933,2.515,8.5,0.0,2026-02-18 10:00:00
2026-02-18 20:00:00,2026-02-18 14:00:00,0.127,0.6849,0.9586,0.6898,ВЭС,10.0,1,10.3783,3.425,7.75,0.0,2026-02-18 10:00:00
2026-02-18 21:00:00,2026-02-18 15:00:00,0.1113,0.6434,0.9547,0.6898,ВЭС,11.0,1,10.3133,3.6,7.1833,0.0,2026-02-18 10:00:00
2026-02-18 22:00:00,2026-02-18 16:00:00,0.0602,0.6406,0.9481,0.6898,ВЭС,12.0,1,10.4333,3.145,6.8,0.0,2026-02-18 10:00:00
2026-02-18 23:00:00,2026-02-18 17:00:00,0.0953,0.606,0.9429,0.7536,ВЭС,13.0,1,10.7783,2.57,6.5167,0.0,2026-02-18 10:00:00
2026-02-19 00:00:00,2026-02-18 18:00:00,0.1529,0.5092,0.9482,0.7639,ВЭС,14.0,1,11.1567,2.0,6.2667,0.0,2026-02-18 10:00:00
2026-02-19 01:00:00,2026-02-18 19:00:00,0.1329,0.498,0.9531,0.7639,ВЭС,15.0,1,11.2733,1.88,6.0167,0.0,2026-02-18 10:00:00
2026-02-19 02:00:00,2026-02-18 20:00:00,0.2167,0.7416,0.9544,0.7639,ВЭС,16.0,1,11.33,2.305,5.75,0.0,2026-02-18 10:00:00
2026-02-19 03:00:00,2026-02-18 21:00:00,0.2054,0.7293,0.96,0.7639,ВЭС,17.0,1,11.3233,2.685,5.4333,0.0,2026-02-18 10:00:00
2026-02-19 04:00:00,2026-02-18 22:00:00,0.1047,0.5522,0.9398,0.7536,ВЭС,18.0,2,10.7067,4.125,5.1167,0.0,2026-02-18 10:00:00
2026-02-19 05:00:00,2026-02-18 23:00:00,0.1197,0.5487,0.9416,0.7536,ВЭС,19.0,2,10.8783,3.835,5.1167,0.0,2026-02-18 10:00:00
2026-02-19 06:00:00,2026-02-19 00:00:00,0.1782,0.6566,0.9448,0.7639,ВЭС,20.0,2,11.03,3.29,5.05,0.0,2026-02-18 10:00:00
2026-02-19 07:00:00,2026-02-19 01:00:00,0.157,0.6613,0.9349,0.7536,ВЭС,21.0,2,10.7783,2.615,4.9667,0.0,2026-02-18 10:00:00
2026-02-19 08:00:00,2026-02-19 02:00:00,0.1739,0.6191,0.9213,0.73,ВЭС,22.0,2,10.5667,2.17,5.5,0.0,2026-02-18 10:00:00
2026-02-19 09:00:00,2026-02-19 03:00:00,0.129,0.6204,0.94,0.6898,ВЭС,23.0,2,10.4017,2.105,7.0,0.0,2026-02-18 10:00:00
2026-02-19 10:00:00,2026-02-19 04:00:00,0.1498,0.6299,0.9386,0.681,ВЭС,24.0,2,10.155,2.275,8.95,0.0,2026-02-18 10:00:00
2026-02-19 11:00:00,2026-02-19 05:00:00,0.0,0.4436,0.9174,0.5709,ВЭС,25.0,2,9.3083,3.53,10.6667,0.0,2026-02-18 10:00:00
2026-02-19 12:00:00,2026-02-19 06:00:00,0.0,0.4497,0.8748,0.4396,ВЭС,26.0,2,8.2483,4.715,12.0833,0.0,2026-02-18 10:00:00
2026-02-19 13:00:00,2026-02-19 07:00:00,0.0,0.418,0.7667,0.3725,ВЭС,27.0,2,7.3033,4.2,13.4,0.0,2026-02-18 10:00:00
2026-02-19 14:00:00,2026-02-19 08:00:00,0.0,0.2651,0.6075,0.2936,ВЭС,28.0,2,6.5083,3.59,14.3,0.0,2026-02-18 10:00:00
2026-02-19 15:00:00,2026-02-19 09:00:00,0.0,0.2265,0.5111,0.2678,ВЭС,29.0,2,6.0083,3.19,14.5333,0.0,2026-02-18 10:00:00
2026-02-19 16:00:00,2026-02-19 10:00:00,0.0,0.1895,0.4934,0.2347,ВЭС,30.0,2,5.7167,2.96,14.1333,0.0,2026-02-18 10:00:00
2026-02-19 17:00:00,2026-02-19 11:00:00,0.0,0.1785,0.5549,0.2388,ВЭС,31.0,2,5.7733,3.57,12.7833,0.0,2026-02-18 10:00:00
2026-02-19 18:00:00,2026-02-19 12:00:00,0.0,0.1575,0.5386,0.2388,ВЭС,32.0,2,5.955,4.8,10.85,0.0,2026-02-18 10:00:00
2026-02-19 19:00:00,2026-02-19 13:00:00,0.0,0.1293,0.5401,0.2347,ВЭС,33.0,2,5.6083,6.43,9.2,0.0,2026-02-18 10:00:00
2026-02-19 20:00:00,2026-02-19 14:00:00,0.0,0.1066,0.5066,0.1864,ВЭС,34.0,2,4.93,7.41,8.0667,0.0,2026-02-18 10:00:00
2026-02-19 21:00:00,2026-02-19 15:00:00,0.0,0.0555,0.3768,0.1381,ВЭС,35.0,2,4.1117,6.65,7.25,0.0,2026-02-18 10:00:00
2026-02-19 22:00:00,2026-02-19 16:00:00,0.0,0.0677,0.3048,0.1275,ВЭС,36.0,2,3.8417,5.44,6.7667,0.0,2026-02-18 10:00:00
2026-02-19 23:00:00,2026-02-19 17:00:00,0.0,0.0817,0.3699,0.1511,ВЭС,37.0,2,4.3867,4.0,6.65,0.0,2026-02-18 10:00:00
2026-02-20 00:00:00,2026-02-19 18:00:00,0.0,0.1164,0.5176,0.1964,ВЭС,38.0,2,5.1183,0.93,6.4833,0.0,2026-02-18 10:00:00
2026-02-20 01:00:00,2026-02-19 19:00:00,0.0,0.1416,0.6933,0.2347,ВЭС,39.0,2,5.5967,3.83,6.25,0.0,2026-02-18 10:00:00
2026-02-20 02:00:00,2026-02-19 20:00:00,0.0,0.1814,0.722,0.2388,ВЭС,40.0,2,5.7983,6.76,6.1833,0.0,2026-02-18 10:00:00
2026-02-20 03:00:00,2026-02-19 21:00:00,0.0,0.2011,0.8151,0.2678,ВЭС,41.0,2,5.98,8.91,6.3333,0.0,2026-02-18 10:00:00
2026-02-20 04:00:00,2026-02-19 22:00:00,0.0,0.6008,0.98,0.4253,ВЭС,42.0,3,7.9783,11.865,7.8333,0.0,2026-02-18 10:00:00
2026-02-20 05:00:00,2026-02-19 23:00:00,0.0,0.659,0.98,0.5291,ВЭС,43.0,3,8.9583,8.025,7.7833,0.0,2026-02-18 10:00:00
2026-02-20 06:00:00,2026-02-20 00:00:00,0.0,0.7603,0.98,0.6301,ВЭС,44.0,3,9.5767,5.25,7.7833,0.0,2026-02-18 10:00:00
2026-02-20 07:00:00,2026-02-20 01:00:00,0.0243,0.7666,0.98,0.65,ВЭС,45.0,3,9.8383,4.455,7.7,0.0,2026-02-18 10:00:00
2026-02-20 08:00:00,2026-02-20 02:00:00,0.0,0.7255,0.98,0.5984,ВЭС,46.0,3,9.54,3.375,8.0667,0.0,2026-02-18 10:00:00
2026-02-20 09:00:00,2026-02-20 03:00:00,0.0,0.4956,0.9579,0.4461,ВЭС,47.0,3,8.325,2.41,9.2667,0.0,2026-02-18 10:00:00
2026-02-20 10:00:00,2026-02-20 04:00:00,0.0,0.2549,0.7952,0.2981,ВЭС,48.0,3,6.5533,1.435,10.7667,0.0,2026-02-18 10:00:00
2026-02-18 23:00:00,2026-02-18 17:00:00,0.1096,0.6089,0.9451,0.7536,T1,1.0,1,10.7783,2.57,6.5167,0.0,2026-02-18 22:00:00
2026-02-19 00:00:00,2026-02-18 18:00:00,0.136,0.5109,0.9511,0.7639,T1,2.0,1,11.1567,2.0,6.2667,0.0,2026-02-18 22:00:00
2026-02-19 01:00:00,2026-02-18 19:00:00,0.1192,0.4997,0.9559,0.7639,T1,3.0,1,11.2733,1.88,6.0167,0.0,2026-02-18 22:00:00
2026-02-19 02:00:00,2026-02-18 20:00:00,0.2342,0.7443,0.9573,0.7639,T1,4.0,1,11.33,2.305,5.75,0.0,2026-02-18 22:00:00
2026-02-19 03:00:00,2026-02-18 21:00:00,0.2464,0.7326,0.9634,0.7639,T1,5.0,1,11.3233,2.685,5.4333,0.0,2026-02-18 22:00:00
2026-02-19 04:00:00,2026-02-18 22:00:00,0.204,0.7298,0.9172,0.7639,T1,6.0,1,11.0917,2.63,5.1667,0.0,2026-02-18 22:00:00
2026-02-19 05:00:00,2026-02-18 23:00:00,0.192,0.5645,0.8818,0.6898,T1,7.0,1,10.44,2.095,4.9667,0.0,2026-02-18 22:00:00
2026-02-19 06:00:00,2026-02-19 00:00:00,0.0,0.5023,0.8529,0.6301,T1,8.0,1,9.6183,1.59,4.7667,0.0,2026-02-18 22:00:00
2026-02-19 07:00:00,2026-02-19 01:00:00,0.0,0.5127,0.8659,0.5709,T1,9.0,1,9.2717,2.845,4.6333,0.0,2026-02-18 22:00:00
2026-02-19 08:00:00,2026-02-19 02:00:00,0.0,0.4872,0.8741,0.5263,T1,10.0,1,8.8317,4.1,5.0667,0.0,2026-02-18 22:00:00
2026-02-19 09:00:00,2026-02-19 03:00:00,0.0,0.342,0.8739,0.4461,T1,11.0,1,8.3533,4.34,6.4333,0.0,2026-02-18 22:00:00
2026-02-19 10:00:00,2026-02-19 04:00:00,0.008,0.3392,0.8782,0.4396,T1,12.0,1,8.2283,4.17,8.35,0.0,2026-02-18 22:00:00
2026-02-19 11:00:00,2026-02-19 05:00:00,0.0068,0.2805,0.8505,0.4212,T1,13.0,1,7.9267,4.545,10.45,0.0,2026-02-18 22:00:00
2026-02-19 12:00:00,2026-02-19 06:00:00,0.0,0.341,0.7817,0.3725,T1,14.0,1,7.4617,4.51,12.35,0.0,2026-02-18 22:00:00
2026-02-19 13:00:00,2026-02-19 07:00:00,0.0,0.378,0.7293,0.3567,T1,15.0,1,7.06,3.245,13.6833,0.0,2026-02-18 22:00:00
2026-02-19 14:00:00,2026-02-19 08:00:00,0.0,0.3454,0.6705,0.3243,T1,16.0,1,6.6483,2.815,14.2833,0.0,2026-02-18 22:00:00
2026-02-19 15:00:00,2026-02-19 09:00:00,0.0,0.3228,0.5832,0.2732,T1,17.0,1,6.1917,2.505,14.35,0.0,2026-02-18 22:00:00
2026-02-19 16:00:00,2026-02-19 10:00:00,0.0,0.1902,0.4934,0.2347,T1,18.0,2,5.7167,2.96,14.1333,0.0,2026-02-18 22:00:00
2026-02-19 17:00:00,2026-02-19 11:00:00,0.0,0.1805,0.5549,0.2388,T1,19.0,2,5.7733,3.57,12.7833,0.0,2026-02-18 22:00:00
2026-02-19 18:00:00,2026-02-19 12:00:00,0.0,0.1598,0.5386,0.2388,T1,20.0,2,5.955,4.8,10.85,0.0,2026-02-18 22:00:00
2026-02-19 19:00:00,2026-02-19 13:00:00,0.0,0.1304,0.5401,0.2347,T1,21.0,2,5.6083,6.43,9.2,0.0,2026-02-18 22:00:00
2026-02-19 20:00:00,2026-02-19 14:00:00,0.0,0.1075,0.5066,0.1864,T1,22.0,2,4.93,7.41,8.0667,0.0,2026-02-18 22:00:00
2026-02-19 21:00:00,2026-02-19 15:00:00,0.0,0.0558,0.3768,0.1381,T1,23.0,2,4.1117,6.65,7.25,0.0,2026-02-18 22:00:00
2026-02-19 22:00:00,2026-02-19 16:00:00,0.0,0.0681,0.3048,0.1275,T1,24.0,2,3.8417,5.44,6.7667,0.0,2026-02-18 22:00:00
2026-02-19 23:00:00,2026-02-19 17:00:00,0.0,0.082,0.3699,0.1511,T1,25.0,2,4.3867,4.0,6.65,0.0,2026-02-18 22:00:00
2026-02-20 00:00:00,2026-02-19 18:00:00,0.0,0.1173,0.5176,0.1964,T1,26.0,2,5.1183,0.93,6.4833,0.0,2026-02-18 22:00:00
2026-02-20 01:00:00,2026-02-19 19:00:00,0.0,0.1419,0.6933,0.2347,T1,27.0,2,5.5967,3.83,6.25,0.0,2026-02-18 22:00:00
2026-02-20 02:00:00,2026-02-19 20:00:00,0.0,0.1817,0.7221,0.2388,T1,28.0,2,5.7983,6.76,6.1833,0.0,2026-02-18 22:00:00
2026-02-20 03:00:00,2026-02-19 21:00:00,0.0,0.2015,0.8151,0.2678,T1,29.0,2,5.98,8.91,6.3333,0.0,2026-02-18 22:00:00
2026-02-20 04:00:00,2026-02-19 22:00:00,0.0,0.311,0.9744,0.2938,T1,30.0,2,6.4883,9.565,6.7,0.0,2026-02-18 22:00:00
2026-02-20 05:00:00,2026-02-19 23:00:00,0.0,0.427,0.9832,0.3567,T1,31.0,2,7.0,7.47,6.85,0.0,2026-02-18 22:00:00
2026-02-20 06:00:00,2026-02-20 00:00:00,0.0,0.4133,0.9526,0.3725,T1,32.0,2,7.3617,5.69,6.6833,0.0,2026-02-18 22:00:00
2026-02-20 07:00:00,2026-02-20 01:00:00,0.0,0.4552,0.9236,0.3974,T1,33.0,2,7.67,5.625,6.55,0.0,2026-02-18 22:00:00
2026-02-20 08:00:00,2026-02-20 02:00:00,0.0,0.3996,0.9277,0.3725,T1,34.0,2,7.39,5.79,6.95,0.0,2026-02-18 22:00:00
2026-02-20 09:00:00,2026-02-20 03:00:00,0.0,0.3382,0.8609,0.3243,T1,35.0,2,6.6,6.1,8.3833,0.0,2026-02-18 22:00:00
2026-02-20 10:00:00,2026-02-20 04:00:00,0.0,0.2222,0.7165,0.2111,T1,36.0,2,5.2983,5.33,10.2333,0.0,2026-02-18 22:00:00
2026-02-20 11:00:00,2026-02-20 05:00:00,0.0,0.1233,0.5931,0.1864,T1,37.0,2,4.8367,2.63,11.8833,0.0,2026-02-18 22:00:00
2026-02-20 12:00:00,2026-02-20 06:00:00,0.0,0.1409,0.531,0.1732,T1,38.0,2,4.6983,0.74,13.0667,0.0,2026-02-18 22:00:00
2026-02-20 13:00:00,2026-02-20 07:00:00,0.0,0.0769,0.3709,0.1275,T1,39.0,2,3.8517,1.235,13.8167,0.0,2026-02-18 22:00:00
2026-02-20 14:00:00,2026-02-20 08:00:00,0.0,0.0751,0.2979,0.1,T1,40.0,2,3.105,2.115,14.2667,0.0,2026-02-18 22:00:00
2026-02-20 15:00:00,2026-02-20 09:00:00,0.0,0.0461,0.2987,0.0771,T1,41.0,2,2.6,2.24,14.2333,0.0,2026-02-18 22:00:00
2026-02-20 16:00:00,2026-02-20 10:00:00,0.0,0.164,0.7524,0.2388,T1,42.0,3,5.8167,11.035,13.6667,0.0,2026-02-18 22:00:00
2026-02-20 17:00:00,2026-02-20 11:00:00,0.0,0.1623,0.8041,0.2678,T1,43.0,3,6.0817,11.975,12.4667,0.0,2026-02-18 22:00:00
2026-02-20 18:00:00,2026-02-20 12:00:00,0.0,0.2401,0.885,0.3567,T1,44.0,3,7.04,12.74,11.0667,0.0,2026-02-18 22:00:00
2026-02-20 19:00:00,2026-02-20 13:00:00,0.0,0.3559,0.963,0.5049,T1,45.0,3,8.68,11.335,9.9667,0.0,2026-02-18 22:00:00
2026-02-20 20:00:00,2026-02-20 14:00:00,0.0535,0.7844,0.978,0.723,T1,46.0,3,10.5417,7.47,9.25,0.0,2026-02-18 22:00:00
2026-02-20 21:00:00,2026-02-20 15:00:00,0.3607,0.8454,0.99,0.8017,T1,47.0,3,11.82,4.01,8.7833,0.0,2026-02-18 22:00:00
2026-02-20 22:00:00,2026-02-20 16:00:00,0.3747,0.7447,0.99,0.8017,T1,48.0,3,11.8667,1.79,8.2667,0.0,2026-02-18 22:00:00
2026-02-18 23:00:00,2026-02-18 17:00:00,0.081,0.6031,0.9407,0.7536,T2,1.0,1,10.7783,2.57,6.5167,0.0,2026-02-18 22:00:00
2026-02-19 00:00:00,2026-02-18 18:00:00,0.1698,0.5076,0.9453,0.7639,T2,2.0,1,11.1567,2.0,6.2667,0.0,2026-02-18 22:00:00
2026-02-19 01:00:00,2026-02-18 19:00:00,0.1467,0.4963,0.9502,0.7639,T2,3.0,1,11.2733,1.88,6.0167,0.0,2026-02-18 22:00:00
2026-02-19 02:00:00,2026-02-18 20:00:00,0.1993,0.7389,0.9516,0.7639,T2,4.0,1,11.33,2.305,5.75,0.0,2026-02-18 22:00:00
2026-02-19 03:00:00,2026-02-18 21:00:00,0.1643,0.7261,0.9566,0.7639,T2,5.0,1,11.3233,2.685,5.4333,0.0,2026-02-18 22:00:00
2026-02-19 04:00:00,2026-02-18 22:00:00,0.2342,0.7234,0.9049,0.7639,T2,6.0,1,11.0917,2.63,5.1667,0.0,2026-02-18 22:00:00
2026-02-19 05:00:00,2026-02-18 23:00:00,0.1306,0.5566,0.8771,0.6898,T2,7.0,1,10.44,2.095,4.9667,0.0,2026-02-18 22:00:00
2026-02-19 06:00:00,2026-02-19 00:00:00,0.0,0.4946,0.8512,0.6301,T2,8.0,1,9.6183,1.59,4.7667,0.0,2026-02-18 22:00:00
2026-02-19 07:00:00,2026-02-19 01:00:00,0.0307,0.4964,0.863,0.5709,T2,9.0,1,9.2717,2.845,4.6333,0.0,2026-02-18 22:00:00
2026-02-19 08:00:00,2026-02-19 02:00:00,0.0,0.478,0.8713,0.5263,T2,10.0,1,8.8317,4.1,5.0667,0.0,2026-02-18 22:00:00
2026-02-19 09:00:00,2026-02-19 03:00:00,0.0,0.3349,0.8732,0.4461,T2,11.0,1,8.3533,4.34,6.4333,0.0,2026-02-18 22:00:00
2026-02-19 10:00:00,2026-02-19 04:00:00,0.0166,0.3326,0.8782,0.4396,T2,12.0,1,8.2283,4.17,8.35,0.0,2026-02-18 22:00:00
2026-02-19 11:00:00,2026-02-19 05:00:00,0.0147,0.2826,0.8505,0.4212,T2,13.0,1,7.9267,4.545,10.45,0.0,2026-02-18 22:00:00
2026-02-19 12:00:00,2026-02-19 06:00:00,0.0,0.3398,0.7817,0.3725,T2,14.0,1,7.4617,4.51,12.35,0.0,2026-02-18 22:00:00
2026-02-19 13:00:00,2026-02-19 07:00:00,0.0,0.3816,0.7293,0.3567,T2,15.0,1,7.06,3.245,13.6833,0.0,2026-02-18 22:00:00
2026-02-19 14:00:00,2026-02-19 08:00:00,0.0,0.349,0.6705,0.3243,T2,16.0,1,6.6483,2.815,14.2833,0.0,2026-02-18 22:00:00
2026-02-19 15:00:00,2026-02-19 09:00:00,0.0,0.3236,0.5832,0.2732,T2,17.0,1,6.1917,2.505,14.35,0.0,2026-02-18 22:00:00
2026-02-19 16:00:00,2026-02-19 10:00:00,0.0,0.1888,0.4934,0.2347,T2,18.0,2,5.7167,2.96,14.1333,0.0,2026-02-18 22:00:00
2026-02-19 17:00:00,2026-02-19 11:00:00,0.0,0.1766,0.5549,0.2388,T2,19.0,2,5.7733,3.57,12.7833,0.0,2026-02-18 22:00:00
2026-02-19 18:00:00,2026-02-19 12:00:00,0.0,0.1551,0.5386,0.2388,T2,20.0,2,5.955,4.8,10.85,0.0,2026-02-18 22:00:00
2026-02-19 19:00:00,2026-02-19 13:00:00,0.0,0.1281,0.5401,0.2347,T2,21.0,2,5.6083,6.43,9.2,0.0,2026-02-18 22:00:00
2026-02-19 20:00:00,2026-02-19 14:00:00,0.0,0.1056,0.5066,0.1864,T2,22.0,2,4.93,7.41,8.0667,0.0,2026-02-18 22:00:00
2026-02-19 21:00:00,2026-02-19 15:00:00,0.0,0.0551,0.3768,0.1381,T2,23.0,2,4.1117,6.65,7.25,0.0,2026-02-18 22:00:00
2026-02-19 22:00:00,2026-02-19 16:00:00,0.0,0.0672,0.3048,0.1275,T2,24.0,2,3.8417,5.44,6.7667,0.0,2026-02-18 22:00:00
2026-02-19 23:00:00,2026-02-19 17:00:00,0.0,0.0814,0.3699,0.1511,T2,25.0,2,4.3867,4.0,6.65,0.0,2026-02-18 22:00:00
2026-02-20 00:00:00,2026-02-19 18:00:00,0.0,0.1155,0.5176,0.1964,T2,26.0,2,5.1183,0.93,6.4833,0.0,2026-02-18 22:00:00
2026-02-20 01:00:00,2026-02-19 19:00:00,0.0,0.1412,0.6933,0.2347,T2,27.0,2,5.5967,3.83,6.25,0.0,2026-02-18 22:00:00
2026-02-20 02:00:00,2026-02-19 20:00:00,0.0,0.181,0.722,0.2388,T2,28.0,2,5.7983,6.76,6.1833,0.0,2026-02-18 22:00:00
2026-02-20 03:00:00,2026-02-19 21:00:00,0.0,0.2008,0.815,0.2678,T2,29.0,2,5.98,8.91,6.3333,0.0,2026-02-18 22:00:00
2026-02-20 04:00:00,2026-02-19 22:00:00,0.0,0.3099,0.97,0.2938,T2,30.0,2,6.4883,9.565,6.7,0.0,2026-02-18 22:00:00
2026-02-20 05:00:00,2026-02-19 23:00:00,0.0,0.4261,0.97,0.3567,T2,31.0,2,7.0,7.47,6.85,0.0,2026-02-18 22:00:00
2026-02-20 06:00:00,2026-02-20 00:00:00,0.0,0.4151,0.9525,0.3725,T2,32.0,2,7.3617,5.69,6.6833,0.0,2026-02-18 22:00:00
2026-02-20 07:00:00,2026-02-20 01:00:00,0.0,0.457,0.9235,0.3974,T2,33.0,2,7.67,5.625,6.55,0.0,2026-02-18 22:00:00
2026-02-20 08:00:00,2026-02-20 02:00:00,0.0,0.4014,0.9276,0.3725,T2,34.0,2,7.39,5.79,6.95,0.0,2026-02-18 22:00:00
2026-02-20 09:00:00,2026-02-20 03:00:00,0.0,0.34,0.8608,0.3243,T2,35.0,2,6.6,6.1,8.3833,0.0,2026-02-18 22:00:00
2026-02-20 10:00:00,2026-02-20 04:00:00,0.0,0.2215,0.7165,0.2111,T2,36.0,2,5.2983,5.33,10.2333,0.0,2026-02-18 22:00:00
2026-02-20 11:00:00,2026-02-20 05:00:00,0.0,0.1221,0.5932,0.1864,T2,37.0,2,4.8367,2.63,11.8833,0.0,2026-02-18 22:00:00
2026-02-20 12:00:00,2026-02-20 06:00:00,0.0,0.1402,0.531,0.1732,T2,38.0,2,4.6983,0.74,13.0667,0.0,2026-02-18 22:00:00
2026-02-20 13:00:00,2026-02-20 07:00:00,0.0,0.0759,0.3709,0.1275,T2,39.0,2,3.8517,1.235,13.8167,0.0,2026-02-18 22:00:00
2026-02-20 14:00:00,2026-02-20 08:00:00,0.0,0.0759,0.2979,0.1,T2,40.0,2,3.105,2.115,14.2667,0.0,2026-02-18 22:00:00
2026-02-20 15:00:00,2026-02-20 09:00:00,0.0,0.047,0.2987,0.0771,T2,41.0,2,2.6,2.24,14.2333,0.0,2026-02-18 22:00:00
2026-02-20 16:00:00,2026-02-20 10:00:00,0.0,0.1659,0.7472,0.2388,T2,42.0,3,5.8167,11.035,13.6667,0.0,2026-02-18 22:00:00
2026-02-20 17:00:00,2026-02-20 11:00:00,0.0,0.1642,0.7989,0.2678,T2,43.0,3,6.0817,11.975,12.4667,0.0,2026-02-18 22:00:00
2026-02-20 18:00:00,2026-02-20 12:00:00,0.0,0.2398,0.8797,0.3567,T2,44.0,3,7.04,12.74,11.0667,0.0,2026-02-18 22:00:00
2026-02-20 19:00:00,2026-02-20 13:00:00,0.0,0.357,0.9563,0.5049,T2,45.0,3,8.68,11.335,9.9667,0.0,2026-02-18 22:00:00
2026-02-20 20:00:00,2026-02-20 14:00:00,0.0,0.783,0.9699,0.723,T2,46.0,3,10.5417,7.47,9.25,0.0,2026-02-18 22:00:00
2026-02-20 21:00:00,2026-02-20 15:00:00,0.3265,0.8452,0.97,0.8017,T2,47.0,3,11.82,4.01,8.7833,0.0,2026-02-18 22:00:00
2026-02-20 22:00:00,2026-02-20 16:00:00,0.3091,0.7452,0.97,0.8017,T2,48.0,3,11.8667,1.79,8.2667,0.0,2026-02-18 22:00:00
2026-02-18 23:00:00,2026-02-18 17:00:00,0.0953,0.606,0.9429,0.7536,ВЭС,1.0,1,10.7783,2.57,6.5167,0.0,2026-02-18 22:00:00
2026-02-19 00:00:00,2026-02-18 18:00:00,0.1529,0.5092,0.9482,0.7639,ВЭС,2.0,1,11.1567,2.0,6.2667,0.0,2026-02-18 22:00:00
2026-02-19 01:00:00,2026-02-18 19:00:00,0.1329,0.498,0.9531,0.7639,ВЭС,3.0,1,11.2733,1.88,6.0167,0.0,2026-02-18 22:00:00
2026-02-19 02:00:00,2026-02-18 20:00:00,0.2167,0.7416,0.9544,0.7639,ВЭС,4.0,1,11.33,2.305,5.75,0.0,2026-02-18 22:00:00
2026-02-19 03:00:00,2026-02-18 21:00:00,0.2054,0.7293,0.96,0.7639,ВЭС,5.0,1,11.3233,2.685,5.4333,0.0,2026-02-18 22:00:00
2026-02-19 04:00:00,2026-02-18 22:00:00,0.2191,0.7266,0.9111,0.7639,ВЭС,6.0,1,11.0917,2.63,5.1667,0.0,2026-02-18 22:00:00
2026-02-19 05:00:00,2026-02-18 23:00:00,0.1613,0.5606,0.8795,0.6898,ВЭС,7.0,1,10.44,2.095,4.9667,0.0,2026-02-18 22:00:00
2026-02-19 06:00:00,2026-02-19 00:00:00,0.0,0.4984,0.852,0.6301,ВЭС,8.0,1,9.6183,1.59,4.7667,0.0,2026-02-18 22:00:00
2026-02-19 07:00:00,2026-02-19 01:00:00,0.0154,0.5046,0.8644,0.5709,ВЭС,9.0,1,9.2717,2.845,4.6333,0.0,2026-02-18 22:00:00
2026-02-19 08:00:00,2026-02-19 02:00:00,0.0,0.4826,0.8727,0.5263,ВЭС,10.0,1,8.8317,4.1,5.0667,0.0,2026-02-18 22:00:00
2026-02-19 09:00:00,2026-02-19 03:00:00,0.0,0.3385,0.8735,0.4461,ВЭС,11.0,1,8.3533,4.34,6.4333,0.0,2026-02-18 22:00:00
2026-02-19 10:00:00,2026-02-19 04:00:00,0.0123,0.3359,0.8782,0.4396,ВЭС,12.0,1,8.2283,4.17,8.35,0.0,2026-02-18 22:00:00
2026-02-19 11:00:00,2026-02-19 05:00:00,0.0107,0.2816,0.8505,0.4212,ВЭС,13.0,1,7.9267,4.545,10.45,0.0,2026-02-18 22:00:00
2026-02-19 12:00:00,2026-02-19 06:00:00,0.0,0.3404,0.7817,0.3725,ВЭС,14.0,1,7.4617,4.51,12.35,0.0,2026-02-18 22:00:00
2026-02-19 13:00:00,2026-02-19 07:00:00,0.0,0.3798,0.7293,0.3567,ВЭС,15.0,1,7.06,3.245,13.6833,0.0,2026-02-18 22:00:00
2026-02-19 14:00:00,2026-02-19 08:00:00,0.0,0.3472,0.6705,0.3243,ВЭС,16.0,1,6.6483,2.815,14.2833,0.0,2026-02-18 22:00:00
2026-02-19 15:00:00,2026-02-19 09:00:00,0.0,0.3232,0.5832,0.2732,ВЭС,17.0,1,6.1917,2.505,14.35,0.0,2026-02-18 22:00:00
2026-02-19 16:00:00,2026-02-19 10:00:00,0.0,0.1895,0.4934,0.2347,ВЭС,18.0,2,5.7167,2.96,14.1333,0.0,2026-02-18 22:00:00
2026-02-19 17:00:00,2026-02-19 11:00:00,0.0,0.1785,0.5549,0.2388,ВЭС,19.0,2,5.7733,3.57,12.7833,0.0,2026-02-18 22:00:00
2026-02-19 18:00:00,2026-02-19 12:00:00,0.0,0.1575,0.5386,0.2388,ВЭС,20.0,2,5.955,4.8,10.85,0.0,2026-02-18 22:00:00
2026-02-19 19:00:00,2026-02-19 13:00:00,0.0,0.1293,0.5401,0.2347,ВЭС,21.0,2,5.6083,6.43,9.2,0.0,2026-02-18 22:00:00
2026-02-19 20:00:00,2026-02-19 14:00:00,0.0,0.1066,0.5066,0.1864,ВЭС,22.0,2,4.93,7.41,8.0667,0.0,2026-02-18 22:00:00
2026-02-19 21:00:00,2026-02-19 15:00:00,0.0,0.0555,0.3768,0.1381,ВЭС,23.0,2,4.1117,6.65,7.25,0.0,2026-02-18 22:00:00
2026-02-19 22:00:00,2026-02-19 16:00:00,0.0,0.0677,0.3048,0.1275,ВЭС,24.0,2,3.8417,5.44,6.7667,0.0,2026-02-18 22:00:00
2026-02-19 23:00:00,2026-02-19 17:00:00,0.0,0.0817,0.3699,0.1511,ВЭС,25.0,2,4.3867,4.0,6.65,0.0,2026-02-18 22:00:00
2026-02-20 00:00:00,2026-02-19 18:00:00,0.0,0.1164,0.5176,0.1964,ВЭС,26.0,2,5.1183,0.93,6.4833,0.0,2026-02-18 22:00:00
2026-02-20 01:00:00,2026-02-19 19:00:00,0.0,0.1416,0.6933,0.2347,ВЭС,27.0,2,5.5967,3.83,6.25,0.0,2026-02-18 22:00:00
2026-02-20 02:00:00,2026-02-19 20:00:00,0.0,0.1814,0.722,0.2388,ВЭС,28.0,2,5.7983,6.76,6.1833,0.0,2026-02-18 22:00:00
2026-02-20 03:00:00,2026-02-19 21:00:00,0.0,0.2011,0.8151,0.2678,ВЭС,29.0,2,5.98,8.91,6.3333,0.0,2026-02-18 22:00:00
2026-02-20 04:00:00,2026-02-19 22:00:00,0.0,0.3105,0.9722,0.2938,ВЭС,30.0,2,6.4883,9.565,6.7,0.0,2026-02-18 22:00:00
2026-02-20 05:00:00,2026-02-19 23:00:00,0.0,0.4266,0.9766,0.3567,ВЭС,31.0,2,7.0,7.47,6.85,0.0,2026-02-18 22:00:00
2026-02-20 06:00:00,2026-02-20 00:00:00,0.0,0.4142,0.9525,0.3725,ВЭС,32.0,2,7.3617,5.69,6.6833,0.0,2026-02-18 22:00:00
2026-02-20 07:00:00,2026-02-20 01:00:00,0.0,0.4561,0.9235,0.3974,ВЭС,33.0,2,7.67,5.625,6.55,0.0,2026-02-18 22:00:00
2026-02-20 08:00:00,2026-02-20 02:00:00,0.0,0.4005,0.9276,0.3725,ВЭС,34.0,2,7.39,5.79,6.95,0.0,2026-02-18 22:00:00
2026-02-20 09:00:00,2026-02-20 03:00:00,0.0,0.3391,0.8609,0.3243,ВЭС,35.0,2,6.6,6.1,8.3833,0.0,2026-02-18 22:00:00
2026-02-20 10:00:00,2026-02-20 04:00:00,0.0,0.2218,0.7165,0.2111,ВЭС,36.0,2,5.2983,5.33,10.2333,0.0,2026-02-18 22:00:00
2026-02-20 11:00:00,2026-02-20 05:00:00,0.0,0.1227,0.5931,0.1864,ВЭС,37.0,2,4.8367,2.63,11.8833,0.0,2026-02-18 22:00:00
2026-02-20 12:00:00,2026-02-20 06:00:00,0.0,0.1406,0.531,0.1732,ВЭС,38.0,2,4.6983,0.74,13.0667,0.0,2026-02-18 22:00:00
2026-02-20 13:00:00,2026-02-20 07:00:00,0.0,0.0764,0.3709,0.1275,ВЭС,39.0,2,3.8517,1.235,13.8167,0.0,2026-02-18 22:00:00
2026-02-20 14:00:00,2026-02-20 08:00:00,0.0,0.0755,0.2979,0.1,ВЭС,40.0,2,3.105,2.115,14.2667,0.0,2026-02-18 22:00:00
2026-02-20 15:00:00,2026-02-20 09:00:00,0.0,0.0466,0.2987,0.0771,ВЭС,41.0,2,2.6,2.24,14.2333,0.0,2026-02-18 22:00:00
2026-02-20 16:00:00,2026-02-20 10:00:00,0.0,0.1649,0.7498,0.2388,ВЭС,42.0,3,5.8167,11.035,13.6667,0.0,2026-02-18 22:00:00
2026-02-20 17:00:00,2026-02-20 11:00:00,0.0,0.1633,0.8015,0.2678,ВЭС,43.0,3,6.0817,11.975,12.4667,0.0,2026-02-18 22:00:00
2026-02-20 18:00:00,2026-02-20 12:00:00,0.0,0.2399,0.8823,0.3567,ВЭС,44.0,3,7.04,12.74,11.0667,0.0,2026-02-18 22:00:00
2026-02-20 19:00:00,2026-02-20 13:00:00,0.0,0.3565,0.9597,0.5049,ВЭС,45.0,3,8.68,11.335,9.9667,0.0,2026-02-18 22:00:00
2026-02-20 20:00:00,2026-02-20 14:00:00,0.0267,0.7837,0.9739,0.723,ВЭС,46.0,3,10.5417,7.47,9.25,0.0,2026-02-18 22:00:00
2026-02-20 21:00:00,2026-02-20 15:00:00,0.3436,0.8453,0.98,0.8017,ВЭС,47.0,3,11.82,4.01,8.7833,0.0,2026-02-18 22:00:00
2026-02-20 22:00:00,2026-02-20 16:00:00,0.3419,0.7449,0.98,0.8017,ВЭС,48.0,3,11.8667,1.79,8.2667,0.0,2026-02-18 22:00:00
2026-02-19 11:00:00,2026-02-19 05:00:00,0.0068,0.2805,0.8505,0.4212,T1,1.0,1,7.9267,4.545,10.45,0.0,2026-02-19 10:00:00
2026-02-19 12:00:00,2026-02-19 06:00:00,0.0,0.341,0.7817,0.3725,T1,2.0,1,7.4617,4.51,12.35,0.0,2026-02-19 10:00:00
2026-02-19 13:00:00,2026-02-19 07:00:00,0.0,0.378,0.7293,0.3567,T1,3.0,1,7.06,3.245,13.6833,0.0,2026-02-19 10:00:00
2026-02-19 14:00:00,2026-02-19 08:00:00,0.0,0.3454,0.6705,0.3243,T1,4.0,1,6.6483,2.815,14.2833,0.0,2026-02-19 10:00:00
2026-02-19 15:00:00,2026-02-19 09:00:00,0.0,0.3228,0.5832,0.2732,T1,5.0,1,6.1917,2.505,14.35,0.0,2026-02-19 10:00:00
2026-02-19 16:00:00,2026-02-19 10:00:00,0.0,0.246,0.5627,0.2388,T1,6.0,1,5.9833,1.675,13.9,0.0,2026-02-19 10:00:00
2026-02-19 17:00:00,2026-02-19 11:00:00,0.0,0.2465,0.5757,0.2388,T1,7.0,1,5.8983,1.78,12.4833,0.0,2026-02-19 10:00:00
2026-02-19 18:00:00,2026-02-19 12:00:00,0.0,0.1413,0.4814,0.2347,T1,8.0,1,5.5167,2.57,10.5833,0.0,2026-02-19 10:00:00
2026-02-19 19:00:00,2026-02-19 13:00:00,0.0,0.0968,0.3548,0.1676,T1,9.0,1,4.6083,4.67,9.1,0.0,2026-02-19 10:00:00
2026-02-19 20:00:00,2026-02-19 14:00:00,0.0065,0.0187,0.2471,0.1082,T1,10.0,1,3.255,6.08,8.1667,0.0,2026-02-19 10:00:00
2026-02-19 21:00:00,2026-02-19 15:00:00,0.0099,0.0103,0.1604,0.0835,T1,11.0,1,2.8733,4.745,7.8,0.0,2026-02-19 10:00:00
2026-02-19 22:00:00,2026-02-19 16:00:00,0.0,0.0784,0.3231,0.1511,T1,12.0,1,4.3783,1.48,7.7167,0.0,2026-02-19 10:00:00
2026-02-19 23:00:00,2026-02-19 17:00:00,0.0,0.2439,0.7477,0.2732,T1,13.0,1,6.17,2.665,7.6667,0.0,2026-02-19 10:00:00
2026-02-20 00:00:00,2026-02-19 18:00:00,0.0,0.2373,0.8728,0.3243,T1,14.0,1,6.7667,5.3,7.6333,0.0,2026-02-19 10:00:00
2026-02-20 01:00:00,2026-02-19 19:00:00,0.0,0.2314,0.8642,0.2753,T1,15.0,1,6.3117,7.37,7.7833,0.0,2026-02-19 10:00:00
2026-02-20 02:00:00,2026-02-19 20:00:00,0.0,0.3056,0.9137,0.2388,T1,16.0,1,5.9217,7.515,8.1333,0.0,2026-02-19 10:00:00
2026-02-20 03:00:00,2026-02-19 21:00:00,0.0,0.3247,0.9224,0.2732,T1,17.0,1,6.13,6.57,8.2,0.0,2026-02-19 10:00:00
2026-02-20 04:00:00,2026-02-19 22:00:00,0.0,0.311,0.9744,0.2938,T1,18.0,2,6.4883,9.565,6.7,0.0,2026-02-19 10:00:00
2026-02-20 05:00:00,2026-02-19 23:00:00,0.0,0.427,0.9832,0.3567,T1,19.0,2,7.0,7.47,6.85,0.0,2026-02-19 10:00:00
2026-02-20 06:00:00,2026-02-20 00:00:00,0.0,0.4133,0.9526,0.3725,T1,20.0,2,7.3617,5.69,6.6833,0.0,2026-02-19 10:00:00
2026-02-20 07:00:00,2026-02-20 01:00:00,0.0,0.4552,0.9236,0.3974,T1,21.0,2,7.67,5.625,6.55,0.0,2026-02-19 10:00:00
2026-02-20 08:00:00,2026-02-20 02:00:00,0.0,0.3996,0.9277,0.3725,T1,22.0,2,7.39,5.79,6.95,0.0,2026-02-19 10:00:00
2026-02-20 09:00:00,2026-02-20 03:00:00,0.0,0.3382,0.8609,0.3243,T1,23.0,2,6.6,6.1,8.3833,0.0,2026-02-19 10:00:00
2026-02-20 10:00:00,2026-02-20 04:00:00,0.0,0.2222,0.7165,0.2111,T1,24.0,2,5.2983,5.33,10.2333,0.0,2026-02-19 10:00:00
2026-02-20 11:00:00,2026-02-20 05:00:00,0.0,0.1233,0.5931,0.1864,T1,25.0,2,4.8367,2.63,11.8833,0.0,2026-02-19 10:00:00
2026-02-20 12:00:00,2026-02-20 06:00:00,0.0,0.1409,0.531,0.1732,T1,26.0,2,4.6983,0.74,13.0667,0.0,2026-02-19 10:00:00
2026-02-20 13:00:00,2026-02-20 07:00:00,0.0,0.0769,0.3709,0.1275,T1,27.0,2,3.8517,1.235,13.8167,0.0,2026-02-19 10:00:00
2026-02-20 14:00:00,2026-02-20 08:00:00,0.0,0.0751,0.2979,0.1,T1,28.0,2,3.105,2.115,14.2667,0.0,2026-02-19 10:00:00
2026-02-20 15:00:00,2026-02-20 09:00:00,0.0,0.0461,0.2987,0.0771,T1,29.0,2,2.6,2.24,14.2333,0.0,2026-02-19 10:00:00
2026-02-20 16:00:00,2026-02-20 10:00:00,0.0,0.056,0.318,0.0835,T1,30.0,2,2.8783,1.58,13.5333,0.0,2026-02-19 10:00:00
2026-02-20 17:00:00,2026-02-20 11:00:00,0.0,0.0437,0.3131,0.0923,T1,31.0,2,2.9033,2.05,12.3333,0.0,2026-02-19 10:00:00
2026-02-20 18:00:00,2026-02-20 12:00:00,0.0,0.0732,0.3943,0.1381,T1,32.0,2,4.1133,5.48,10.9833,0.0,2026-02-19 10:00:00
2026-02-20 19:00:00,2026-02-20 13:00:00,0.0,0.252,0.8088,0.3379,T1,33.0,2,6.9617,10.395,9.9667,0.0,2026-02-19 10:00:00
2026-02-20 20:00:00,2026-02-20 14:00:00,0.0,0.4908,0.963,0.5417,T1,34.0,2,9.1,10.97,9.3667,0.0,2026-02-19 10:00:00
2026-02-20 21:00:00,2026-02-20 15:00:00,0.0837,0.7171,0.9893,0.7415,T1,35.0,2,10.7033,9.13,8.6333,0.0,2026-02-19 10:00:00
2026-02-20 22:00:00,2026-02-20 16:00:00,0.1755,0.6955,0.99,0.7831,T1,36.0,2,11.5683,6.745,7.8667,0.0,2026-02-19 10:00:00
2026-02-20 23:00:00,2026-02-20 17:00:00,0.0925,0.608,0.9862,0.7639,T1,37.0,2,11.2267,5.43,7.1667,0.0,2026-02-19 10:00:00
2026-02-21 00:00:00,2026-02-20 18:00:00,0.0,0.6721,0.9718,0.7536,T1,38.0,2,10.825,4.325,6.55,0.0,2026-02-19 10:00:00
2026-02-21 01:00:00,2026-02-20 19:00:00,0.0,0.6108,0.9101,0.7536,T1,39.0,2,10.9067,3.275,6.1333,0.0,2026-02-19 10:00:00
2026-02-21 02:00:00,2026-02-20 20:00:00,0.0007,0.6111,0.895,0.7536,T1,40.0,2,10.715,2.58,5.7833,0.0,2026-02-19 10:00:00
2026-02-21 03:00:00,2026-02-20 21:00:00,0.0,0.5557,0.8974,0.6898,T1,41.0,2,10.35,1.655,5.5,0.0,2026-02-19 10:00:00
2026-02-21 04:00:00,2026-02-20 22:00:00,0.0,0.4894,0.8714,0.6301,T1,42.0,3,9.6,0.505,6.0667,0.0,2026-02-19 10:00:00
2026-02-21 05:00:00,2026-02-20 23:00:00,0.0,0.3991,0.8937,0.5049,T1,43.0,3,8.6467,2.805,5.8,0.0,2026-02-19 10:00:00
2026-02-21 06:00:00,2026-02-21 00:00:00,0.0,0.2513,0.7998,0.4309,T1,44.0,3,8.1567,4.98,5.6667,0.0,2026-02-19 10:00:00
2026-02-21 07:00:00,2026-02-21 01:00:00,0.0,0.2935,0.8463,0.4601,T1,45.0,3,8.4483,5.19,5.7333,0.0,2026-02-19 10:00:00
2026-02-21 08:00:00,2026-02-21 02:00:00,0.0,0.271,0.7938,0.4461,T1,46.0,3,8.2867,5.73,6.3833,0.0,2026-02-19 10:00:00
2026-02-21 09:00:00,2026-02-21 03:00:00,0.0,0.2271,0.8681,0.4253,T1,47.0,3,7.9683,3.275,7.7,0.0,2026-02-19 10:00:00
2026-02-21 10:00:00,2026-02-21 04:00:00,0.0,0.2027,0.8126,0.4057,T1,48.0,3,7.73,7.08,9.2,0.0,2026-02-19 10:00:00
2026-02-19 11:00:00,2026-02-19 05:00:00,0.0147,0.2826,0.8505,0.4212,T2,1.0,1,7.9267,4.545,10.45,0.0,2026-02-19 10:00:00
2026-02-19 12:00:00,2026-02-19 06:00:00,0.0,0.3398,0.7817,0.3725,T2,2.0,1,7.4617,4.51,12.35,0.0,2026-02-19 10:00:00
2026-02-19 13:00:00,2026-02-19 07:00:00,0.0,0.3816,0.7293,0.3567,T2,3.0,1,7.06,3.245,13.6833,0.0,2026-02-19 10:00:00
2026-02-19 14:00:00,2026-02-19 08:00:00,0.0,0.349,0.6705,0.3243,T2,4.0,1,6.6483,2.815,14.2833,0.0,2026-02-19 10:00:00
2026-02-19 15:00:00,2026-02-19 09:00:00,0.0,0.3236,0.5832,0.2732,T2,5.0,1,6.1917,2.505,14.35,0.0,2026-02-19 10:00:00
2026-02-19 16:00:00,2026-02-19 10:00:00,0.0,0.2478,0.5627,0.2388,T2,6.0,1,5.9833,1.675,13.9,0.0,2026-02-19 10:00:00
2026-02-19 17:00:00,2026-02-19 11:00:00,0.0,0.2462,0.5757,0.2388,T2,7.0,1,5.8983,1.78,12.4833,0.0,2026-02-19 10:00:00
2026-02-19 18:00:00,2026-02-19 12:00:00,0.0,0.1366,0.4814,0.2347,T2,8.0,1,5.5167,2.57,10.5833,0.0,2026-02-19 10:00:00
2026-02-19 19:00:00,2026-02-19 13:00:00,0.0,0.0913,0.3548,0.1676,T2,9.0,1,4.6083,4.67,9.1,0.0,2026-02-19 10:00:00
2026-02-19 20:00:00,2026-02-19 14:00:00,0.0062,0.016,0.2471,0.1082,T2,10.0,1,3.255,6.08,8.1667,0.0,2026-02-19 10:00:00
2026-02-19 21:00:00,2026-02-19 15:00:00,0.0087,0.0097,0.1604,0.0835,T2,11.0,1,2.8733,4.745,7.8,0.0,2026-02-19 10:00:00
2026-02-19 22:00:00,2026-02-19 16:00:00,0.0,0.0774,0.3231,0.1511,T2,12.0,1,4.3783,1.48,7.7167,0.0,2026-02-19 10:00:00
2026-02-19 23:00:00,2026-02-19 17:00:00,0.0,0.2428,0.7477,0.2732,T2,13.0,1,6.17,2.665,7.6667,0.0,2026-02-19 10:00:00
2026-02-20 00:00:00,2026-02-19 18:00:00,0.0,0.2361,0.8728,0.3243,T2,14.0,1,6.7667,5.3,7.6333,0.0,2026-02-19 10:00:00
2026-02-20 01:00:00,2026-02-19 19:00:00,0.0,0.2306,0.8642,0.2753,T2,15.0,1,6.3117,7.37,7.7833,0.0,2026-02-19 10:00:00
2026-02-20 02:00:00,2026-02-19 20:00:00,0.0,0.3029,0.9138,0.2388,T2,16.0,1,5.9217,7.515,8.1333,0.0,2026-02-19 10:00:00
2026-02-20 03:00:00,2026-02-19 21:00:00,0.0,0.3247,0.9224,0.2732,T2,17.0,1,6.13,6.57,8.2,0.0,2026-02-19 10:00:00
2026-02-20 04:00:00,2026-02-19 22:00:00,0.0,0.3099,0.97,0.2938,T2,18.0,2,6.4883,9.565,6.7,0.0,2026-02-19 10:00:00
2026-02-20 05:00:00,2026-02-19 23:00:00,0.0,0.4261,0.97,0.3567,T2,19.0,2,7.0,7.47,6.85,0.0,2026-02-19 10:00:00
2026-02-20 06:00:00,2026-02-20 00:00:00,0.0,0.4151,0.9525,0.3725,T2,20.0,2,7.3617,5.69,6.6833,0.0,2026-02-19 10:00:00
2026-02-20 07:00:00,2026-02-20 01:00:00,0.0,0.457,0.9235,0.3974,T2,21.0,2,7.67,5.625,6.55,0.0,2026-02-19 10:00:00
2026-02-20 08:00:00,2026-02-20 02:00:00,0.0,0.4014,0.9276,0.3725,T2,22.0,2,7.39,5.79,6.95,0.0,2026-02-19 10:00:00
2026-02-20 09:00:00,2026-02-20 03:00:00,0.0,0.34,0.8608,0.3243,T2,23.0,2,6.6,6.1,8.3833,0.0,2026-02-19 10:00:00
2026-02-20 10:00:00,2026-02-20 04:00:00,0.0,0.2215,0.7165,0.2111,T2,24.0,2,5.2983,5.33,10.2333,0.0,2026-02-19 10:00:00
2026-02-20 11:00:00,2026-02-20 05:00:00,0.0,0.1221,0.5932,0.1864,T2,25.0,2,4.8367,2.63,11.8833,0.0,2026-02-19 10:00:00
2026-02-20 12:00:00,2026-02-20 06:00:00,0.0,0.1402,0.531,0.1732,T2,26.0,2,4.6983,0.74,13.0667,0.0,2026-02-19 10:00:00
2026-02-20 13:00:00,2026-02-20 07:00:00,0.0,0.0759,0.3709,0.1275,T2,27.0,2,3.8517,1.235,13.8167,0.0,2026-02-19 10:00:00
2026-02-20 14:00:00,2026-02-20 08:00:00,0.0,0.0759,0.2979,0.1,T2,28.0,2,3.105,2.115,14.2667,0.0,2026-02-19 10:00:00
2026-02-20 15:00:00,2026-02-20 09:00:00,0.0,0.047,0.2987,0.0771,T2,29.0,2,2.6,2.24,14.2333,0.0,2026-02-19 10:00:00
2026-02-20 16:00:00,2026-02-20 10:00:00,0.0,0.0569,0.318,0.0835,T2,30.0,2,2.8783,1.58,13.5333,0.0,2026-02-19 10:00:00
2026-02-20 17:00:00,2026-02-20 11:00:00,0.0,0.0445,0.3131,0.0923,T2,31.0,2,2.9033,2.05,12.3333,0.0,2026-02-19 10:00:00
2026-02-20 18:00:00,2026-02-20 12:00:00,0.0,0.0729,0.3943,0.1381,T2,32.0,2,4.1133,5.48,10.9833,0.0,2026-02-19 10:00:00
2026-02-20 19:00:00,2026-02-20 13:00:00,0.0,0.2517,0.805,0.3379,T2,33.0,2,6.9617,10.395,9.9667,0.0,2026-02-19 10:00:00
2026-02-20 20:00:00,2026-02-20 14:00:00,0.0,0.4888,0.9559,0.5417,T2,34.0,2,9.1,10.97,9.3667,0.0,2026-02-19 10:00:00
2026-02-20 21:00:00,2026-02-20 15:00:00,0.0163,0.7157,0.97,0.7415,T2,35.0,2,10.7033,9.13,8.6333,0.0,2026-02-19 10:00:00
2026-02-20 22:00:00,2026-02-20 16:00:00,0.1421,0.6914,0.97,0.7831,T2,36.0,2,11.5683,6.745,7.8667,0.0,2026-02-19 10:00:00
2026-02-20 23:00:00,2026-02-20 17:00:00,0.157,0.6031,0.97,0.7639,T2,37.0,2,11.2267,5.43,7.1667,0.0,2026-02-19 10:00:00
2026-02-21 00:00:00,2026-02-20 18:00:00,0.056,0.667,0.9664,0.7536,T2,38.0,2,10.825,4.325,6.55,0.0,2026-02-19 10:00:00
2026-02-21 01:00:00,2026-02-20 19:00:00,0.0867,0.6026,0.9057,0.7536,T2,39.0,2,10.9067,3.275,6.1333,0.0,2026-02-19 10:00:00
2026-02-21 02:00:00,2026-02-20 20:00:00,0.0909,0.5966,0.8908,0.7536,T2,40.0,2,10.715,2.58,5.7833,0.0,2026-02-19 10:00:00
2026-02-21 03:00:00,2026-02-20 21:00:00,0.0542,0.5412,0.8955,0.6898,T2,41.0,2,10.35,1.655,5.5,0.0,2026-02-19 10:00:00
2026-02-21 04:00:00,2026-02-20 22:00:00,0.0,0.4835,0.8702,0.6301,T2,42.0,3,9.6,0.505,6.0667,0.0,2026-02-19 10:00:00
2026-02-21 05:00:00,2026-02-20 23:00:00,0.0,0.3946,0.8935,0.5049,T2,43.0,3,8.6467,2.805,5.8,0.0,2026-02-19 10:00:00
2026-02-21 06:00:00,2026-02-21 00:00:00,0.0,0.245,0.8005,0.4309,T2,44.0,3,8.1567,4.98,5.6667,0.0,2026-02-19 10:00:00
2026-02-21 07:00:00,2026-02-21 01:00:00,0.0,0.2873,0.8465,0.4601,T2,45.0,3,8.4483,5.19,5.7333,0.0,2026-02-19 10:00:00
2026-02-21 08:00:00,2026-02-21 02:00:00,0.0,0.2665,0.7945,0.4461,T2,46.0,3,8.2867,5.73,6.3833,0.0,2026-02-19 10:00:00
2026-02-21 09:00:00,2026-02-21 03:00:00,0.0,0.2285,0.8681,0.4253,T2,47.0,3,7.9683,3.275,7.7,0.0,2026-02-19 10:00:00
2026-02-21 10:00:00,2026-02-21 04:00:00,0.0,0.2052,0.8118,0.4057,T2,48.0,3,7.73,7.08,9.2,0.0,2026-02-19 10:00:00
2026-02-19 11:00:00,2026-02-19 05:00:00,0.0107,0.2816,0.8505,0.4212,ВЭС,1.0,1,7.9267,4.545,10.45,0.0,2026-02-19 10:00:00
2026-02-19 12:00:00,2026-02-19 06:00:00,0.0,0.3404,0.7817,0.3725,ВЭС,2.0,1,7.4617,4.51,12.35,0.0,2026-02-19 10:00:00
2026-02-19 13:00:00,2026-02-19 07:00:00,0.0,0.3798,0.7293,0.3567,ВЭС,3.0,1,7.06,3.245,13.6833,0.0,2026-02-19 10:00:00
2026-02-19 14:00:00,2026-02-19 08:00:00,0.0,0.3472,0.6705,0.3243,ВЭС,4.0,1,6.6483,2.815,14.2833,0.0,2026-02-19 10:00:00
2026-02-19 15:00:00,2026-02-19 09:00:00,0.0,0.3232,0.5832,0.2732,ВЭС,5.0,1,6.1917,2.505,14.35,0.0,2026-02-19 10:00:00
2026-02-19 16:00:00,2026-02-19 10:00:00,0.0,0.2469,0.5627,0.2388,ВЭС,6.0,1,5.9833,1.675,13.9,0.0,2026-02-19 10:00:00
2026-02-19 17:00:00,2026-02-19 11:00:00,0.0,0.2463,0.5757,0.2388,ВЭС,7.0,1,5.8983,1.78,12.4833,0.0,2026-02-19 10:00:00
2026-02-19 18:00:00,2026-02-19 12:00:00,0.0,0.1389,0.4814,0.2347,ВЭС,8.0,1,5.5167,2.57,10.5833,0.0,2026-02-19 10:00:00
2026-02-19 19:00:00,2026-02-19 13:00:00,0.0,0.094,0.3548,0.1676,ВЭС,9.0,1,4.6083,4.67,9.1,0.0,2026-02-19 10:00:00
2026-02-19 20:00:00,2026-02-19 14:00:00,0.0063,0.0174,0.2471,0.1082,ВЭС,10.0,1,3.255,6.08,8.1667,0.0,2026-02-19 10:00:00
2026-02-19 21:00:00,2026-02-19 15:00:00,0.0093,0.01,0.1604,0.0835,ВЭС,11.0,1,2.8733,4.745,7.8,0.0,2026-02-19 10:00:00
2026-02-19 22:00:00,2026-02-19 16:00:00,0.0,0.0779,0.3231,0.1511,ВЭС,12.0,1,4.3783,1.48,7.7167,0.0,2026-02-19 10:00:00
2026-02-19 23:00:00,2026-02-19 17:00:00,0.0,0.2433,0.7477,0.2732,ВЭС,13.0,1,6.17,2.665,7.6667,0.0,2026-02-19 10:00:00
2026-02-20 00:00:00,2026-02-19 18:00:00,0.0,0.2367,0.8728,0.3243,ВЭС,14.0,1,6.7667,5.3,7.6333,0.0,2026-02-19 10:00:00
2026-02-20 01:00:00,2026-02-19 19:00:00,0.0,0.231,0.8642,0.2753,ВЭС,15.0,1,6.3117,7.37,7.7833,0.0,2026-02-19 10:00:00
2026-02-20 02:00:00,2026-02-19 20:00:00,0.0,0.3043,0.9137,0.2388,ВЭС,16.0,1,5.9217,7.515,8.1333,0.0,2026-02-19 10:00:00
2026-02-20 03:00:00,2026-02-19 21:00:00,0.0,0.3247,0.9224,0.2732,ВЭС,17.0,1,6.13,6.57,8.2,0.0,2026-02-19 10:00:00
2026-02-20 04:00:00,2026-02-19 22:00:00,0.0,0.3105,0.9722,0.2938,ВЭС,18.0,2,6.4883,9.565,6.7,0.0,2026-02-19 10:00:00
2026-02-20 05:00:00,2026-02-19 23:00:00,0.0,0.4266,0.9766,0.3567,ВЭС,19.0,2,7.0,7.47,6.85,0.0,2026-02-19 10:00:00
2026-02-20 06:00:00,2026-02-20 00:00:00,0.0,0.4142,0.9525,0.3725,ВЭС,20.0,2,7.3617,5.69,6.6833,0.0,2026-02-19 10:00:00
2026-02-20 07:00:00,2026-02-20 01:00:00,0.0,0.4561,0.9235,0.3974,ВЭС,21.0,2,7.67,5.625,6.55,0.0,2026-02-19 10:00:00
2026-02-20 08:00:00,2026-02-20 02:00:00,0.0,0.4005,0.9276,0.3725,ВЭС,22.0,2,7.39,5.79,6.95,0.0,2026-02-19 10:00:00
2026-02-20 09:00:00,2026-02-20 03:00:00,0.0,0.3391,0.8609,0.3243,ВЭС,23.0,2,6.6,6.1,8.3833,0.0,2026-02-19 10:00:00
2026-02-20 10:00:00,2026-02-20 04:00:00,0.0,0.2218,0.7165,0.2111,ВЭС,24.0,2,5.2983,5.33,10.2333,0.0,2026-02-19 10:00:00
2026-02-20 11:00:00,2026-02-20 05:00:00,0.0,0.1227,0.5931,0.1864,ВЭС,25.0,2,4.8367,2.63,11.8833,0.0,2026-02-19 10:00:00
2026-02-20 12:00:00,2026-02-20 06:00:00,0.0,0.1406,0.531,0.1732,ВЭС,26.0,2,4.6983,0.74,13.0667,0.0,2026-02-19 10:00:00
2026-02-20 13:00:00,2026-02-20 07:00:00,0.0,0.0764,0.3709,0.1275,ВЭС,27.0,2,3.8517,1.235,13.8167,0.0,2026-02-19 10:00:00
2026-02-20 14:00:00,2026-02-20 08:00:00,0.0,0.0755,0.2979,0.1,ВЭС,28.0,2,3.105,2.115,14.2667,0.0,2026-02-19 10:00:00
2026-02-20 15:00:00,2026-02-20 09:00:00,0.0,0.0466,0.2987,0.0771,ВЭС,29.0,2,2.6,2.24,14.2333,0.0,2026-02-19 10:00:00
2026-02-20 16:00:00,2026-02-20 10:00:00,0.0,0.0564,0.318,0.0835,ВЭС,30.0,2,2.8783,1.58,13.5333,0.0,2026-02-19 10:00:00
2026-02-20 17:00:00,2026-02-20 11:00:00,0.0,0.0441,0.3131,0.0923,ВЭС,31.0,2,2.9033,2.05,12.3333,0.0,2026-02-19 10:00:00
2026-02-20 18:00:00,2026-02-20 12:00:00,0.0,0.0731,0.3943,0.1381,ВЭС,32.0,2,4.1133,5.48,10.9833,0.0,2026-02-19 10:00:00
2026-02-20 19:00:00,2026-02-20 13:00:00,0.0,0.2519,0.8069,0.3379,ВЭС,33.0,2,6.9617,10.395,9.9667,0.0,2026-02-19 10:00:00
2026-02-20 20:00:00,2026-02-20 14:00:00,0.0,0.4898,0.9595,0.5417,ВЭС,34.0,2,9.1,10.97,9.3667,0.0,2026-02-19 10:00:00
2026-02-20 21:00:00,2026-02-20 15:00:00,0.05,0.7164,0.9797,0.7415,ВЭС,35.0,2,10.7033,9.13,8.6333,0.0,2026-02-19 10:00:00
2026-02-20 22:00:00,2026-02-20 16:00:00,0.1588,0.6934,0.98,0.7831,ВЭС,36.0,2,11.5683,6.745,7.8667,0.0,2026-02-19 10:00:00
2026-02-20 23:00:00,2026-02-20 17:00:00,0.1248,0.6055,0.9781,0.7639,ВЭС,37.0,2,11.2267,5.43,7.1667,0.0,2026-02-19 10:00:00
2026-02-21 00:00:00,2026-02-20 18:00:00,0.028,0.6696,0.9691,0.7536,ВЭС,38.0,2,10.825,4.325,6.55,0.0,2026-02-19 10:00:00
2026-02-21 01:00:00,2026-02-20 19:00:00,0.0434,0.6067,0.9079,0.7536,ВЭС,39.0,2,10.9067,3.275,6.1333,0.0,2026-02-19 10:00:00
2026-02-21 02:00:00,2026-02-20 20:00:00,0.0458,0.6039,0.8929,0.7536,ВЭС,40.0,2,10.715,2.58,5.7833,0.0,2026-02-19 10:00:00
2026-02-21 03:00:00,2026-02-20 21:00:00,0.0271,0.5484,0.8964,0.6898,ВЭС,41.0,2,10.35,1.655,5.5,0.0,2026-02-19 10:00:00
2026-02-21 04:00:00,2026-02-20 22:00:00,0.0,0.4865,0.8708,0.6301,ВЭС,42.0,3,9.6,0.505,6.0667,0.0,2026-02-19 10:00:00
2026-02-21 05:00:00,2026-02-20 23:00:00,0.0,0.3968,0.8936,0.5049,ВЭС,43.0,3,8.6467,2.805,5.8,0.0,2026-02-19 10:00:00
2026-02-21 06:00:00,2026-02-21 00:00:00,0.0,0.2481,0.8001,0.4309,ВЭС,44.0,3,8.1567,4.98,5.6667,0.0,2026-02-19 10:00:00
2026-02-21 07:00:00,2026-02-21 01:00:00,0.0,0.2904,0.8464,0.4601,ВЭС,45.0,3,8.4483,5.19,5.7333,0.0,2026-02-19 10:00:00
2026-02-21 08:00:00,2026-02-21 02:00:00,0.0,0.2687,0.7941,0.4461,ВЭС,46.0,3,8.2867,5.73,6.3833,0.0,2026-02-19 10:00:00
2026-02-21 09:00:00,2026-02-21 03:00:00,0.0,0.2278,0.8681,0.4253,ВЭС,47.0,3,7.9683,3.275,7.7,0.0,2026-02-19 10:00:00
2026-02-21 10:00:00,2026-02-21 04:00:00,0.0,0.2039,0.8122,0.4057,ВЭС,48.0,3,7.73,7.08,9.2,0.0,2026-02-19 10:00:00
2026-02-19 23:00:00,2026-02-19 17:00:00,0.0,0.2439,0.7477,0.2732,T1,1.0,1,6.17,2.665,7.6667,0.0,2026-02-19 22:00:00
2026-02-20 00:00:00,2026-02-19 18:00:00,0.0,0.2373,0.8728,0.3243,T1,2.0,1,6.7667,5.3,7.6333,0.0,2026-02-19 22:00:00
2026-02-20 01:00:00,2026-02-19 19:00:00,0.0,0.2314,0.8642,0.2753,T1,3.0,1,6.3117,7.37,7.7833,0.0,2026-02-19 22:00:00
2026-02-20 02:00:00,2026-02-19 20:00:00,0.0,0.3056,0.9137,0.2388,T1,4.0,1,5.9217,7.515,8.1333,0.0,2026-02-19 22:00:00
2026-02-20 03:00:00,2026-02-19 21:00:00,0.0,0.3247,0.9224,0.2732,T1,5.0,1,6.13,6.57,8.2,0.0,2026-02-19 22:00:00
2026-02-20 04:00:00,2026-02-19 22:00:00,0.0,0.3061,0.8683,0.2753,T1,6.0,1,6.3517,5.975,7.8667,0.0,2026-02-19 22:00:00
2026-02-20 05:00:00,2026-02-19 23:00:00,0.0,0.3711,0.9197,0.3567,T1,7.0,1,7.0083,4.53,7.5833,0.0,2026-02-19 22:00:00
2026-02-20 06:00:00,2026-02-20 00:00:00,0.0,0.4408,0.9485,0.4212,T1,8.0,1,7.8967,3.125,7.55,0.0,2026-02-19 22:00:00
2026-02-20 07:00:00,2026-02-20 01:00:00,0.0,0.5413,0.9804,0.4601,T1,9.0,1,8.4283,3.0,7.6,0.0,2026-02-19 22:00:00
2026-02-20 08:00:00,2026-02-20 02:00:00,0.0,0.5889,0.9749,0.4964,T1,10.0,1,8.625,2.965,8.0333,0.0,2026-02-19 22:00:00
2026-02-20 09:00:00,2026-02-20 03:00:00,0.0,0.4959,0.9691,0.4461,T1,11.0,1,8.2567,2.64,9.2667,0.0,2026-02-19 22:00:00
2026-02-20 10:00:00,2026-02-20 04:00:00,0.0,0.3722,0.8931,0.3725,T1,12.0,1,7.3233,1.99,10.9,0.0,2026-02-19 22:00:00
2026-02-20 11:00:00,2026-02-20 05:00:00,0.0,0.2916,0.8453,0.331,T1,13.0,1,6.8467,1.21,11.9167,0.0,2026-02-19 22:00:00
2026-02-20 12:00:00,2026-02-20 06:00:00,0.0,0.3371,0.8051,0.3243,T1,14.0,1,6.6883,1.64,12.6667,0.0,2026-02-19 22:00:00
2026-02-20 13:00:00,2026-02-20 07:00:00,0.0,0.2778,0.6377,0.2678,T1,15.0,1,6.045,1.43,13.5333,0.0,2026-02-19 22:00:00
2026-02-20 14:00:00,2026-02-20 08:00:00,0.0,0.1934,0.5454,0.2206,T1,16.0,1,5.4233,1.105,13.9,0.0,2026-02-19 22:00:00
2026-02-20 15:00:00,2026-02-20 09:00:00,0.0,0.1659,0.5376,0.1887,T1,17.0,1,4.9933,0.425,13.7,0.0,2026-02-19 22:00:00
2026-02-20 16:00:00,2026-02-20 10:00:00,0.0,0.056,0.318,0.0835,T1,18.0,2,2.8783,1.58,13.5333,0.0,2026-02-19 22:00:00
2026-02-20 17:00:00,2026-02-20 11:00:00,0.0,0.0437,0.3131,0.0923,T1,19.0,2,2.9033,2.05,12.3333,0.0,2026-02-19 22:00:00
2026-02-20 18:00:00,2026-02-20 12:00:00,0.0,0.0732,0.3943,0.1381,T1,20.0,2,4.1133,5.48,10.9833,0.0,2026-02-19 22:00:00
2026-02-20 19:00:00,2026-02-20 13:00:00,0.0,0.252,0.8088,0.3379,T1,21.0,2,6.9617,10.395,9.9667,0.0,2026-02-19 22:00:00
2026-02-20 20:00:00,2026-02-20 14:00:00,0.0,0.4908,0.963,0.5417,T1,22.0,2,9.1,10.97,9.3667,0.0,2026-02-19 22:00:00
2026-02-20 21:00:00,2026-02-20 15:00:00,0.0837,0.7171,0.9893,0.7415,T1,23.0,2,10.7033,9.13,8.6333,0.0,2026-02-19 22:00:00
2026-02-20 22:00:00,2026-02-20 16:00:00,0.1755,0.6955,0.99,0.7831,T1,24.0,2,11.5683,6.745,7.8667,0.0,2026-02-19 22:00:00
2026-02-20 23:00:00,2026-02-20 17:00:00,0.0925,0.608,0.9862,0.7639,T1,25.0,2,11.2267,5.43,7.1667,0.0,2026-02-19 22:00:00
2026-02-21 00:00:00,2026-02-20 18:00:00,0.0,0.6721,0.9718,0.7536,T1,26.0,2,10.825,4.325,6.55,0.0,2026-02-19 22:00:00
2026-02-21 01:00:00,2026-02-20 19:00:00,0.0,0.6108,0.9101,0.7536,T1,27.0,2,10.9067,3.275,6.1333,0.0,2026-02-19 22:00:00
2026-02-21 02:00:00,2026-02-20 20:00:00,0.0007,0.6111,0.895,0.7536,T1,28.0,2,10.715,2.58,5.7833,0.0,2026-02-19 22:00:00
2026-02-21 03:00:00,2026-02-20 21:00:00,0.0,0.5557,0.8974,0.6898,T1,29.0,2,10.35,1.655,5.5,0.0,2026-02-19 22:00:00
2026-02-21 04:00:00,2026-02-20 22:00:00,0.0,0.519,0.8714,0.6794,T1,30.0,2,9.9983,1.15,5.2667,0.0,2026-02-19 22:00:00
2026-02-21 05:00:00,2026-02-20 23:00:00,0.0882,0.5619,0.9016,0.6587,T1,31.0,2,9.88,0.765,5.1167,0.0,2026-02-19 22:00:00
2026-02-21 06:00:00,2026-02-21 00:00:00,0.0183,0.4719,0.8707,0.6587,T1,32.0,2,9.8767,0.69,5.2167,0.0,2026-02-19 22:00:00
2026-02-21 07:00:00,2026-02-21 01:00:00,0.0,0.513,0.8879,0.648,T1,33.0,2,9.7567,2.04,5.5,0.0,2026-02-19 22:00:00
2026-02-21 08:00:00,2026-02-21 02:00:00,0.0,0.4976,0.921,0.5709,T1,34.0,2,9.285,2.855,6.0,0.0,2026-02-19 22:00:00
2026-02-21 09:00:00,2026-02-21 03:00:00,0.0,0.1916,0.7996,0.3974,T1,35.0,2,7.58,3.445,7.0,0.0,2026-02-19 22:00:00
2026-02-21 10:00:00,2026-02-21 04:00:00,0.0,0.1544,0.657,0.2732,T1,36.0,2,6.16,3.89,8.0667,0.0,2026-02-19 22:00:00
2026-02-21 11:00:00,2026-02-21 05:00:00,0.0,0.3695,0.8659,0.3725,T1,37.0,2,7.4267,5.85,8.8,0.0,2026-02-19 22:00:00
2026-02-21 12:00:00,2026-02-21 06:00:00,0.0138,0.68,0.99,0.5984,T1,38.0,2,9.5133,7.57,9.2667,0.0,2026-02-19 22:00:00
2026-02-21 13:00:00,2026-02-21 07:00:00,0.2274,0.8144,0.9893,0.7639,T1,39.0,2,11.2783,4.645,9.1667,0.0,2026-02-19 22:00:00
2026-02-21 14:00:00,2026-02-21 08:00:00,0.136,0.8078,0.9684,0.8017,T1,40.0,2,12.1417,7.005,8.7167,0.0,2026-02-19 22:00:00
2026-02-21 15:00:00,2026-02-21 09:00:00,0.0373,0.6796,0.9662,0.7536,T1,41.0,2,10.8483,5.71,8.3833,0.0,2026-02-19 22:00:00
2026-02-21 16:00:00,2026-02-21 10:00:00,0.2025,0.885,0.9813,0.8017,T1,42.0,3,12.325,6.03,7.7333,0.0,2026-02-19 22:00:00
2026-02-21 17:00:00,2026-02-21 11:00:00,0.208,0.7747,0.9743,0.7639,T1,43.0,3,11.1517,3.31,7.3667,0.0,2026-02-19 22:00:00
2026-02-21 18:00:00,2026-02-21 12:00:00,0.3272,0.7743,0.9863,0.7536,T1,44.0,3,10.7633,0.845,7.0667,0.0,2026-02-19 22:00:00
2026-02-21 19:00:00,2026-02-21 13:00:00,0.3757,0.8811,0.9848,0.781,T1,45.0,3,11.4083,3.37,6.5833,0.0,2026-02-19 22:00:00
2026-02-21 20:00:00,2026-02-21 14:00:00,0.4564,0.9174,0.9877,0.7831,T1,46.0,3,11.59,2.84,5.8667,0.0,2026-02-19 22:00:00
2026-02-21 21:00:00,2026-02-21 15:00:00,0.2968,0.9124,0.9863,0.7639,T1,47.0,3,11.3633,0.865,4.9333,0.0,2026-02-19 22:00:00
2026-02-21 22:00:00,2026-02-21 16:00:00,0.2749,0.8195,0.9838,0.7338,T1,48.0,3,10.565,1.59,4.0833,0.0,2026-02-19 22:00:00
2026-02-19 23:00:00,2026-02-19 17:00:00,0.0,0.2428,0.7477,0.2732,T2,1.0,1,6.17,2.665,7.6667,0.0,2026-02-19 22:00:00
2026-02-20 00:00:00,2026-02-19 18:00:00,0.0,0.2361,0.8728,0.3243,T2,2.0,1,6.7667,5.3,7.6333,0.0,2026-02-19 22:00:00
2026-02-20 01:00:00,2026-02-19 19:00:00,0.0,0.2306,0.8642,0.2753,T2,3.0,1,6.3117,7.37,7.7833,0.0,2026-02-19 22:00:00
2026-02-20 02:00:00,2026-02-19 20:00:00,0.0,0.3029,0.9138,0.2388,T2,4.0,1,5.9217,7.515,8.1333,0.0,2026-02-19 22:00:00
2026-02-20 03:00:00,2026-02-19 21:00:00,0.0,0.3247,0.9224,0.2732,T2,5.0,1,6.13,6.57,8.2,0.0,2026-02-19 22:00:00
2026-02-20 04:00:00,2026-02-19 22:00:00,0.0,0.306,0.8683,0.2753,T2,6.0,1,6.3517,5.975,7.8667,0.0,2026-02-19 22:00:00
2026-02-20 05:00:00,2026-02-19 23:00:00,0.0,0.3711,0.9197,0.3567,T2,7.0,1,7.0083,4.53,7.5833,0.0,2026-02-19 22:00:00
2026-02-20 06:00:00,2026-02-20 00:00:00,0.0,0.4426,0.9485,0.4212,T2,8.0,1,7.8967,3.125,7.55,0.0,2026-02-19 22:00:00
2026-02-20 07:00:00,2026-02-20 01:00:00,0.0,0.5431,0.97,0.4601,T2,9.0,1,8.4283,3.0,7.6,0.0,2026-02-19 22:00:00
2026-02-20 08:00:00,2026-02-20 02:00:00,0.0,0.5906,0.97,0.4964,T2,10.0,1,8.625,2.965,8.0333,0.0,2026-02-19 22:00:00
2026-02-20 09:00:00,2026-02-20 03:00:00,0.0,0.4947,0.969,0.4461,T2,11.0,1,8.2567,2.64,9.2667,0.0,2026-02-19 22:00:00
2026-02-20 10:00:00,2026-02-20 04:00:00,0.0,0.374,0.8931,0.3725,T2,12.0,1,7.3233,1.99,10.9,0.0,2026-02-19 22:00:00
2026-02-20 11:00:00,2026-02-20 05:00:00,0.0,0.2908,0.8453,0.331,T2,13.0,1,6.8467,1.21,11.9167,0.0,2026-02-19 22:00:00
2026-02-20 12:00:00,2026-02-20 06:00:00,0.0,0.3264,0.8051,0.3243,T2,14.0,1,6.6883,1.64,12.6667,0.0,2026-02-19 22:00:00
2026-02-20 13:00:00,2026-02-20 07:00:00,0.0,0.2774,0.6377,0.2678,T2,15.0,1,6.045,1.43,13.5333,0.0,2026-02-19 22:00:00
2026-02-20 14:00:00,2026-02-20 08:00:00,0.0,0.1924,0.5454,0.2206,T2,16.0,1,5.4233,1.105,13.9,0.0,2026-02-19 22:00:00
2026-02-20 15:00:00,2026-02-20 09:00:00,0.0,0.1655,0.5376,0.1887,T2,17.0,1,4.9933,0.425,13.7,0.0,2026-02-19 22:00:00
2026-02-20 16:00:00,2026-02-20 10:00:00,0.0,0.0569,0.318,0.0835,T2,18.0,2,2.8783,1.58,13.5333,0.0,2026-02-19 22:00:00
2026-02-20 17:00:00,2026-02-20 11:00:00,0.0,0.0445,0.3131,0.0923,T2,19.0,2,2.9033,2.05,12.3333,0.0,2026-02-19 22:00:00
2026-02-20 18:00:00,2026-02-20 12:00:00,0.0,0.0729,0.3943,0.1381,T2,20.0,2,4.1133,5.48,10.9833,0.0,2026-02-19 22:00:00
2026-02-20 19:00:00,2026-02-20 13:00:00,0.0,0.2517,0.805,0.3379,T2,21.0,2,6.9617,10.395,9.9667,0.0,2026-02-19 22:00:00
2026-02-20 20:00:00,2026-02-20 14:00:00,0.0,0.4888,0.9559,0.5417,T2,22.0,2,9.1,10.97,9.3667,0.0,2026-02-19 22:00:00
2026-02-20 21:00:00,2026-02-20 15:00:00,0.0163,0.7157,0.97,0.7415,T2,23.0,2,10.7033,9.13,8.6333,0.0,2026-02-19 22:00:00
2026-02-20 22:00:00,2026-02-20 16:00:00,0.1421,0.6914,0.97,0.7831,T2,24.0,2,11.5683,6.745,7.8667,0.0,2026-02-19 22:00:00
2026-02-20 23:00:00,2026-02-20 17:00:00,0.157,0.6031,0.97,0.7639,T2,25.0,2,11.2267,5.43,7.1667,0.0,2026-02-19 22:00:00
2026-02-21 00:00:00,2026-02-20 18:00:00,0.056,0.667,0.9664,0.7536,T2,26.0,2,10.825,4.325,6.55,0.0,2026-02-19 22:00:00
2026-02-21 01:00:00,2026-02-20 19:00:00,0.0867,0.6026,0.9057,0.7536,T2,27.0,2,10.9067,3.275,6.1333,0.0,2026-02-19 22:00:00
2026-02-21 02:00:00,2026-02-20 20:00:00,0.0909,0.5966,0.8908,0.7536,T2,28.0,2,10.715,2.58,5.7833,0.0,2026-02-19 22:00:00
2026-02-21 03:00:00,2026-02-20 21:00:00,0.0542,0.5412,0.8955,0.6898,T2,29.0,2,10.35,1.655,5.5,0.0,2026-02-19 22:00:00
2026-02-21 04:00:00,2026-02-20 22:00:00,0.0,0.5103,0.8708,0.6794,T2,30.0,2,9.9983,1.15,5.2667,0.0,2026-02-19 22:00:00
2026-02-21 05:00:00,2026-02-20 23:00:00,0.0596,0.5466,0.9014,0.6587,T2,31.0,2,9.88,0.765,5.1167,0.0,2026-02-19 22:00:00
2026-02-21 06:00:00,2026-02-21 00:00:00,0.0,0.4618,0.8702,0.6587,T2,32.0,2,9.8767,0.69,5.2167,0.0,2026-02-19 22:00:00
2026-02-21 07:00:00,2026-02-21 01:00:00,0.0,0.5037,0.8859,0.648,T2,33.0,2,9.7567,2.04,5.5,0.0,2026-02-19 22:00:00
2026-02-21 08:00:00,2026-02-21 02:00:00,0.0,0.4898,0.9201,0.5709,T2,34.0,2,9.285,2.855,6.0,0.0,2026-02-19 22:00:00
2026-02-21 09:00:00,2026-02-21 03:00:00,0.0,0.1872,0.7996,0.3974,T2,35.0,2,7.58,3.445,7.0,0.0,2026-02-19 22:00:00
2026-02-21 10:00:00,2026-02-21 04:00:00,0.0,0.1538,0.657,0.2732,T2,36.0,2,6.16,3.89,8.0667,0.0,2026-02-19 22:00:00
2026-02-21 11:00:00,2026-02-21 05:00:00,0.0,0.3677,0.8638,0.3725,T2,37.0,2,7.4267,5.85,8.8,0.0,2026-02-19 22:00:00
2026-02-21 12:00:00,2026-02-21 06:00:00,0.0,0.6783,0.97,0.5984,T2,38.0,2,9.5133,7.57,9.2667,0.0,2026-02-19 22:00:00
2026-02-21 13:00:00,2026-02-21 07:00:00,0.235,0.8127,0.97,0.7639,T2,39.0,2,11.2783,4.645,9.1667,0.0,2026-02-19 22:00:00
2026-02-21 14:00:00,2026-02-21 08:00:00,0.0737,0.8145,0.9529,0.8017,T2,40.0,2,12.1417,7.005,8.7167,0.0,2026-02-19 22:00:00
2026-02-21 15:00:00,2026-02-21 09:00:00,0.1343,0.6852,0.9529,0.7536,T2,41.0,2,10.8483,5.71,8.3833,0.0,2026-02-19 22:00:00
2026-02-21 16:00:00,2026-02-21 10:00:00,0.1102,0.8875,0.9657,0.8017,T2,42.0,3,12.325,6.03,7.7333,0.0,2026-02-19 22:00:00
2026-02-21 17:00:00,2026-02-21 11:00:00,0.1898,0.7748,0.961,0.7639,T2,43.0,3,11.1517,3.31,7.3667,0.0,2026-02-19 22:00:00
2026-02-21 18:00:00,2026-02-21 12:00:00,0.2608,0.7741,0.97,0.7536,T2,44.0,3,10.7633,0.845,7.0667,0.0,2026-02-19 22:00:00
2026-02-21 19:00:00,2026-02-21 13:00:00,0.3151,0.8796,0.9688,0.781,T2,45.0,3,11.4083,3.37,6.5833,0.0,2026-02-19 22:00:00
2026-02-21 20:00:00,2026-02-21 14:00:00,0.3248,0.9159,0.97,0.7831,T2,46.0,3,11.59,2.84,5.8667,0.0,2026-02-19 22:00:00
2026-02-21 21:00:00,2026-02-21 15:00:00,0.3073,0.911,0.97,0.7639,T2,47.0,3,11.3633,0.865,4.9333,0.0,2026-02-19 22:00:00
2026-02-21 22:00:00,2026-02-21 16:00:00,0.2166,0.8187,0.97,0.7338,T2,48.0,3,10.565,1.59,4.0833,0.0,2026-02-19 22:00:00
2026-02-19 23:00:00,2026-02-19 17:00:00,0.0,0.2433,0.7477,0.2732,ВЭС,1.0,1,6.17,2.665,7.6667,0.0,2026-02-19 22:00:00
2026-02-20 00:00:00,2026-02-19 18:00:00,0.0,0.2367,0.8728,0.3243,ВЭС,2.0,1,6.7667,5.3,7.6333,0.0,2026-02-19 22:00:00
2026-02-20 01:00:00,2026-02-19 19:00:00,0.0,0.231,0.8642,0.2753,ВЭС,3.0,1,6.3117,7.37,7.7833,0.0,2026-02-19 22:00:00
2026-02-20 02:00:00,2026-02-19 20:00:00,0.0,0.3043,0.9137,0.2388,ВЭС,4.0,1,5.9217,7.515,8.1333,0.0,2026-02-19 22:00:00
2026-02-20 03:00:00,2026-02-19 21:00:00,0.0,0.3247,0.9224,0.2732,ВЭС,5.0,1,6.13,6.57,8.2,0.0,2026-02-19 22:00:00
2026-02-20 04:00:00,2026-02-19 22:00:00,0.0,0.3061,0.8683,0.2753,ВЭС,6.0,1,6.3517,5.975,7.8667,0.0,2026-02-19 22:00:00
2026-02-20 05:00:00,2026-02-19 23:00:00,0.0,0.3711,0.9197,0.3567,ВЭС,7.0,1,7.0083,4.53,7.5833,0.0,2026-02-19 22:00:00
2026-02-20 06:00:00,2026-02-20 00:00:00,0.0,0.4417,0.9485,0.4212,ВЭС,8.0,1,7.8967,3.125,7.55,0.0,2026-02-19 22:00:00
2026-02-20 07:00:00,2026-02-20 01:00:00,0.0,0.5422,0.9752,0.4601,ВЭС,9.0,1,8.4283,3.0,7.6,0.0,2026-02-19 22:00:00
2026-02-20 08:00:00,2026-02-20 02:00:00,0.0,0.5897,0.9724,0.4964,ВЭС,10.0,1,8.625,2.965,8.0333,0.0,2026-02-19 22:00:00
2026-02-20 09:00:00,2026-02-20 03:00:00,0.0,0.4953,0.969,0.4461,ВЭС,11.0,1,8.2567,2.64,9.2667,0.0,2026-02-19 22:00:00
2026-02-20 10:00:00,2026-02-20 04:00:00,0.0,0.3731,0.8931,0.3725,ВЭС,12.0,1,7.3233,1.99,10.9,0.0,2026-02-19 22:00:00
2026-02-20 11:00:00,2026-02-20 05:00:00,0.0,0.2912,0.8453,0.331,ВЭС,13.0,1,6.8467,1.21,11.9167,0.0,2026-02-19 22:00:00
2026-02-20 12:00:00,2026-02-20 06:00:00,0.0,0.3317,0.8051,0.3243,ВЭС,14.0,1,6.6883,1.64,12.6667,0.0,2026-02-19 22:00:00
2026-02-20 13:00:00,2026-02-20 07:00:00,0.0,0.2776,0.6377,0.2678,ВЭС,15.0,1,6.045,1.43,13.5333,0.0,2026-02-19 22:00:00
2026-02-20 14:00:00,2026-02-20 08:00:00,0.0,0.1929,0.5454,0.2206,ВЭС,16.0,1,5.4233,1.105,13.9,0.0,2026-02-19 22:00:00
2026-02-20 15:00:00,2026-02-20 09:00:00,0.0,0.1657,0.5376,0.1887,ВЭС,17.0,1,4.9933,0.425,13.7,0.0,2026-02-19 22:00:00
2026-02-20 16:00:00,2026-02-20 10:00:00,0.0,0.0564,0.318,0.0835,ВЭС,18.0,2,2.8783,1.58,13.5333,0.0,2026-02-19 22:00:00
2026-02-20 17:00:00,2026-02-20 11:00:00,0.0,0.0441,0.3131,0.0923,ВЭС,19.0,2,2.9033,2.05,12.3333,0.0,2026-02-19 22:00:00
2026-02-20 18:00:00,2026-02-20 12:00:00,0.0,0.0731,0.3943,0.1381,ВЭС,20.0,2,4.1133,5.48,10.9833,0.0,2026-02-19 22:00:00
2026-02-20 19:00:00,2026-02-20 13:00:00,0.0,0.2519,0.8069,0.3379,ВЭС,21.0,2,6.9617,10.395,9.9667,0.0,2026-02-19 22:00:00
2026-02-20 20:00:00,2026-02-20 14:00:00,0.0,0.4898,0.9595,0.5417,ВЭС,22.0,2,9.1,10.97,9.3667,0.0,2026-02-19 22:00:00
2026-02-20 21:00:00,2026-02-20 15:00:00,0.05,0.7164,0.9797,0.7415,ВЭС,23.0,2,10.7033,9.13,8.6333,0.0,2026-02-19 22:00:00
2026-02-20 22:00:00,2026-02-20 16:00:00,0.1588,0.6934,0.98,0.7831,ВЭС,24.0,2,11.5683,6.745,7.8667,0.0,2026-02-19 22:00:00
2026-02-20 23:00:00,2026-02-20 17:00:00,0.1248,0.6055,0.9781,0.7639,ВЭС,25.0,2,11.2267,5.43,7.1667,0.0,2026-02-19 22:00:00
2026-02-21 00:00:00,2026-02-20 18:00:00,0.028,0.6696,0.9691,0.7536,ВЭС,26.0,2,10.825,4.325,6.55,0.0,2026-02-19 22:00:00
2026-02-21 01:00:00,2026-02-20 19:00:00,0.0434,0.6067,0.9079,0.7536,ВЭС,27.0,2,10.9067,3.275,6.1333,0.0,2026-02-19 22:00:00
2026-02-21 02:00:00,2026-02-20 20:00:00,0.0458,0.6039,0.8929,0.7536,ВЭС,28.0,2,10.715,2.58,5.7833,0.0,2026-02-19 22:00:00
2026-02-21 03:00:00,2026-02-20 21:00:00,0.0271,0.5484,0.8964,0.6898,ВЭС,29.0,2,10.35,1.655,5.5,0.0,2026-02-19 22:00:00
2026-02-21 04:00:00,2026-02-20 22:00:00,0.0,0.5146,0.8711,0.6794,ВЭС,30.0,2,9.9983,1.15,5.2667,0.0,2026-02-19 22:00:00
2026-02-21 05:00:00,2026-02-20 23:00:00,0.0739,0.5542,0.9015,0.6587,ВЭС,31.0,2,9.88,0.765,5.1167,0.0,2026-02-19 22:00:00
2026-02-21 06:00:00,2026-02-21 00:00:00,0.0091,0.4669,0.8704,0.6587,ВЭС,32.0,2,9.8767,0.69,5.2167,0.0,2026-02-19 22:00:00
2026-02-21 07:00:00,2026-02-21 01:00:00,0.0,0.5083,0.8869,0.648,ВЭС,33.0,2,9.7567,2.04,5.5,0.0,2026-02-19 22:00:00
2026-02-21 08:00:00,2026-02-21 02:00:00,0.0,0.4937,0.9206,0.5709,ВЭС,34.0,2,9.285,2.855,6.0,0.0,2026-02-19 22:00:00
2026-02-21 09:00:00,2026-02-21 03:00:00,0.0,0.1894,0.7996,0.3974,ВЭС,35.0,2,7.58,3.445,7.0,0.0,2026-02-19 22:00:00
2026-02-21 10:00:00,2026-02-21 04:00:00,0.0,0.1541,0.657,0.2732,ВЭС,36.0,2,6.16,3.89,8.0667,0.0,2026-02-19 22:00:00
2026-02-21 11:00:00,2026-02-21 05:00:00,0.0,0.3686,0.8649,0.3725,ВЭС,37.0,2,7.4267,5.85,8.8,0.0,2026-02-19 22:00:00
2026-02-21 12:00:00,2026-02-21 06:00:00,0.0069,0.6792,0.98,0.5984,ВЭС,38.0,2,9.5133,7.57,9.2667,0.0,2026-02-19 22:00:00
2026-02-21 13:00:00,2026-02-21 07:00:00,0.2312,0.8135,0.9796,0.7639,ВЭС,39.0,2,11.2783,4.645,9.1667,0.0,2026-02-19 22:00:00
2026-02-21 14:00:00,2026-02-21 08:00:00,0.1048,0.8112,0.9606,0.8017,ВЭС,40.0,2,12.1417,7.005,8.7167,0.0,2026-02-19 22:00:00
2026-02-21 15:00:00,2026-02-21 09:00:00,0.0858,0.6824,0.9595,0.7536,ВЭС,41.0,2,10.8483,5.71,8.3833,0.0,2026-02-19 22:00:00
2026-02-21 16:00:00,2026-02-21 10:00:00,0.1564,0.8863,0.9735,0.8017,ВЭС,42.0,3,12.325,6.03,7.7333,0.0,2026-02-19 22:00:00
2026-02-21 17:00:00,2026-02-21 11:00:00,0.1989,0.7747,0.9676,0.7639,ВЭС,43.0,3,11.1517,3.31,7.3667,0.0,2026-02-19 22:00:00
2026-02-21 18:00:00,2026-02-21 12:00:00,0.294,0.7742,0.9781,0.7536,ВЭС,44.0,3,10.7633,0.845,7.0667,0.0,2026-02-19 22:00:00
2026-02-21 19:00:00,2026-02-21 13:00:00,0.3454,0.8803,0.9768,0.781,ВЭС,45.0,3,11.4083,3.37,6.5833,0.0,2026-02-19 22:00:00
2026-02-21 20:00:00,2026-02-21 14:00:00,0.3906,0.9167,0.9789,0.7831,ВЭС,46.0,3,11.59,2.84,5.8667,0.0,2026-02-19 22:00:00
2026-02-21 21:00:00,2026-02-21 15:00:00,0.302,0.9117,0.9781,0.7639,ВЭС,47.0,3,11.3633,0.865,4.9333,0.0,2026-02-19 22:00:00
2026-02-21 22:00:00,2026-02-21 16:00:00,0.2458,0.8191,0.9769,0.7338,ВЭС,48.0,3,10.565,1.59,4.0833,0.0,2026-02-19 22:00:00
2026-02-20 11:00:00,2026-02-20 05:00:00,0.0,0.2916,0.8453,0.331,T1,1.0,1,6.8467,1.21,11.9167,0.0,2026-02-20 10:00:00
2026-02-20 12:00:00,2026-02-20 06:00:00,0.0,0.3371,0.8051,0.3243,T1,2.0,1,6.6883,1.64,12.6667,0.0,2026-02-20 10:00:00
2026-02-20 13:00:00,2026-02-20 07:00:00,0.0,0.2778,0.6377,0.2678,T1,3.0,1,6.045,1.43,13.5333,0.0,2026-02-20 10:00:00
2026-02-20 14:00:00,2026-02-20 08:00:00,0.0,0.1934,0.5454,0.2206,T1,4.0,1,5.4233,1.105,13.9,0.0,2026-02-20 10:00:00
2026-02-20 15:00:00,2026-02-20 09:00:00,0.0,0.1659,0.5376,0.1887,T1,5.0,1,4.9933,0.425,13.7,0.0,2026-02-20 10:00:00
2026-02-20 16:00:00,2026-02-20 10:00:00,0.0,0.1463,0.4889,0.1732,T1,6.0,1,4.6567,0.755,12.9333,0.0,2026-02-20 10:00:00
2026-02-20 17:00:00,2026-02-20 11:00:00,0.0,0.0888,0.415,0.1381,T1,7.0,1,4.0433,1.775,11.7167,0.0,2026-02-20 10:00:00
2026-02-20 18:00:00,2026-02-20 12:00:00,0.0,0.0417,0.2711,0.1082,T1,8.0,1,3.2267,2.225,10.1667,0.0,2026-02-20 10:00:00
2026-02-20 19:00:00,2026-02-20 13:00:00,0.0,0.0664,0.2833,0.1472,T1,9.0,1,4.21,1.985,8.8833,0.0,2026-02-20 10:00:00
2026-02-20 20:00:00,2026-02-20 14:00:00,0.0,0.1547,0.5554,0.2753,T1,10.0,1,6.3283,7.335,8.0167,0.0,2026-02-20 10:00:00
2026-02-20 21:00:00,2026-02-20 15:00:00,0.0,0.3225,0.833,0.3974,T1,11.0,1,7.5367,10.73,7.4167,0.0,2026-02-20 10:00:00
2026-02-20 22:00:00,2026-02-20 16:00:00,0.0,0.4521,0.9388,0.4837,T1,12.0,1,8.61,11.715,7.2,0.0,2026-02-20 10:00:00
2026-02-20 23:00:00,2026-02-20 17:00:00,0.0,0.5258,0.9849,0.6587,T1,13.0,1,9.9233,9.075,6.95,0.0,2026-02-20 10:00:00
2026-02-21 00:00:00,2026-02-20 18:00:00,0.0,0.6344,0.9656,0.7338,T1,14.0,1,10.6533,6.785,6.5333,0.0,2026-02-20 10:00:00
2026-02-21 01:00:00,2026-02-20 19:00:00,0.0288,0.6368,0.9667,0.7415,T1,15.0,1,10.6767,6.555,6.05,0.0,2026-02-20 10:00:00
2026-02-21 02:00:00,2026-02-20 20:00:00,0.0,0.6503,0.9593,0.723,T1,16.0,1,10.4867,6.265,5.6333,0.0,2026-02-20 10:00:00
2026-02-21 03:00:00,2026-02-20 21:00:00,0.0,0.5105,0.9049,0.681,T1,17.0,1,10.145,5.895,5.2667,0.0,2026-02-20 10:00:00
2026-02-21 04:00:00,2026-02-20 22:00:00,0.0,0.519,0.8714,0.6794,T1,18.0,2,9.9983,1.15,5.2667,0.0,2026-02-20 10:00:00
2026-02-21 05:00:00,2026-02-20 23:00:00,0.0882,0.5619,0.9016,0.6587,T1,19.0,2,9.88,0.765,5.1167,0.0,2026-02-20 10:00:00
2026-02-21 06:00:00,2026-02-21 00:00:00,0.0183,0.4719,0.8707,0.6587,T1,20.0,2,9.8767,0.69,5.2167,0.0,2026-02-20 10:00:00
2026-02-21 07:00:00,2026-02-21 01:00:00,0.0,0.513,0.8879,0.648,T1,21.0,2,9.7567,2.04,5.5,0.0,2026-02-20 10:00:00
2026-02-21 08:00:00,2026-02-21 02:00:00,0.0,0.4976,0.921,0.5709,T1,22.0,2,9.285,2.855,6.0,0.0,2026-02-20 10:00:00
2026-02-21 09:00:00,2026-02-21 03:00:00,0.0,0.1916,0.7996,0.3974,T1,23.0,2,7.58,3.445,7.0,0.0,2026-02-20 10:00:00
2026-02-21 10:00:00,2026-02-21 04:00:00,0.0,0.1544,0.657,0.2732,T1,24.0,2,6.16,3.89,8.0667,0.0,2026-02-20 10:00:00
2026-02-21 11:00:00,2026-02-21 05:00:00,0.0,0.3695,0.8659,0.3725,T1,25.0,2,7.4267,5.85,8.8,0.0,2026-02-20 10:00:00
2026-02-21 12:00:00,2026-02-21 06:00:00,0.0138,0.68,0.99,0.5984,T1,26.0,2,9.5133,7.57,9.2667,0.0,2026-02-20 10:00:00
2026-02-21 13:00:00,2026-02-21 07:00:00,0.2274,0.8144,0.9893,0.7639,T1,27.0,2,11.2783,4.645,9.1667,0.0,2026-02-20 10:00:00
2026-02-21 14:00:00,2026-02-21 08:00:00,0.136,0.8078,0.9684,0.8017,T1,28.0,2,12.1417,7.005,8.7167,0.0,2026-02-20 10:00:00
2026-02-21 15:00:00,2026-02-21 09:00:00,0.0373,0.6796,0.9662,0.7536,T1,29.0,2,10.8483,5.71,8.3833,0.0,2026-02-20 10:00:00
2026-02-21 16:00:00,2026-02-21 10:00:00,0.0135,0.4816,0.9596,0.5709,T1,30.0,2,9.335,4.335,7.9167,0.0,2026-02-20 10:00:00
2026-02-21 17:00:00,2026-02-21 11:00:00,0.0,0.4373,0.8773,0.4461,T1,31.0,2,8.205,4.13,6.9,0.0,2026-02-20 10:00:00
2026-02-21 18:00:00,2026-02-21 12:00:00,0.0,0.33,0.7219,0.3567,T1,32.0,2,7.0917,4.46,6.0833,0.0,2026-02-20 10:00:00
2026-02-21 19:00:00,2026-02-21 13:00:00,0.0,0.3076,0.761,0.3243,T1,33.0,2,6.7517,3.085,5.9167,0.0,2026-02-20 10:00:00
2026-02-21 20:00:00,2026-02-21 14:00:00,0.0,0.448,0.8807,0.4057,T1,34.0,2,7.69,0.94,5.7667,0.0,2026-02-20 10:00:00
2026-02-21 21:00:00,2026-02-21 15:00:00,0.107,0.6966,0.9706,0.6301,T1,35.0,2,9.575,5.89,5.4,0.0,2026-02-20 10:00:00
2026-02-21 22:00:00,2026-02-21 16:00:00,0.1447,0.8236,0.9786,0.681,T1,36.0,2,10.0667,7.75,5.0167,0.0,2026-02-20 10:00:00
2026-02-21 23:00:00,2026-02-21 17:00:00,0.0201,0.7313,0.98,0.5984,T1,37.0,2,9.4517,6.215,4.8833,0.0,2026-02-20 10:00:00
2026-02-22 00:00:00,2026-02-21 18:00:00,0.0,0.7245,0.9734,0.5709,T1,38.0,2,9.3733,5.62,4.4833,0.0,2026-02-20 10:00:00
2026-02-22 01:00:00,2026-02-21 19:00:00,0.0,0.6411,0.9646,0.5417,T1,39.0,2,9.0033,5.555,3.6833,0.0,2026-02-20 10:00:00
2026-02-22 02:00:00,2026-02-21 20:00:00,0.0,0.4197,0.922,0.4253,T1,40.0,2,7.9817,5.35,2.85,0.0,2026-02-20 10:00:00
2026-02-22 03:00:00,2026-02-21 21:00:00,0.0,0.2712,0.8534,0.2981,T1,41.0,2,6.48,4.985,2.0167,0.0,2026-02-20 10:00:00
2026-02-22 04:00:00,2026-02-21 22:00:00,0.0,0.2085,0.7205,0.2678,T1,42.0,3,5.9317,3.845,1.6333,0.0,2026-02-20 10:00:00
2026-02-22 05:00:00,2026-02-21 23:00:00,0.0,0.1311,0.5941,0.2111,T1,43.0,3,5.235,2.835,0.9333,0.0,2026-02-20 10:00:00
2026-02-22 06:00:00,2026-02-22 00:00:00,0.0,0.0909,0.4935,0.1732,T1,44.0,3,4.5883,2.35,0.5667,0.0,2026-02-20 10:00:00
2026-02-22 07:00:00,2026-02-22 01:00:00,0.0,0.0713,0.4019,0.1275,T1,45.0,3,3.68,3.165,0.55,0.0,2026-02-20 10:00:00
2026-02-22 08:00:00,2026-02-22 02:00:00,0.0079,0.0152,0.2552,0.0835,T1,46.0,3,2.825,2.8,1.15,0.0,2026-02-20 10:00:00
2026-02-22 09:00:00,2026-02-22 03:00:00,0.0081,0.0146,0.2021,0.0741,T1,47.0,3,2.175,0.395,2.5667,0.0,2026-02-20 10:00:00
2026-02-22 10:00:00,2026-02-22 04:00:00,0.007,0.0173,0.1901,0.0619,T1,48.0,3,1.65,1.67,4.15,0.0,2026-02-20 10:00:00
2026-02-20 11:00:00,2026-02-20 05:00:00,0.0,0.2908,0.8453,0.331,T2,1.0,1,6.8467,1.21,11.9167,0.0,2026-02-20 10:00:00
2026-02-20 12:00:00,2026-02-20 06:00:00,0.0,0.3264,0.8051,0.3243,T2,2.0,1,6.6883,1.64,12.6667,0.0,2026-02-20 10:00:00
2026-02-20 13:00:00,2026-02-20 07:00:00,0.0,0.2774,0.6377,0.2678,T2,3.0,1,6.045,1.43,13.5333,0.0,2026-02-20 10:00:00
2026-02-20 14:00:00,2026-02-20 08:00:00,0.0,0.1924,0.5454,0.2206,T2,4.0,1,5.4233,1.105,13.9,0.0,2026-02-20 10:00:00
2026-02-20 15:00:00,2026-02-20 09:00:00,0.0,0.1655,0.5376,0.1887,T2,5.0,1,4.9933,0.425,13.7,0.0,2026-02-20 10:00:00
2026-02-20 16:00:00,2026-02-20 10:00:00,0.0,0.1459,0.4889,0.1732,T2,6.0,1,4.6567,0.755,12.9333,0.0,2026-02-20 10:00:00
2026-02-20 17:00:00,2026-02-20 11:00:00,0.0,0.0898,0.415,0.1381,T2,7.0,1,4.0433,1.775,11.7167,0.0,2026-02-20 10:00:00
2026-02-20 18:00:00,2026-02-20 12:00:00,0.0,0.0427,0.2711,0.1082,T2,8.0,1,3.2267,2.225,10.1667,0.0,2026-02-20 10:00:00
2026-02-20 19:00:00,2026-02-20 13:00:00,0.0,0.0673,0.2833,0.1472,T2,9.0,1,4.21,1.985,8.8833,0.0,2026-02-20 10:00:00
2026-02-20 20:00:00,2026-02-20 14:00:00,0.0,0.1509,0.5554,0.2753,T2,10.0,1,6.3283,7.335,8.0167,0.0,2026-02-20 10:00:00
2026-02-20 21:00:00,2026-02-20 15:00:00,0.0,0.3218,0.8288,0.3974,T2,11.0,1,7.5367,10.73,7.4167,0.0,2026-02-20 10:00:00
2026-02-20 22:00:00,2026-02-20 16:00:00,0.0,0.4448,0.9322,0.4837,T2,12.0,1,8.61,11.715,7.2,0.0,2026-02-20 10:00:00
2026-02-20 23:00:00,2026-02-20 17:00:00,0.0,0.5195,0.97,0.6587,T2,13.0,1,9.9233,9.075,6.95,0.0,2026-02-20 10:00:00
2026-02-21 00:00:00,2026-02-20 18:00:00,0.0075,0.6293,0.9602,0.7338,T2,14.0,1,10.6533,6.785,6.5333,0.0,2026-02-20 10:00:00
2026-02-21 01:00:00,2026-02-20 19:00:00,0.0712,0.6315,0.9609,0.7415,T2,15.0,1,10.6767,6.555,6.05,0.0,2026-02-20 10:00:00
2026-02-21 02:00:00,2026-02-20 20:00:00,0.0064,0.6452,0.9533,0.723,T2,16.0,1,10.4867,6.265,5.6333,0.0,2026-02-20 10:00:00
2026-02-21 03:00:00,2026-02-20 21:00:00,0.0,0.4971,0.8992,0.681,T2,17.0,1,10.145,5.895,5.2667,0.0,2026-02-20 10:00:00
2026-02-21 04:00:00,2026-02-20 22:00:00,0.0,0.5103,0.8708,0.6794,T2,18.0,2,9.9983,1.15,5.2667,0.0,2026-02-20 10:00:00
2026-02-21 05:00:00,2026-02-20 23:00:00,0.0596,0.5466,0.9014,0.6587,T2,19.0,2,9.88,0.765,5.1167,0.0,2026-02-20 10:00:00
2026-02-21 06:00:00,2026-02-21 00:00:00,0.0,0.4618,0.8702,0.6587,T2,20.0,2,9.8767,0.69,5.2167,0.0,2026-02-20 10:00:00
2026-02-21 07:00:00,2026-02-21 01:00:00,0.0,0.5037,0.8859,0.648,T2,21.0,2,9.7567,2.04,5.5,0.0,2026-02-20 10:00:00
2026-02-21 08:00:00,2026-02-21 02:00:00,0.0,0.4898,0.9201,0.5709,T2,22.0,2,9.285,2.855,6.0,0.0,2026-02-20 10:00:00
2026-02-21 09:00:00,2026-02-21 03:00:00,0.0,0.1872,0.7996,0.3974,T2,23.0,2,7.58,3.445,7.0,0.0,2026-02-20 10:00:00
2026-02-21 10:00:00,2026-02-21 04:00:00,0.0,0.1538,0.657,0.2732,T2,24.0,2,6.16,3.89,8.0667,0.0,2026-02-20 10:00:00
2026-02-21 11:00:00,2026-02-21 05:00:00,0.0,0.3677,0.8638,0.3725,T2,25.0,2,7.4267,5.85,8.8,0.0,2026-02-20 10:00:00
2026-02-21 12:00:00,2026-02-21 06:00:00,0.0,0.6783,0.97,0.5984,T2,26.0,2,9.5133,7.57,9.2667,0.0,2026-02-20 10:00:00
2026-02-21 13:00:00,2026-02-21 07:00:00,0.235,0.8127,0.97,0.7639,T2,27.0,2,11.2783,4.645,9.1667,0.0,2026-02-20 10:00:00
2026-02-21 14:00:00,2026-02-21 08:00:00,0.0737,0.8145,0.9529,0.8017,T2,28.0,2,12.1417,7.005,8.7167,0.0,2026-02-20 10:00:00
2026-02-21 15:00:00,2026-02-21 09:00:00,0.1343,0.6852,0.9529,0.7536,T2,29.0,2,10.8483,5.71,8.3833,0.0,2026-02-20 10:00:00
2026-02-21 16:00:00,2026-02-21 10:00:00,0.0066,0.4823,0.9539,0.5709,T2,30.0,2,9.335,4.335,7.9167,0.0,2026-02-20 10:00:00
2026-02-21 17:00:00,2026-02-21 11:00:00,0.0,0.438,0.8773,0.4461,T2,31.0,2,8.205,4.13,6.9,0.0,2026-02-20 10:00:00
2026-02-21 18:00:00,2026-02-21 12:00:00,0.0,0.3307,0.7219,0.3567,T2,32.0,2,7.0917,4.46,6.0833,0.0,2026-02-20 10:00:00
2026-02-21 19:00:00,2026-02-21 13:00:00,0.0,0.2972,0.7611,0.3243,T2,33.0,2,6.7517,3.085,5.9167,0.0,2026-02-20 10:00:00
2026-02-21 20:00:00,2026-02-21 14:00:00,0.0,0.4476,0.8807,0.4057,T2,34.0,2,7.69,0.94,5.7667,0.0,2026-02-20 10:00:00
2026-02-21 21:00:00,2026-02-21 15:00:00,0.0,0.6959,0.9627,0.6301,T2,35.0,2,9.575,5.89,5.4,0.0,2026-02-20 10:00:00
2026-02-21 22:00:00,2026-02-21 16:00:00,0.0504,0.8224,0.97,0.681,T2,36.0,2,10.0667,7.75,5.0167,0.0,2026-02-20 10:00:00
2026-02-21 23:00:00,2026-02-21 17:00:00,0.0,0.7335,0.97,0.5984,T2,37.0,2,9.4517,6.215,4.8833,0.0,2026-02-20 10:00:00
2026-02-22 00:00:00,2026-02-21 18:00:00,0.0,0.7261,0.9671,0.5709,T2,38.0,2,9.3733,5.62,4.4833,0.0,2026-02-20 10:00:00
2026-02-22 01:00:00,2026-02-21 19:00:00,0.0,0.6426,0.9588,0.5417,T2,39.0,2,9.0033,5.555,3.6833,0.0,2026-02-20 10:00:00
2026-02-22 02:00:00,2026-02-21 20:00:00,0.0,0.4214,0.9219,0.4253,T2,40.0,2,7.9817,5.35,2.85,0.0,2026-02-20 10:00:00
2026-02-22 03:00:00,2026-02-21 21:00:00,0.0,0.2705,0.8533,0.2981,T2,41.0,2,6.48,4.985,2.0167,0.0,2026-02-20 10:00:00
2026-02-22 04:00:00,2026-02-21 22:00:00,0.0,0.2072,0.7205,0.2678,T2,42.0,3,5.9317,3.845,1.6333,0.0,2026-02-20 10:00:00
2026-02-22 05:00:00,2026-02-21 23:00:00,0.0,0.1299,0.5941,0.2111,T2,43.0,3,5.235,2.835,0.9333,0.0,2026-02-20 10:00:00
2026-02-22 06:00:00,2026-02-22 00:00:00,0.0,0.0897,0.4935,0.1732,T2,44.0,3,4.5883,2.35,0.5667,0.0,2026-02-20 10:00:00
2026-02-22 07:00:00,2026-02-22 01:00:00,0.0,0.0704,0.4019,0.1275,T2,45.0,3,3.68,3.165,0.55,0.0,2026-02-20 10:00:00
2026-02-22 08:00:00,2026-02-22 02:00:00,0.0064,0.0142,0.2552,0.0835,T2,46.0,3,2.825,2.8,1.15,0.0,2026-02-20 10:00:00
2026-02-22 09:00:00,2026-02-22 03:00:00,0.0067,0.0139,0.2021,0.0741,T2,47.0,3,2.175,0.395,2.5667,0.0,2026-02-20 10:00:00
2026-02-22 10:00:00,2026-02-22 04:00:00,0.0058,0.0166,0.1901,0.0619,T2,48.0,3,1.65,1.67,4.15,0.0,2026-02-20 10:00:00
2026-02-20 11:00:00,2026-02-20 05:00:00,0.0,0.2912,0.8453,0.331,ВЭС,1.0,1,6.8467,1.21,11.9167,0.0,2026-02-20 10:00:00
2026-02-20 12:00:00,2026-02-20 06:00:00,0.0,0.3317,0.8051,0.3243,ВЭС,2.0,1,6.6883,1.64,12.6667,0.0,2026-02-20 10:00:00
2026-02-20 13:00:00,2026-02-20 07:00:00,0.0,0.2776,0.6377,0.2678,ВЭС,3.0,1,6.045,1.43,13.5333,0.0,2026-02-20 10:00:00
2026-02-20 14:00:00,2026-02-20 08:00:00,0.0,0.1929,0.5454,0.2206,ВЭС,4.0,1,5.4233,1.105,13.9,0.0,2026-02-20 10:00:00
2026-02-20 15:00:00,2026-02-20 09:00:00,0.0,0.1657,0.5376,0.1887,ВЭС,5.0,1,4.9933,0.425,13.7,0.0,2026-02-20 10:00:00
2026-02-20 16:00:00,2026-02-20 10:00:00,0.0,0.1461,0.4889,0.1732,ВЭС,6.0,1,4.6567,0.755,12.9333,0.0,2026-02-20 10:00:00
2026-02-20 17:00:00,2026-02-20 11:00:00,0.0,0.0893,0.415,0.1381,ВЭС,7.0,1,4.0433,1.775,11.7167,0.0,2026-02-20 10:00:00
2026-02-20 18:00:00,2026-02-20 12:00:00,0.0,0.0422,0.2711,0.1082,ВЭС,8.0,1,3.2267,2.225,10.1667,0.0,2026-02-20 10:00:00
2026-02-20 19:00:00,2026-02-20 13:00:00,0.0,0.0669,0.2833,0.1472,ВЭС,9.0,1,4.21,1.985,8.8833,0.0,2026-02-20 10:00:00
2026-02-20 20:00:00,2026-02-20 14:00:00,0.0,0.1528,0.5554,0.2753,ВЭС,10.0,1,6.3283,7.335,8.0167,0.0,2026-02-20 10:00:00
2026-02-20 21:00:00,2026-02-20 15:00:00,0.0,0.3222,0.8309,0.3974,ВЭС,11.0,1,7.5367,10.73,7.4167,0.0,2026-02-20 10:00:00
2026-02-20 22:00:00,2026-02-20 16:00:00,0.0,0.4485,0.9355,0.4837,ВЭС,12.0,1,8.61,11.715,7.2,0.0,2026-02-20 10:00:00
2026-02-20 23:00:00,2026-02-20 17:00:00,0.0,0.5227,0.9774,0.6587,ВЭС,13.0,1,9.9233,9.075,6.95,0.0,2026-02-20 10:00:00
2026-02-21 00:00:00,2026-02-20 18:00:00,0.0037,0.6318,0.9629,0.7338,ВЭС,14.0,1,10.6533,6.785,6.5333,0.0,2026-02-20 10:00:00
2026-02-21 01:00:00,2026-02-20 19:00:00,0.05,0.6341,0.9638,0.7415,ВЭС,15.0,1,10.6767,6.555,6.05,0.0,2026-02-20 10:00:00
2026-02-21 02:00:00,2026-02-20 20:00:00,0.0032,0.6478,0.9563,0.723,ВЭС,16.0,1,10.4867,6.265,5.6333,0.0,2026-02-20 10:00:00
2026-02-21 03:00:00,2026-02-20 21:00:00,0.0,0.5038,0.902,0.681,ВЭС,17.0,1,10.145,5.895,5.2667,0.0,2026-02-20 10:00:00
2026-02-21 04:00:00,2026-02-20 22:00:00,0.0,0.5146,0.8711,0.6794,ВЭС,18.0,2,9.9983,1.15,5.2667,0.0,2026-02-20 10:00:00
2026-02-21 05:00:00,2026-02-20 23:00:00,0.0739,0.5542,0.9015,0.6587,ВЭС,19.0,2,9.88,0.765,5.1167,0.0,2026-02-20 10:00:00
2026-02-21 06:00:00,2026-02-21 00:00:00,0.0091,0.4669,0.8704,0.6587,ВЭС,20.0,2,9.8767,0.69,5.2167,0.0,2026-02-20 10:00:00
2026-02-21 07:00:00,2026-02-21 01:00:00,0.0,0.5083,0.8869,0.648,ВЭС,21.0,2,9.7567,2.04,5.5,0.0,2026-02-20 10:00:00
2026-02-21 08:00:00,2026-02-21 02:00:00,0.0,0.4937,0.9206,0.5709,ВЭС,22.0,2,9.285,2.855,6.0,0.0,2026-02-20 10:00:00
2026-02-21 09:00:00,2026-02-21 03:00:00,0.0,0.1894,0.7996,0.3974,ВЭС,23.0,2,7.58,3.445,7.0,0.0,2026-02-20 10:00:00
2026-02-21 10:00:00,2026-02-21 04:00:00,0.0,0.1541,0.657,0.2732,ВЭС,24.0,2,6.16,3.89,8.0667,0.0,2026-02-20 10:00:00
2026-02-21 11:00:00,2026-02-21 05:00:00,0.0,0.3686,0.8649,0.3725,ВЭС,25.0,2,7.4267,5.85,8.8,0.0,2026-02-20 10:00:00
2026-02-21 12:00:00,2026-02-21 06:00:00,0.0069,0.6792,0.98,0.5984,ВЭС,26.0,2,9.5133,7.57,9.2667,0.0,2026-02-20 10:00:00
2026-02-21 13:00:00,2026-02-21 07:00:00,0.2312,0.8135,0.9796,0.7639,ВЭС,27.0,2,11.2783,4.645,9.1667,0.0,2026-02-20 10:00:00
2026-02-21 14:00:00,2026-02-21 08:00:00,0.1048,0.8112,0.9606,0.8017,ВЭС,28.0,2,12.1417,7.005,8.7167,0.0,2026-02-20 10:00:00
2026-02-21 15:00:00,2026-02-21 09:00:00,0.0858,0.6824,0.9595,0.7536,ВЭС,29.0,2,10.8483,5.71,8.3833,0.0,2026-02-20 10:00:00
2026-02-21 16:00:00,2026-02-21 10:00:00,0.0101,0.4819,0.9568,0.5709,ВЭС,30.0,2,9.335,4.335,7.9167,0.0,2026-02-20 10:00:00
2026-02-21 17:00:00,2026-02-21 11:00:00,0.0,0.4377,0.8773,0.4461,ВЭС,31.0,2,8.205,4.13,6.9,0.0,2026-02-20 10:00:00
2026-02-21 18:00:00,2026-02-21 12:00:00,0.0,0.3304,0.7219,0.3567,ВЭС,32.0,2,7.0917,4.46,6.0833,0.0,2026-02-20 10:00:00
2026-02-21 19:00:00,2026-02-21 13:00:00,0.0,0.3024,0.7611,0.3243,ВЭС,33.0,2,6.7517,3.085,5.9167,0.0,2026-02-20 10:00:00
2026-02-21 20:00:00,2026-02-21 14:00:00,0.0,0.4478,0.8807,0.4057,ВЭС,34.0,2,7.69,0.94,5.7667,0.0,2026-02-20 10:00:00
2026-02-21 21:00:00,2026-02-21 15:00:00,0.0535,0.6963,0.9666,0.6301,ВЭС,35.0,2,9.575,5.89,5.4,0.0,2026-02-20 10:00:00
2026-02-21 22:00:00,2026-02-21 16:00:00,0.0975,0.823,0.9743,0.681,ВЭС,36.0,2,10.0667,7.75,5.0167,0.0,2026-02-20 10:00:00
2026-02-21 23:00:00,2026-02-21 17:00:00,0.01,0.7324,0.975,0.5984,ВЭС,37.0,2,9.4517,6.215,4.8833,0.0,2026-02-20 10:00:00
2026-02-22 00:00:00,2026-02-21 18:00:00,0.0,0.7253,0.9702,0.5709,ВЭС,38.0,2,9.3733,5.62,4.4833,0.0,2026-02-20 10:00:00
2026-02-22 01:00:00,2026-02-21 19:00:00,0.0,0.6418,0.9617,0.5417,ВЭС,39.0,2,9.0033,5.555,3.6833,0.0,2026-02-20 10:00:00
2026-02-22 02:00:00,2026-02-21 20:00:00,0.0,0.4205,0.9219,0.4253,ВЭС,40.0,2,7.9817,5.35,2.85,0.0,2026-02-20 10:00:00
2026-02-22 03:00:00,2026-02-21 21:00:00,0.0,0.2708,0.8534,0.2981,ВЭС,41.0,2,6.48,4.985,2.0167,0.0,2026-02-20 10:00:00
2026-02-22 04:00:00,2026-02-21 22:00:00,0.0,0.2079,0.7205,0.2678,ВЭС,42.0,3,5.9317,3.845,1.6333,0.0,2026-02-20 10:00:00
2026-02-22 05:00:00,2026-02-21 23:00:00,0.0,0.1305,0.5941,0.2111,ВЭС,43.0,3,5.235,2.835,0.9333,0.0,2026-02-20 10:00:00
2026-02-22 06:00:00,2026-02-22 00:00:00,0.0,0.0903,0.4935,0.1732,ВЭС,44.0,3,4.5883,2.35,0.5667,0.0,2026-02-20 10:00:00
2026-02-22 07:00:00,2026-02-22 01:00:00,0.0,0.0709,0.4019,0.1275,ВЭС,45.0,3,3.68,3.165,0.55,0.0,2026-02-20 10:00:00
2026-02-22 08:00:00,2026-02-22 02:00:00,0.0072,0.0147,0.2552,0.0835,ВЭС,46.0,3,2.825,2.8,1.15,0.0,2026-02-20 10:00:00
2026-02-22 09:00:00,2026-02-22 03:00:00,0.0074,0.0142,0.2021,0.0741,ВЭС,47.0,3,2.175,0.395,2.5667,0.0,2026-02-20 10:00:00
2026-02-22 10:00:00,2026-02-22 04:00:00,0.0064,0.017,0.1901,0.0619,ВЭС,48.0,3,1.65,1.67,4.15,0.0,2026-02-20 10:00:00
2026-02-20 23:00:00,2026-02-20 17:00:00,0.0,0.5258,0.9849,0.6587,T1,1.0,1,9.9233,9.075,6.95,0.0,2026-02-20 22:00:00
2026-02-21 00:00:00,2026-02-20 18:00:00,0.0,0.6344,0.9656,0.7338,T1,2.0,1,10.6533,6.785,6.5333,0.0,2026-02-20 22:00:00
2026-02-21 01:00:00,2026-02-20 19:00:00,0.0288,0.6368,0.9667,0.7415,T1,3.0,1,10.6767,6.555,6.05,0.0,2026-02-20 22:00:00
2026-02-21 02:00:00,2026-02-20 20:00:00,0.0,0.6503,0.9593,0.723,T1,4.0,1,10.4867,6.265,5.6333,0.0,2026-02-20 22:00:00
2026-02-21 03:00:00,2026-02-20 21:00:00,0.0,0.5105,0.9049,0.681,T1,5.0,1,10.145,5.895,5.2667,0.0,2026-02-20 22:00:00
2026-02-21 04:00:00,2026-02-20 22:00:00,0.0,0.5006,0.8919,0.6587,T1,6.0,1,9.9267,4.94,4.8833,0.0,2026-02-20 22:00:00
2026-02-21 05:00:00,2026-02-20 23:00:00,0.0,0.5322,0.8921,0.6794,T1,7.0,1,9.9817,3.595,4.5667,0.0,2026-02-20 22:00:00
2026-02-21 06:00:00,2026-02-21 00:00:00,0.0,0.5016,0.9145,0.6794,T1,8.0,1,9.9617,2.91,4.4333,0.0,2026-02-20 22:00:00
2026-02-21 07:00:00,2026-02-21 01:00:00,0.0507,0.5518,0.9275,0.6587,T1,9.0,1,9.92,3.38,4.6167,0.0,2026-02-20 22:00:00
2026-02-21 08:00:00,2026-02-21 02:00:00,0.0,0.5081,0.9248,0.5984,T1,10.0,1,9.545,2.845,5.3,0.0,2026-02-20 22:00:00
2026-02-21 09:00:00,2026-02-21 03:00:00,0.0,0.2487,0.8379,0.4309,T1,11.0,1,8.1233,3.65,6.4833,0.0,2026-02-20 22:00:00
2026-02-21 10:00:00,2026-02-21 04:00:00,0.0,0.1024,0.4865,0.2388,T1,12.0,1,5.795,4.33,7.7,0.0,2026-02-20 22:00:00
2026-02-21 11:00:00,2026-02-21 05:00:00,0.0,0.2675,0.7359,0.2753,T1,13.0,1,6.2883,4.18,8.4167,0.0,2026-02-20 22:00:00
2026-02-21 12:00:00,2026-02-21 06:00:00,0.328,0.8654,0.9876,0.7831,T1,14.0,1,11.6933,5.78,8.6833,0.0,2026-02-20 22:00:00
2026-02-21 13:00:00,2026-02-21 07:00:00,0.7968,0.9765,0.99,0.8986,T1,15.0,1,14.2617,3.64,8.6167,0.0,2026-02-20 22:00:00
2026-02-21 14:00:00,2026-02-21 08:00:00,0.8293,0.99,0.99,0.8986,T1,16.0,1,13.65,3.2,8.4333,0.0,2026-02-20 22:00:00
2026-02-21 15:00:00,2026-02-21 09:00:00,0.7833,0.9663,0.99,0.8813,T1,17.0,1,13.065,3.87,8.1,0.0,2026-02-20 22:00:00
2026-02-21 16:00:00,2026-02-21 10:00:00,0.0135,0.4816,0.9596,0.5709,T1,18.0,2,9.335,4.335,7.9167,0.0,2026-02-20 22:00:00
2026-02-21 17:00:00,2026-02-21 11:00:00,0.0,0.4373,0.8773,0.4461,T1,19.0,2,8.205,4.13,6.9,0.0,2026-02-20 22:00:00
2026-02-21 18:00:00,2026-02-21 12:00:00,0.0,0.33,0.7219,0.3567,T1,20.0,2,7.0917,4.46,6.0833,0.0,2026-02-20 22:00:00
2026-02-21 19:00:00,2026-02-21 13:00:00,0.0,0.3076,0.761,0.3243,T1,21.0,2,6.7517,3.085,5.9167,0.0,2026-02-20 22:00:00
2026-02-21 20:00:00,2026-02-21 14:00:00,0.0,0.448,0.8807,0.4057,T1,22.0,2,7.69,0.94,5.7667,0.0,2026-02-20 22:00:00
2026-02-21 21:00:00,2026-02-21 15:00:00,0.107,0.6966,0.9706,0.6301,T1,23.0,2,9.575,5.89,5.4,0.0,2026-02-20 22:00:00
2026-02-21 22:00:00,2026-02-21 16:00:00,0.1447,0.8236,0.9786,0.681,T1,24.0,2,10.0667,7.75,5.0167,0.0,2026-02-20 22:00:00
2026-02-21 23:00:00,2026-02-21 17:00:00,0.0201,0.7313,0.98,0.5984,T1,25.0,2,9.4517,6.215,4.8833,0.0,2026-02-20 22:00:00
2026-02-22 00:00:00,2026-02-21 18:00:00,0.0,0.7245,0.9734,0.5709,T1,26.0,2,9.3733,5.62,4.4833,0.0,2026-02-20 22:00:00
2026-02-22 01:00:00,2026-02-21 19:00:00,0.0,0.6411,0.9646,0.5417,T1,27.0,2,9.0033,5.555,3.6833,0.0,2026-02-20 22:00:00
2026-02-22 02:00:00,2026-02-21 20:00:00,0.0,0.4197,0.922,0.4253,T1,28.0,2,7.9817,5.35,2.85,0.0,2026-02-20 22:00:00
2026-02-22 03:00:00,2026-02-21 21:00:00,0.0,0.2712,0.8534,0.2981,T1,29.0,2,6.48,4.985,2.0167,0.0,2026-02-20 22:00:00
2026-02-22 04:00:00,2026-02-21 22:00:00,0.0,0.0992,0.5727,0.1732,T1,30.0,2,4.67,5.12,1.2333,0.0,2026-02-20 22:00:00
2026-02-22 05:00:00,2026-02-21 23:00:00,0.0021,0.0295,0.4157,0.115,T1,31.0,2,3.4483,5.3,0.9833,0.0,2026-02-20 22:00:00
2026-02-22 06:00:00,2026-02-22 00:00:00,0.0066,0.01,0.2356,0.0923,T1,32.0,2,2.8933,3.835,1.05,0.0,2026-02-20 22:00:00
2026-02-22 07:00:00,2026-02-22 01:00:00,0.0076,0.016,0.1582,0.0741,T1,33.0,2,2.3767,1.175,1.0,0.0,2026-02-20 22:00:00
2026-02-22 08:00:00,2026-02-22 02:00:00,0.0089,0.0126,0.1461,0.0687,T1,34.0,2,2.075,2.195,1.4,0.0,2026-02-20 22:00:00
2026-02-22 09:00:00,2026-02-22 03:00:00,0.0093,0.0119,0.2269,0.0835,T1,35.0,2,2.8,5.195,2.8333,0.0,2026-02-20 22:00:00
2026-02-22 10:00:00,2026-02-22 04:00:00,0.0,0.0867,0.399,0.1636,T1,36.0,2,4.4717,7.935,4.6833,0.0,2026-02-20 22:00:00
2026-02-22 11:00:00,2026-02-22 05:00:00,0.0,0.2071,0.8489,0.3543,T1,37.0,2,6.98,8.36,6.7833,0.0,2026-02-20 22:00:00
2026-02-22 12:00:00,2026-02-22 06:00:00,0.003,0.6464,0.9794,0.5417,T1,38.0,2,9.1367,7.975,8.6167,0.0,2026-02-20 22:00:00
2026-02-22 13:00:00,2026-02-22 07:00:00,0.1372,0.8831,0.99,0.65,T1,39.0,2,9.8417,5.595,9.4833,0.0,2026-02-20 22:00:00
2026-02-22 14:00:00,2026-02-22 08:00:00,0.4609,0.9511,0.99,0.681,T1,40.0,2,10.1967,3.7,9.9,0.0,2026-02-20 22:00:00
2026-02-22 15:00:00,2026-02-22 09:00:00,0.5619,0.976,0.99,0.6898,T1,41.0,2,10.4433,3.6,9.9,0.0,2026-02-20 22:00:00
2026-02-22 16:00:00,2026-02-22 10:00:00,0.4686,0.983,0.99,0.7639,T1,42.0,3,11.0917,4.495,9.5167,0.0,2026-02-20 22:00:00
2026-02-22 17:00:00,2026-02-22 11:00:00,0.3543,0.8901,0.99,0.7639,T1,43.0,3,10.985,3.705,8.4,0.0,2026-02-20 22:00:00
2026-02-22 18:00:00,2026-02-22 12:00:00,0.3319,0.8959,0.99,0.7639,T1,44.0,3,10.95,2.925,7.0,0.0,2026-02-20 22:00:00
2026-02-22 19:00:00,2026-02-22 13:00:00,0.3835,0.9573,0.99,0.7639,T1,45.0,3,10.9683,2.515,6.0167,0.0,2026-02-20 22:00:00
2026-02-22 20:00:00,2026-02-22 14:00:00,0.2127,0.9582,0.99,0.723,T1,46.0,3,10.4883,1.805,5.2333,0.0,2026-02-20 22:00:00
2026-02-22 21:00:00,2026-02-22 15:00:00,0.2133,0.9123,0.99,0.681,T1,47.0,3,10.11,0.58,4.7333,0.0,2026-02-20 22:00:00
2026-02-22 22:00:00,2026-02-22 16:00:00,0.2495,0.8145,0.99,0.6794,T1,48.0,3,10.0333,1.12,4.4667,0.0,2026-02-20 22:00:00
2026-02-20 23:00:00,2026-02-20 17:00:00,0.0,0.5195,0.97,0.6587,T2,1.0,1,9.9233,9.075,6.95,0.0,2026-02-20 22:00:00
2026-02-21 00:00:00,2026-02-20 18:00:00,0.0075,0.6293,0.9602,0.7338,T2,2.0,1,10.6533,6.785,6.5333,0.0,2026-02-20 22:00:00
2026-02-21 01:00:00,2026-02-20 19:00:00,0.0712,0.6315,0.9609,0.7415,T2,3.0,1,10.6767,6.555,6.05,0.0,2026-02-20 22:00:00
2026-02-21 02:00:00,2026-02-20 20:00:00,0.0064,0.6452,0.9533,0.723,T2,4.0,1,10.4867,6.265,5.6333,0.0,2026-02-20 22:00:00
2026-02-21 03:00:00,2026-02-20 21:00:00,0.0,0.4971,0.8992,0.681,T2,5.0,1,10.145,5.895,5.2667,0.0,2026-02-20 22:00:00
2026-02-21 04:00:00,2026-02-20 22:00:00,0.0,0.4848,0.8873,0.6587,T2,6.0,1,9.9267,4.94,4.8833,0.0,2026-02-20 22:00:00
2026-02-21 05:00:00,2026-02-20 23:00:00,0.0291,0.5163,0.8898,0.6794,T2,7.0,1,9.9817,3.595,4.5667,0.0,2026-02-20 22:00:00
2026-02-21 06:00:00,2026-02-21 00:00:00,0.0208,0.4857,0.9127,0.6794,T2,8.0,1,9.9617,2.91,4.4333,0.0,2026-02-20 22:00:00
2026-02-21 07:00:00,2026-02-21 01:00:00,0.033,0.5283,0.9259,0.6587,T2,9.0,1,9.92,3.38,4.6167,0.0,2026-02-20 22:00:00
2026-02-21 08:00:00,2026-02-21 02:00:00,0.0,0.4988,0.923,0.5984,T2,10.0,1,9.545,2.845,5.3,0.0,2026-02-20 22:00:00
2026-02-21 09:00:00,2026-02-21 03:00:00,0.0,0.2443,0.8379,0.4309,T2,11.0,1,8.1233,3.65,6.4833,0.0,2026-02-20 22:00:00
2026-02-21 10:00:00,2026-02-21 04:00:00,0.0,0.0988,0.4865,0.2388,T2,12.0,1,5.795,4.33,7.7,0.0,2026-02-20 22:00:00
2026-02-21 11:00:00,2026-02-21 05:00:00,0.0,0.2663,0.7359,0.2753,T2,13.0,1,6.2883,4.18,8.4167,0.0,2026-02-20 22:00:00
2026-02-21 12:00:00,2026-02-21 06:00:00,0.3036,0.8677,0.97,0.7831,T2,14.0,1,11.6933,5.78,8.6833,0.0,2026-02-20 22:00:00
2026-02-21 13:00:00,2026-02-21 07:00:00,0.786,0.9643,0.97,0.8986,T2,15.0,1,14.2617,3.64,8.6167,0.0,2026-02-20 22:00:00
2026-02-21 14:00:00,2026-02-21 08:00:00,0.7949,0.97,0.97,0.8986,T2,16.0,1,13.65,3.2,8.4333,0.0,2026-02-20 22:00:00
2026-02-21 15:00:00,2026-02-21 09:00:00,0.7062,0.9557,0.97,0.8813,T2,17.0,1,13.065,3.87,8.1,0.0,2026-02-20 22:00:00
2026-02-21 16:00:00,2026-02-21 10:00:00,0.0066,0.4823,0.9539,0.5709,T2,18.0,2,9.335,4.335,7.9167,0.0,2026-02-20 22:00:00
2026-02-21 17:00:00,2026-02-21 11:00:00,0.0,0.438,0.8773,0.4461,T2,19.0,2,8.205,4.13,6.9,0.0,2026-02-20 22:00:00
2026-02-21 18:00:00,2026-02-21 12:00:00,0.0,0.3307,0.7219,0.3567,T2,20.0,2,7.0917,4.46,6.0833,0.0,2026-02-20 22:00:00
2026-02-21 19:00:00,2026-02-21 13:00:00,0.0,0.2972,0.7611,0.3243,T2,21.0,2,6.7517,3.085,5.9167,0.0,2026-02-20 22:00:00
2026-02-21 20:00:00,2026-02-21 14:00:00,0.0,0.4476,0.8807,0.4057,T2,22.0,2,7.69,0.94,5.7667,0.0,2026-02-20 22:00:00
2026-02-21 21:00:00,2026-02-21 15:00:00,0.0,0.6959,0.9627,0.6301,T2,23.0,2,9.575,5.89,5.4,0.0,2026-02-20 22:00:00
2026-02-21 22:00:00,2026-02-21 16:00:00,0.0504,0.8224,0.97,0.681,T2,24.0,2,10.0667,7.75,5.0167,0.0,2026-02-20 22:00:00
2026-02-21 23:00:00,2026-02-21 17:00:00,0.0,0.7335,0.97,0.5984,T2,25.0,2,9.4517,6.215,4.8833,0.0,2026-02-20 22:00:00
2026-02-22 00:00:00,2026-02-21 18:00:00,0.0,0.7261,0.9671,0.5709,T2,26.0,2,9.3733,5.62,4.4833,0.0,2026-02-20 22:00:00
2026-02-22 01:00:00,2026-02-21 19:00:00,0.0,0.6426,0.9588,0.5417,T2,27.0,2,9.0033,5.555,3.6833,0.0,2026-02-20 22:00:00
2026-02-22 02:00:00,2026-02-21 20:00:00,0.0,0.4214,0.9219,0.4253,T2,28.0,2,7.9817,5.35,2.85,0.0,2026-02-20 22:00:00
2026-02-22 03:00:00,2026-02-21 21:00:00,0.0,0.2705,0.8533,0.2981,T2,29.0,2,6.48,4.985,2.0167,0.0,2026-02-20 22:00:00
2026-02-22 04:00:00,2026-02-21 22:00:00,0.0,0.0985,0.5727,0.1732,T2,30.0,2,4.67,5.12,1.2333,0.0,2026-02-20 22:00:00
2026-02-22 05:00:00,2026-02-21 23:00:00,0.0005,0.0286,0.4157,0.115,T2,31.0,2,3.4483,5.3,0.9833,0.0,2026-02-20 22:00:00
2026-02-22 06:00:00,2026-02-22 00:00:00,0.0064,0.0081,0.2356,0.0923,T2,32.0,2,2.8933,3.835,1.05,0.0,2026-02-20 22:00:00
2026-02-22 07:00:00,2026-02-22 01:00:00,0.0051,0.0152,0.1582,0.0741,T2,33.0,2,2.3767,1.175,1.0,0.0,2026-02-20 22:00:00
2026-02-22 08:00:00,2026-02-22 02:00:00,0.0066,0.0119,0.1461,0.0687,T2,34.0,2,2.075,2.195,1.4,0.0,2026-02-20 22:00:00
2026-02-22 09:00:00,2026-02-22 03:00:00,0.0074,0.0111,0.2269,0.0835,T2,35.0,2,2.8,5.195,2.8333,0.0,2026-02-20 22:00:00
2026-02-22 10:00:00,2026-02-22 04:00:00,0.0,0.0821,0.399,0.1636,T2,36.0,2,4.4717,7.935,4.6833,0.0,2026-02-20 22:00:00
2026-02-22 11:00:00,2026-02-22 05:00:00,0.0,0.2048,0.8436,0.3543,T2,37.0,2,6.98,8.36,6.7833,0.0,2026-02-20 22:00:00
2026-02-22 12:00:00,2026-02-22 06:00:00,0.0,0.6466,0.97,0.5417,T2,38.0,2,9.1367,7.975,8.6167,0.0,2026-02-20 22:00:00
2026-02-22 13:00:00,2026-02-22 07:00:00,0.0548,0.8846,0.97,0.65,T2,39.0,2,9.8417,5.595,9.4833,0.0,2026-02-20 22:00:00
2026-02-22 14:00:00,2026-02-22 08:00:00,0.5413,0.9495,0.97,0.681,T2,40.0,2,10.1967,3.7,9.9,0.0,2026-02-20 22:00:00
2026-02-22 15:00:00,2026-02-22 09:00:00,0.6366,0.97,0.97,0.6898,T2,41.0,2,10.4433,3.6,9.9,0.0,2026-02-20 22:00:00
2026-02-22 16:00:00,2026-02-22 10:00:00,0.5329,0.97,0.97,0.7639,T2,42.0,3,11.0917,4.495,9.5167,0.0,2026-02-20 22:00:00
2026-02-22 17:00:00,2026-02-22 11:00:00,0.3452,0.8914,0.97,0.7639,T2,43.0,3,10.985,3.705,8.4,0.0,2026-02-20 22:00:00
2026-02-22 18:00:00,2026-02-22 12:00:00,0.209,0.8964,0.97,0.7639,T2,44.0,3,10.95,2.925,7.0,0.0,2026-02-20 22:00:00
2026-02-22 19:00:00,2026-02-22 13:00:00,0.4044,0.9578,0.97,0.7639,T2,45.0,3,10.9683,2.515,6.0167,0.0,2026-02-20 22:00:00
2026-02-22 20:00:00,2026-02-22 14:00:00,0.3141,0.9495,0.97,0.723,T2,46.0,3,10.4883,1.805,5.2333,0.0,2026-02-20 22:00:00
2026-02-22 21:00:00,2026-02-22 15:00:00,0.1116,0.9036,0.97,0.681,T2,47.0,3,10.11,0.58,4.7333,0.0,2026-02-20 22:00:00
2026-02-22 22:00:00,2026-02-22 16:00:00,0.1187,0.8026,0.97,0.6794,T2,48.0,3,10.0333,1.12,4.4667,0.0,2026-02-20 22:00:00
2026-02-20 23:00:00,2026-02-20 17:00:00,0.0,0.5227,0.9774,0.6587,ВЭС,1.0,1,9.9233,9.075,6.95,0.0,2026-02-20 22:00:00
2026-02-21 00:00:00,2026-02-20 18:00:00,0.0037,0.6318,0.9629,0.7338,ВЭС,2.0,1,10.6533,6.785,6.5333,0.0,2026-02-20 22:00:00
2026-02-21 01:00:00,2026-02-20 19:00:00,0.05,0.6341,0.9638,0.7415,ВЭС,3.0,1,10.6767,6.555,6.05,0.0,2026-02-20 22:00:00
2026-02-21 02:00:00,2026-02-20 20:00:00,0.0032,0.6478,0.9563,0.723,ВЭС,4.0,1,10.4867,6.265,5.6333,0.0,2026-02-20 22:00:00
2026-02-21 03:00:00,2026-02-20 21:00:00,0.0,0.5038,0.902,0.681,ВЭС,5.0,1,10.145,5.895,5.2667,0.0,2026-02-20 22:00:00
2026-02-21 04:00:00,2026-02-20 22:00:00,0.0,0.4927,0.8896,0.6587,ВЭС,6.0,1,9.9267,4.94,4.8833,0.0,2026-02-20 22:00:00
2026-02-21 05:00:00,2026-02-20 23:00:00,0.0146,0.5242,0.891,0.6794,ВЭС,7.0,1,9.9817,3.595,4.5667,0.0,2026-02-20 22:00:00
2026-02-21 06:00:00,2026-02-21 00:00:00,0.0104,0.4936,0.9136,0.6794,ВЭС,8.0,1,9.9617,2.91,4.4333,0.0,2026-02-20 22:00:00
2026-02-21 07:00:00,2026-02-21 01:00:00,0.0418,0.5401,0.9267,0.6587,ВЭС,9.0,1,9.92,3.38,4.6167,0.0,2026-02-20 22:00:00
2026-02-21 08:00:00,2026-02-21 02:00:00,0.0,0.5035,0.9239,0.5984,ВЭС,10.0,1,9.545,2.845,5.3,0.0,2026-02-20 22:00:00
2026-02-21 09:00:00,2026-02-21 03:00:00,0.0,0.2465,0.8379,0.4309,ВЭС,11.0,1,8.1233,3.65,6.4833,0.0,2026-02-20 22:00:00
2026-02-21 10:00:00,2026-02-21 04:00:00,0.0,0.1006,0.4865,0.2388,ВЭС,12.0,1,5.795,4.33,7.7,0.0,2026-02-20 22:00:00
2026-02-21 11:00:00,2026-02-21 05:00:00,0.0,0.2669,0.7359,0.2753,ВЭС,13.0,1,6.2883,4.18,8.4167,0.0,2026-02-20 22:00:00
2026-02-21 12:00:00,2026-02-21 06:00:00,0.3158,0.8665,0.9788,0.7831,ВЭС,14.0,1,11.6933,5.78,8.6833,0.0,2026-02-20 22:00:00
2026-02-21 13:00:00,2026-02-21 07:00:00,0.7914,0.9704,0.98,0.8986,ВЭС,15.0,1,14.2617,3.64,8.6167,0.0,2026-02-20 22:00:00
2026-02-21 14:00:00,2026-02-21 08:00:00,0.8121,0.98,0.98,0.8986,ВЭС,16.0,1,13.65,3.2,8.4333,0.0,2026-02-20 22:00:00
2026-02-21 15:00:00,2026-02-21 09:00:00,0.7447,0.961,0.98,0.8813,ВЭС,17.0,1,13.065,3.87,8.1,0.0,2026-02-20 22:00:00
2026-02-21 16:00:00,2026-02-21 10:00:00,0.0101,0.4819,0.9568,0.5709,ВЭС,18.0,2,9.335,4.335,7.9167,0.0,2026-02-20 22:00:00
2026-02-21 17:00:00,2026-02-21 11:00:00,0.0,0.4377,0.8773,0.4461,ВЭС,19.0,2,8.205,4.13,6.9,0.0,2026-02-20 22:00:00
2026-02-21 18:00:00,2026-02-21 12:00:00,0.0,0.3304,0.7219,0.3567,ВЭС,20.0,2,7.0917,4.46,6.0833,0.0,2026-02-20 22:00:00
2026-02-21 19:00:00,2026-02-21 13:00:00,0.0,0.3024,0.7611,0.3243,ВЭС,21.0,2,6.7517,3.085,5.9167,0.0,2026-02-20 22:00:00
2026-02-21 20:00:00,2026-02-21 14:00:00,0.0,0.4478,0.8807,0.4057,ВЭС,22.0,2,7.69,0.94,5.7667,0.0,2026-02-20 22:00:00
2026-02-21 21:00:00,2026-02-21 15:00:00,0.0535,0.6963,0.9666,0.6301,ВЭС,23.0,2,9.575,5.89,5.4,0.0,2026-02-20 22:00:00
2026-02-21 22:00:00,2026-02-21 16:00:00,0.0975,0.823,0.9743,0.681,ВЭС,24.0,2,10.0667,7.75,5.0167,0.0,2026-02-20 22:00:00
2026-02-21 23:00:00,2026-02-21 17:00:00,0.01,0.7324,0.975,0.5984,ВЭС,25.0,2,9.4517,6.215,4.8833,0.0,2026-02-20 22:00:00
2026-02-22 00:00:00,2026-02-21 18:00:00,0.0,0.7253,0.9702,0.5709,ВЭС,26.0,2,9.3733,5.62,4.4833,0.0,2026-02-20 22:00:00
2026-02-22 01:00:00,2026-02-21 19:00:00,0.0,0.6418,0.9617,0.5417,ВЭС,27.0,2,9.0033,5.555,3.6833,0.0,2026-02-20 22:00:00
2026-02-22 02:00:00,2026-02-21 20:00:00,0.0,0.4205,0.9219,0.4253,ВЭС,28.0,2,7.9817,5.35,2.85,0.0,2026-02-20 22:00:00
2026-02-22 03:00:00,2026-02-21 21:00:00,0.0,0.2708,0.8534,0.2981,ВЭС,29.0,2,6.48,4.985,2.0167,0.0,2026-02-20 22:00:00
2026-02-22 04:00:00,2026-02-21 22:00:00,0.0,0.0989,0.5727,0.1732,ВЭС,30.0,2,4.67,5.12,1.2333,0.0,2026-02-20 22:00:00
2026-02-22 05:00:00,2026-02-21 23:00:00,0.0013,0.029,0.4157,0.115,ВЭС,31.0,2,3.4483,5.3,0.9833,0.0,2026-02-20 22:00:00
2026-02-22 06:00:00,2026-02-22 00:00:00,0.0065,0.0091,0.2356,0.0923,ВЭС,32.0,2,2.8933,3.835,1.05,0.0,2026-02-20 22:00:00
2026-02-22 07:00:00,2026-02-22 01:00:00,0.0063,0.0156,0.1582,0.0741,ВЭС,33.0,2,2.3767,1.175,1.0,0.0,2026-02-20 22:00:00
2026-02-22 08:00:00,2026-02-22 02:00:00,0.0078,0.0123,0.1461,0.0687,ВЭС,34.0,2,2.075,2.195,1.4,0.0,2026-02-20 22:00:00
2026-02-22 09:00:00,2026-02-22 03:00:00,0.0083,0.0115,0.2269,0.0835,ВЭС,35.0,2,2.8,5.195,2.8333,0.0,2026-02-20 22:00:00
2026-02-22 10:00:00,2026-02-22 04:00:00,0.0,0.0844,0.399,0.1636,ВЭС,36.0,2,4.4717,7.935,4.6833,0.0,2026-02-20 22:00:00
2026-02-22 11:00:00,2026-02-22 05:00:00,0.0,0.206,0.8463,0.3543,ВЭС,37.0,2,6.98,8.36,6.7833,0.0,2026-02-20 22:00:00
2026-02-22 12:00:00,2026-02-22 06:00:00,0.0015,0.6465,0.9747,0.5417,ВЭС,38.0,2,9.1367,7.975,8.6167,0.0,2026-02-20 22:00:00
2026-02-22 13:00:00,2026-02-22 07:00:00,0.096,0.8839,0.98,0.65,ВЭС,39.0,2,9.8417,5.595,9.4833,0.0,2026-02-20 22:00:00
2026-02-22 14:00:00,2026-02-22 08:00:00,0.5011,0.9503,0.98,0.681,ВЭС,40.0,2,10.1967,3.7,9.9,0.0,2026-02-20 22:00:00
2026-02-22 15:00:00,2026-02-22 09:00:00,0.5992,0.973,0.98,0.6898,ВЭС,41.0,2,10.4433,3.6,9.9,0.0,2026-02-20 22:00:00
2026-02-22 16:00:00,2026-02-22 10:00:00,0.5008,0.9765,0.98,0.7639,ВЭС,42.0,3,11.0917,4.495,9.5167,0.0,2026-02-20 22:00:00
2026-02-22 17:00:00,2026-02-22 11:00:00,0.3497,0.8908,0.98,0.7639,ВЭС,43.0,3,10.985,3.705,8.4,0.0,2026-02-20 22:00:00
2026-02-22 18:00:00,2026-02-22 12:00:00,0.2704,0.8961,0.98,0.7639,ВЭС,44.0,3,10.95,2.925,7.0,0.0,2026-02-20 22:00:00
2026-02-22 19:00:00,2026-02-22 13:00:00,0.394,0.9575,0.98,0.7639,ВЭС,45.0,3,10.9683,2.515,6.0167,0.0,2026-02-20 22:00:00
2026-02-22 20:00:00,2026-02-22 14:00:00,0.2634,0.9539,0.98,0.723,ВЭС,46.0,3,10.4883,1.805,5.2333,0.0,2026-02-20 22:00:00
2026-02-22 21:00:00,2026-02-22 15:00:00,0.1625,0.908,0.98,0.681,ВЭС,47.0,3,10.11,0.58,4.7333,0.0,2026-02-20 22:00:00
2026-02-22 22:00:00,2026-02-22 16:00:00,0.1841,0.8085,0.98,0.6794,ВЭС,48.0,3,10.0333,1.12,4.4667,0.0,2026-02-20 22:00:00
2026-02-21 11:00:00,2026-02-21 05:00:00,0.0,0.2675,0.7359,0.2753,T1,1.0,1,6.2883,4.18,8.4167,0.0,2026-02-21 10:00:00
2026-02-21 12:00:00,2026-02-21 06:00:00,0.328,0.8654,0.9876,0.7831,T1,2.0,1,11.6933,5.78,8.6833,0.0,2026-02-21 10:00:00
2026-02-21 13:00:00,2026-02-21 07:00:00,0.7968,0.9765,0.99,0.8986,T1,3.0,1,14.2617,3.64,8.6167,0.0,2026-02-21 10:00:00
2026-02-21 14:00:00,2026-02-21 08:00:00,0.8293,0.99,0.99,0.8986,T1,4.0,1,13.65,3.2,8.4333,0.0,2026-02-21 10:00:00
2026-02-21 15:00:00,2026-02-21 09:00:00,0.7833,0.9663,0.99,0.8813,T1,5.0,1,13.065,3.87,8.1,0.0,2026-02-21 10:00:00
2026-02-21 16:00:00,2026-02-21 10:00:00,0.3297,0.8636,0.9847,0.7831,T1,6.0,1,11.6167,2.79,7.65,0.0,2026-02-21 10:00:00
2026-02-21 17:00:00,2026-02-21 11:00:00,0.1914,0.7245,0.962,0.73,T1,7.0,1,10.555,2.905,7.3,0.0,2026-02-21 10:00:00
2026-02-21 18:00:00,2026-02-21 12:00:00,0.0869,0.6298,0.9403,0.6355,T1,8.0,1,9.7333,4.165,6.6167,0.0,2026-02-21 10:00:00
2026-02-21 19:00:00,2026-02-21 13:00:00,0.0001,0.489,0.892,0.5291,T1,9.0,1,8.8567,5.225,5.7,0.0,2026-02-21 10:00:00
2026-02-21 20:00:00,2026-02-21 14:00:00,0.0,0.3515,0.8394,0.3974,T1,10.0,1,7.5117,6.125,5.1167,0.0,2026-02-21 10:00:00
2026-02-21 21:00:00,2026-02-21 15:00:00,0.0,0.2106,0.6318,0.2753,T1,11.0,1,6.1833,4.64,4.8167,0.0,2026-02-21 10:00:00
2026-02-21 22:00:00,2026-02-21 16:00:00,0.0,0.1686,0.5017,0.2206,T1,12.0,1,5.4,2.375,4.5667,0.0,2026-02-21 10:00:00
2026-02-21 23:00:00,2026-02-21 17:00:00,0.0,0.1296,0.4231,0.1732,T1,13.0,1,4.7,1.835,4.3667,0.0,2026-02-21 10:00:00
2026-02-22 00:00:00,2026-02-21 18:00:00,0.0,0.1366,0.4213,0.1381,T1,14.0,1,4.0917,3.55,4.0,0.0,2026-02-21 10:00:00
2026-02-22 01:00:00,2026-02-21 19:00:00,0.0,0.0994,0.3598,0.1275,T1,15.0,1,3.81,3.22,3.4667,0.0,2026-02-21 10:00:00
2026-02-22 02:00:00,2026-02-21 20:00:00,0.0,0.04,0.2914,0.115,T1,16.0,1,3.3767,2.52,2.9333,0.0,2026-02-21 10:00:00
2026-02-22 03:00:00,2026-02-21 21:00:00,0.0079,0.0152,0.1819,0.0923,T1,17.0,1,2.85,2.245,2.4833,0.0,2026-02-21 10:00:00
2026-02-22 04:00:00,2026-02-21 22:00:00,0.0,0.0992,0.5727,0.1732,T1,18.0,2,4.67,5.12,1.2333,0.0,2026-02-21 10:00:00
2026-02-22 05:00:00,2026-02-21 23:00:00,0.0021,0.0295,0.4157,0.115,T1,19.0,2,3.4483,5.3,0.9833,0.0,2026-02-21 10:00:00
2026-02-22 06:00:00,2026-02-22 00:00:00,0.0066,0.01,0.2356,0.0923,T1,20.0,2,2.8933,3.835,1.05,0.0,2026-02-21 10:00:00
2026-02-22 07:00:00,2026-02-22 01:00:00,0.0076,0.016,0.1582,0.0741,T1,21.0,2,2.3767,1.175,1.0,0.0,2026-02-21 10:00:00
2026-02-22 08:00:00,2026-02-22 02:00:00,0.0089,0.0126,0.1461,0.0687,T1,22.0,2,2.075,2.195,1.4,0.0,2026-02-21 10:00:00
2026-02-22 09:00:00,2026-02-22 03:00:00,0.0093,0.0119,0.2269,0.0835,T1,23.0,2,2.8,5.195,2.8333,0.0,2026-02-21 10:00:00
2026-02-22 10:00:00,2026-02-22 04:00:00,0.0,0.0867,0.399,0.1636,T1,24.0,2,4.4717,7.935,4.6833,0.0,2026-02-21 10:00:00
2026-02-22 11:00:00,2026-02-22 05:00:00,0.0,0.2071,0.8489,0.3543,T1,25.0,2,6.98,8.36,6.7833,0.0,2026-02-21 10:00:00
2026-02-22 12:00:00,2026-02-22 06:00:00,0.003,0.6464,0.9794,0.5417,T1,26.0,2,9.1367,7.975,8.6167,0.0,2026-02-21 10:00:00
2026-02-22 13:00:00,2026-02-22 07:00:00,0.1372,0.8831,0.99,0.65,T1,27.0,2,9.8417,5.595,9.4833,0.0,2026-02-21 10:00:00
2026-02-22 14:00:00,2026-02-22 08:00:00,0.4609,0.9511,0.99,0.681,T1,28.0,2,10.1967,3.7,9.9,0.0,2026-02-21 10:00:00
2026-02-22 15:00:00,2026-02-22 09:00:00,0.5619,0.976,0.99,0.6898,T1,29.0,2,10.4433,3.6,9.9,0.0,2026-02-21 10:00:00
2026-02-22 16:00:00,2026-02-22 10:00:00,0.5301,0.9834,0.99,0.6898,T1,30.0,2,10.4667,3.775,9.5667,0.0,2026-02-21 10:00:00
2026-02-22 17:00:00,2026-02-22 11:00:00,0.2551,0.879,0.99,0.73,T1,31.0,2,10.6083,3.445,8.6667,0.0,2026-02-21 10:00:00
2026-02-22 18:00:00,2026-02-22 12:00:00,0.2066,0.847,0.99,0.73,T1,32.0,2,10.55,2.83,7.35,0.0,2026-02-21 10:00:00
2026-02-22 19:00:00,2026-02-22 13:00:00,0.0,0.7285,0.99,0.6301,T1,33.0,2,9.7167,2.62,6.1833,0.0,2026-02-21 10:00:00
2026-02-22 20:00:00,2026-02-22 14:00:00,0.0,0.5622,0.9868,0.519,T1,34.0,2,8.7567,2.74,5.35,0.0,2026-02-21 10:00:00
2026-02-22 21:00:00,2026-02-22 15:00:00,0.0,0.383,0.9408,0.4309,T1,35.0,2,8.1483,2.785,4.8333,0.0,2026-02-21 10:00:00
2026-02-22 22:00:00,2026-02-22 16:00:00,0.0,0.323,0.8599,0.4212,T1,36.0,2,7.735,3.14,4.4333,0.0,2026-02-21 10:00:00
2026-02-22 23:00:00,2026-02-22 17:00:00,0.0,0.4435,0.8742,0.4461,T1,37.0,2,8.2817,1.81,4.4,0.0,2026-02-21 10:00:00
2026-02-23 00:00:00,2026-02-22 18:00:00,0.0,0.56,0.99,0.519,T1,38.0,2,8.7917,4.07,4.4167,0.0,2026-02-21 10:00:00
2026-02-23 01:00:00,2026-02-22 19:00:00,0.0,0.3687,0.9231,0.4396,T1,39.0,2,8.16,3.375,4.1,0.0,2026-02-21 10:00:00
2026-02-23 02:00:00,2026-02-22 20:00:00,0.0,0.2211,0.8604,0.3567,T1,40.0,2,7.1083,1.745,3.7833,0.0,2026-02-21 10:00:00
2026-02-23 03:00:00,2026-02-22 21:00:00,0.0,0.1122,0.6625,0.2388,T1,41.0,2,5.7017,1.32,3.4,0.0,2026-02-21 10:00:00
2026-02-23 04:00:00,2026-02-22 22:00:00,0.0,0.2111,0.7557,0.2936,T1,42.0,3,6.4383,5.665,3.2,0.0,2026-02-21 10:00:00
2026-02-23 05:00:00,2026-02-22 23:00:00,0.0,0.1265,0.5897,0.1864,T1,43.0,3,4.905,4.485,2.7833,0.0,2026-02-21 10:00:00
2026-02-23 06:00:00,2026-02-23 00:00:00,0.0,0.0821,0.3274,0.115,T1,44.0,3,3.455,3.665,2.6667,0.0,2026-02-21 10:00:00
2026-02-23 07:00:00,2026-02-23 01:00:00,0.0,0.0472,0.3211,0.0741,T1,45.0,3,2.4433,3.065,2.75,0.0,2026-02-21 10:00:00
2026-02-23 08:00:00,2026-02-23 02:00:00,0.002,0.0298,0.3186,0.0687,T1,46.0,3,2.09,1.845,3.1833,0.0,2026-02-21 10:00:00
2026-02-23 09:00:00,2026-02-23 03:00:00,0.0095,0.0113,0.2522,0.0741,T1,47.0,3,2.2783,2.33,4.5333,0.0,2026-02-21 10:00:00
2026-02-23 10:00:00,2026-02-23 04:00:00,0.0073,0.01,0.256,0.0923,T1,48.0,3,2.9083,5.06,6.4833,0.0,2026-02-21 10:00:00
2026-02-21 11:00:00,2026-02-21 05:00:00,0.0,0.2663,0.7359,0.2753,T2,1.0,1,6.2883,4.18,8.4167,0.0,2026-02-21 10:00:00
2026-02-21 12:00:00,2026-02-21 06:00:00,0.3036,0.8677,0.97,0.7831,T2,2.0,1,11.6933,5.78,8.6833,0.0,2026-02-21 10:00:00
2026-02-21 13:00:00,2026-02-21 07:00:00,0.786,0.9643,0.97,0.8986,T2,3.0,1,14.2617,3.64,8.6167,0.0,2026-02-21 10:00:00
2026-02-21 14:00:00,2026-02-21 08:00:00,0.7949,0.97,0.97,0.8986,T2,4.0,1,13.65,3.2,8.4333,0.0,2026-02-21 10:00:00
2026-02-21 15:00:00,2026-02-21 09:00:00,0.7062,0.9557,0.97,0.8813,T2,5.0,1,13.065,3.87,8.1,0.0,2026-02-21 10:00:00
2026-02-21 16:00:00,2026-02-21 10:00:00,0.277,0.8631,0.969,0.7831,T2,6.0,1,11.6167,2.79,7.65,0.0,2026-02-21 10:00:00
2026-02-21 17:00:00,2026-02-21 11:00:00,0.1983,0.7249,0.9509,0.73,T2,7.0,1,10.555,2.905,7.3,0.0,2026-02-21 10:00:00
2026-02-21 18:00:00,2026-02-21 12:00:00,0.0,0.6304,0.9337,0.6355,T2,8.0,1,9.7333,4.165,6.6167,0.0,2026-02-21 10:00:00
2026-02-21 19:00:00,2026-02-21 13:00:00,0.0,0.4898,0.889,0.5291,T2,9.0,1,8.8567,5.225,5.7,0.0,2026-02-21 10:00:00
2026-02-21 20:00:00,2026-02-21 14:00:00,0.0,0.3511,0.8387,0.3974,T2,10.0,1,7.5117,6.125,5.1167,0.0,2026-02-21 10:00:00
2026-02-21 21:00:00,2026-02-21 15:00:00,0.0,0.2102,0.6318,0.2753,T2,11.0,1,6.1833,4.64,4.8167,0.0,2026-02-21 10:00:00
2026-02-21 22:00:00,2026-02-21 16:00:00,0.0,0.1681,0.5017,0.2206,T2,12.0,1,5.4,2.375,4.5667,0.0,2026-02-21 10:00:00
2026-02-21 23:00:00,2026-02-21 17:00:00,0.0,0.1291,0.4231,0.1732,T2,13.0,1,4.7,1.835,4.3667,0.0,2026-02-21 10:00:00
2026-02-22 00:00:00,2026-02-21 18:00:00,0.0,0.1358,0.4213,0.1381,T2,14.0,1,4.0917,3.55,4.0,0.0,2026-02-21 10:00:00
2026-02-22 01:00:00,2026-02-21 19:00:00,0.0,0.0986,0.3598,0.1275,T2,15.0,1,3.81,3.22,3.4667,0.0,2026-02-21 10:00:00
2026-02-22 02:00:00,2026-02-21 20:00:00,0.0,0.0392,0.2914,0.115,T2,16.0,1,3.3767,2.52,2.9333,0.0,2026-02-21 10:00:00
2026-02-22 03:00:00,2026-02-21 21:00:00,0.0063,0.0144,0.1819,0.0923,T2,17.0,1,2.85,2.245,2.4833,0.0,2026-02-21 10:00:00
2026-02-22 04:00:00,2026-02-21 22:00:00,0.0,0.0985,0.5727,0.1732,T2,18.0,2,4.67,5.12,1.2333,0.0,2026-02-21 10:00:00
2026-02-22 05:00:00,2026-02-21 23:00:00,0.0005,0.0286,0.4157,0.115,T2,19.0,2,3.4483,5.3,0.9833,0.0,2026-02-21 10:00:00
2026-02-22 06:00:00,2026-02-22 00:00:00,0.0064,0.0081,0.2356,0.0923,T2,20.0,2,2.8933,3.835,1.05,0.0,2026-02-21 10:00:00
2026-02-22 07:00:00,2026-02-22 01:00:00,0.0051,0.0152,0.1582,0.0741,T2,21.0,2,2.3767,1.175,1.0,0.0,2026-02-21 10:00:00
2026-02-22 08:00:00,2026-02-22 02:00:00,0.0066,0.0119,0.1461,0.0687,T2,22.0,2,2.075,2.195,1.4,0.0,2026-02-21 10:00:00
2026-02-22 09:00:00,2026-02-22 03:00:00,0.0074,0.0111,0.2269,0.0835,T2,23.0,2,2.8,5.195,2.8333,0.0,2026-02-21 10:00:00
2026-02-22 10:00:00,2026-02-22 04:00:00,0.0,0.0821,0.399,0.1636,T2,24.0,2,4.4717,7.935,4.6833,0.0,2026-02-21 10:00:00
2026-02-22 11:00:00,2026-02-22 05:00:00,0.0,0.2048,0.8436,0.3543,T2,25.0,2,6.98,8.36,6.7833,0.0,2026-02-21 10:00:00
2026-02-22 12:00:00,2026-02-22 06:00:00,0.0,0.6466,0.97,0.5417,T2,26.0,2,9.1367,7.975,8.6167,0.0,2026-02-21 10:00:00
2026-02-22 13:00:00,2026-02-22 07:00:00,0.0548,0.8846,0.97,0.65,T2,27.0,2,9.8417,5.595,9.4833,0.0,2026-02-21 10:00:00
2026-02-22 14:00:00,2026-02-22 08:00:00,0.5413,0.9495,0.97,0.681,T2,28.0,2,10.1967,3.7,9.9,0.0,2026-02-21 10:00:00
2026-02-22 15:00:00,2026-02-22 09:00:00,0.6366,0.97,0.97,0.6898,T2,29.0,2,10.4433,3.6,9.9,0.0,2026-02-21 10:00:00
2026-02-22 16:00:00,2026-02-22 10:00:00,0.608,0.97,0.97,0.6898,T2,30.0,2,10.4667,3.775,9.5667,0.0,2026-02-21 10:00:00
2026-02-22 17:00:00,2026-02-22 11:00:00,0.2805,0.8803,0.97,0.73,T2,31.0,2,10.6083,3.445,8.6667,0.0,2026-02-21 10:00:00
2026-02-22 18:00:00,2026-02-22 12:00:00,0.1935,0.8499,0.97,0.73,T2,32.0,2,10.55,2.83,7.35,0.0,2026-02-21 10:00:00
2026-02-22 19:00:00,2026-02-22 13:00:00,0.0866,0.7306,0.97,0.6301,T2,33.0,2,9.7167,2.62,6.1833,0.0,2026-02-21 10:00:00
2026-02-22 20:00:00,2026-02-22 14:00:00,0.0,0.5525,0.97,0.519,T2,34.0,2,8.7567,2.74,5.35,0.0,2026-02-21 10:00:00
2026-02-22 21:00:00,2026-02-22 15:00:00,0.0,0.3786,0.9408,0.4309,T2,35.0,2,8.1483,2.785,4.8333,0.0,2026-02-21 10:00:00
2026-02-22 22:00:00,2026-02-22 16:00:00,0.0,0.3125,0.8599,0.4212,T2,36.0,2,7.735,3.14,4.4333,0.0,2026-02-21 10:00:00
2026-02-22 23:00:00,2026-02-22 17:00:00,0.0,0.4331,0.8742,0.4461,T2,37.0,2,8.2817,1.81,4.4,0.0,2026-02-21 10:00:00
2026-02-23 00:00:00,2026-02-22 18:00:00,0.0,0.5527,0.97,0.519,T2,38.0,2,8.7917,4.07,4.4167,0.0,2026-02-21 10:00:00
2026-02-23 01:00:00,2026-02-22 19:00:00,0.0,0.3536,0.9231,0.4396,T2,39.0,2,8.16,3.375,4.1,0.0,2026-02-21 10:00:00
2026-02-23 02:00:00,2026-02-22 20:00:00,0.0,0.208,0.8604,0.3567,T2,40.0,2,7.1083,1.745,3.7833,0.0,2026-02-21 10:00:00
2026-02-23 03:00:00,2026-02-22 21:00:00,0.0,0.099,0.6626,0.2388,T2,41.0,2,5.7017,1.32,3.4,0.0,2026-02-21 10:00:00
2026-02-23 04:00:00,2026-02-22 22:00:00,0.0,0.191,0.7558,0.2936,T2,42.0,3,6.4383,5.665,3.2,0.0,2026-02-21 10:00:00
2026-02-23 05:00:00,2026-02-22 23:00:00,0.0,0.1174,0.5897,0.1864,T2,43.0,3,4.905,4.485,2.7833,0.0,2026-02-21 10:00:00
2026-02-23 06:00:00,2026-02-23 00:00:00,0.0,0.0694,0.3274,0.115,T2,44.0,3,3.455,3.665,2.6667,0.0,2026-02-21 10:00:00
2026-02-23 07:00:00,2026-02-23 01:00:00,0.0002,0.0307,0.3212,0.0741,T2,45.0,3,2.4433,3.065,2.75,0.0,2026-02-21 10:00:00
2026-02-23 08:00:00,2026-02-23 02:00:00,0.0016,0.0271,0.3186,0.0687,T2,46.0,3,2.09,1.845,3.1833,0.0,2026-02-21 10:00:00
2026-02-23 09:00:00,2026-02-23 03:00:00,0.0084,0.0102,0.2522,0.0741,T2,47.0,3,2.2783,2.33,4.5333,0.0,2026-02-21 10:00:00
2026-02-23 10:00:00,2026-02-23 04:00:00,0.0062,0.0085,0.256,0.0923,T2,48.0,3,2.9083,5.06,6.4833,0.0,2026-02-21 10:00:00
2026-02-21 11:00:00,2026-02-21 05:00:00,0.0,0.2669,0.7359,0.2753,ВЭС,1.0,1,6.2883,4.18,8.4167,0.0,2026-02-21 10:00:00
2026-02-21 12:00:00,2026-02-21 06:00:00,0.3158,0.8665,0.9788,0.7831,ВЭС,2.0,1,11.6933,5.78,8.6833,0.0,2026-02-21 10:00:00
2026-02-21 13:00:00,2026-02-21 07:00:00,0.7914,0.9704,0.98,0.8986,ВЭС,3.0,1,14.2617,3.64,8.6167,0.0,2026-02-21 10:00:00
2026-02-21 14:00:00,2026-02-21 08:00:00,0.8121,0.98,0.98,0.8986,ВЭС,4.0,1,13.65,3.2,8.4333,0.0,2026-02-21 10:00:00
2026-02-21 15:00:00,2026-02-21 09:00:00,0.7447,0.961,0.98,0.8813,ВЭС,5.0,1,13.065,3.87,8.1,0.0,2026-02-21 10:00:00
2026-02-21 16:00:00,2026-02-21 10:00:00,0.3034,0.8634,0.9769,0.7831,ВЭС,6.0,1,11.6167,2.79,7.65,0.0,2026-02-21 10:00:00
2026-02-21 17:00:00,2026-02-21 11:00:00,0.1949,0.7247,0.9564,0.73,ВЭС,7.0,1,10.555,2.905,7.3,0.0,2026-02-21 10:00:00
2026-02-21 18:00:00,2026-02-21 12:00:00,0.0434,0.6301,0.937,0.6355,ВЭС,8.0,1,9.7333,4.165,6.6167,0.0,2026-02-21 10:00:00
2026-02-21 19:00:00,2026-02-21 13:00:00,0.0001,0.4894,0.8905,0.5291,ВЭС,9.0,1,8.8567,5.225,5.7,0.0,2026-02-21 10:00:00
2026-02-21 20:00:00,2026-02-21 14:00:00,0.0,0.3513,0.839,0.3974,ВЭС,10.0,1,7.5117,6.125,5.1167,0.0,2026-02-21 10:00:00
2026-02-21 21:00:00,2026-02-21 15:00:00,0.0,0.2104,0.6318,0.2753,ВЭС,11.0,1,6.1833,4.64,4.8167,0.0,2026-02-21 10:00:00
2026-02-21 22:00:00,2026-02-21 16:00:00,0.0,0.1683,0.5017,0.2206,ВЭС,12.0,1,5.4,2.375,4.5667,0.0,2026-02-21 10:00:00
2026-02-21 23:00:00,2026-02-21 17:00:00,0.0,0.1293,0.4231,0.1732,ВЭС,13.0,1,4.7,1.835,4.3667,0.0,2026-02-21 10:00:00
2026-02-22 00:00:00,2026-02-21 18:00:00,0.0,0.1362,0.4213,0.1381,ВЭС,14.0,1,4.0917,3.55,4.0,0.0,2026-02-21 10:00:00
2026-02-22 01:00:00,2026-02-21 19:00:00,0.0,0.099,0.3598,0.1275,ВЭС,15.0,1,3.81,3.22,3.4667,0.0,2026-02-21 10:00:00
2026-02-22 02:00:00,2026-02-21 20:00:00,0.0,0.0396,0.2914,0.115,ВЭС,16.0,1,3.3767,2.52,2.9333,0.0,2026-02-21 10:00:00
2026-02-22 03:00:00,2026-02-21 21:00:00,0.0071,0.0148,0.1819,0.0923,ВЭС,17.0,1,2.85,2.245,2.4833,0.0,2026-02-21 10:00:00
2026-02-22 04:00:00,2026-02-21 22:00:00,0.0,0.0989,0.5727,0.1732,ВЭС,18.0,2,4.67,5.12,1.2333,0.0,2026-02-21 10:00:00
2026-02-22 05:00:00,2026-02-21 23:00:00,0.0013,0.029,0.4157,0.115,ВЭС,19.0,2,3.4483,5.3,0.9833,0.0,2026-02-21 10:00:00
2026-02-22 06:00:00,2026-02-22 00:00:00,0.0065,0.0091,0.2356,0.0923,ВЭС,20.0,2,2.8933,3.835,1.05,0.0,2026-02-21 10:00:00
2026-02-22 07:00:00,2026-02-22 01:00:00,0.0063,0.0156,0.1582,0.0741,ВЭС,21.0,2,2.3767,1.175,1.0,0.0,2026-02-21 10:00:00
2026-02-22 08:00:00,2026-02-22 02:00:00,0.0078,0.0123,0.1461,0.0687,ВЭС,22.0,2,2.075,2.195,1.4,0.0,2026-02-21 10:00:00
2026-02-22 09:00:00,2026-02-22 03:00:00,0.0083,0.0115,0.2269,0.0835,ВЭС,23.0,2,2.8,5.195,2.8333,0.0,2026-02-21 10:00:00
2026-02-22 10:00:00,2026-02-22 04:00:00,0.0,0.0844,0.399,0.1636,ВЭС,24.0,2,4.4717,7.935,4.6833,0.0,2026-02-21 10:00:00
2026-02-22 11:00:00,2026-02-22 05:00:00,0.0,0.206,0.8463,0.3543,ВЭС,25.0,2,6.98,8.36,6.7833,0.0,2026-02-21 10:00:00
2026-02-22 12:00:00,2026-02-22 06:00:00,0.0015,0.6465,0.9747,0.5417,ВЭС,26.0,2,9.1367,7.975,8.6167,0.0,2026-02-21 10:00:00
2026-02-22 13:00:00,2026-02-22 07:00:00,0.096,0.8839,0.98,0.65,ВЭС,27.0,2,9.8417,5.595,9.4833,0.0,2026-02-21 10:00:00
2026-02-22 14:00:00,2026-02-22 08:00:00,0.5011,0.9503,0.98,0.681,ВЭС,28.0,2,10.1967,3.7,9.9,0.0,2026-02-21 10:00:00
2026-02-22 15:00:00,2026-02-22 09:00:00,0.5992,0.973,0.98,0.6898,ВЭС,29.0,2,10.4433,3.6,9.9,0.0,2026-02-21 10:00:00
2026-02-22 16:00:00,2026-02-22 10:00:00,0.569,0.9767,0.98,0.6898,ВЭС,30.0,2,10.4667,3.775,9.5667,0.0,2026-02-21 10:00:00
2026-02-22 17:00:00,2026-02-22 11:00:00,0.2678,0.8797,0.98,0.73,ВЭС,31.0,2,10.6083,3.445,8.6667,0.0,2026-02-21 10:00:00
2026-02-22 18:00:00,2026-02-22 12:00:00,0.2,0.8485,0.98,0.73,ВЭС,32.0,2,10.55,2.83,7.35,0.0,2026-02-21 10:00:00
2026-02-22 19:00:00,2026-02-22 13:00:00,0.0433,0.7295,0.98,0.6301,ВЭС,33.0,2,9.7167,2.62,6.1833,0.0,2026-02-21 10:00:00
2026-02-22 20:00:00,2026-02-22 14:00:00,0.0,0.5574,0.9784,0.519,ВЭС,34.0,2,8.7567,2.74,5.35,0.0,2026-02-21 10:00:00
2026-02-22 21:00:00,2026-02-22 15:00:00,0.0,0.3808,0.9408,0.4309,ВЭС,35.0,2,8.1483,2.785,4.8333,0.0,2026-02-21 10:00:00
2026-02-22 22:00:00,2026-02-22 16:00:00,0.0,0.3178,0.8599,0.4212,ВЭС,36.0,2,7.735,3.14,4.4333,0.0,2026-02-21 10:00:00
2026-02-22 23:00:00,2026-02-22 17:00:00,0.0,0.4383,0.8742,0.4461,ВЭС,37.0,2,8.2817,1.81,4.4,0.0,2026-02-21 10:00:00
2026-02-23 00:00:00,2026-02-22 18:00:00,0.0,0.5563,0.98,0.519,ВЭС,38.0,2,8.7917,4.07,4.4167,0.0,2026-02-21 10:00:00
2026-02-23 01:00:00,2026-02-22 19:00:00,0.0,0.3612,0.9231,0.4396,ВЭС,39.0,2,8.16,3.375,4.1,0.0,2026-02-21 10:00:00
2026-02-23 02:00:00,2026-02-22 20:00:00,0.0,0.2146,0.8604,0.3567,ВЭС,40.0,2,7.1083,1.745,3.7833,0.0,2026-02-21 10:00:00
2026-02-23 03:00:00,2026-02-22 21:00:00,0.0,0.1056,0.6626,0.2388,ВЭС,41.0,2,5.7017,1.32,3.4,0.0,2026-02-21 10:00:00
2026-02-23 04:00:00,2026-02-22 22:00:00,0.0,0.2011,0.7557,0.2936,ВЭС,42.0,3,6.4383,5.665,3.2,0.0,2026-02-21 10:00:00
2026-02-23 05:00:00,2026-02-22 23:00:00,0.0,0.1219,0.5897,0.1864,ВЭС,43.0,3,4.905,4.485,2.7833,0.0,2026-02-21 10:00:00
2026-02-23 06:00:00,2026-02-23 00:00:00,0.0,0.0758,0.3274,0.115,ВЭС,44.0,3,3.455,3.665,2.6667,0.0,2026-02-21 10:00:00
2026-02-23 07:00:00,2026-02-23 01:00:00,0.0001,0.0389,0.3212,0.0741,ВЭС,45.0,3,2.4433,3.065,2.75,0.0,2026-02-21 10:00:00
2026-02-23 08:00:00,2026-02-23 02:00:00,0.0018,0.0284,0.3186,0.0687,ВЭС,46.0,3,2.09,1.845,3.1833,0.0,2026-02-21 10:00:00
2026-02-23 09:00:00,2026-02-23 03:00:00,0.009,0.0107,0.2522,0.0741,ВЭС,47.0,3,2.2783,2.33,4.5333,0.0,2026-02-21 10:00:00
2026-02-23 10:00:00,2026-02-23 04:00:00,0.0067,0.0093,0.256,0.0923,ВЭС,48.0,3,2.9083,5.06,6.4833,0.0,2026-02-21 10:00:00
2026-02-21 23:00:00,2026-02-21 17:00:00,0.0,0.1296,0.4231,0.1732,T1,1.0,1,4.7,1.835,4.3667,0.0,2026-02-21 22:00:00
2026-02-22 00:00:00,2026-02-21 18:00:00,0.0,0.1366,0.4213,0.1381,T1,2.0,1,4.0917,3.55,4.0,0.0,2026-02-21 22:00:00
2026-02-22 01:00:00,2026-02-21 19:00:00,0.0,0.0994,0.3598,0.1275,T1,3.0,1,3.81,3.22,3.4667,0.0,2026-02-21 22:00:00
2026-02-22 02:00:00,2026-02-21 20:00:00,0.0,0.04,0.2914,0.115,T1,4.0,1,3.3767,2.52,2.9333,0.0,2026-02-21 22:00:00
2026-02-22 03:00:00,2026-02-21 21:00:00,0.0079,0.0152,0.1819,0.0923,T1,5.0,1,2.85,2.245,2.4833,0.0,2026-02-21 22:00:00
2026-02-22 04:00:00,2026-02-21 22:00:00,0.009,0.0126,0.1443,0.0741,T1,6.0,1,2.39,1.915,2.1833,0.0,2026-02-21 22:00:00
2026-02-22 05:00:00,2026-02-21 23:00:00,0.0079,0.0152,0.0915,0.0687,T1,7.0,1,1.8667,0.735,2.1,0.0,2026-02-21 22:00:00
2026-02-22 06:00:00,2026-02-22 00:00:00,0.0086,0.0135,0.13,0.0741,T1,8.0,1,2.1767,3.305,2.1167,0.0,2026-02-21 22:00:00
2026-02-22 07:00:00,2026-02-22 01:00:00,0.0,0.0407,0.315,0.1511,T1,9.0,1,4.38,5.875,2.0333,0.0,2026-02-21 22:00:00
2026-02-22 08:00:00,2026-02-22 02:00:00,0.0,0.1681,0.6877,0.3379,T1,10.0,1,6.8633,8.0,2.2,0.0,2026-02-21 22:00:00
2026-02-22 09:00:00,2026-02-22 03:00:00,0.0,0.3313,0.9291,0.4601,T1,11.0,1,8.3633,8.615,3.3333,0.0,2026-02-21 22:00:00
2026-02-22 10:00:00,2026-02-22 04:00:00,0.0,0.5415,0.99,0.5531,T1,12.0,1,9.2067,9.375,5.2,0.0,2026-02-21 22:00:00
2026-02-22 11:00:00,2026-02-22 05:00:00,0.2395,0.8654,0.99,0.6898,T1,13.0,1,10.28,6.95,6.8833,0.0,2026-02-21 22:00:00
2026-02-22 12:00:00,2026-02-22 06:00:00,0.7235,0.9897,0.99,0.7639,T1,14.0,1,11.2717,3.395,8.1,0.0,2026-02-21 22:00:00
2026-02-22 13:00:00,2026-02-22 07:00:00,0.7358,0.99,0.99,0.7639,T1,15.0,1,11.3383,2.52,8.8667,0.0,2026-02-21 22:00:00
2026-02-22 14:00:00,2026-02-22 08:00:00,0.7665,0.99,0.99,0.7639,T1,16.0,1,11.0633,2.39,9.2667,0.0,2026-02-21 22:00:00
2026-02-22 15:00:00,2026-02-22 09:00:00,0.6764,0.99,0.99,0.7415,T1,17.0,1,10.7267,2.755,9.4333,0.0,2026-02-21 22:00:00
2026-02-22 16:00:00,2026-02-22 10:00:00,0.5301,0.9834,0.99,0.6898,T1,18.0,2,10.4667,3.775,9.5667,0.0,2026-02-21 22:00:00
2026-02-22 17:00:00,2026-02-22 11:00:00,0.2551,0.879,0.99,0.73,T1,19.0,2,10.6083,3.445,8.6667,0.0,2026-02-21 22:00:00
2026-02-22 18:00:00,2026-02-22 12:00:00,0.2066,0.847,0.99,0.73,T1,20.0,2,10.55,2.83,7.35,0.0,2026-02-21 22:00:00
2026-02-22 19:00:00,2026-02-22 13:00:00,0.0,0.7285,0.99,0.6301,T1,21.0,2,9.7167,2.62,6.1833,0.0,2026-02-21 22:00:00
2026-02-22 20:00:00,2026-02-22 14:00:00,0.0,0.5622,0.9868,0.519,T1,22.0,2,8.7567,2.74,5.35,0.0,2026-02-21 22:00:00
2026-02-22 21:00:00,2026-02-22 15:00:00,0.0,0.383,0.9408,0.4309,T1,23.0,2,8.1483,2.785,4.8333,0.0,2026-02-21 22:00:00
2026-02-22 22:00:00,2026-02-22 16:00:00,0.0,0.323,0.8599,0.4212,T1,24.0,2,7.735,3.14,4.4333,0.0,2026-02-21 22:00:00
2026-02-22 23:00:00,2026-02-22 17:00:00,0.0,0.4435,0.8742,0.4461,T1,25.0,2,8.2817,1.81,4.4,0.0,2026-02-21 22:00:00
2026-02-23 00:00:00,2026-02-22 18:00:00,0.0,0.56,0.99,0.519,T1,26.0,2,8.7917,4.07,4.4167,0.0,2026-02-21 22:00:00
2026-02-23 01:00:00,2026-02-22 19:00:00,0.0,0.3687,0.9231,0.4396,T1,27.0,2,8.16,3.375,4.1,0.0,2026-02-21 22:00:00
2026-02-23 02:00:00,2026-02-22 20:00:00,0.0,0.2211,0.8604,0.3567,T1,28.0,2,7.1083,1.745,3.7833,0.0,2026-02-21 22:00:00
2026-02-23 03:00:00,2026-02-22 21:00:00,0.0,0.1122,0.6625,0.2388,T1,29.0,2,5.7017,1.32,3.4,0.0,2026-02-21 22:00:00
2026-02-23 04:00:00,2026-02-22 22:00:00,0.0,0.0651,0.3585,0.1381,T1,30.0,2,4.15,2.54,2.9833,0.0,2026-02-21 22:00:00
2026-02-23 05:00:00,2026-02-22 23:00:00,0.0,0.0459,0.1847,0.0835,T1,31.0,2,2.8033,2.09,2.6,0.0,2026-02-21 22:00:00
2026-02-23 06:00:00,2026-02-23 00:00:00,0.005,0.0225,0.1593,0.0687,T1,32.0,2,1.89,1.69,2.3333,0.0,2026-02-21 22:00:00
2026-02-23 07:00:00,2026-02-23 01:00:00,0.01,0.01,0.1546,0.0554,T1,33.0,2,1.3433,0.83,2.2667,0.0,2026-02-21 22:00:00
2026-02-23 08:00:00,2026-02-23 02:00:00,0.0073,0.0167,0.1565,0.0554,T1,34.0,2,1.1717,1.59,2.8,0.0,2026-02-21 22:00:00
2026-02-23 09:00:00,2026-02-23 03:00:00,0.0074,0.0164,0.2513,0.0619,T1,35.0,2,1.4867,2.89,4.2,0.0,2026-02-21 22:00:00
2026-02-23 10:00:00,2026-02-23 04:00:00,0.0,0.0394,0.2809,0.0771,T1,36.0,2,2.4867,3.42,5.9833,0.0,2026-02-21 22:00:00
2026-02-23 11:00:00,2026-02-23 05:00:00,0.0,0.1167,0.3754,0.1238,T1,37.0,2,3.5833,4.32,7.5833,0.0,2026-02-21 22:00:00
2026-02-23 12:00:00,2026-02-23 06:00:00,0.0,0.14,0.5095,0.1887,T1,38.0,2,4.9883,5.16,8.6833,0.0,2026-02-21 22:00:00
2026-02-23 13:00:00,2026-02-23 07:00:00,0.0,0.2351,0.752,0.3243,T1,39.0,2,6.7867,6.995,9.0,0.0,2026-02-21 22:00:00
2026-02-23 14:00:00,2026-02-23 08:00:00,0.0,0.3845,0.8445,0.4212,T1,40.0,2,7.855,6.835,8.6833,0.0,2026-02-21 22:00:00
2026-02-23 15:00:00,2026-02-23 09:00:00,0.0,0.4541,0.9059,0.4396,T1,41.0,2,8.2233,5.745,8.2833,0.0,2026-02-21 22:00:00
2026-02-23 16:00:00,2026-02-23 10:00:00,0.0,0.5439,0.9574,0.5417,T1,42.0,3,9.165,4.545,8.3833,0.0,2026-02-21 22:00:00
2026-02-23 17:00:00,2026-02-23 11:00:00,0.0,0.4189,0.8674,0.4253,T1,43.0,3,8.0817,3.765,7.9333,0.0,2026-02-21 22:00:00
2026-02-23 18:00:00,2026-02-23 12:00:00,0.0,0.3828,0.823,0.3725,T1,44.0,3,7.4517,2.685,7.35,0.0,2026-02-21 22:00:00
2026-02-23 19:00:00,2026-02-23 13:00:00,0.0,0.5468,0.9181,0.4396,T1,45.0,3,8.17,0.52,6.3833,0.0,2026-02-21 22:00:00
2026-02-23 20:00:00,2026-02-23 14:00:00,0.1049,0.7484,0.9874,0.5709,T1,46.0,3,9.4117,1.415,5.4333,0.0,2026-02-21 22:00:00
2026-02-23 21:00:00,2026-02-23 15:00:00,0.2605,0.8364,0.99,0.6898,T1,47.0,3,10.34,1.855,4.4667,0.0,2026-02-21 22:00:00
2026-02-23 22:00:00,2026-02-23 16:00:00,0.3299,0.8895,0.99,0.7338,T1,48.0,3,10.63,1.53,3.5667,0.0,2026-02-21 22:00:00
2026-02-21 23:00:00,2026-02-21 17:00:00,0.0,0.1291,0.4231,0.1732,T2,1.0,1,4.7,1.835,4.3667,0.0,2026-02-21 22:00:00
2026-02-22 00:00:00,2026-02-21 18:00:00,0.0,0.1358,0.4213,0.1381,T2,2.0,1,4.0917,3.55,4.0,0.0,2026-02-21 22:00:00
2026-02-22 01:00:00,2026-02-21 19:00:00,0.0,0.0986,0.3598,0.1275,T2,3.0,1,3.81,3.22,3.4667,0.0,2026-02-21 22:00:00
2026-02-22 02:00:00,2026-02-21 20:00:00,0.0,0.0392,0.2914,0.115,T2,4.0,1,3.3767,2.52,2.9333,0.0,2026-02-21 22:00:00
2026-02-22 03:00:00,2026-02-21 21:00:00,0.0063,0.0144,0.1819,0.0923,T2,5.0,1,2.85,2.245,2.4833,0.0,2026-02-21 22:00:00
2026-02-22 04:00:00,2026-02-21 22:00:00,0.0075,0.0117,0.1443,0.0741,T2,6.0,1,2.39,1.915,2.1833,0.0,2026-02-21 22:00:00
2026-02-22 05:00:00,2026-02-21 23:00:00,0.0061,0.0145,0.0915,0.0687,T2,7.0,1,1.8667,0.735,2.1,0.0,2026-02-21 22:00:00
2026-02-22 06:00:00,2026-02-22 00:00:00,0.0067,0.0126,0.13,0.0741,T2,8.0,1,2.1767,3.305,2.1167,0.0,2026-02-21 22:00:00
2026-02-22 07:00:00,2026-02-22 01:00:00,0.0003,0.0342,0.315,0.1511,T2,9.0,1,4.38,5.875,2.0333,0.0,2026-02-21 22:00:00
2026-02-22 08:00:00,2026-02-22 02:00:00,0.0,0.1512,0.6863,0.3379,T2,10.0,1,6.8633,8.0,2.2,0.0,2026-02-21 22:00:00
2026-02-22 09:00:00,2026-02-22 03:00:00,0.0,0.3161,0.9223,0.4601,T2,11.0,1,8.3633,8.615,3.3333,0.0,2026-02-21 22:00:00
2026-02-22 10:00:00,2026-02-22 04:00:00,0.0,0.5381,0.97,0.5531,T2,12.0,1,9.2067,9.375,5.2,0.0,2026-02-21 22:00:00
2026-02-22 11:00:00,2026-02-22 05:00:00,0.2053,0.8631,0.97,0.6898,T2,13.0,1,10.28,6.95,6.8833,0.0,2026-02-21 22:00:00
2026-02-22 12:00:00,2026-02-22 06:00:00,0.7719,0.97,0.97,0.7639,T2,14.0,1,11.2717,3.395,8.1,0.0,2026-02-21 22:00:00
2026-02-22 13:00:00,2026-02-22 07:00:00,0.774,0.97,0.97,0.7639,T2,15.0,1,11.3383,2.52,8.8667,0.0,2026-02-21 22:00:00
2026-02-22 14:00:00,2026-02-22 08:00:00,0.7814,0.97,0.97,0.7639,T2,16.0,1,11.0633,2.39,9.2667,0.0,2026-02-21 22:00:00
2026-02-22 15:00:00,2026-02-22 09:00:00,0.7433,0.97,0.97,0.7415,T2,17.0,1,10.7267,2.755,9.4333,0.0,2026-02-21 22:00:00
2026-02-22 16:00:00,2026-02-22 10:00:00,0.608,0.97,0.97,0.6898,T2,18.0,2,10.4667,3.775,9.5667,0.0,2026-02-21 22:00:00
2026-02-22 17:00:00,2026-02-22 11:00:00,0.2805,0.8803,0.97,0.73,T2,19.0,2,10.6083,3.445,8.6667,0.0,2026-02-21 22:00:00
2026-02-22 18:00:00,2026-02-22 12:00:00,0.1935,0.8499,0.97,0.73,T2,20.0,2,10.55,2.83,7.35,0.0,2026-02-21 22:00:00
2026-02-22 19:00:00,2026-02-22 13:00:00,0.0866,0.7306,0.97,0.6301,T2,21.0,2,9.7167,2.62,6.1833,0.0,2026-02-21 22:00:00
2026-02-22 20:00:00,2026-02-22 14:00:00,0.0,0.5525,0.97,0.519,T2,22.0,2,8.7567,2.74,5.35,0.0,2026-02-21 22:00:00
2026-02-22 21:00:00,2026-02-22 15:00:00,0.0,0.3786,0.9408,0.4309,T2,23.0,2,8.1483,2.785,4.8333,0.0,2026-02-21 22:00:00
2026-02-22 22:00:00,2026-02-22 16:00:00,0.0,0.3125,0.8599,0.4212,T2,24.0,2,7.735,3.14,4.4333,0.0,2026-02-21 22:00:00
2026-02-22 23:00:00,2026-02-22 17:00:00,0.0,0.4331,0.8742,0.4461,T2,25.0,2,8.2817,1.81,4.4,0.0,2026-02-21 22:00:00
2026-02-23 00:00:00,2026-02-22 18:00:00,0.0,0.5527,0.97,0.519,T2,26.0,2,8.7917,4.07,4.4167,0.0,2026-02-21 22:00:00
2026-02-23 01:00:00,2026-02-22 19:00:00,0.0,0.3536,0.9231,0.4396,T2,27.0,2,8.16,3.375,4.1,0.0,2026-02-21 22:00:00
2026-02-23 02:00:00,2026-02-22 20:00:00,0.0,0.208,0.8604,0.3567,T2,28.0,2,7.1083,1.745,3.7833,0.0,2026-02-21 22:00:00
2026-02-23 03:00:00,2026-02-22 21:00:00,0.0,0.099,0.6626,0.2388,T2,29.0,2,5.7017,1.32,3.4,0.0,2026-02-21 22:00:00
2026-02-23 04:00:00,2026-02-22 22:00:00,0.0,0.0518,0.3586,0.1381,T2,30.0,2,4.15,2.54,2.9833,0.0,2026-02-21 22:00:00
2026-02-23 05:00:00,2026-02-22 23:00:00,0.0,0.0344,0.1848,0.0835,T2,31.0,2,2.8033,2.09,2.6,0.0,2026-02-21 22:00:00
2026-02-23 06:00:00,2026-02-23 00:00:00,0.0065,0.0132,0.1593,0.0687,T2,32.0,2,1.89,1.69,2.3333,0.0,2026-02-21 22:00:00
2026-02-23 07:00:00,2026-02-23 01:00:00,0.0079,0.0092,0.1546,0.0554,T2,33.0,2,1.3433,0.83,2.2667,0.0,2026-02-21 22:00:00
2026-02-23 08:00:00,2026-02-23 02:00:00,0.0058,0.0162,0.1565,0.0554,T2,34.0,2,1.1717,1.59,2.8,0.0,2026-02-21 22:00:00
2026-02-23 09:00:00,2026-02-23 03:00:00,0.0067,0.0139,0.2513,0.0619,T2,35.0,2,1.4867,2.89,4.2,0.0,2026-02-21 22:00:00
2026-02-23 10:00:00,2026-02-23 04:00:00,0.0,0.0367,0.281,0.0771,T2,36.0,2,2.4867,3.42,5.9833,0.0,2026-02-21 22:00:00
2026-02-23 11:00:00,2026-02-23 05:00:00,0.0,0.1137,0.3754,0.1238,T2,37.0,2,3.5833,4.32,7.5833,0.0,2026-02-21 22:00:00
2026-02-23 12:00:00,2026-02-23 06:00:00,0.0,0.1388,0.5095,0.1887,T2,38.0,2,4.9883,5.16,8.6833,0.0,2026-02-21 22:00:00
2026-02-23 13:00:00,2026-02-23 07:00:00,0.0,0.2352,0.752,0.3243,T2,39.0,2,6.7867,6.995,9.0,0.0,2026-02-21 22:00:00
2026-02-23 14:00:00,2026-02-23 08:00:00,0.0,0.3846,0.843,0.4212,T2,40.0,2,7.855,6.835,8.6833,0.0,2026-02-21 22:00:00
2026-02-23 15:00:00,2026-02-23 09:00:00,0.0,0.4536,0.9052,0.4396,T2,41.0,2,8.2233,5.745,8.2833,0.0,2026-02-21 22:00:00
2026-02-23 16:00:00,2026-02-23 10:00:00,0.0,0.5446,0.9516,0.5417,T2,42.0,3,9.165,4.545,8.3833,0.0,2026-02-21 22:00:00
2026-02-23 17:00:00,2026-02-23 11:00:00,0.0,0.4197,0.8674,0.4253,T2,43.0,3,8.0817,3.765,7.9333,0.0,2026-02-21 22:00:00
2026-02-23 18:00:00,2026-02-23 12:00:00,0.0,0.3835,0.823,0.3725,T2,44.0,3,7.4517,2.685,7.35,0.0,2026-02-21 22:00:00
2026-02-23 19:00:00,2026-02-23 13:00:00,0.0,0.5475,0.9181,0.4396,T2,45.0,3,8.17,0.52,6.3833,0.0,2026-02-21 22:00:00
2026-02-23 20:00:00,2026-02-23 14:00:00,0.0771,0.7479,0.97,0.5709,T2,46.0,3,9.4117,1.415,5.4333,0.0,2026-02-21 22:00:00
2026-02-23 21:00:00,2026-02-23 15:00:00,0.2076,0.8358,0.97,0.6898,T2,47.0,3,10.34,1.855,4.4667,0.0,2026-02-21 22:00:00
2026-02-23 22:00:00,2026-02-23 16:00:00,0.3434,0.8882,0.97,0.7338,T2,48.0,3,10.63,1.53,3.5667,0.0,2026-02-21 22:00:00
2026-02-21 23:00:00,2026-02-21 17:00:00,0.0,0.1293,0.4231,0.1732,ВЭС,1.0,1,4.7,1.835,4.3667,0.0,2026-02-21 22:00:00
2026-02-22 00:00:00,2026-02-21 18:00:00,0.0,0.1362,0.4213,0.1381,ВЭС,2.0,1,4.0917,3.55,4.0,0.0,2026-02-21 22:00:00
2026-02-22 01:00:00,2026-02-21 19:00:00,0.0,0.099,0.3598,0.1275,ВЭС,3.0,1,3.81,3.22,3.4667,0.0,2026-02-21 22:00:00
2026-02-22 02:00:00,2026-02-21 20:00:00,0.0,0.0396,0.2914,0.115,ВЭС,4.0,1,3.3767,2.52,2.9333,0.0,2026-02-21 22:00:00
2026-02-22 03:00:00,2026-02-21 21:00:00,0.0071,0.0148,0.1819,0.0923,ВЭС,5.0,1,2.85,2.245,2.4833,0.0,2026-02-21 22:00:00
2026-02-22 04:00:00,2026-02-21 22:00:00,0.0082,0.0121,0.1443,0.0741,ВЭС,6.0,1,2.39,1.915,2.1833,0.0,2026-02-21 22:00:00
2026-02-22 05:00:00,2026-02-21 23:00:00,0.007,0.0148,0.0915,0.0687,ВЭС,7.0,1,1.8667,0.735,2.1,0.0,2026-02-21 22:00:00
2026-02-22 06:00:00,2026-02-22 00:00:00,0.0076,0.0131,0.13,0.0741,ВЭС,8.0,1,2.1767,3.305,2.1167,0.0,2026-02-21 22:00:00
2026-02-22 07:00:00,2026-02-22 01:00:00,0.0002,0.0374,0.315,0.1511,ВЭС,9.0,1,4.38,5.875,2.0333,0.0,2026-02-21 22:00:00
2026-02-22 08:00:00,2026-02-22 02:00:00,0.0,0.1596,0.687,0.3379,ВЭС,10.0,1,6.8633,8.0,2.2,0.0,2026-02-21 22:00:00
2026-02-22 09:00:00,2026-02-22 03:00:00,0.0,0.3237,0.9257,0.4601,ВЭС,11.0,1,8.3633,8.615,3.3333,0.0,2026-02-21 22:00:00
2026-02-22 10:00:00,2026-02-22 04:00:00,0.0,0.5398,0.98,0.5531,ВЭС,12.0,1,9.2067,9.375,5.2,0.0,2026-02-21 22:00:00
2026-02-22 11:00:00,2026-02-22 05:00:00,0.2224,0.8643,0.98,0.6898,ВЭС,13.0,1,10.28,6.95,6.8833,0.0,2026-02-21 22:00:00
2026-02-22 12:00:00,2026-02-22 06:00:00,0.7477,0.9799,0.98,0.7639,ВЭС,14.0,1,11.2717,3.395,8.1,0.0,2026-02-21 22:00:00
2026-02-22 13:00:00,2026-02-22 07:00:00,0.7549,0.98,0.98,0.7639,ВЭС,15.0,1,11.3383,2.52,8.8667,0.0,2026-02-21 22:00:00
2026-02-22 14:00:00,2026-02-22 08:00:00,0.7739,0.98,0.98,0.7639,ВЭС,16.0,1,11.0633,2.39,9.2667,0.0,2026-02-21 22:00:00
2026-02-22 15:00:00,2026-02-22 09:00:00,0.7099,0.98,0.98,0.7415,ВЭС,17.0,1,10.7267,2.755,9.4333,0.0,2026-02-21 22:00:00
2026-02-22 16:00:00,2026-02-22 10:00:00,0.569,0.9767,0.98,0.6898,ВЭС,18.0,2,10.4667,3.775,9.5667,0.0,2026-02-21 22:00:00
2026-02-22 17:00:00,2026-02-22 11:00:00,0.2678,0.8797,0.98,0.73,ВЭС,19.0,2,10.6083,3.445,8.6667,0.0,2026-02-21 22:00:00
2026-02-22 18:00:00,2026-02-22 12:00:00,0.2,0.8485,0.98,0.73,ВЭС,20.0,2,10.55,2.83,7.35,0.0,2026-02-21 22:00:00
2026-02-22 19:00:00,2026-02-22 13:00:00,0.0433,0.7295,0.98,0.6301,ВЭС,21.0,2,9.7167,2.62,6.1833,0.0,2026-02-21 22:00:00
2026-02-22 20:00:00,2026-02-22 14:00:00,0.0,0.5574,0.9784,0.519,ВЭС,22.0,2,8.7567,2.74,5.35,0.0,2026-02-21 22:00:00
2026-02-22 21:00:00,2026-02-22 15:00:00,0.0,0.3808,0.9408,0.4309,ВЭС,23.0,2,8.1483,2.785,4.8333,0.0,2026-02-21 22:00:00
2026-02-22 22:00:00,2026-02-22 16:00:00,0.0,0.3178,0.8599,0.4212,ВЭС,24.0,2,7.735,3.14,4.4333,0.0,2026-02-21 22:00:00
2026-02-22 23:00:00,2026-02-22 17:00:00,0.0,0.4383,0.8742,0.4461,ВЭС,25.0,2,8.2817,1.81,4.4,0.0,2026-02-21 22:00:00
2026-02-23 00:00:00,2026-02-22 18:00:00,0.0,0.5563,0.98,0.519,ВЭС,26.0,2,8.7917,4.07,4.4167,0.0,2026-02-21 22:00:00
2026-02-23 01:00:00,2026-02-22 19:00:00,0.0,0.3612,0.9231,0.4396,ВЭС,27.0,2,8.16,3.375,4.1,0.0,2026-02-21 22:00:00
2026-02-23 02:00:00,2026-02-22 20:00:00,0.0,0.2146,0.8604,0.3567,ВЭС,28.0,2,7.1083,1.745,3.7833,0.0,2026-02-21 22:00:00
2026-02-23 03:00:00,2026-02-22 21:00:00,0.0,0.1056,0.6626,0.2388,ВЭС,29.0,2,5.7017,1.32,3.4,0.0,2026-02-21 22:00:00
2026-02-23 04:00:00,2026-02-22 22:00:00,0.0,0.0584,0.3585,0.1381,ВЭС,30.0,2,4.15,2.54,2.9833,0.0,2026-02-21 22:00:00
2026-02-23 05:00:00,2026-02-22 23:00:00,0.0,0.0402,0.1847,0.0835,ВЭС,31.0,2,2.8033,2.09,2.6,0.0,2026-02-21 22:00:00
2026-02-23 06:00:00,2026-02-23 00:00:00,0.0057,0.0179,0.1593,0.0687,ВЭС,32.0,2,1.89,1.69,2.3333,0.0,2026-02-21 22:00:00
2026-02-23 07:00:00,2026-02-23 01:00:00,0.0089,0.0096,0.1546,0.0554,ВЭС,33.0,2,1.3433,0.83,2.2667,0.0,2026-02-21 22:00:00
2026-02-23 08:00:00,2026-02-23 02:00:00,0.0065,0.0165,0.1565,0.0554,ВЭС,34.0,2,1.1717,1.59,2.8,0.0,2026-02-21 22:00:00
2026-02-23 09:00:00,2026-02-23 03:00:00,0.007,0.0152,0.2513,0.0619,ВЭС,35.0,2,1.4867,2.89,4.2,0.0,2026-02-21 22:00:00
2026-02-23 10:00:00,2026-02-23 04:00:00,0.0,0.038,0.281,0.0771,ВЭС,36.0,2,2.4867,3.42,5.9833,0.0,2026-02-21 22:00:00
2026-02-23 11:00:00,2026-02-23 05:00:00,0.0,0.1152,0.3754,0.1238,ВЭС,37.0,2,3.5833,4.32,7.5833,0.0,2026-02-21 22:00:00
2026-02-23 12:00:00,2026-02-23 06:00:00,0.0,0.1394,0.5095,0.1887,ВЭС,38.0,2,4.9883,5.16,8.6833,0.0,2026-02-21 22:00:00
2026-02-23 13:00:00,2026-02-23 07:00:00,0.0,0.2352,0.752,0.3243,ВЭС,39.0,2,6.7867,6.995,9.0,0.0,2026-02-21 22:00:00
2026-02-23 14:00:00,2026-02-23 08:00:00,0.0,0.3845,0.8437,0.4212,ВЭС,40.0,2,7.855,6.835,8.6833,0.0,2026-02-21 22:00:00
2026-02-23 15:00:00,2026-02-23 09:00:00,0.0,0.4539,0.9056,0.4396,ВЭС,41.0,2,8.2233,5.745,8.2833,0.0,2026-02-21 22:00:00
2026-02-23 16:00:00,2026-02-23 10:00:00,0.0,0.5443,0.9545,0.5417,ВЭС,42.0,3,9.165,4.545,8.3833,0.0,2026-02-21 22:00:00
2026-02-23 17:00:00,2026-02-23 11:00:00,0.0,0.4193,0.8674,0.4253,ВЭС,43.0,3,8.0817,3.765,7.9333,0.0,2026-02-21 22:00:00
2026-02-23 18:00:00,2026-02-23 12:00:00,0.0,0.3832,0.823,0.3725,ВЭС,44.0,3,7.4517,2.685,7.35,0.0,2026-02-21 22:00:00
2026-02-23 19:00:00,2026-02-23 13:00:00,0.0,0.5472,0.9181,0.4396,ВЭС,45.0,3,8.17,0.52,6.3833,0.0,2026-02-21 22:00:00
2026-02-23 20:00:00,2026-02-23 14:00:00,0.091,0.7482,0.9787,0.5709,ВЭС,46.0,3,9.4117,1.415,5.4333,0.0,2026-02-21 22:00:00
2026-02-23 21:00:00,2026-02-23 15:00:00,0.2341,0.8361,0.98,0.6898,ВЭС,47.0,3,10.34,1.855,4.4667,0.0,2026-02-21 22:00:00
2026-02-23 22:00:00,2026-02-23 16:00:00,0.3366,0.8889,0.98,0.7338,ВЭС,48.0,3,10.63,1.53,3.5667,0.0,2026-02-21 22:00:00
2026-02-22 11:00:00,2026-02-22 05:00:00,0.2395,0.8654,0.99,0.6898,T1,1.0,1,10.28,6.95,6.8833,0.0,2026-02-22 10:00:00
2026-02-22 12:00:00,2026-02-22 06:00:00,0.7235,0.9897,0.99,0.7639,T1,2.0,1,11.2717,3.395,8.1,0.0,2026-02-22 10:00:00
2026-02-22 13:00:00,2026-02-22 07:00:00,0.7358,0.99,0.99,0.7639,T1,3.0,1,11.3383,2.52,8.8667,0.0,2026-02-22 10:00:00
2026-02-22 14:00:00,2026-02-22 08:00:00,0.7665,0.99,0.99,0.7639,T1,4.0,1,11.0633,2.39,9.2667,0.0,2026-02-22 10:00:00
2026-02-22 15:00:00,2026-02-22 09:00:00,0.6764,0.99,0.99,0.7415,T1,5.0,1,10.7267,2.755,9.4333,0.0,2026-02-22 10:00:00
2026-02-22 16:00:00,2026-02-22 10:00:00,0.5096,0.9818,0.99,0.723,T1,6.0,1,10.5333,3.65,9.2833,0.0,2026-02-22 10:00:00
2026-02-22 17:00:00,2026-02-22 11:00:00,0.2299,0.8398,0.99,0.6898,T1,7.0,1,10.3083,4.585,8.7,0.0,2026-02-22 10:00:00
2026-02-22 18:00:00,2026-02-22 12:00:00,0.0,0.7438,0.98,0.65,T1,8.0,1,9.8333,5.3,7.6,0.0,2026-02-22 10:00:00
2026-02-22 19:00:00,2026-02-22 13:00:00,0.0,0.5365,0.9765,0.5417,T1,9.0,1,8.9933,5.77,6.3667,0.0,2026-02-22 10:00:00
2026-02-22 20:00:00,2026-02-22 14:00:00,0.0,0.3715,0.8899,0.4212,T1,10.0,1,7.8583,5.715,5.45,0.0,2026-02-22 10:00:00
2026-02-22 21:00:00,2026-02-22 15:00:00,0.0,0.2442,0.6577,0.3379,T1,11.0,1,6.9267,5.565,4.7167,0.0,2026-02-22 10:00:00
2026-02-22 22:00:00,2026-02-22 16:00:00,0.0,0.186,0.5152,0.2678,T1,12.0,1,6.0317,5.715,4.0167,0.0,2026-02-22 10:00:00
2026-02-22 23:00:00,2026-02-22 17:00:00,0.0,0.1503,0.4895,0.1964,T1,13.0,1,5.0733,4.775,3.4667,0.0,2026-02-22 10:00:00
2026-02-23 00:00:00,2026-02-22 18:00:00,0.0,0.1292,0.3992,0.1732,T1,14.0,1,4.5867,3.37,3.0833,0.0,2026-02-22 10:00:00
2026-02-23 01:00:00,2026-02-22 19:00:00,0.0,0.0969,0.3772,0.1511,T1,15.0,1,4.39,3.205,2.8333,0.0,2026-02-22 10:00:00
2026-02-23 02:00:00,2026-02-22 20:00:00,0.0,0.1008,0.2706,0.1381,T1,16.0,1,4.0867,3.655,2.7167,0.0,2026-02-22 10:00:00
2026-02-23 03:00:00,2026-02-22 21:00:00,0.0,0.0717,0.2886,0.1381,T1,17.0,1,3.925,4.035,2.65,0.0,2026-02-22 10:00:00
2026-02-23 04:00:00,2026-02-22 22:00:00,0.0,0.0651,0.3585,0.1381,T1,18.0,2,4.15,2.54,2.9833,0.0,2026-02-22 10:00:00
2026-02-23 05:00:00,2026-02-22 23:00:00,0.0,0.0459,0.1847,0.0835,T1,19.0,2,2.8033,2.09,2.6,0.0,2026-02-22 10:00:00
2026-02-23 06:00:00,2026-02-23 00:00:00,0.005,0.0225,0.1593,0.0687,T1,20.0,2,1.89,1.69,2.3333,0.0,2026-02-22 10:00:00
2026-02-23 07:00:00,2026-02-23 01:00:00,0.01,0.01,0.1546,0.0554,T1,21.0,2,1.3433,0.83,2.2667,0.0,2026-02-22 10:00:00
2026-02-23 08:00:00,2026-02-23 02:00:00,0.0073,0.0167,0.1565,0.0554,T1,22.0,2,1.1717,1.59,2.8,0.0,2026-02-22 10:00:00
2026-02-23 09:00:00,2026-02-23 03:00:00,0.0074,0.0164,0.2513,0.0619,T1,23.0,2,1.4867,2.89,4.2,0.0,2026-02-22 10:00:00
2026-02-23 10:00:00,2026-02-23 04:00:00,0.0,0.0394,0.2809,0.0771,T1,24.0,2,2.4867,3.42,5.9833,0.0,2026-02-22 10:00:00
2026-02-23 11:00:00,2026-02-23 05:00:00,0.0,0.1167,0.3754,0.1238,T1,25.0,2,3.5833,4.32,7.5833,0.0,2026-02-22 10:00:00
2026-02-23 12:00:00,2026-02-23 06:00:00,0.0,0.14,0.5095,0.1887,T1,26.0,2,4.9883,5.16,8.6833,0.0,2026-02-22 10:00:00
2026-02-23 13:00:00,2026-02-23 07:00:00,0.0,0.2351,0.752,0.3243,T1,27.0,2,6.7867,6.995,9.0,0.0,2026-02-22 10:00:00
2026-02-23 14:00:00,2026-02-23 08:00:00,0.0,0.3845,0.8445,0.4212,T1,28.0,2,7.855,6.835,8.6833,0.0,2026-02-22 10:00:00
2026-02-23 15:00:00,2026-02-23 09:00:00,0.0,0.4541,0.9059,0.4396,T1,29.0,2,8.2233,5.745,8.2833,0.0,2026-02-22 10:00:00
2026-02-23 16:00:00,2026-02-23 10:00:00,0.0,0.5597,0.9547,0.5049,T1,30.0,2,8.675,4.265,7.7167,0.0,2026-02-22 10:00:00
2026-02-23 17:00:00,2026-02-23 11:00:00,0.0652,0.6954,0.98,0.6301,T1,31.0,2,9.6167,1.475,6.6833,0.0,2026-02-22 10:00:00
2026-02-23 18:00:00,2026-02-23 12:00:00,0.2241,0.8126,0.9659,0.681,T1,32.0,2,10.2217,1.85,5.5167,0.0,2026-02-22 10:00:00
2026-02-23 19:00:00,2026-02-23 13:00:00,0.1915,0.8213,0.9789,0.681,T1,33.0,2,10.1333,3.735,4.4333,0.0,2026-02-22 10:00:00
2026-02-23 20:00:00,2026-02-23 14:00:00,0.3017,0.8413,0.99,0.723,T1,34.0,2,10.4467,3.89,3.1667,0.0,2026-02-22 10:00:00
2026-02-23 21:00:00,2026-02-23 15:00:00,0.3426,0.8939,0.9847,0.7639,T1,35.0,2,11.01,4.33,1.85,0.0,2026-02-22 10:00:00
2026-02-23 22:00:00,2026-02-23 16:00:00,0.4988,0.9052,0.9862,0.8017,T1,36.0,2,11.64,4.415,0.65,0.0,2026-02-22 10:00:00
2026-02-23 23:00:00,2026-02-23 17:00:00,0.5961,0.9392,0.99,0.8217,T1,37.0,2,12.2567,3.245,-0.1,0.0,2026-02-22 10:00:00
2026-02-24 00:00:00,2026-02-23 18:00:00,0.6153,0.9411,0.99,0.8297,T1,38.0,2,12.405,2.605,-0.5667,0.0,2026-02-22 10:00:00
2026-02-24 01:00:00,2026-02-23 19:00:00,0.5164,0.928,0.9821,0.8017,T1,39.0,2,12.045,2.49,-1.0833,0.0,2026-02-22 10:00:00
2026-02-24 02:00:00,2026-02-23 20:00:00,0.3603,0.8694,0.9832,0.7831,T1,40.0,2,11.4433,2.15,-1.4167,0.0,2026-02-22 10:00:00
2026-02-24 03:00:00,2026-02-23 21:00:00,0.337,0.8385,0.9806,0.781,T1,41.0,2,11.3067,2.12,-1.6833,0.0,2026-02-22 10:00:00
2026-02-24 04:00:00,2026-02-23 22:00:00,0.5373,0.8449,0.9889,0.8017,T1,42.0,3,12.0133,1.61,-1.7333,0.0,2026-02-22 10:00:00
2026-02-24 05:00:00,2026-02-23 23:00:00,0.4846,0.8233,0.9892,0.8017,T1,43.0,3,11.69,1.695,-2.1167,0.0,2026-02-22 10:00:00
2026-02-24 06:00:00,2026-02-24 00:00:00,0.3506,0.7745,0.9892,0.7639,T1,44.0,3,11.2367,1.61,-2.2,0.0,2026-02-22 10:00:00
2026-02-24 07:00:00,2026-02-24 01:00:00,0.2286,0.6717,0.9868,0.7536,T1,45.0,3,10.6317,1.74,-2.3333,0.0,2026-02-22 10:00:00
2026-02-24 08:00:00,2026-02-24 02:00:00,0.0437,0.5873,0.9682,0.681,T1,46.0,3,10.02,1.78,-2.2833,0.0,2026-02-22 10:00:00
2026-02-24 09:00:00,2026-02-24 03:00:00,0.0281,0.5793,0.959,0.6587,T1,47.0,3,9.79,2.245,-1.95,0.0,2026-02-22 10:00:00
2026-02-24 10:00:00,2026-02-24 04:00:00,0.0035,0.5422,0.9598,0.5709,T1,48.0,3,9.3,3.15,-1.5,0.0,2026-02-22 10:00:00
2026-02-22 11:00:00,2026-02-22 05:00:00,0.2053,0.8631,0.97,0.6898,T2,1.0,1,10.28,6.95,6.8833,0.0,2026-02-22 10:00:00
2026-02-22 12:00:00,2026-02-22 06:00:00,0.7719,0.97,0.97,0.7639,T2,2.0,1,11.2717,3.395,8.1,0.0,2026-02-22 10:00:00
2026-02-22 13:00:00,2026-02-22 07:00:00,0.774,0.97,0.97,0.7639,T2,3.0,1,11.3383,2.52,8.8667,0.0,2026-02-22 10:00:00
2026-02-22 14:00:00,2026-02-22 08:00:00,0.7814,0.97,0.97,0.7639,T2,4.0,1,11.0633,2.39,9.2667,0.0,2026-02-22 10:00:00
2026-02-22 15:00:00,2026-02-22 09:00:00,0.7433,0.97,0.97,0.7415,T2,5.0,1,10.7267,2.755,9.4333,0.0,2026-02-22 10:00:00
2026-02-22 16:00:00,2026-02-22 10:00:00,0.5762,0.97,0.97,0.723,T2,6.0,1,10.5333,3.65,9.2833,0.0,2026-02-22 10:00:00
2026-02-22 17:00:00,2026-02-22 11:00:00,0.1731,0.8427,0.97,0.6898,T2,7.0,1,10.3083,4.585,8.7,0.0,2026-02-22 10:00:00
2026-02-22 18:00:00,2026-02-22 12:00:00,0.0,0.749,0.97,0.65,T2,8.0,1,9.8333,5.3,7.6,0.0,2026-02-22 10:00:00
2026-02-22 19:00:00,2026-02-22 13:00:00,0.0,0.5318,0.97,0.5417,T2,9.0,1,8.9933,5.77,6.3667,0.0,2026-02-22 10:00:00
2026-02-22 20:00:00,2026-02-22 14:00:00,0.0,0.3672,0.8884,0.4212,T2,10.0,1,7.8583,5.715,5.45,0.0,2026-02-22 10:00:00
2026-02-22 21:00:00,2026-02-22 15:00:00,0.0,0.2361,0.6577,0.3379,T2,11.0,1,6.9267,5.565,4.7167,0.0,2026-02-22 10:00:00
2026-02-22 22:00:00,2026-02-22 16:00:00,0.0,0.168,0.5153,0.2678,T2,12.0,1,6.0317,5.715,4.0167,0.0,2026-02-22 10:00:00
2026-02-22 23:00:00,2026-02-22 17:00:00,0.0,0.1353,0.4895,0.1964,T2,13.0,1,5.0733,4.775,3.4667,0.0,2026-02-22 10:00:00
2026-02-23 00:00:00,2026-02-22 18:00:00,0.0,0.1088,0.3992,0.1732,T2,14.0,1,4.5867,3.37,3.0833,0.0,2026-02-22 10:00:00
2026-02-23 01:00:00,2026-02-22 19:00:00,0.0,0.0778,0.3773,0.1511,T2,15.0,1,4.39,3.205,2.8333,0.0,2026-02-22 10:00:00
2026-02-23 02:00:00,2026-02-22 20:00:00,0.0,0.0889,0.2706,0.1381,T2,16.0,1,4.0867,3.655,2.7167,0.0,2026-02-22 10:00:00
2026-02-23 03:00:00,2026-02-22 21:00:00,0.0,0.0528,0.2887,0.1381,T2,17.0,1,3.925,4.035,2.65,0.0,2026-02-22 10:00:00
2026-02-23 04:00:00,2026-02-22 22:00:00,0.0,0.0518,0.3586,0.1381,T2,18.0,2,4.15,2.54,2.9833,0.0,2026-02-22 10:00:00
2026-02-23 05:00:00,2026-02-22 23:00:00,0.0,0.0344,0.1848,0.0835,T2,19.0,2,2.8033,2.09,2.6,0.0,2026-02-22 10:00:00
2026-02-23 06:00:00,2026-02-23 00:00:00,0.0065,0.0132,0.1593,0.0687,T2,20.0,2,1.89,1.69,2.3333,0.0,2026-02-22 10:00:00
2026-02-23 07:00:00,2026-02-23 01:00:00,0.0079,0.0092,0.1546,0.0554,T2,21.0,2,1.3433,0.83,2.2667,0.0,2026-02-22 10:00:00
2026-02-23 08:00:00,2026-02-23 02:00:00,0.0058,0.0162,0.1565,0.0554,T2,22.0,2,1.1717,1.59,2.8,0.0,2026-02-22 10:00:00
2026-02-23 09:00:00,2026-02-23 03:00:00,0.0067,0.0139,0.2513,0.0619,T2,23.0,2,1.4867,2.89,4.2,0.0,2026-02-22 10:00:00
2026-02-23 10:00:00,2026-02-23 04:00:00,0.0,0.0367,0.281,0.0771,T2,24.0,2,2.4867,3.42,5.9833,0.0,2026-02-22 10:00:00
2026-02-23 11:00:00,2026-02-23 05:00:00,0.0,0.1137,0.3754,0.1238,T2,25.0,2,3.5833,4.32,7.5833,0.0,2026-02-22 10:00:00
2026-02-23 12:00:00,2026-02-23 06:00:00,0.0,0.1388,0.5095,0.1887,T2,26.0,2,4.9883,5.16,8.6833,0.0,2026-02-22 10:00:00
2026-02-23 13:00:00,2026-02-23 07:00:00,0.0,0.2352,0.752,0.3243,T2,27.0,2,6.7867,6.995,9.0,0.0,2026-02-22 10:00:00
2026-02-23 14:00:00,2026-02-23 08:00:00,0.0,0.3846,0.843,0.4212,T2,28.0,2,7.855,6.835,8.6833,0.0,2026-02-22 10:00:00
2026-02-23 15:00:00,2026-02-23 09:00:00,0.0,0.4536,0.9052,0.4396,T2,29.0,2,8.2233,5.745,8.2833,0.0,2026-02-22 10:00:00
2026-02-23 16:00:00,2026-02-23 10:00:00,0.0,0.5592,0.9532,0.5049,T2,30.0,2,8.675,4.265,7.7167,0.0,2026-02-22 10:00:00
2026-02-23 17:00:00,2026-02-23 11:00:00,0.0899,0.6949,0.97,0.6301,T2,31.0,2,9.6167,1.475,6.6833,0.0,2026-02-22 10:00:00
2026-02-23 18:00:00,2026-02-23 12:00:00,0.1563,0.8132,0.9627,0.681,T2,32.0,2,10.2217,1.85,5.5167,0.0,2026-02-22 10:00:00
2026-02-23 19:00:00,2026-02-23 13:00:00,0.1424,0.8219,0.97,0.681,T2,33.0,2,10.1333,3.735,4.4333,0.0,2026-02-22 10:00:00
2026-02-23 20:00:00,2026-02-23 14:00:00,0.2496,0.8408,0.97,0.723,T2,34.0,2,10.4467,3.89,3.1667,0.0,2026-02-22 10:00:00
2026-02-23 21:00:00,2026-02-23 15:00:00,0.2885,0.8931,0.97,0.7639,T2,35.0,2,11.01,4.33,1.85,0.0,2026-02-22 10:00:00
2026-02-23 22:00:00,2026-02-23 16:00:00,0.4235,0.9039,0.97,0.8017,T2,36.0,2,11.64,4.415,0.65,0.0,2026-02-22 10:00:00
2026-02-23 23:00:00,2026-02-23 17:00:00,0.6197,0.9276,0.97,0.8217,T2,37.0,2,12.2567,3.245,-0.1,0.0,2026-02-22 10:00:00
2026-02-24 00:00:00,2026-02-23 18:00:00,0.6328,0.9292,0.97,0.8297,T2,38.0,2,12.405,2.605,-0.5667,0.0,2026-02-22 10:00:00
2026-02-24 01:00:00,2026-02-23 19:00:00,0.4482,0.9263,0.97,0.8017,T2,39.0,2,12.045,2.49,-1.0833,0.0,2026-02-22 10:00:00
2026-02-24 02:00:00,2026-02-23 20:00:00,0.2844,0.8679,0.97,0.7831,T2,40.0,2,11.4433,2.15,-1.4167,0.0,2026-02-22 10:00:00
2026-02-24 03:00:00,2026-02-23 21:00:00,0.2799,0.8369,0.969,0.781,T2,41.0,2,11.3067,2.12,-1.6833,0.0,2026-02-22 10:00:00
2026-02-24 04:00:00,2026-02-23 22:00:00,0.5618,0.8433,0.97,0.8017,T2,42.0,3,12.0133,1.61,-1.7333,0.0,2026-02-22 10:00:00
2026-02-24 05:00:00,2026-02-23 23:00:00,0.5034,0.8216,0.97,0.8017,T2,43.0,3,11.69,1.695,-2.1167,0.0,2026-02-22 10:00:00
2026-02-24 06:00:00,2026-02-24 00:00:00,0.35,0.7729,0.97,0.7639,T2,44.0,3,11.2367,1.61,-2.2,0.0,2026-02-22 10:00:00
2026-02-24 07:00:00,2026-02-24 01:00:00,0.22,0.6702,0.97,0.7536,T2,45.0,3,10.6317,1.74,-2.3333,0.0,2026-02-22 10:00:00
2026-02-24 08:00:00,2026-02-24 02:00:00,0.0948,0.5856,0.9642,0.681,T2,46.0,3,10.02,1.78,-2.2833,0.0,2026-02-22 10:00:00
2026-02-24 09:00:00,2026-02-24 03:00:00,0.0771,0.5775,0.9558,0.6587,T2,47.0,3,9.79,2.245,-1.95,0.0,2026-02-22 10:00:00
2026-02-24 10:00:00,2026-02-24 04:00:00,0.0,0.5459,0.9562,0.5709,T2,48.0,3,9.3,3.15,-1.5,0.0,2026-02-22 10:00:00
2026-02-22 11:00:00,2026-02-22 05:00:00,0.2224,0.8643,0.98,0.6898,ВЭС,1.0,1,10.28,6.95,6.8833,0.0,2026-02-22 10:00:00
2026-02-22 12:00:00,2026-02-22 06:00:00,0.7477,0.9799,0.98,0.7639,ВЭС,2.0,1,11.2717,3.395,8.1,0.0,2026-02-22 10:00:00
2026-02-22 13:00:00,2026-02-22 07:00:00,0.7549,0.98,0.98,0.7639,ВЭС,3.0,1,11.3383,2.52,8.8667,0.0,2026-02-22 10:00:00
2026-02-22 14:00:00,2026-02-22 08:00:00,0.7739,0.98,0.98,0.7639,ВЭС,4.0,1,11.0633,2.39,9.2667,0.0,2026-02-22 10:00:00
2026-02-22 15:00:00,2026-02-22 09:00:00,0.7099,0.98,0.98,0.7415,ВЭС,5.0,1,10.7267,2.755,9.4333,0.0,2026-02-22 10:00:00
2026-02-22 16:00:00,2026-02-22 10:00:00,0.5429,0.9759,0.98,0.723,ВЭС,6.0,1,10.5333,3.65,9.2833,0.0,2026-02-22 10:00:00
2026-02-22 17:00:00,2026-02-22 11:00:00,0.2015,0.8413,0.98,0.6898,ВЭС,7.0,1,10.3083,4.585,8.7,0.0,2026-02-22 10:00:00
2026-02-22 18:00:00,2026-02-22 12:00:00,0.0,0.7464,0.975,0.65,ВЭС,8.0,1,9.8333,5.3,7.6,0.0,2026-02-22 10:00:00
2026-02-22 19:00:00,2026-02-22 13:00:00,0.0,0.5341,0.9733,0.5417,ВЭС,9.0,1,8.9933,5.77,6.3667,0.0,2026-02-22 10:00:00
2026-02-22 20:00:00,2026-02-22 14:00:00,0.0,0.3693,0.8891,0.4212,ВЭС,10.0,1,7.8583,5.715,5.45,0.0,2026-02-22 10:00:00
2026-02-22 21:00:00,2026-02-22 15:00:00,0.0,0.2401,0.6577,0.3379,ВЭС,11.0,1,6.9267,5.565,4.7167,0.0,2026-02-22 10:00:00
2026-02-22 22:00:00,2026-02-22 16:00:00,0.0,0.177,0.5153,0.2678,ВЭС,12.0,1,6.0317,5.715,4.0167,0.0,2026-02-22 10:00:00
2026-02-22 23:00:00,2026-02-22 17:00:00,0.0,0.1428,0.4895,0.1964,ВЭС,13.0,1,5.0733,4.775,3.4667,0.0,2026-02-22 10:00:00
2026-02-23 00:00:00,2026-02-22 18:00:00,0.0,0.119,0.3992,0.1732,ВЭС,14.0,1,4.5867,3.37,3.0833,0.0,2026-02-22 10:00:00
2026-02-23 01:00:00,2026-02-22 19:00:00,0.0,0.0873,0.3773,0.1511,ВЭС,15.0,1,4.39,3.205,2.8333,0.0,2026-02-22 10:00:00
2026-02-23 02:00:00,2026-02-22 20:00:00,0.0,0.0948,0.2706,0.1381,ВЭС,16.0,1,4.0867,3.655,2.7167,0.0,2026-02-22 10:00:00
2026-02-23 03:00:00,2026-02-22 21:00:00,0.0,0.0623,0.2887,0.1381,ВЭС,17.0,1,3.925,4.035,2.65,0.0,2026-02-22 10:00:00
2026-02-23 04:00:00,2026-02-22 22:00:00,0.0,0.0584,0.3585,0.1381,ВЭС,18.0,2,4.15,2.54,2.9833,0.0,2026-02-22 10:00:00
2026-02-23 05:00:00,2026-02-22 23:00:00,0.0,0.0402,0.1847,0.0835,ВЭС,19.0,2,2.8033,2.09,2.6,0.0,2026-02-22 10:00:00
2026-02-23 06:00:00,2026-02-23 00:00:00,0.0057,0.0179,0.1593,0.0687,ВЭС,20.0,2,1.89,1.69,2.3333,0.0,2026-02-22 10:00:00
2026-02-23 07:00:00,2026-02-23 01:00:00,0.0089,0.0096,0.1546,0.0554,ВЭС,21.0,2,1.3433,0.83,2.2667,0.0,2026-02-22 10:00:00
2026-02-23 08:00:00,2026-02-23 02:00:00,0.0065,0.0165,0.1565,0.0554,ВЭС,22.0,2,1.1717,1.59,2.8,0.0,2026-02-22 10:00:00
2026-02-23 09:00:00,2026-02-23 03:00:00,0.007,0.0152,0.2513,0.0619,ВЭС,23.0,2,1.4867,2.89,4.2,0.0,2026-02-22 10:00:00
2026-02-23 10:00:00,2026-02-23 04:00:00,0.0,0.038,0.281,0.0771,ВЭС,24.0,2,2.4867,3.42,5.9833,0.0,2026-02-22 10:00:00
2026-02-23 11:00:00,2026-02-23 05:00:00,0.0,0.1152,0.3754,0.1238,ВЭС,25.0,2,3.5833,4.32,7.5833,0.0,2026-02-22 10:00:00
2026-02-23 12:00:00,2026-02-23 06:00:00,0.0,0.1394,0.5095,0.1887,ВЭС,26.0,2,4.9883,5.16,8.6833,0.0,2026-02-22 10:00:00
2026-02-23 13:00:00,2026-02-23 07:00:00,0.0,0.2352,0.752,0.3243,ВЭС,27.0,2,6.7867,6.995,9.0,0.0,2026-02-22 10:00:00
2026-02-23 14:00:00,2026-02-23 08:00:00,0.0,0.3845,0.8437,0.4212,ВЭС,28.0,2,7.855,6.835,8.6833,0.0,2026-02-22 10:00:00
2026-02-23 15:00:00,2026-02-23 09:00:00,0.0,0.4539,0.9056,0.4396,ВЭС,29.0,2,8.2233,5.745,8.2833,0.0,2026-02-22 10:00:00
2026-02-23 16:00:00,2026-02-23 10:00:00,0.0,0.5595,0.9539,0.5049,ВЭС,30.0,2,8.675,4.265,7.7167,0.0,2026-02-22 10:00:00
2026-02-23 17:00:00,2026-02-23 11:00:00,0.0775,0.6952,0.975,0.6301,ВЭС,31.0,2,9.6167,1.475,6.6833,0.0,2026-02-22 10:00:00
2026-02-23 18:00:00,2026-02-23 12:00:00,0.1902,0.8129,0.9643,0.681,ВЭС,32.0,2,10.2217,1.85,5.5167,0.0,2026-02-22 10:00:00
2026-02-23 19:00:00,2026-02-23 13:00:00,0.1669,0.8216,0.9744,0.681,ВЭС,33.0,2,10.1333,3.735,4.4333,0.0,2026-02-22 10:00:00
2026-02-23 20:00:00,2026-02-23 14:00:00,0.2756,0.841,0.98,0.723,ВЭС,34.0,2,10.4467,3.89,3.1667,0.0,2026-02-22 10:00:00
2026-02-23 21:00:00,2026-02-23 15:00:00,0.3155,0.8935,0.9773,0.7639,ВЭС,35.0,2,11.01,4.33,1.85,0.0,2026-02-22 10:00:00
2026-02-23 22:00:00,2026-02-23 16:00:00,0.4611,0.9045,0.9781,0.8017,ВЭС,36.0,2,11.64,4.415,0.65,0.0,2026-02-22 10:00:00
2026-02-23 23:00:00,2026-02-23 17:00:00,0.6079,0.9334,0.98,0.8217,ВЭС,37.0,2,12.2567,3.245,-0.1,0.0,2026-02-22 10:00:00
2026-02-24 00:00:00,2026-02-23 18:00:00,0.6241,0.9351,0.98,0.8297,ВЭС,38.0,2,12.405,2.605,-0.5667,0.0,2026-02-22 10:00:00
2026-02-24 01:00:00,2026-02-23 19:00:00,0.4823,0.9272,0.9761,0.8017,ВЭС,39.0,2,12.045,2.49,-1.0833,0.0,2026-02-22 10:00:00
2026-02-24 02:00:00,2026-02-23 20:00:00,0.3224,0.8687,0.9766,0.7831,ВЭС,40.0,2,11.4433,2.15,-1.4167,0.0,2026-02-22 10:00:00
2026-02-24 03:00:00,2026-02-23 21:00:00,0.3085,0.8377,0.9748,0.781,ВЭС,41.0,2,11.3067,2.12,-1.6833,0.0,2026-02-22 10:00:00
2026-02-24 04:00:00,2026-02-23 22:00:00,0.5495,0.8441,0.9795,0.8017,ВЭС,42.0,3,12.0133,1.61,-1.7333,0.0,2026-02-22 10:00:00
2026-02-24 05:00:00,2026-02-23 23:00:00,0.494,0.8224,0.9796,0.8017,ВЭС,43.0,3,11.69,1.695,-2.1167,0.0,2026-02-22 10:00:00
2026-02-24 06:00:00,2026-02-24 00:00:00,0.3503,0.7737,0.9796,0.7639,ВЭС,44.0,3,11.2367,1.61,-2.2,0.0,2026-02-22 10:00:00
2026-02-24 07:00:00,2026-02-24 01:00:00,0.2243,0.671,0.9784,0.7536,ВЭС,45.0,3,10.6317,1.74,-2.3333,0.0,2026-02-22 10:00:00
2026-02-24 08:00:00,2026-02-24 02:00:00,0.0692,0.5865,0.9662,0.681,ВЭС,46.0,3,10.02,1.78,-2.2833,0.0,2026-02-22 10:00:00
2026-02-24 09:00:00,2026-02-24 03:00:00,0.0526,0.5784,0.9574,0.6587,ВЭС,47.0,3,9.79,2.245,-1.95,0.0,2026-02-22 10:00:00
2026-02-24 10:00:00,2026-02-24 04:00:00,0.0018,0.544,0.958,0.5709,ВЭС,48.0,3,9.3,3.15,-1.5,0.0,2026-02-22 10:00:00
2026-02-22 23:00:00,2026-02-22 17:00:00,0.0,0.1503,0.4895,0.1964,T1,1.0,1,5.0733,4.775,3.4667,0.0,2026-02-22 22:00:00
2026-02-23 00:00:00,2026-02-22 18:00:00,0.0,0.1292,0.3992,0.1732,T1,2.0,1,4.5867,3.37,3.0833,0.0,2026-02-22 22:00:00
2026-02-23 01:00:00,2026-02-22 19:00:00,0.0,0.0969,0.3772,0.1511,T1,3.0,1,4.39,3.205,2.8333,0.0,2026-02-22 22:00:00
2026-02-23 02:00:00,2026-02-22 20:00:00,0.0,0.1008,0.2706,0.1381,T1,4.0,1,4.0867,3.655,2.7167,0.0,2026-02-22 22:00:00
2026-02-23 03:00:00,2026-02-22 21:00:00,0.0,0.0717,0.2886,0.1381,T1,5.0,1,3.925,4.035,2.65,0.0,2026-02-22 22:00:00
2026-02-23 04:00:00,2026-02-22 22:00:00,0.0,0.0545,0.2724,0.1275,T1,6.0,1,3.7283,4.565,2.55,0.0,2026-02-22 22:00:00
2026-02-23 05:00:00,2026-02-22 23:00:00,0.0,0.0432,0.2666,0.1082,T1,7.0,1,3.3317,4.16,2.3833,0.0,2026-02-22 22:00:00
2026-02-23 06:00:00,2026-02-23 00:00:00,0.0039,0.0252,0.1837,0.0968,T1,8.0,1,2.9217,2.07,2.2333,0.0,2026-02-22 22:00:00
2026-02-23 07:00:00,2026-02-23 01:00:00,0.0086,0.0136,0.157,0.0741,T1,9.0,1,2.3983,1.525,2.3,0.0,2026-02-22 22:00:00
2026-02-23 08:00:00,2026-02-23 02:00:00,0.0097,0.0107,0.2325,0.0741,T1,10.0,1,2.2083,2.575,3.0,0.0,2026-02-22 22:00:00
2026-02-23 09:00:00,2026-02-23 03:00:00,0.0059,0.0202,0.2463,0.0771,T1,11.0,1,2.6167,3.4,4.4833,0.0,2026-02-22 22:00:00
2026-02-23 10:00:00,2026-02-23 04:00:00,0.0,0.0626,0.4187,0.1082,T1,12.0,1,3.24,3.88,6.25,0.0,2026-02-22 22:00:00
2026-02-23 11:00:00,2026-02-23 05:00:00,0.0,0.1148,0.3324,0.1275,T1,13.0,1,3.6567,2.84,7.8,0.0,2026-02-22 22:00:00
2026-02-23 12:00:00,2026-02-23 06:00:00,0.0,0.1353,0.3894,0.1676,T1,14.0,1,4.51,1.995,8.7167,0.0,2026-02-22 22:00:00
2026-02-23 13:00:00,2026-02-23 07:00:00,0.0,0.3018,0.7157,0.2981,T1,15.0,1,6.55,1.325,8.9,0.0,2026-02-22 22:00:00
2026-02-23 14:00:00,2026-02-23 08:00:00,0.0,0.4938,0.8741,0.4461,T1,16.0,1,8.2467,3.36,8.7333,0.0,2026-02-22 22:00:00
2026-02-23 15:00:00,2026-02-23 09:00:00,0.0075,0.5486,0.9053,0.4837,T1,17.0,1,8.6383,2.81,8.2167,0.0,2026-02-22 22:00:00
2026-02-23 16:00:00,2026-02-23 10:00:00,0.0,0.5597,0.9547,0.5049,T1,18.0,2,8.675,4.265,7.7167,0.0,2026-02-22 22:00:00
2026-02-23 17:00:00,2026-02-23 11:00:00,0.0652,0.6954,0.98,0.6301,T1,19.0,2,9.6167,1.475,6.6833,0.0,2026-02-22 22:00:00
2026-02-23 18:00:00,2026-02-23 12:00:00,0.2241,0.8126,0.9659,0.681,T1,20.0,2,10.2217,1.85,5.5167,0.0,2026-02-22 22:00:00
2026-02-23 19:00:00,2026-02-23 13:00:00,0.1915,0.8213,0.9789,0.681,T1,21.0,2,10.1333,3.735,4.4333,0.0,2026-02-22 22:00:00
2026-02-23 20:00:00,2026-02-23 14:00:00,0.3017,0.8413,0.99,0.723,T1,22.0,2,10.4467,3.89,3.1667,0.0,2026-02-22 22:00:00
2026-02-23 21:00:00,2026-02-23 15:00:00,0.3426,0.8939,0.9847,0.7639,T1,23.0,2,11.01,4.33,1.85,0.0,2026-02-22 22:00:00
2026-02-23 22:00:00,2026-02-23 16:00:00,0.4988,0.9052,0.9862,0.8017,T1,24.0,2,11.64,4.415,0.65,0.0,2026-02-22 22:00:00
2026-02-23 23:00:00,2026-02-23 17:00:00,0.5961,0.9392,0.99,0.8217,T1,25.0,2,12.2567,3.245,-0.1,0.0,2026-02-22 22:00:00
2026-02-24 00:00:00,2026-02-23 18:00:00,0.6153,0.9411,0.99,0.8297,T1,26.0,2,12.405,2.605,-0.5667,0.0,2026-02-22 22:00:00
2026-02-24 01:00:00,2026-02-23 19:00:00,0.5164,0.928,0.9821,0.8017,T1,27.0,2,12.045,2.49,-1.0833,0.0,2026-02-22 22:00:00
2026-02-24 02:00:00,2026-02-23 20:00:00,0.3603,0.8694,0.9832,0.7831,T1,28.0,2,11.4433,2.15,-1.4167,0.0,2026-02-22 22:00:00
2026-02-24 03:00:00,2026-02-23 21:00:00,0.337,0.8385,0.9806,0.781,T1,29.0,2,11.3067,2.12,-1.6833,0.0,2026-02-22 22:00:00
2026-02-24 04:00:00,2026-02-23 22:00:00,0.3833,0.8352,0.9862,0.7831,T1,30.0,2,11.4883,2.33,-1.9333,0.0,2026-02-22 22:00:00
2026-02-24 05:00:00,2026-02-23 23:00:00,0.3418,0.8106,0.9893,0.7639,T1,31.0,2,11.1917,1.4,-2.0667,0.0,2026-02-22 22:00:00
2026-02-24 06:00:00,2026-02-24 00:00:00,0.2945,0.7167,0.99,0.7536,T1,32.0,2,10.6183,0.58,-2.1,0.0,2026-02-22 22:00:00
2026-02-24 07:00:00,2026-02-24 01:00:00,0.169,0.6534,0.9663,0.6898,T1,33.0,2,10.2217,0.955,-2.0333,0.0,2026-02-22 22:00:00
2026-02-24 08:00:00,2026-02-24 02:00:00,0.0,0.5943,0.9404,0.65,T1,34.0,2,9.745,1.395,-1.7833,0.0,2026-02-22 22:00:00
2026-02-24 09:00:00,2026-02-24 03:00:00,0.0,0.5766,0.9446,0.5984,T1,35.0,2,9.42,1.74,-1.3667,0.0,2026-02-22 22:00:00
2026-02-24 10:00:00,2026-02-24 04:00:00,0.0106,0.5544,0.9342,0.5709,T1,36.0,2,9.1983,2.22,-0.85,0.0,2026-02-22 22:00:00
2026-02-24 11:00:00,2026-02-24 05:00:00,0.0289,0.5937,0.948,0.5709,T1,37.0,2,9.175,3.285,-0.6833,0.0,2026-02-22 22:00:00
2026-02-24 12:00:00,2026-02-24 06:00:00,0.0711,0.525,0.927,0.5531,T1,38.0,2,9.085,4.14,-0.5833,0.0,2026-02-22 22:00:00
2026-02-24 13:00:00,2026-02-24 07:00:00,0.0069,0.5712,0.9213,0.5291,T1,39.0,2,8.83,4.405,-0.1833,0.0,2026-02-22 22:00:00
2026-02-24 14:00:00,2026-02-24 08:00:00,0.0,0.5755,0.9349,0.5291,T1,40.0,2,8.8367,4.815,0.0833,0.0,2026-02-22 22:00:00
2026-02-24 15:00:00,2026-02-24 09:00:00,0.0,0.5514,0.9328,0.5291,T1,41.0,2,8.8883,5.31,0.1833,0.0,2026-02-22 22:00:00
2026-02-24 16:00:00,2026-02-24 10:00:00,0.0,0.5484,0.9313,0.519,T1,42.0,3,8.6117,5.68,0.4167,0.0,2026-02-22 22:00:00
2026-02-24 17:00:00,2026-02-24 11:00:00,0.0,0.409,0.755,0.4212,T1,43.0,3,7.7033,3.605,0.1167,0.0,2026-02-22 22:00:00
2026-02-24 18:00:00,2026-02-24 12:00:00,0.0,0.2904,0.6738,0.3243,T1,44.0,3,6.685,1.6,-0.25,0.0,2026-02-22 22:00:00
2026-02-24 19:00:00,2026-02-24 13:00:00,0.0,0.2505,0.618,0.2837,T1,45.0,3,6.295,1.425,-0.8167,0.0,2026-02-22 22:00:00
2026-02-24 20:00:00,2026-02-24 14:00:00,0.0,0.1686,0.5944,0.2388,T1,46.0,3,5.68,0.965,-1.4,0.0,2026-02-22 22:00:00
2026-02-24 21:00:00,2026-02-24 15:00:00,0.0,0.0807,0.4661,0.1732,T1,47.0,3,4.55,1.89,-1.8833,0.0,2026-02-22 22:00:00
2026-02-24 22:00:00,2026-02-24 16:00:00,0.0016,0.0308,0.3292,0.1082,T1,48.0,3,3.1067,2.62,-2.3,0.0,2026-02-22 22:00:00
2026-02-22 23:00:00,2026-02-22 17:00:00,0.0,0.1353,0.4895,0.1964,T2,1.0,1,5.0733,4.775,3.4667,0.0,2026-02-22 22:00:00
2026-02-23 00:00:00,2026-02-22 18:00:00,0.0,0.1088,0.3992,0.1732,T2,2.0,1,4.5867,3.37,3.0833,0.0,2026-02-22 22:00:00
2026-02-23 01:00:00,2026-02-22 19:00:00,0.0,0.0778,0.3773,0.1511,T2,3.0,1,4.39,3.205,2.8333,0.0,2026-02-22 22:00:00
2026-02-23 02:00:00,2026-02-22 20:00:00,0.0,0.0889,0.2706,0.1381,T2,4.0,1,4.0867,3.655,2.7167,0.0,2026-02-22 22:00:00
2026-02-23 03:00:00,2026-02-22 21:00:00,0.0,0.0528,0.2887,0.1381,T2,5.0,1,3.925,4.035,2.65,0.0,2026-02-22 22:00:00
2026-02-23 04:00:00,2026-02-22 22:00:00,0.0,0.0472,0.2724,0.1275,T2,6.0,1,3.7283,4.565,2.55,0.0,2026-02-22 22:00:00
2026-02-23 05:00:00,2026-02-22 23:00:00,0.0004,0.0296,0.2667,0.1082,T2,7.0,1,3.3317,4.16,2.3833,0.0,2026-02-22 22:00:00
2026-02-23 06:00:00,2026-02-23 00:00:00,0.0025,0.0239,0.1837,0.0968,T2,8.0,1,2.9217,2.07,2.2333,0.0,2026-02-22 22:00:00
2026-02-23 07:00:00,2026-02-23 01:00:00,0.0067,0.0124,0.157,0.0741,T2,9.0,1,2.3983,1.525,2.3,0.0,2026-02-22 22:00:00
2026-02-23 08:00:00,2026-02-23 02:00:00,0.0076,0.0097,0.2325,0.0741,T2,10.0,1,2.2083,2.575,3.0,0.0,2026-02-22 22:00:00
2026-02-23 09:00:00,2026-02-23 03:00:00,0.0047,0.0194,0.2463,0.0771,T2,11.0,1,2.6167,3.4,4.4833,0.0,2026-02-22 22:00:00
2026-02-23 10:00:00,2026-02-23 04:00:00,0.0,0.0617,0.4187,0.1082,T2,12.0,1,3.24,3.88,6.25,0.0,2026-02-22 22:00:00
2026-02-23 11:00:00,2026-02-23 05:00:00,0.0,0.1141,0.3324,0.1275,T2,13.0,1,3.6567,2.84,7.8,0.0,2026-02-22 22:00:00
2026-02-23 12:00:00,2026-02-23 06:00:00,0.0,0.134,0.3894,0.1676,T2,14.0,1,4.51,1.995,8.7167,0.0,2026-02-22 22:00:00
2026-02-23 13:00:00,2026-02-23 07:00:00,0.0,0.3008,0.7158,0.2981,T2,15.0,1,6.55,1.325,8.9,0.0,2026-02-22 22:00:00
2026-02-23 14:00:00,2026-02-23 08:00:00,0.0,0.4939,0.8741,0.4461,T2,16.0,1,8.2467,3.36,8.7333,0.0,2026-02-22 22:00:00
2026-02-23 15:00:00,2026-02-23 09:00:00,0.0,0.5494,0.9042,0.4837,T2,17.0,1,8.6383,2.81,8.2167,0.0,2026-02-22 22:00:00
2026-02-23 16:00:00,2026-02-23 10:00:00,0.0,0.5592,0.9532,0.5049,T2,18.0,2,8.675,4.265,7.7167,0.0,2026-02-22 22:00:00
2026-02-23 17:00:00,2026-02-23 11:00:00,0.0899,0.6949,0.97,0.6301,T2,19.0,2,9.6167,1.475,6.6833,0.0,2026-02-22 22:00:00
2026-02-23 18:00:00,2026-02-23 12:00:00,0.1563,0.8132,0.9627,0.681,T2,20.0,2,10.2217,1.85,5.5167,0.0,2026-02-22 22:00:00
2026-02-23 19:00:00,2026-02-23 13:00:00,0.1424,0.8219,0.97,0.681,T2,21.0,2,10.1333,3.735,4.4333,0.0,2026-02-22 22:00:00
2026-02-23 20:00:00,2026-02-23 14:00:00,0.2496,0.8408,0.97,0.723,T2,22.0,2,10.4467,3.89,3.1667,0.0,2026-02-22 22:00:00
2026-02-23 21:00:00,2026-02-23 15:00:00,0.2885,0.8931,0.97,0.7639,T2,23.0,2,11.01,4.33,1.85,0.0,2026-02-22 22:00:00
2026-02-23 22:00:00,2026-02-23 16:00:00,0.4235,0.9039,0.97,0.8017,T2,24.0,2,11.64,4.415,0.65,0.0,2026-02-22 22:00:00
2026-02-23 23:00:00,2026-02-23 17:00:00,0.6197,0.9276,0.97,0.8217,T2,25.0,2,12.2567,3.245,-0.1,0.0,2026-02-22 22:00:00
2026-02-24 00:00:00,2026-02-23 18:00:00,0.6328,0.9292,0.97,0.8297,T2,26.0,2,12.405,2.605,-0.5667,0.0,2026-02-22 22:00:00
2026-02-24 01:00:00,2026-02-23 19:00:00,0.4482,0.9263,0.97,0.8017,T2,27.0,2,12.045,2.49,-1.0833,0.0,2026-02-22 22:00:00
2026-02-24 02:00:00,2026-02-23 20:00:00,0.2844,0.8679,0.97,0.7831,T2,28.0,2,11.4433,2.15,-1.4167,0.0,2026-02-22 22:00:00
2026-02-24 03:00:00,2026-02-23 21:00:00,0.2799,0.8369,0.969,0.781,T2,29.0,2,11.3067,2.12,-1.6833,0.0,2026-02-22 22:00:00
2026-02-24 04:00:00,2026-02-23 22:00:00,0.2898,0.8336,0.97,0.7831,T2,30.0,2,11.4883,2.33,-1.9333,0.0,2026-02-22 22:00:00
2026-02-24 05:00:00,2026-02-23 23:00:00,0.3203,0.809,0.97,0.7639,T2,31.0,2,11.1917,1.4,-2.0667,0.0,2026-02-22 22:00:00
2026-02-24 06:00:00,2026-02-24 00:00:00,0.2729,0.715,0.97,0.7536,T2,32.0,2,10.6183,0.58,-2.1,0.0,2026-02-22 22:00:00
2026-02-24 07:00:00,2026-02-24 01:00:00,0.14,0.6521,0.9631,0.6898,T2,33.0,2,10.2217,0.955,-2.0333,0.0,2026-02-22 22:00:00
2026-02-24 08:00:00,2026-02-24 02:00:00,0.0,0.5927,0.9378,0.65,T2,34.0,2,9.745,1.395,-1.7833,0.0,2026-02-22 22:00:00
2026-02-24 09:00:00,2026-02-24 03:00:00,0.0031,0.575,0.9424,0.5984,T2,35.0,2,9.42,1.74,-1.3667,0.0,2026-02-22 22:00:00
2026-02-24 10:00:00,2026-02-24 04:00:00,0.0,0.5616,0.9326,0.5709,T2,36.0,2,9.1983,2.22,-0.85,0.0,2026-02-22 22:00:00
2026-02-24 11:00:00,2026-02-24 05:00:00,0.0,0.6007,0.9449,0.5709,T2,37.0,2,9.175,3.285,-0.6833,0.0,2026-02-22 22:00:00
2026-02-24 12:00:00,2026-02-24 06:00:00,0.0036,0.5295,0.9215,0.5531,T2,38.0,2,9.085,4.14,-0.5833,0.0,2026-02-22 22:00:00
2026-02-24 13:00:00,2026-02-24 07:00:00,0.0,0.576,0.9155,0.5291,T2,39.0,2,8.83,4.405,-0.1833,0.0,2026-02-22 22:00:00
2026-02-24 14:00:00,2026-02-24 08:00:00,0.0,0.5804,0.9291,0.5291,T2,40.0,2,8.8367,4.815,0.0833,0.0,2026-02-22 22:00:00
2026-02-24 15:00:00,2026-02-24 09:00:00,0.0,0.5564,0.927,0.5291,T2,41.0,2,8.8883,5.31,0.1833,0.0,2026-02-22 22:00:00
2026-02-24 16:00:00,2026-02-24 10:00:00,0.0,0.548,0.9254,0.519,T2,42.0,3,8.6117,5.68,0.4167,0.0,2026-02-22 22:00:00
2026-02-24 17:00:00,2026-02-24 11:00:00,0.0,0.4086,0.7549,0.4212,T2,43.0,3,7.7033,3.605,0.1167,0.0,2026-02-22 22:00:00
2026-02-24 18:00:00,2026-02-24 12:00:00,0.0,0.2901,0.6738,0.3243,T2,44.0,3,6.685,1.6,-0.25,0.0,2026-02-22 22:00:00
2026-02-24 19:00:00,2026-02-24 13:00:00,0.0,0.2502,0.618,0.2837,T2,45.0,3,6.295,1.425,-0.8167,0.0,2026-02-22 22:00:00
2026-02-24 20:00:00,2026-02-24 14:00:00,0.0,0.1682,0.5944,0.2388,T2,46.0,3,5.68,0.965,-1.4,0.0,2026-02-22 22:00:00
2026-02-24 21:00:00,2026-02-24 15:00:00,0.0,0.0803,0.4661,0.1732,T2,47.0,3,4.55,1.89,-1.8833,0.0,2026-02-22 22:00:00
2026-02-24 22:00:00,2026-02-24 16:00:00,0.0022,0.0303,0.3293,0.1082,T2,48.0,3,3.1067,2.62,-2.3,0.0,2026-02-22 22:00:00
2026-02-22 23:00:00,2026-02-22 17:00:00,0.0,0.1428,0.4895,0.1964,ВЭС,1.0,1,5.0733,4.775,3.4667,0.0,2026-02-22 22:00:00
2026-02-23 00:00:00,2026-02-22 18:00:00,0.0,0.119,0.3992,0.1732,ВЭС,2.0,1,4.5867,3.37,3.0833,0.0,2026-02-22 22:00:00
2026-02-23 01:00:00,2026-02-22 19:00:00,0.0,0.0873,0.3773,0.1511,ВЭС,3.0,1,4.39,3.205,2.8333,0.0,2026-02-22 22:00:00
2026-02-23 02:00:00,2026-02-22 20:00:00,0.0,0.0948,0.2706,0.1381,ВЭС,4.0,1,4.0867,3.655,2.7167,0.0,2026-02-22 22:00:00
2026-02-23 03:00:00,2026-02-22 21:00:00,0.0,0.0623,0.2887,0.1381,ВЭС,5.0,1,3.925,4.035,2.65,0.0,2026-02-22 22:00:00
2026-02-23 04:00:00,2026-02-22 22:00:00,0.0,0.0508,0.2724,0.1275,ВЭС,6.0,1,3.7283,4.565,2.55,0.0,2026-02-22 22:00:00
2026-02-23 05:00:00,2026-02-22 23:00:00,0.0002,0.0364,0.2666,0.1082,ВЭС,7.0,1,3.3317,4.16,2.3833,0.0,2026-02-22 22:00:00
2026-02-23 06:00:00,2026-02-23 00:00:00,0.0032,0.0245,0.1837,0.0968,ВЭС,8.0,1,2.9217,2.07,2.2333,0.0,2026-02-22 22:00:00
2026-02-23 07:00:00,2026-02-23 01:00:00,0.0076,0.013,0.157,0.0741,ВЭС,9.0,1,2.3983,1.525,2.3,0.0,2026-02-22 22:00:00
2026-02-23 08:00:00,2026-02-23 02:00:00,0.0086,0.0102,0.2325,0.0741,ВЭС,10.0,1,2.2083,2.575,3.0,0.0,2026-02-22 22:00:00
2026-02-23 09:00:00,2026-02-23 03:00:00,0.0053,0.0198,0.2463,0.0771,ВЭС,11.0,1,2.6167,3.4,4.4833,0.0,2026-02-22 22:00:00
2026-02-23 10:00:00,2026-02-23 04:00:00,0.0,0.0622,0.4187,0.1082,ВЭС,12.0,1,3.24,3.88,6.25,0.0,2026-02-22 22:00:00
2026-02-23 11:00:00,2026-02-23 05:00:00,0.0,0.1145,0.3324,0.1275,ВЭС,13.0,1,3.6567,2.84,7.8,0.0,2026-02-22 22:00:00
2026-02-23 12:00:00,2026-02-23 06:00:00,0.0,0.1347,0.3894,0.1676,ВЭС,14.0,1,4.51,1.995,8.7167,0.0,2026-02-22 22:00:00
2026-02-23 13:00:00,2026-02-23 07:00:00,0.0,0.3013,0.7158,0.2981,ВЭС,15.0,1,6.55,1.325,8.9,0.0,2026-02-22 22:00:00
2026-02-23 14:00:00,2026-02-23 08:00:00,0.0,0.4939,0.8741,0.4461,ВЭС,16.0,1,8.2467,3.36,8.7333,0.0,2026-02-22 22:00:00
2026-02-23 15:00:00,2026-02-23 09:00:00,0.0038,0.549,0.9048,0.4837,ВЭС,17.0,1,8.6383,2.81,8.2167,0.0,2026-02-22 22:00:00
2026-02-23 16:00:00,2026-02-23 10:00:00,0.0,0.5595,0.9539,0.5049,ВЭС,18.0,2,8.675,4.265,7.7167,0.0,2026-02-22 22:00:00
2026-02-23 17:00:00,2026-02-23 11:00:00,0.0775,0.6952,0.975,0.6301,ВЭС,19.0,2,9.6167,1.475,6.6833,0.0,2026-02-22 22:00:00
2026-02-23 18:00:00,2026-02-23 12:00:00,0.1902,0.8129,0.9643,0.681,ВЭС,20.0,2,10.2217,1.85,5.5167,0.0,2026-02-22 22:00:00
2026-02-23 19:00:00,2026-02-23 13:00:00,0.1669,0.8216,0.9744,0.681,ВЭС,21.0,2,10.1333,3.735,4.4333,0.0,2026-02-22 22:00:00
2026-02-23 20:00:00,2026-02-23 14:00:00,0.2756,0.841,0.98,0.723,ВЭС,22.0,2,10.4467,3.89,3.1667,0.0,2026-02-22 22:00:00
2026-02-23 21:00:00,2026-02-23 15:00:00,0.3155,0.8935,0.9773,0.7639,ВЭС,23.0,2,11.01,4.33,1.85,0.0,2026-02-22 22:00:00
2026-02-23 22:00:00,2026-02-23 16:00:00,0.4611,0.9045,0.9781,0.8017,ВЭС,24.0,2,11.64,4.415,0.65,0.0,2026-02-22 22:00:00
2026-02-23 23:00:00,2026-02-23 17:00:00,0.6079,0.9334,0.98,0.8217,ВЭС,25.0,2,12.2567,3.245,-0.1,0.0,2026-02-22 22:00:00
2026-02-24 00:00:00,2026-02-23 18:00:00,0.6241,0.9351,0.98,0.8297,ВЭС,26.0,2,12.405,2.605,-0.5667,0.0,2026-02-22 22:00:00
2026-02-24 01:00:00,2026-02-23 19:00:00,0.4823,0.9272,0.9761,0.8017,ВЭС,27.0,2,12.045,2.49,-1.0833,0.0,2026-02-22 22:00:00
2026-02-24 02:00:00,2026-02-23 20:00:00,0.3224,0.8687,0.9766,0.7831,ВЭС,28.0,2,11.4433,2.15,-1.4167,0.0,2026-02-22 22:00:00
2026-02-24 03:00:00,2026-02-23 21:00:00,0.3085,0.8377,0.9748,0.781,ВЭС,29.0,2,11.3067,2.12,-1.6833,0.0,2026-02-22 22:00:00
2026-02-24 04:00:00,2026-02-23 22:00:00,0.3365,0.8344,0.9781,0.7831,ВЭС,30.0,2,11.4883,2.33,-1.9333,0.0,2026-02-22 22:00:00
2026-02-24 05:00:00,2026-02-23 23:00:00,0.331,0.8098,0.9797,0.7639,ВЭС,31.0,2,11.1917,1.4,-2.0667,0.0,2026-02-22 22:00:00
2026-02-24 06:00:00,2026-02-24 00:00:00,0.2837,0.7158,0.98,0.7536,ВЭС,32.0,2,10.6183,0.58,-2.1,0.0,2026-02-22 22:00:00
2026-02-24 07:00:00,2026-02-24 01:00:00,0.1545,0.6527,0.9647,0.6898,ВЭС,33.0,2,10.2217,0.955,-2.0333,0.0,2026-02-22 22:00:00
2026-02-24 08:00:00,2026-02-24 02:00:00,0.0,0.5935,0.9391,0.65,ВЭС,34.0,2,9.745,1.395,-1.7833,0.0,2026-02-22 22:00:00
2026-02-24 09:00:00,2026-02-24 03:00:00,0.0015,0.5758,0.9435,0.5984,ВЭС,35.0,2,9.42,1.74,-1.3667,0.0,2026-02-22 22:00:00
2026-02-24 10:00:00,2026-02-24 04:00:00,0.0053,0.558,0.9334,0.5709,ВЭС,36.0,2,9.1983,2.22,-0.85,0.0,2026-02-22 22:00:00
2026-02-24 11:00:00,2026-02-24 05:00:00,0.0144,0.5972,0.9465,0.5709,ВЭС,37.0,2,9.175,3.285,-0.6833,0.0,2026-02-22 22:00:00
2026-02-24 12:00:00,2026-02-24 06:00:00,0.0373,0.5272,0.9242,0.5531,ВЭС,38.0,2,9.085,4.14,-0.5833,0.0,2026-02-22 22:00:00
2026-02-24 13:00:00,2026-02-24 07:00:00,0.0034,0.5736,0.9184,0.5291,ВЭС,39.0,2,8.83,4.405,-0.1833,0.0,2026-02-22 22:00:00
2026-02-24 14:00:00,2026-02-24 08:00:00,0.0,0.578,0.932,0.5291,ВЭС,40.0,2,8.8367,4.815,0.0833,0.0,2026-02-22 22:00:00
2026-02-24 15:00:00,2026-02-24 09:00:00,0.0,0.5539,0.9299,0.5291,ВЭС,41.0,2,8.8883,5.31,0.1833,0.0,2026-02-22 22:00:00
2026-02-24 16:00:00,2026-02-24 10:00:00,0.0,0.5482,0.9283,0.519,ВЭС,42.0,3,8.6117,5.68,0.4167,0.0,2026-02-22 22:00:00
2026-02-24 17:00:00,2026-02-24 11:00:00,0.0,0.4088,0.7549,0.4212,ВЭС,43.0,3,7.7033,3.605,0.1167,0.0,2026-02-22 22:00:00
2026-02-24 18:00:00,2026-02-24 12:00:00,0.0,0.2903,0.6738,0.3243,ВЭС,44.0,3,6.685,1.6,-0.25,0.0,2026-02-22 22:00:00
2026-02-24 19:00:00,2026-02-24 13:00:00,0.0,0.2504,0.618,0.2837,ВЭС,45.0,3,6.295,1.425,-0.8167,0.0,2026-02-22 22:00:00
2026-02-24 20:00:00,2026-02-24 14:00:00,0.0,0.1684,0.5944,0.2388,ВЭС,46.0,3,5.68,0.965,-1.4,0.0,2026-02-22 22:00:00
2026-02-24 21:00:00,2026-02-24 15:00:00,0.0,0.0805,0.4661,0.1732,ВЭС,47.0,3,4.55,1.89,-1.8833,0.0,2026-02-22 22:00:00
2026-02-24 22:00:00,2026-02-24 16:00:00,0.0019,0.0305,0.3292,0.1082,ВЭС,48.0,3,3.1067,2.62,-2.3,0.0,2026-02-22 22:00:00
2026-02-23 11:00:00,2026-02-23 05:00:00,0.0,0.1148,0.3324,0.1275,T1,1.0,1,3.6567,2.84,7.8,0.0,2026-02-23 10:00:00
2026-02-23 12:00:00,2026-02-23 06:00:00,0.0,0.1353,0.3894,0.1676,T1,2.0,1,4.51,1.995,8.7167,0.0,2026-02-23 10:00:00
2026-02-23 13:00:00,2026-02-23 07:00:00,0.0,0.3018,0.7157,0.2981,T1,3.0,1,6.55,1.325,8.9,0.0,2026-02-23 10:00:00
2026-02-23 14:00:00,2026-02-23 08:00:00,0.0,0.4938,0.8741,0.4461,T1,4.0,1,8.2467,3.36,8.7333,0.0,2026-02-23 10:00:00
2026-02-23 15:00:00,2026-02-23 09:00:00,0.0075,0.5486,0.9053,0.4837,T1,5.0,1,8.6383,2.81,8.2167,0.0,2026-02-23 10:00:00
2026-02-23 16:00:00,2026-02-23 10:00:00,0.0266,0.6135,0.9314,0.5291,T1,6.0,1,8.975,1.865,7.4167,0.0,2026-02-23 10:00:00
2026-02-23 17:00:00,2026-02-23 11:00:00,0.1541,0.6838,0.9697,0.65,T1,7.0,1,9.7967,2.27,6.6333,0.0,2026-02-23 10:00:00
2026-02-23 18:00:00,2026-02-23 12:00:00,0.2562,0.7531,0.9747,0.6898,T1,8.0,1,10.44,2.215,5.85,0.0,2026-02-23 10:00:00
2026-02-23 19:00:00,2026-02-23 13:00:00,0.2526,0.8086,0.9786,0.73,T1,9.0,1,10.5833,2.58,5.0667,0.0,2026-02-23 10:00:00
2026-02-23 20:00:00,2026-02-23 14:00:00,0.3186,0.8047,0.9667,0.6898,T1,10.0,1,10.2933,2.105,4.3667,0.0,2026-02-23 10:00:00
2026-02-23 21:00:00,2026-02-23 15:00:00,0.2315,0.8275,0.99,0.65,T1,11.0,1,9.81,2.39,3.6,0.0,2026-02-23 10:00:00
2026-02-23 22:00:00,2026-02-23 16:00:00,0.2533,0.8461,0.989,0.681,T1,12.0,1,10.0883,2.155,2.6333,0.0,2026-02-23 10:00:00
2026-02-23 23:00:00,2026-02-23 17:00:00,0.433,0.9357,0.99,0.7639,T1,13.0,1,11.11,1.225,1.6,0.0,2026-02-23 10:00:00
2026-02-24 00:00:00,2026-02-23 18:00:00,0.5276,0.9425,0.99,0.7831,T1,14.0,1,11.605,0.715,0.6167,0.0,2026-02-23 10:00:00
2026-02-24 01:00:00,2026-02-23 19:00:00,0.5407,0.9238,0.989,0.8017,T1,15.0,1,11.6867,0.635,-0.2667,0.0,2026-02-23 10:00:00
2026-02-24 02:00:00,2026-02-23 20:00:00,0.5631,0.9026,0.9824,0.8017,T1,16.0,1,11.69,1.855,-0.8833,0.0,2026-02-23 10:00:00
2026-02-24 03:00:00,2026-02-23 21:00:00,0.4298,0.892,0.9843,0.7831,T1,17.0,1,11.5083,2.355,-1.3667,0.0,2026-02-23 10:00:00
2026-02-24 04:00:00,2026-02-23 22:00:00,0.3833,0.8352,0.9862,0.7831,T1,18.0,2,11.4883,2.33,-1.9333,0.0,2026-02-23 10:00:00
2026-02-24 05:00:00,2026-02-23 23:00:00,0.3418,0.8106,0.9893,0.7639,T1,19.0,2,11.1917,1.4,-2.0667,0.0,2026-02-23 10:00:00
2026-02-24 06:00:00,2026-02-24 00:00:00,0.2945,0.7167,0.99,0.7536,T1,20.0,2,10.6183,0.58,-2.1,0.0,2026-02-23 10:00:00
2026-02-24 07:00:00,2026-02-24 01:00:00,0.169,0.6534,0.9663,0.6898,T1,21.0,2,10.2217,0.955,-2.0333,0.0,2026-02-23 10:00:00
2026-02-24 08:00:00,2026-02-24 02:00:00,0.0,0.5943,0.9404,0.65,T1,22.0,2,9.745,1.395,-1.7833,0.0,2026-02-23 10:00:00
2026-02-24 09:00:00,2026-02-24 03:00:00,0.0,0.5766,0.9446,0.5984,T1,23.0,2,9.42,1.74,-1.3667,0.0,2026-02-23 10:00:00
2026-02-24 10:00:00,2026-02-24 04:00:00,0.0106,0.5544,0.9342,0.5709,T1,24.0,2,9.1983,2.22,-0.85,0.0,2026-02-23 10:00:00
2026-02-24 11:00:00,2026-02-24 05:00:00,0.0289,0.5937,0.948,0.5709,T1,25.0,2,9.175,3.285,-0.6833,0.0,2026-02-23 10:00:00
2026-02-24 12:00:00,2026-02-24 06:00:00,0.0711,0.525,0.927,0.5531,T1,26.0,2,9.085,4.14,-0.5833,0.0,2026-02-23 10:00:00
2026-02-24 13:00:00,2026-02-24 07:00:00,0.0069,0.5712,0.9213,0.5291,T1,27.0,2,8.83,4.405,-0.1833,0.0,2026-02-23 10:00:00
2026-02-24 14:00:00,2026-02-24 08:00:00,0.0,0.5755,0.9349,0.5291,T1,28.0,2,8.8367,4.815,0.0833,0.0,2026-02-23 10:00:00
2026-02-24 15:00:00,2026-02-24 09:00:00,0.0,0.5514,0.9328,0.5291,T1,29.0,2,8.8883,5.31,0.1833,0.0,2026-02-23 10:00:00
2026-02-24 16:00:00,2026-02-24 10:00:00,0.0,0.566,0.936,0.5263,T1,30.0,2,8.7617,5.56,0.1,0.0,2026-02-23 10:00:00
2026-02-24 17:00:00,2026-02-24 11:00:00,0.0,0.4706,0.8194,0.4837,T1,31.0,2,8.4383,4.595,-0.1167,0.0,2026-02-23 10:00:00
2026-02-24 18:00:00,2026-02-24 12:00:00,0.0,0.2991,0.7354,0.4253,T1,32.0,2,7.9883,4.835,-0.5167,0.0,2026-02-23 10:00:00
2026-02-24 19:00:00,2026-02-24 13:00:00,0.0,0.273,0.6851,0.3725,T1,33.0,2,7.3467,4.845,-1.0,0.0,2026-02-23 10:00:00
2026-02-24 20:00:00,2026-02-24 14:00:00,0.0,0.1709,0.5932,0.3243,T1,34.0,2,6.5583,4.465,-1.3667,0.0,2026-02-23 10:00:00
2026-02-24 21:00:00,2026-02-24 15:00:00,0.0,0.0944,0.5704,0.2388,T1,35.0,2,5.82,4.395,-1.7333,0.0,2026-02-23 10:00:00
2026-02-24 22:00:00,2026-02-24 16:00:00,0.0,0.0738,0.5313,0.1903,T1,36.0,2,4.93,4.315,-2.1,0.0,2026-02-23 10:00:00
2026-02-24 23:00:00,2026-02-24 17:00:00,0.0038,0.0253,0.2779,0.1082,T1,37.0,2,3.2783,3.36,-2.4,0.0,2026-02-23 10:00:00
2026-02-25 00:00:00,2026-02-24 18:00:00,0.0058,0.0204,0.1481,0.0619,T1,38.0,2,1.6217,1.94,-2.6333,0.0,2026-02-23 10:00:00
2026-02-25 01:00:00,2026-02-24 19:00:00,0.0072,0.017,0.1516,0.0517,T1,39.0,2,1.0467,0.625,-2.8667,0.0,2026-02-23 10:00:00
2026-02-25 02:00:00,2026-02-24 20:00:00,0.002,0.0299,0.2007,0.0619,T1,40.0,2,1.6283,1.7,-3.0667,0.0,2026-02-23 10:00:00
2026-02-25 03:00:00,2026-02-24 21:00:00,0.0,0.0403,0.2794,0.0923,T1,41.0,2,2.83,2.98,-3.0833,0.0,2026-02-23 10:00:00
2026-02-25 04:00:00,2026-02-24 22:00:00,0.0,0.1781,0.5391,0.1852,T1,42.0,3,4.7033,9.71,-2.0333,0.0,2026-02-23 10:00:00
2026-02-25 05:00:00,2026-02-24 23:00:00,0.0,0.1952,0.536,0.1732,T1,43.0,3,4.55,9.7,-2.1833,0.0,2026-02-23 10:00:00
2026-02-25 06:00:00,2026-02-25 00:00:00,0.0,0.1994,0.5737,0.1732,T1,44.0,3,4.585,9.555,-2.2333,0.0,2026-02-23 10:00:00
2026-02-25 07:00:00,2026-02-25 01:00:00,0.0,0.2265,0.6588,0.2365,T1,45.0,3,5.6083,8.68,-2.1333,0.0,2026-02-23 10:00:00
2026-02-25 08:00:00,2026-02-25 02:00:00,0.0,0.1736,0.7143,0.3379,T1,46.0,3,6.845,7.115,-1.6667,0.0,2026-02-23 10:00:00
2026-02-25 09:00:00,2026-02-25 03:00:00,0.0,0.3669,0.8989,0.4212,T1,47.0,3,7.7383,5.56,-0.7,0.0,2026-02-23 10:00:00
2026-02-25 10:00:00,2026-02-25 04:00:00,0.0,0.6119,0.9563,0.4837,T1,48.0,3,8.49,4.305,0.5167,0.0,2026-02-23 10:00:00
2026-02-23 11:00:00,2026-02-23 05:00:00,0.0,0.1141,0.3324,0.1275,T2,1.0,1,3.6567,2.84,7.8,0.0,2026-02-23 10:00:00
2026-02-23 12:00:00,2026-02-23 06:00:00,0.0,0.134,0.3894,0.1676,T2,2.0,1,4.51,1.995,8.7167,0.0,2026-02-23 10:00:00
2026-02-23 13:00:00,2026-02-23 07:00:00,0.0,0.3008,0.7158,0.2981,T2,3.0,1,6.55,1.325,8.9,0.0,2026-02-23 10:00:00
2026-02-23 14:00:00,2026-02-23 08:00:00,0.0,0.4939,0.8741,0.4461,T2,4.0,1,8.2467,3.36,8.7333,0.0,2026-02-23 10:00:00
2026-02-23 15:00:00,2026-02-23 09:00:00,0.0,0.5494,0.9042,0.4837,T2,5.0,1,8.6383,2.81,8.2167,0.0,2026-02-23 10:00:00
2026-02-23 16:00:00,2026-02-23 10:00:00,0.0138,0.6031,0.9299,0.5291,T2,6.0,1,8.975,1.865,7.4167,0.0,2026-02-23 10:00:00
2026-02-23 17:00:00,2026-02-23 11:00:00,0.1406,0.6834,0.9656,0.65,T2,7.0,1,9.7967,2.27,6.6333,0.0,2026-02-23 10:00:00
2026-02-23 18:00:00,2026-02-23 12:00:00,0.2042,0.7523,0.97,0.6898,T2,8.0,1,10.44,2.215,5.85,0.0,2026-02-23 10:00:00
2026-02-23 19:00:00,2026-02-23 13:00:00,0.2135,0.808,0.9678,0.73,T2,9.0,1,10.5833,2.58,5.0667,0.0,2026-02-23 10:00:00
2026-02-23 20:00:00,2026-02-23 14:00:00,0.2396,0.8038,0.9598,0.6898,T2,10.0,1,10.2933,2.105,4.3667,0.0,2026-02-23 10:00:00
2026-02-23 21:00:00,2026-02-23 15:00:00,0.1476,0.8269,0.97,0.65,T2,11.0,1,9.81,2.39,3.6,0.0,2026-02-23 10:00:00
2026-02-23 22:00:00,2026-02-23 16:00:00,0.2432,0.8455,0.97,0.681,T2,12.0,1,10.0883,2.155,2.6333,0.0,2026-02-23 10:00:00
2026-02-23 23:00:00,2026-02-23 17:00:00,0.427,0.9347,0.97,0.7639,T2,13.0,1,11.11,1.225,1.6,0.0,2026-02-23 10:00:00
2026-02-24 00:00:00,2026-02-23 18:00:00,0.5263,0.9412,0.97,0.7831,T2,14.0,1,11.605,0.715,0.6167,0.0,2026-02-23 10:00:00
2026-02-24 01:00:00,2026-02-23 19:00:00,0.5345,0.9224,0.97,0.8017,T2,15.0,1,11.6867,0.635,-0.2667,0.0,2026-02-23 10:00:00
2026-02-24 02:00:00,2026-02-23 20:00:00,0.5319,0.9012,0.97,0.8017,T2,16.0,1,11.69,1.855,-0.8833,0.0,2026-02-23 10:00:00
2026-02-24 03:00:00,2026-02-23 21:00:00,0.3278,0.8904,0.97,0.7831,T2,17.0,1,11.5083,2.355,-1.3667,0.0,2026-02-23 10:00:00
2026-02-24 04:00:00,2026-02-23 22:00:00,0.2898,0.8336,0.97,0.7831,T2,18.0,2,11.4883,2.33,-1.9333,0.0,2026-02-23 10:00:00
2026-02-24 05:00:00,2026-02-23 23:00:00,0.3203,0.809,0.97,0.7639,T2,19.0,2,11.1917,1.4,-2.0667,0.0,2026-02-23 10:00:00
2026-02-24 06:00:00,2026-02-24 00:00:00,0.2729,0.715,0.97,0.7536,T2,20.0,2,10.6183,0.58,-2.1,0.0,2026-02-23 10:00:00
2026-02-24 07:00:00,2026-02-24 01:00:00,0.14,0.6521,0.9631,0.6898,T2,21.0,2,10.2217,0.955,-2.0333,0.0,2026-02-23 10:00:00
2026-02-24 08:00:00,2026-02-24 02:00:00,0.0,0.5927,0.9378,0.65,T2,22.0,2,9.745,1.395,-1.7833,0.0,2026-02-23 10:00:00
2026-02-24 09:00:00,2026-02-24 03:00:00,0.0031,0.575,0.9424,0.5984,T2,23.0,2,9.42,1.74,-1.3667,0.0,2026-02-23 10:00:00
2026-02-24 10:00:00,2026-02-24 04:00:00,0.0,0.5616,0.9326,0.5709,T2,24.0,2,9.1983,2.22,-0.85,0.0,2026-02-23 10:00:00
2026-02-24 11:00:00,2026-02-24 05:00:00,0.0,0.6007,0.9449,0.5709,T2,25.0,2,9.175,3.285,-0.6833,0.0,2026-02-23 10:00:00
2026-02-24 12:00:00,2026-02-24 06:00:00,0.0036,0.5295,0.9215,0.5531,T2,26.0,2,9.085,4.14,-0.5833,0.0,2026-02-23 10:00:00
2026-02-24 13:00:00,2026-02-24 07:00:00,0.0,0.576,0.9155,0.5291,T2,27.0,2,8.83,4.405,-0.1833,0.0,2026-02-23 10:00:00
2026-02-24 14:00:00,2026-02-24 08:00:00,0.0,0.5804,0.9291,0.5291,T2,28.0,2,8.8367,4.815,0.0833,0.0,2026-02-23 10:00:00
2026-02-24 15:00:00,2026-02-24 09:00:00,0.0,0.5564,0.927,0.5291,T2,29.0,2,8.8883,5.31,0.1833,0.0,2026-02-23 10:00:00
2026-02-24 16:00:00,2026-02-24 10:00:00,0.0,0.571,0.9302,0.5263,T2,30.0,2,8.7617,5.56,0.1,0.0,2026-02-23 10:00:00
2026-02-24 17:00:00,2026-02-24 11:00:00,0.0,0.4756,0.8182,0.4837,T2,31.0,2,8.4383,4.595,-0.1167,0.0,2026-02-23 10:00:00
2026-02-24 18:00:00,2026-02-24 12:00:00,0.0,0.3041,0.7353,0.4253,T2,32.0,2,7.9883,4.835,-0.5167,0.0,2026-02-23 10:00:00
2026-02-24 19:00:00,2026-02-24 13:00:00,0.0,0.2781,0.685,0.3725,T2,33.0,2,7.3467,4.845,-1.0,0.0,2026-02-23 10:00:00
2026-02-24 20:00:00,2026-02-24 14:00:00,0.0,0.1704,0.5932,0.3243,T2,34.0,2,6.5583,4.465,-1.3667,0.0,2026-02-23 10:00:00
2026-02-24 21:00:00,2026-02-24 15:00:00,0.0,0.094,0.5704,0.2388,T2,35.0,2,5.82,4.395,-1.7333,0.0,2026-02-23 10:00:00
2026-02-24 22:00:00,2026-02-24 16:00:00,0.0,0.0733,0.5313,0.1903,T2,36.0,2,4.93,4.315,-2.1,0.0,2026-02-23 10:00:00
2026-02-24 23:00:00,2026-02-24 17:00:00,0.0052,0.0248,0.2779,0.1082,T2,37.0,2,3.2783,3.36,-2.4,0.0,2026-02-23 10:00:00
2026-02-25 00:00:00,2026-02-24 18:00:00,0.006,0.0147,0.1482,0.0619,T2,38.0,2,1.6217,1.94,-2.6333,0.0,2026-02-23 10:00:00
2026-02-25 01:00:00,2026-02-24 19:00:00,0.0076,0.0114,0.1516,0.0517,T2,39.0,2,1.0467,0.625,-2.8667,0.0,2026-02-23 10:00:00
2026-02-25 02:00:00,2026-02-24 20:00:00,0.0039,0.021,0.2007,0.0619,T2,40.0,2,1.6283,1.7,-3.0667,0.0,2026-02-23 10:00:00
2026-02-25 03:00:00,2026-02-24 21:00:00,0.0015,0.0273,0.2794,0.0923,T2,41.0,2,2.83,2.98,-3.0833,0.0,2026-02-23 10:00:00
2026-02-25 04:00:00,2026-02-24 22:00:00,0.0,0.1714,0.5398,0.1852,T2,42.0,3,4.7033,9.71,-2.0333,0.0,2026-02-23 10:00:00
2026-02-25 05:00:00,2026-02-24 23:00:00,0.0,0.1854,0.5368,0.1732,T2,43.0,3,4.55,9.7,-2.1833,0.0,2026-02-23 10:00:00
2026-02-25 06:00:00,2026-02-25 00:00:00,0.0,0.1851,0.573,0.1732,T2,44.0,3,4.585,9.555,-2.2333,0.0,2026-02-23 10:00:00
2026-02-25 07:00:00,2026-02-25 01:00:00,0.0,0.2113,0.6581,0.2365,T2,45.0,3,5.6083,8.68,-2.1333,0.0,2026-02-23 10:00:00
2026-02-25 08:00:00,2026-02-25 02:00:00,0.0,0.1651,0.7131,0.3379,T2,46.0,3,6.845,7.115,-1.6667,0.0,2026-02-23 10:00:00
2026-02-25 09:00:00,2026-02-25 03:00:00,0.0,0.3561,0.8964,0.4212,T2,47.0,3,7.7383,5.56,-0.7,0.0,2026-02-23 10:00:00
2026-02-25 10:00:00,2026-02-25 04:00:00,0.0,0.6018,0.9546,0.4837,T2,48.0,3,8.49,4.305,0.5167,0.0,2026-02-23 10:00:00
2026-02-23 11:00:00,2026-02-23 05:00:00,0.0,0.1145,0.3324,0.1275,ВЭС,1.0,1,3.6567,2.84,7.8,0.0,2026-02-23 10:00:00
2026-02-23 12:00:00,2026-02-23 06:00:00,0.0,0.1347,0.3894,0.1676,ВЭС,2.0,1,4.51,1.995,8.7167,0.0,2026-02-23 10:00:00
2026-02-23 13:00:00,2026-02-23 07:00:00,0.0,0.3013,0.7158,0.2981,ВЭС,3.0,1,6.55,1.325,8.9,0.0,2026-02-23 10:00:00
2026-02-23 14:00:00,2026-02-23 08:00:00,0.0,0.4939,0.8741,0.4461,ВЭС,4.0,1,8.2467,3.36,8.7333,0.0,2026-02-23 10:00:00
2026-02-23 15:00:00,2026-02-23 09:00:00,0.0038,0.549,0.9048,0.4837,ВЭС,5.0,1,8.6383,2.81,8.2167,0.0,2026-02-23 10:00:00
2026-02-23 16:00:00,2026-02-23 10:00:00,0.0202,0.6083,0.9307,0.5291,ВЭС,6.0,1,8.975,1.865,7.4167,0.0,2026-02-23 10:00:00
2026-02-23 17:00:00,2026-02-23 11:00:00,0.1474,0.6836,0.9677,0.65,ВЭС,7.0,1,9.7967,2.27,6.6333,0.0,2026-02-23 10:00:00
2026-02-23 18:00:00,2026-02-23 12:00:00,0.2302,0.7527,0.9723,0.6898,ВЭС,8.0,1,10.44,2.215,5.85,0.0,2026-02-23 10:00:00
2026-02-23 19:00:00,2026-02-23 13:00:00,0.233,0.8083,0.9732,0.73,ВЭС,9.0,1,10.5833,2.58,5.0667,0.0,2026-02-23 10:00:00
2026-02-23 20:00:00,2026-02-23 14:00:00,0.2791,0.8042,0.9632,0.6898,ВЭС,10.0,1,10.2933,2.105,4.3667,0.0,2026-02-23 10:00:00
2026-02-23 21:00:00,2026-02-23 15:00:00,0.1895,0.8272,0.98,0.65,ВЭС,11.0,1,9.81,2.39,3.6,0.0,2026-02-23 10:00:00
2026-02-23 22:00:00,2026-02-23 16:00:00,0.2482,0.8458,0.9795,0.681,ВЭС,12.0,1,10.0883,2.155,2.6333,0.0,2026-02-23 10:00:00
2026-02-23 23:00:00,2026-02-23 17:00:00,0.43,0.9352,0.98,0.7639,ВЭС,13.0,1,11.11,1.225,1.6,0.0,2026-02-23 10:00:00
2026-02-24 00:00:00,2026-02-23 18:00:00,0.5269,0.9419,0.98,0.7831,ВЭС,14.0,1,11.605,0.715,0.6167,0.0,2026-02-23 10:00:00
2026-02-24 01:00:00,2026-02-23 19:00:00,0.5376,0.9231,0.9795,0.8017,ВЭС,15.0,1,11.6867,0.635,-0.2667,0.0,2026-02-23 10:00:00
2026-02-24 02:00:00,2026-02-23 20:00:00,0.5475,0.9019,0.9762,0.8017,ВЭС,16.0,1,11.69,1.855,-0.8833,0.0,2026-02-23 10:00:00
2026-02-24 03:00:00,2026-02-23 21:00:00,0.3788,0.8912,0.9771,0.7831,ВЭС,17.0,1,11.5083,2.355,-1.3667,0.0,2026-02-23 10:00:00
2026-02-24 04:00:00,2026-02-23 22:00:00,0.3365,0.8344,0.9781,0.7831,ВЭС,18.0,2,11.4883,2.33,-1.9333,0.0,2026-02-23 10:00:00
2026-02-24 05:00:00,2026-02-23 23:00:00,0.331,0.8098,0.9797,0.7639,ВЭС,19.0,2,11.1917,1.4,-2.0667,0.0,2026-02-23 10:00:00
2026-02-24 06:00:00,2026-02-24 00:00:00,0.2837,0.7158,0.98,0.7536,ВЭС,20.0,2,10.6183,0.58,-2.1,0.0,2026-02-23 10:00:00
2026-02-24 07:00:00,2026-02-24 01:00:00,0.1545,0.6527,0.9647,0.6898,ВЭС,21.0,2,10.2217,0.955,-2.0333,0.0,2026-02-23 10:00:00
2026-02-24 08:00:00,2026-02-24 02:00:00,0.0,0.5935,0.9391,0.65,ВЭС,22.0,2,9.745,1.395,-1.7833,0.0,2026-02-23 10:00:00
2026-02-24 09:00:00,2026-02-24 03:00:00,0.0015,0.5758,0.9435,0.5984,ВЭС,23.0,2,9.42,1.74,-1.3667,0.0,2026-02-23 10:00:00
2026-02-24 10:00:00,2026-02-24 04:00:00,0.0053,0.558,0.9334,0.5709,ВЭС,24.0,2,9.1983,2.22,-0.85,0.0,2026-02-23 10:00:00
2026-02-24 11:00:00,2026-02-24 05:00:00,0.0144,0.5972,0.9465,0.5709,ВЭС,25.0,2,9.175,3.285,-0.6833,0.0,2026-02-23 10:00:00
2026-02-24 12:00:00,2026-02-24 06:00:00,0.0373,0.5272,0.9242,0.5531,ВЭС,26.0,2,9.085,4.14,-0.5833,0.0,2026-02-23 10:00:00
2026-02-24 13:00:00,2026-02-24 07:00:00,0.0034,0.5736,0.9184,0.5291,ВЭС,27.0,2,8.83,4.405,-0.1833,0.0,2026-02-23 10:00:00
2026-02-24 14:00:00,2026-02-24 08:00:00,0.0,0.578,0.932,0.5291,ВЭС,28.0,2,8.8367,4.815,0.0833,0.0,2026-02-23 10:00:00
2026-02-24 15:00:00,2026-02-24 09:00:00,0.0,0.5539,0.9299,0.5291,ВЭС,29.0,2,8.8883,5.31,0.1833,0.0,2026-02-23 10:00:00
2026-02-24 16:00:00,2026-02-24 10:00:00,0.0,0.5685,0.9331,0.5263,ВЭС,30.0,2,8.7617,5.56,0.1,0.0,2026-02-23 10:00:00
2026-02-24 17:00:00,2026-02-24 11:00:00,0.0,0.4731,0.8188,0.4837,ВЭС,31.0,2,8.4383,4.595,-0.1167,0.0,2026-02-23 10:00:00
2026-02-24 18:00:00,2026-02-24 12:00:00,0.0,0.3016,0.7354,0.4253,ВЭС,32.0,2,7.9883,4.835,-0.5167,0.0,2026-02-23 10:00:00
2026-02-24 19:00:00,2026-02-24 13:00:00,0.0,0.2756,0.6851,0.3725,ВЭС,33.0,2,7.3467,4.845,-1.0,0.0,2026-02-23 10:00:00
2026-02-24 20:00:00,2026-02-24 14:00:00,0.0,0.1707,0.5932,0.3243,ВЭС,34.0,2,6.5583,4.465,-1.3667,0.0,2026-02-23 10:00:00
2026-02-24 21:00:00,2026-02-24 15:00:00,0.0,0.0942,0.5704,0.2388,ВЭС,35.0,2,5.82,4.395,-1.7333,0.0,2026-02-23 10:00:00
2026-02-24 22:00:00,2026-02-24 16:00:00,0.0,0.0735,0.5313,0.1903,ВЭС,36.0,2,4.93,4.315,-2.1,0.0,2026-02-23 10:00:00
2026-02-24 23:00:00,2026-02-24 17:00:00,0.0045,0.025,0.2779,0.1082,ВЭС,37.0,2,3.2783,3.36,-2.4,0.0,2026-02-23 10:00:00
2026-02-25 00:00:00,2026-02-24 18:00:00,0.0059,0.0175,0.1482,0.0619,ВЭС,38.0,2,1.6217,1.94,-2.6333,0.0,2026-02-23 10:00:00
2026-02-25 01:00:00,2026-02-24 19:00:00,0.0074,0.0142,0.1516,0.0517,ВЭС,39.0,2,1.0467,0.625,-2.8667,0.0,2026-02-23 10:00:00
2026-02-25 02:00:00,2026-02-24 20:00:00,0.0029,0.0254,0.2007,0.0619,ВЭС,40.0,2,1.6283,1.7,-3.0667,0.0,2026-02-23 10:00:00
2026-02-25 03:00:00,2026-02-24 21:00:00,0.0008,0.0338,0.2794,0.0923,ВЭС,41.0,2,2.83,2.98,-3.0833,0.0,2026-02-23 10:00:00
2026-02-25 04:00:00,2026-02-24 22:00:00,0.0,0.1747,0.5394,0.1852,ВЭС,42.0,3,4.7033,9.71,-2.0333,0.0,2026-02-23 10:00:00
2026-02-25 05:00:00,2026-02-24 23:00:00,0.0,0.1903,0.5364,0.1732,ВЭС,43.0,3,4.55,9.7,-2.1833,0.0,2026-02-23 10:00:00
2026-02-25 06:00:00,2026-02-25 00:00:00,0.0,0.1923,0.5733,0.1732,ВЭС,44.0,3,4.585,9.555,-2.2333,0.0,2026-02-23 10:00:00
2026-02-25 07:00:00,2026-02-25 01:00:00,0.0,0.2189,0.6585,0.2365,ВЭС,45.0,3,5.6083,8.68,-2.1333,0.0,2026-02-23 10:00:00
2026-02-25 08:00:00,2026-02-25 02:00:00,0.0,0.1693,0.7137,0.3379,ВЭС,46.0,3,6.845,7.115,-1.6667,0.0,2026-02-23 10:00:00
2026-02-25 09:00:00,2026-02-25 03:00:00,0.0,0.3615,0.8977,0.4212,ВЭС,47.0,3,7.7383,5.56,-0.7,0.0,2026-02-23 10:00:00
2026-02-25 10:00:00,2026-02-25 04:00:00,0.0,0.6068,0.9554,0.4837,ВЭС,48.0,3,8.49,4.305,0.5167,0.0,2026-02-23 10:00:00
2026-02-23 23:00:00,2026-02-23 17:00:00,0.433,0.9357,0.99,0.7639,T1,1.0,1,11.11,1.225,1.6,0.0,2026-02-23 22:00:00
2026-02-24 00:00:00,2026-02-23 18:00:00,0.5276,0.9425,0.99,0.7831,T1,2.0,1,11.605,0.715,0.6167,0.0,2026-02-23 22:00:00
2026-02-24 01:00:00,2026-02-23 19:00:00,0.5407,0.9238,0.989,0.8017,T1,3.0,1,11.6867,0.635,-0.2667,0.0,2026-02-23 22:00:00
2026-02-24 02:00:00,2026-02-23 20:00:00,0.5631,0.9026,0.9824,0.8017,T1,4.0,1,11.69,1.855,-0.8833,0.0,2026-02-23 22:00:00
2026-02-24 03:00:00,2026-02-23 21:00:00,0.4298,0.892,0.9843,0.7831,T1,5.0,1,11.5083,2.355,-1.3667,0.0,2026-02-23 22:00:00
2026-02-24 04:00:00,2026-02-23 22:00:00,0.2602,0.8341,0.9854,0.7639,T1,6.0,1,11.305,2.32,-1.7333,0.0,2026-02-23 22:00:00
2026-02-24 05:00:00,2026-02-23 23:00:00,0.2503,0.7066,0.9848,0.7536,T1,7.0,1,10.6317,2.135,-1.9667,0.0,2026-02-23 22:00:00
2026-02-24 06:00:00,2026-02-24 00:00:00,0.0865,0.5995,0.9807,0.681,T1,8.0,1,9.9783,2.96,-2.1833,0.0,2026-02-23 22:00:00
2026-02-24 07:00:00,2026-02-24 01:00:00,0.0493,0.5595,0.9763,0.6587,T1,9.0,1,9.81,3.255,-2.35,0.0,2026-02-23 22:00:00
2026-02-24 08:00:00,2026-02-24 02:00:00,0.0,0.5525,0.9732,0.6301,T1,10.0,1,9.5983,3.35,-2.2833,0.0,2026-02-23 22:00:00
2026-02-24 09:00:00,2026-02-24 03:00:00,0.0,0.5261,0.9461,0.5984,T1,11.0,1,9.3583,3.1,-1.85,0.0,2026-02-23 22:00:00
2026-02-24 10:00:00,2026-02-24 04:00:00,0.0,0.5208,0.952,0.5709,T1,12.0,1,9.1683,2.41,-1.3333,0.0,2026-02-23 22:00:00
2026-02-24 11:00:00,2026-02-24 05:00:00,0.0,0.5073,0.9281,0.5531,T1,13.0,1,9.065,2.39,-0.8333,0.0,2026-02-23 22:00:00
2026-02-24 12:00:00,2026-02-24 06:00:00,0.0607,0.5165,0.8638,0.5417,T1,14.0,1,8.9867,2.58,-0.3167,0.0,2026-02-23 22:00:00
2026-02-24 13:00:00,2026-02-24 07:00:00,0.0156,0.5678,0.8746,0.5417,T1,15.0,1,8.9083,3.1,0.0833,0.0,2026-02-23 22:00:00
2026-02-24 14:00:00,2026-02-24 08:00:00,0.0445,0.5407,0.8875,0.5291,T1,16.0,1,8.8533,3.06,0.2167,0.0,2026-02-23 22:00:00
2026-02-24 15:00:00,2026-02-24 09:00:00,0.0486,0.5338,0.8752,0.5291,T1,17.0,1,8.8583,2.96,0.1167,0.0,2026-02-23 22:00:00
2026-02-24 16:00:00,2026-02-24 10:00:00,0.0,0.566,0.936,0.5263,T1,18.0,2,8.7617,5.56,0.1,0.0,2026-02-23 22:00:00
2026-02-24 17:00:00,2026-02-24 11:00:00,0.0,0.4706,0.8194,0.4837,T1,19.0,2,8.4383,4.595,-0.1167,0.0,2026-02-23 22:00:00
2026-02-24 18:00:00,2026-02-24 12:00:00,0.0,0.2991,0.7354,0.4253,T1,20.0,2,7.9883,4.835,-0.5167,0.0,2026-02-23 22:00:00
2026-02-24 19:00:00,2026-02-24 13:00:00,0.0,0.273,0.6851,0.3725,T1,21.0,2,7.3467,4.845,-1.0,0.0,2026-02-23 22:00:00
2026-02-24 20:00:00,2026-02-24 14:00:00,0.0,0.1709,0.5932,0.3243,T1,22.0,2,6.5583,4.465,-1.3667,0.0,2026-02-23 22:00:00
2026-02-24 21:00:00,2026-02-24 15:00:00,0.0,0.0944,0.5704,0.2388,T1,23.0,2,5.82,4.395,-1.7333,0.0,2026-02-23 22:00:00
2026-02-24 22:00:00,2026-02-24 16:00:00,0.0,0.0738,0.5313,0.1903,T1,24.0,2,4.93,4.315,-2.1,0.0,2026-02-23 22:00:00
2026-02-24 23:00:00,2026-02-24 17:00:00,0.0038,0.0253,0.2779,0.1082,T1,25.0,2,3.2783,3.36,-2.4,0.0,2026-02-23 22:00:00
2026-02-25 00:00:00,2026-02-24 18:00:00,0.0058,0.0204,0.1481,0.0619,T1,26.0,2,1.6217,1.94,-2.6333,0.0,2026-02-23 22:00:00
2026-02-25 01:00:00,2026-02-24 19:00:00,0.0072,0.017,0.1516,0.0517,T1,27.0,2,1.0467,0.625,-2.8667,0.0,2026-02-23 22:00:00
2026-02-25 02:00:00,2026-02-24 20:00:00,0.002,0.0299,0.2007,0.0619,T1,28.0,2,1.6283,1.7,-3.0667,0.0,2026-02-23 22:00:00
2026-02-25 03:00:00,2026-02-24 21:00:00,0.0,0.0403,0.2794,0.0923,T1,29.0,2,2.83,2.98,-3.0833,0.0,2026-02-23 22:00:00
2026-02-25 04:00:00,2026-02-24 22:00:00,0.0,0.0718,0.2426,0.1381,T1,30.0,2,3.9667,4.265,-2.85,0.0,2026-02-23 22:00:00
2026-02-25 05:00:00,2026-02-24 23:00:00,0.0,0.1132,0.463,0.1852,T1,31.0,2,4.715,4.915,-2.4667,0.0,2026-02-23 22:00:00
2026-02-25 06:00:00,2026-02-25 00:00:00,0.0,0.1474,0.5278,0.2347,T1,32.0,2,5.4933,7.05,-2.2333,0.0,2026-02-23 22:00:00
2026-02-25 07:00:00,2026-02-25 01:00:00,0.0,0.2006,0.6156,0.3243,T1,33.0,2,6.6833,7.54,-2.1,0.0,2026-02-23 22:00:00
2026-02-25 08:00:00,2026-02-25 02:00:00,0.0,0.3104,0.7706,0.4253,T1,34.0,2,7.9367,6.905,-1.6333,0.0,2026-02-23 22:00:00
2026-02-25 09:00:00,2026-02-25 03:00:00,0.0,0.5119,0.9548,0.5263,T1,35.0,2,8.7383,5.975,-0.65,0.0,2026-02-23 22:00:00
2026-02-25 10:00:00,2026-02-25 04:00:00,0.0,0.5709,0.963,0.5263,T1,36.0,2,8.765,5.34,0.6,0.0,2026-02-23 22:00:00
2026-02-25 11:00:00,2026-02-25 05:00:00,0.0077,0.7174,0.9776,0.5263,T1,37.0,2,8.7733,4.16,1.8833,0.0,2026-02-23 22:00:00
2026-02-25 12:00:00,2026-02-25 06:00:00,0.1441,0.7233,0.99,0.5291,T1,38.0,2,8.89,3.27,2.9833,0.0,2026-02-23 22:00:00
2026-02-25 13:00:00,2026-02-25 07:00:00,0.0808,0.7181,0.971,0.4837,T1,39.0,2,8.5017,3.065,3.7833,0.0,2026-02-23 22:00:00
2026-02-25 14:00:00,2026-02-25 08:00:00,0.013,0.6194,0.9452,0.4253,T1,40.0,2,7.9817,2.98,4.3333,0.0,2026-02-23 22:00:00
2026-02-25 15:00:00,2026-02-25 09:00:00,0.0236,0.4887,0.9041,0.3725,T1,41.0,2,7.4633,3.23,4.5333,0.0,2026-02-23 22:00:00
2026-02-25 16:00:00,2026-02-25 10:00:00,0.0,0.4895,0.9373,0.4212,T1,42.0,3,7.75,2.56,4.0,0.0,2026-02-23 22:00:00
2026-02-25 17:00:00,2026-02-25 11:00:00,0.0,0.4451,0.933,0.4212,T1,43.0,3,7.7517,4.01,3.6167,0.0,2026-02-23 22:00:00
2026-02-25 18:00:00,2026-02-25 12:00:00,0.0,0.5015,0.9674,0.4461,T1,44.0,3,8.195,5.475,3.15,0.0,2026-02-23 22:00:00
2026-02-25 19:00:00,2026-02-25 13:00:00,0.0,0.5257,0.9756,0.4837,T1,45.0,3,8.56,5.57,2.65,0.0,2026-02-23 22:00:00
2026-02-25 20:00:00,2026-02-25 14:00:00,0.0,0.5444,0.99,0.5049,T1,46.0,3,8.6133,5.44,2.3333,0.0,2026-02-23 22:00:00
2026-02-25 21:00:00,2026-02-25 15:00:00,0.0,0.5753,0.99,0.5291,T1,47.0,3,8.8317,5.585,2.1667,0.0,2026-02-23 22:00:00
2026-02-25 22:00:00,2026-02-25 16:00:00,0.0,0.7061,0.99,0.6301,T1,48.0,3,9.5367,4.85,2.1333,0.0,2026-02-23 22:00:00
2026-02-23 23:00:00,2026-02-23 17:00:00,0.427,0.9347,0.97,0.7639,T2,1.0,1,11.11,1.225,1.6,0.0,2026-02-23 22:00:00
2026-02-24 00:00:00,2026-02-23 18:00:00,0.5263,0.9412,0.97,0.7831,T2,2.0,1,11.605,0.715,0.6167,0.0,2026-02-23 22:00:00
2026-02-24 01:00:00,2026-02-23 19:00:00,0.5345,0.9224,0.97,0.8017,T2,3.0,1,11.6867,0.635,-0.2667,0.0,2026-02-23 22:00:00
2026-02-24 02:00:00,2026-02-23 20:00:00,0.5319,0.9012,0.97,0.8017,T2,4.0,1,11.69,1.855,-0.8833,0.0,2026-02-23 22:00:00
2026-02-24 03:00:00,2026-02-23 21:00:00,0.3278,0.8904,0.97,0.7831,T2,5.0,1,11.5083,2.355,-1.3667,0.0,2026-02-23 22:00:00
2026-02-24 04:00:00,2026-02-23 22:00:00,0.2609,0.8325,0.97,0.7639,T2,6.0,1,11.305,2.32,-1.7333,0.0,2026-02-23 22:00:00
2026-02-24 05:00:00,2026-02-23 23:00:00,0.2809,0.7051,0.97,0.7536,T2,7.0,1,10.6317,2.135,-1.9667,0.0,2026-02-23 22:00:00
2026-02-24 06:00:00,2026-02-24 00:00:00,0.1649,0.5979,0.97,0.681,T2,8.0,1,9.9783,2.96,-2.1833,0.0,2026-02-23 22:00:00
2026-02-24 07:00:00,2026-02-24 01:00:00,0.104,0.5579,0.9698,0.6587,T2,9.0,1,9.81,3.255,-2.35,0.0,2026-02-23 22:00:00
2026-02-24 08:00:00,2026-02-24 02:00:00,0.0231,0.5509,0.9672,0.6301,T2,10.0,1,9.5983,3.35,-2.2833,0.0,2026-02-23 22:00:00
2026-02-24 09:00:00,2026-02-24 03:00:00,0.0,0.5245,0.9426,0.5984,T2,11.0,1,9.3583,3.1,-1.85,0.0,2026-02-23 22:00:00
2026-02-24 10:00:00,2026-02-24 04:00:00,0.0148,0.5225,0.9488,0.5709,T2,12.0,1,9.1683,2.41,-1.3333,0.0,2026-02-23 22:00:00
2026-02-24 11:00:00,2026-02-24 05:00:00,0.0,0.5144,0.9265,0.5531,T2,13.0,1,9.065,2.39,-0.8333,0.0,2026-02-23 22:00:00
2026-02-24 12:00:00,2026-02-24 06:00:00,0.01,0.5211,0.8623,0.5417,T2,14.0,1,8.9867,2.58,-0.3167,0.0,2026-02-23 22:00:00
2026-02-24 13:00:00,2026-02-24 07:00:00,0.0,0.5727,0.873,0.5417,T2,15.0,1,8.9083,3.1,0.0833,0.0,2026-02-23 22:00:00
2026-02-24 14:00:00,2026-02-24 08:00:00,0.0,0.5456,0.886,0.5291,T2,16.0,1,8.8533,3.06,0.2167,0.0,2026-02-23 22:00:00
2026-02-24 15:00:00,2026-02-24 09:00:00,0.0,0.5388,0.8737,0.5291,T2,17.0,1,8.8583,2.96,0.1167,0.0,2026-02-23 22:00:00
2026-02-24 16:00:00,2026-02-24 10:00:00,0.0,0.571,0.9302,0.5263,T2,18.0,2,8.7617,5.56,0.1,0.0,2026-02-23 22:00:00
2026-02-24 17:00:00,2026-02-24 11:00:00,0.0,0.4756,0.8182,0.4837,T2,19.0,2,8.4383,4.595,-0.1167,0.0,2026-02-23 22:00:00
2026-02-24 18:00:00,2026-02-24 12:00:00,0.0,0.3041,0.7353,0.4253,T2,20.0,2,7.9883,4.835,-0.5167,0.0,2026-02-23 22:00:00
2026-02-24 19:00:00,2026-02-24 13:00:00,0.0,0.2781,0.685,0.3725,T2,21.0,2,7.3467,4.845,-1.0,0.0,2026-02-23 22:00:00
2026-02-24 20:00:00,2026-02-24 14:00:00,0.0,0.1704,0.5932,0.3243,T2,22.0,2,6.5583,4.465,-1.3667,0.0,2026-02-23 22:00:00
2026-02-24 21:00:00,2026-02-24 15:00:00,0.0,0.094,0.5704,0.2388,T2,23.0,2,5.82,4.395,-1.7333,0.0,2026-02-23 22:00:00
2026-02-24 22:00:00,2026-02-24 16:00:00,0.0,0.0733,0.5313,0.1903,T2,24.0,2,4.93,4.315,-2.1,0.0,2026-02-23 22:00:00
2026-02-24 23:00:00,2026-02-24 17:00:00,0.0052,0.0248,0.2779,0.1082,T2,25.0,2,3.2783,3.36,-2.4,0.0,2026-02-23 22:00:00
2026-02-25 00:00:00,2026-02-24 18:00:00,0.006,0.0147,0.1482,0.0619,T2,26.0,2,1.6217,1.94,-2.6333,0.0,2026-02-23 22:00:00
2026-02-25 01:00:00,2026-02-24 19:00:00,0.0076,0.0114,0.1516,0.0517,T2,27.0,2,1.0467,0.625,-2.8667,0.0,2026-02-23 22:00:00
2026-02-25 02:00:00,2026-02-24 20:00:00,0.0039,0.021,0.2007,0.0619,T2,28.0,2,1.6283,1.7,-3.0667,0.0,2026-02-23 22:00:00
2026-02-25 03:00:00,2026-02-24 21:00:00,0.0015,0.0273,0.2794,0.0923,T2,29.0,2,2.83,2.98,-3.0833,0.0,2026-02-23 22:00:00
2026-02-25 04:00:00,2026-02-24 22:00:00,0.0,0.0564,0.2426,0.1381,T2,30.0,2,3.9667,4.265,-2.85,0.0,2026-02-23 22:00:00
2026-02-25 05:00:00,2026-02-24 23:00:00,0.0,0.0963,0.463,0.1852,T2,31.0,2,4.715,4.915,-2.4667,0.0,2026-02-23 22:00:00
2026-02-25 06:00:00,2026-02-25 00:00:00,0.0,0.13,0.5279,0.2347,T2,32.0,2,5.4933,7.05,-2.2333,0.0,2026-02-23 22:00:00
2026-02-25 07:00:00,2026-02-25 01:00:00,0.0,0.1861,0.6157,0.3243,T2,33.0,2,6.6833,7.54,-2.1,0.0,2026-02-23 22:00:00
2026-02-25 08:00:00,2026-02-25 02:00:00,0.0,0.3019,0.7694,0.4253,T2,34.0,2,7.9367,6.905,-1.6333,0.0,2026-02-23 22:00:00
2026-02-25 09:00:00,2026-02-25 03:00:00,0.0,0.5091,0.9499,0.5263,T2,35.0,2,8.7383,5.975,-0.65,0.0,2026-02-23 22:00:00
2026-02-25 10:00:00,2026-02-25 04:00:00,0.0,0.5608,0.96,0.5263,T2,36.0,2,8.765,5.34,0.6,0.0,2026-02-23 22:00:00
2026-02-25 11:00:00,2026-02-25 05:00:00,0.0533,0.707,0.97,0.5263,T2,37.0,2,8.7733,4.16,1.8833,0.0,2026-02-23 22:00:00
2026-02-25 12:00:00,2026-02-25 06:00:00,0.1452,0.7129,0.97,0.5291,T2,38.0,2,8.89,3.27,2.9833,0.0,2026-02-23 22:00:00
2026-02-25 13:00:00,2026-02-25 07:00:00,0.0668,0.7019,0.97,0.4837,T2,39.0,2,8.5017,3.065,3.7833,0.0,2026-02-23 22:00:00
2026-02-25 14:00:00,2026-02-25 08:00:00,0.0,0.6032,0.9453,0.4253,T2,40.0,2,7.9817,2.98,4.3333,0.0,2026-02-23 22:00:00
2026-02-25 15:00:00,2026-02-25 09:00:00,0.0,0.4737,0.9042,0.3725,T2,41.0,2,7.4633,3.23,4.5333,0.0,2026-02-23 22:00:00
2026-02-25 16:00:00,2026-02-25 10:00:00,0.0,0.4703,0.9374,0.4212,T2,42.0,3,7.75,2.56,4.0,0.0,2026-02-23 22:00:00
2026-02-25 17:00:00,2026-02-25 11:00:00,0.0,0.4258,0.9331,0.4212,T2,43.0,3,7.7517,4.01,3.6167,0.0,2026-02-23 22:00:00
2026-02-25 18:00:00,2026-02-25 12:00:00,0.0,0.4823,0.9632,0.4461,T2,44.0,3,8.195,5.475,3.15,0.0,2026-02-23 22:00:00
2026-02-25 19:00:00,2026-02-25 13:00:00,0.0,0.5111,0.97,0.4837,T2,45.0,3,8.56,5.57,2.65,0.0,2026-02-23 22:00:00
2026-02-25 20:00:00,2026-02-25 14:00:00,0.0,0.5185,0.97,0.5049,T2,46.0,3,8.6133,5.44,2.3333,0.0,2026-02-23 22:00:00
2026-02-25 21:00:00,2026-02-25 15:00:00,0.0,0.5514,0.97,0.5291,T2,47.0,3,8.8317,5.585,2.1667,0.0,2026-02-23 22:00:00
2026-02-25 22:00:00,2026-02-25 16:00:00,0.0,0.6865,0.97,0.6301,T2,48.0,3,9.5367,4.85,2.1333,0.0,2026-02-23 22:00:00
2026-02-23 23:00:00,2026-02-23 17:00:00,0.43,0.9352,0.98,0.7639,ВЭС,1.0,1,11.11,1.225,1.6,0.0,2026-02-23 22:00:00
2026-02-24 00:00:00,2026-02-23 18:00:00,0.5269,0.9419,0.98,0.7831,ВЭС,2.0,1,11.605,0.715,0.6167,0.0,2026-02-23 22:00:00
2026-02-24 01:00:00,2026-02-23 19:00:00,0.5376,0.9231,0.9795,0.8017,ВЭС,3.0,1,11.6867,0.635,-0.2667,0.0,2026-02-23 22:00:00
2026-02-24 02:00:00,2026-02-23 20:00:00,0.5475,0.9019,0.9762,0.8017,ВЭС,4.0,1,11.69,1.855,-0.8833,0.0,2026-02-23 22:00:00
2026-02-24 03:00:00,2026-02-23 21:00:00,0.3788,0.8912,0.9771,0.7831,ВЭС,5.0,1,11.5083,2.355,-1.3667,0.0,2026-02-23 22:00:00
2026-02-24 04:00:00,2026-02-23 22:00:00,0.2605,0.8333,0.9777,0.7639,ВЭС,6.0,1,11.305,2.32,-1.7333,0.0,2026-02-23 22:00:00
2026-02-24 05:00:00,2026-02-23 23:00:00,0.2656,0.7058,0.9774,0.7536,ВЭС,7.0,1,10.6317,2.135,-1.9667,0.0,2026-02-23 22:00:00
2026-02-24 06:00:00,2026-02-24 00:00:00,0.1257,0.5987,0.9753,0.681,ВЭС,8.0,1,9.9783,2.96,-2.1833,0.0,2026-02-23 22:00:00
2026-02-24 07:00:00,2026-02-24 01:00:00,0.0766,0.5587,0.9731,0.6587,ВЭС,9.0,1,9.81,3.255,-2.35,0.0,2026-02-23 22:00:00
2026-02-24 08:00:00,2026-02-24 02:00:00,0.0116,0.5517,0.9702,0.6301,ВЭС,10.0,1,9.5983,3.35,-2.2833,0.0,2026-02-23 22:00:00
2026-02-24 09:00:00,2026-02-24 03:00:00,0.0,0.5253,0.9444,0.5984,ВЭС,11.0,1,9.3583,3.1,-1.85,0.0,2026-02-23 22:00:00
2026-02-24 10:00:00,2026-02-24 04:00:00,0.0074,0.5216,0.9504,0.5709,ВЭС,12.0,1,9.1683,2.41,-1.3333,0.0,2026-02-23 22:00:00
2026-02-24 11:00:00,2026-02-24 05:00:00,0.0,0.5108,0.9273,0.5531,ВЭС,13.0,1,9.065,2.39,-0.8333,0.0,2026-02-23 22:00:00
2026-02-24 12:00:00,2026-02-24 06:00:00,0.0353,0.5188,0.8631,0.5417,ВЭС,14.0,1,8.9867,2.58,-0.3167,0.0,2026-02-23 22:00:00
2026-02-24 13:00:00,2026-02-24 07:00:00,0.0078,0.5702,0.8738,0.5417,ВЭС,15.0,1,8.9083,3.1,0.0833,0.0,2026-02-23 22:00:00
2026-02-24 14:00:00,2026-02-24 08:00:00,0.0223,0.5432,0.8867,0.5291,ВЭС,16.0,1,8.8533,3.06,0.2167,0.0,2026-02-23 22:00:00
2026-02-24 15:00:00,2026-02-24 09:00:00,0.0243,0.5363,0.8745,0.5291,ВЭС,17.0,1,8.8583,2.96,0.1167,0.0,2026-02-23 22:00:00
2026-02-24 16:00:00,2026-02-24 10:00:00,0.0,0.5685,0.9331,0.5263,ВЭС,18.0,2,8.7617,5.56,0.1,0.0,2026-02-23 22:00:00
2026-02-24 17:00:00,2026-02-24 11:00:00,0.0,0.4731,0.8188,0.4837,ВЭС,19.0,2,8.4383,4.595,-0.1167,0.0,2026-02-23 22:00:00
2026-02-24 18:00:00,2026-02-24 12:00:00,0.0,0.3016,0.7354,0.4253,ВЭС,20.0,2,7.9883,4.835,-0.5167,0.0,2026-02-23 22:00:00
2026-02-24 19:00:00,2026-02-24 13:00:00,0.0,0.2756,0.6851,0.3725,ВЭС,21.0,2,7.3467,4.845,-1.0,0.0,2026-02-23 22:00:00
2026-02-24 20:00:00,2026-02-24 14:00:00,0.0,0.1707,0.5932,0.3243,ВЭС,22.0,2,6.5583,4.465,-1.3667,0.0,2026-02-23 22:00:00
2026-02-24 21:00:00,2026-02-24 15:00:00,0.0,0.0942,0.5704,0.2388,ВЭС,23.0,2,5.82,4.395,-1.7333,0.0,2026-02-23 22:00:00
2026-02-24 22:00:00,2026-02-24 16:00:00,0.0,0.0735,0.5313,0.1903,ВЭС,24.0,2,4.93,4.315,-2.1,0.0,2026-02-23 22:00:00
2026-02-24 23:00:00,2026-02-24 17:00:00,0.0045,0.025,0.2779,0.1082,ВЭС,25.0,2,3.2783,3.36,-2.4,0.0,2026-02-23 22:00:00
2026-02-25 00:00:00,2026-02-24 18:00:00,0.0059,0.0175,0.1482,0.0619,ВЭС,26.0,2,1.6217,1.94,-2.6333,0.0,2026-02-23 22:00:00
2026-02-25 01:00:00,2026-02-24 19:00:00,0.0074,0.0142,0.1516,0.0517,ВЭС,27.0,2,1.0467,0.625,-2.8667,0.0,2026-02-23 22:00:00
2026-02-25 02:00:00,2026-02-24 20:00:00,0.0029,0.0254,0.2007,0.0619,ВЭС,28.0,2,1.6283,1.7,-3.0667,0.0,2026-02-23 22:00:00
2026-02-25 03:00:00,2026-02-24 21:00:00,0.0008,0.0338,0.2794,0.0923,ВЭС,29.0,2,2.83,2.98,-3.0833,0.0,2026-02-23 22:00:00
2026-02-25 04:00:00,2026-02-24 22:00:00,0.0,0.0641,0.2426,0.1381,ВЭС,30.0,2,3.9667,4.265,-2.85,0.0,2026-02-23 22:00:00
2026-02-25 05:00:00,2026-02-24 23:00:00,0.0,0.1048,0.463,0.1852,ВЭС,31.0,2,4.715,4.915,-2.4667,0.0,2026-02-23 22:00:00
2026-02-25 06:00:00,2026-02-25 00:00:00,0.0,0.1387,0.5279,0.2347,ВЭС,32.0,2,5.4933,7.05,-2.2333,0.0,2026-02-23 22:00:00
2026-02-25 07:00:00,2026-02-25 01:00:00,0.0,0.1933,0.6157,0.3243,ВЭС,33.0,2,6.6833,7.54,-2.1,0.0,2026-02-23 22:00:00
2026-02-25 08:00:00,2026-02-25 02:00:00,0.0,0.3062,0.77,0.4253,ВЭС,34.0,2,7.9367,6.905,-1.6333,0.0,2026-02-23 22:00:00
2026-02-25 09:00:00,2026-02-25 03:00:00,0.0,0.5105,0.9523,0.5263,ВЭС,35.0,2,8.7383,5.975,-0.65,0.0,2026-02-23 22:00:00
2026-02-25 10:00:00,2026-02-25 04:00:00,0.0,0.5659,0.9615,0.5263,ВЭС,36.0,2,8.765,5.34,0.6,0.0,2026-02-23 22:00:00
2026-02-25 11:00:00,2026-02-25 05:00:00,0.0305,0.7122,0.9738,0.5263,ВЭС,37.0,2,8.7733,4.16,1.8833,0.0,2026-02-23 22:00:00
2026-02-25 12:00:00,2026-02-25 06:00:00,0.1446,0.7181,0.98,0.5291,ВЭС,38.0,2,8.89,3.27,2.9833,0.0,2026-02-23 22:00:00
2026-02-25 13:00:00,2026-02-25 07:00:00,0.0738,0.71,0.9705,0.4837,ВЭС,39.0,2,8.5017,3.065,3.7833,0.0,2026-02-23 22:00:00
2026-02-25 14:00:00,2026-02-25 08:00:00,0.0065,0.6113,0.9453,0.4253,ВЭС,40.0,2,7.9817,2.98,4.3333,0.0,2026-02-23 22:00:00
2026-02-25 15:00:00,2026-02-25 09:00:00,0.0118,0.4812,0.9041,0.3725,ВЭС,41.0,2,7.4633,3.23,4.5333,0.0,2026-02-23 22:00:00
2026-02-25 16:00:00,2026-02-25 10:00:00,0.0,0.4799,0.9373,0.4212,ВЭС,42.0,3,7.75,2.56,4.0,0.0,2026-02-23 22:00:00
2026-02-25 17:00:00,2026-02-25 11:00:00,0.0,0.4354,0.9331,0.4212,ВЭС,43.0,3,7.7517,4.01,3.6167,0.0,2026-02-23 22:00:00
2026-02-25 18:00:00,2026-02-25 12:00:00,0.0,0.4919,0.9653,0.4461,ВЭС,44.0,3,8.195,5.475,3.15,0.0,2026-02-23 22:00:00
2026-02-25 19:00:00,2026-02-25 13:00:00,0.0,0.5184,0.9728,0.4837,ВЭС,45.0,3,8.56,5.57,2.65,0.0,2026-02-23 22:00:00
2026-02-25 20:00:00,2026-02-25 14:00:00,0.0,0.5314,0.98,0.5049,ВЭС,46.0,3,8.6133,5.44,2.3333,0.0,2026-02-23 22:00:00
2026-02-25 21:00:00,2026-02-25 15:00:00,0.0,0.5634,0.98,0.5291,ВЭС,47.0,3,8.8317,5.585,2.1667,0.0,2026-02-23 22:00:00
2026-02-25 22:00:00,2026-02-25 16:00:00,0.0,0.6963,0.98,0.6301,ВЭС,48.0,3,9.5367,4.85,2.1333,0.0,2026-02-23 22:00:00
2026-02-24 11:00:00,2026-02-24 05:00:00,0.0,0.5073,0.9281,0.5531,T1,1.0,1,9.065,2.39,-0.8333,0.0,2026-02-24 10:00:00
2026-02-24 12:00:00,2026-02-24 06:00:00,0.0607,0.5165,0.8638,0.5417,T1,2.0,1,8.9867,2.58,-0.3167,0.0,2026-02-24 10:00:00
2026-02-24 13:00:00,2026-02-24 07:00:00,0.0156,0.5678,0.8746,0.5417,T1,3.0,1,8.9083,3.1,0.0833,0.0,2026-02-24 10:00:00
2026-02-24 14:00:00,2026-02-24 08:00:00,0.0445,0.5407,0.8875,0.5291,T1,4.0,1,8.8533,3.06,0.2167,0.0,2026-02-24 10:00:00
2026-02-24 15:00:00,2026-02-24 09:00:00,0.0486,0.5338,0.8752,0.5291,T1,5.0,1,8.8583,2.96,0.1167,0.0,2026-02-24 10:00:00
2026-02-24 16:00:00,2026-02-24 10:00:00,0.0,0.5362,0.8571,0.519,T1,6.0,1,8.7317,2.96,-0.0667,0.0,2026-02-24 10:00:00
2026-02-24 17:00:00,2026-02-24 11:00:00,0.0,0.4148,0.7603,0.4396,T1,7.0,1,8.1067,2.07,-0.2167,0.0,2026-02-24 10:00:00
2026-02-24 18:00:00,2026-02-24 12:00:00,0.0,0.3713,0.7209,0.3725,T1,8.0,1,7.4483,1.46,-0.4167,0.0,2026-02-24 10:00:00
2026-02-24 19:00:00,2026-02-24 13:00:00,0.0,0.3391,0.6848,0.3567,T1,9.0,1,6.9917,1.555,-0.7,0.0,2026-02-24 10:00:00
2026-02-24 20:00:00,2026-02-24 14:00:00,0.0,0.2206,0.5787,0.2753,T1,10.0,1,6.2683,1.105,-0.8667,0.0,2026-02-24 10:00:00
2026-02-24 21:00:00,2026-02-24 15:00:00,0.0,0.1485,0.5224,0.2111,T1,11.0,1,5.3133,0.825,-0.95,0.0,2026-02-24 10:00:00
2026-02-24 22:00:00,2026-02-24 16:00:00,0.0,0.0746,0.3863,0.1566,T1,12.0,1,4.4083,1.005,-1.0833,0.0,2026-02-24 10:00:00
2026-02-24 23:00:00,2026-02-24 17:00:00,0.0058,0.0205,0.2341,0.0968,T1,13.0,1,2.9467,0.46,-1.2833,0.0,2026-02-24 10:00:00
2026-02-25 00:00:00,2026-02-24 18:00:00,0.0065,0.0187,0.0987,0.0619,T1,14.0,1,1.4183,0.99,-1.4667,0.0,2026-02-24 10:00:00
2026-02-25 01:00:00,2026-02-24 19:00:00,0.0087,0.0133,0.0638,0.0517,T1,15.0,1,0.81,0.595,-1.55,0.0,2026-02-24 10:00:00
2026-02-25 02:00:00,2026-02-24 20:00:00,0.0078,0.0153,0.1152,0.0517,T1,16.0,1,0.855,0.81,-1.5833,0.0,2026-02-24 10:00:00
2026-02-25 03:00:00,2026-02-24 21:00:00,0.0015,0.0311,0.1765,0.0619,T1,17.0,1,1.445,1.5,-1.55,0.0,2026-02-24 10:00:00
2026-02-25 04:00:00,2026-02-24 22:00:00,0.0,0.0718,0.2426,0.1381,T1,18.0,2,3.9667,4.265,-2.85,0.0,2026-02-24 10:00:00
2026-02-25 05:00:00,2026-02-24 23:00:00,0.0,0.1132,0.463,0.1852,T1,19.0,2,4.715,4.915,-2.4667,0.0,2026-02-24 10:00:00
2026-02-25 06:00:00,2026-02-25 00:00:00,0.0,0.1474,0.5278,0.2347,T1,20.0,2,5.4933,7.05,-2.2333,0.0,2026-02-24 10:00:00
2026-02-25 07:00:00,2026-02-25 01:00:00,0.0,0.2006,0.6156,0.3243,T1,21.0,2,6.6833,7.54,-2.1,0.0,2026-02-24 10:00:00
2026-02-25 08:00:00,2026-02-25 02:00:00,0.0,0.3104,0.7706,0.4253,T1,22.0,2,7.9367,6.905,-1.6333,0.0,2026-02-24 10:00:00
2026-02-25 09:00:00,2026-02-25 03:00:00,0.0,0.5119,0.9548,0.5263,T1,23.0,2,8.7383,5.975,-0.65,0.0,2026-02-24 10:00:00
2026-02-25 10:00:00,2026-02-25 04:00:00,0.0,0.5709,0.963,0.5263,T1,24.0,2,8.765,5.34,0.6,0.0,2026-02-24 10:00:00
2026-02-25 11:00:00,2026-02-25 05:00:00,0.0077,0.7174,0.9776,0.5263,T1,25.0,2,8.7733,4.16,1.8833,0.0,2026-02-24 10:00:00
2026-02-25 12:00:00,2026-02-25 06:00:00,0.1441,0.7233,0.99,0.5291,T1,26.0,2,8.89,3.27,2.9833,0.0,2026-02-24 10:00:00
2026-02-25 13:00:00,2026-02-25 07:00:00,0.0808,0.7181,0.971,0.4837,T1,27.0,2,8.5017,3.065,3.7833,0.0,2026-02-24 10:00:00
2026-02-25 14:00:00,2026-02-25 08:00:00,0.013,0.6194,0.9452,0.4253,T1,28.0,2,7.9817,2.98,4.3333,0.0,2026-02-24 10:00:00
2026-02-25 15:00:00,2026-02-25 09:00:00,0.0236,0.4887,0.9041,0.3725,T1,29.0,2,7.4633,3.23,4.5333,0.0,2026-02-24 10:00:00
2026-02-25 16:00:00,2026-02-25 10:00:00,0.034,0.4716,0.8578,0.3567,T1,30.0,2,7.0133,3.82,4.4,0.0,2026-02-24 10:00:00
2026-02-25 17:00:00,2026-02-25 11:00:00,0.0,0.3564,0.7379,0.2936,T1,31.0,2,6.365,4.075,3.7667,0.0,2026-02-24 10:00:00
2026-02-25 18:00:00,2026-02-25 12:00:00,0.0,0.278,0.7053,0.2678,T1,32.0,2,6.0583,3.37,3.05,0.0,2026-02-24 10:00:00
2026-02-25 19:00:00,2026-02-25 13:00:00,0.0,0.2877,0.7366,0.2732,T1,33.0,2,6.1817,1.88,2.6167,0.0,2026-02-24 10:00:00
2026-02-25 20:00:00,2026-02-25 14:00:00,0.0,0.316,0.7268,0.2936,T1,34.0,2,6.4033,0.51,2.0833,0.0,2026-02-24 10:00:00
2026-02-25 21:00:00,2026-02-25 15:00:00,0.0,0.5626,0.9125,0.4212,T1,35.0,2,7.7617,1.49,1.7167,0.0,2026-02-24 10:00:00
2026-02-25 22:00:00,2026-02-25 16:00:00,0.0178,0.7563,0.99,0.6301,T1,36.0,2,9.6667,4.045,1.7333,0.0,2026-02-24 10:00:00
2026-02-25 23:00:00,2026-02-25 17:00:00,0.3796,0.831,0.9874,0.7536,T1,37.0,2,10.8083,3.13,1.6833,0.0,2026-02-24 10:00:00
2026-02-26 00:00:00,2026-02-25 18:00:00,0.3583,0.846,0.9846,0.7831,T1,38.0,2,11.445,1.75,1.55,0.0,2026-02-24 10:00:00
2026-02-26 01:00:00,2026-02-25 19:00:00,0.4377,0.8226,0.989,0.8017,T1,39.0,2,11.8983,2.155,1.4833,0.0,2026-02-24 10:00:00
2026-02-26 02:00:00,2026-02-25 20:00:00,0.5764,0.9242,0.9765,0.8017,T1,40.0,2,12.0017,2.29,1.3833,0.0,2026-02-24 10:00:00
2026-02-26 03:00:00,2026-02-25 21:00:00,0.5996,0.9296,0.9884,0.8017,T1,41.0,2,12.0917,2.95,1.3333,0.0,2026-02-24 10:00:00
2026-02-26 04:00:00,2026-02-25 22:00:00,0.5387,0.8996,0.9895,0.8291,T1,42.0,3,12.3867,3.875,1.8,0.0,2026-02-24 10:00:00
2026-02-26 05:00:00,2026-02-25 23:00:00,0.471,0.8374,0.9743,0.8017,T1,43.0,3,12.1717,3.55,1.65,0.0,2026-02-24 10:00:00
2026-02-26 06:00:00,2026-02-26 00:00:00,0.3608,0.7581,0.9506,0.8017,T1,44.0,3,11.72,2.63,1.5,0.0,2026-02-24 10:00:00
2026-02-26 07:00:00,2026-02-26 01:00:00,0.1611,0.5313,0.946,0.7639,T1,45.0,3,11.1333,1.545,1.5333,0.0,2026-02-24 10:00:00
2026-02-26 08:00:00,2026-02-26 02:00:00,0.0,0.5321,0.9457,0.5417,T1,46.0,3,8.9883,4.87,1.9333,0.0,2026-02-24 10:00:00
2026-02-26 09:00:00,2026-02-26 03:00:00,0.0217,0.3563,0.968,0.4461,T1,47.0,3,8.2117,2.74,2.25,0.0,2026-02-24 10:00:00
2026-02-26 10:00:00,2026-02-26 04:00:00,0.0,0.3423,0.8727,0.4212,T1,48.0,3,7.8167,3.54,2.6167,0.0,2026-02-24 10:00:00
2026-02-24 11:00:00,2026-02-24 05:00:00,0.0,0.5144,0.9265,0.5531,T2,1.0,1,9.065,2.39,-0.8333,0.0,2026-02-24 10:00:00
2026-02-24 12:00:00,2026-02-24 06:00:00,0.01,0.5211,0.8623,0.5417,T2,2.0,1,8.9867,2.58,-0.3167,0.0,2026-02-24 10:00:00
2026-02-24 13:00:00,2026-02-24 07:00:00,0.0,0.5727,0.873,0.5417,T2,3.0,1,8.9083,3.1,0.0833,0.0,2026-02-24 10:00:00
2026-02-24 14:00:00,2026-02-24 08:00:00,0.0,0.5456,0.886,0.5291,T2,4.0,1,8.8533,3.06,0.2167,0.0,2026-02-24 10:00:00
2026-02-24 15:00:00,2026-02-24 09:00:00,0.0,0.5388,0.8737,0.5291,T2,5.0,1,8.8583,2.96,0.1167,0.0,2026-02-24 10:00:00
2026-02-24 16:00:00,2026-02-24 10:00:00,0.0,0.5413,0.8555,0.519,T2,6.0,1,8.7317,2.96,-0.0667,0.0,2026-02-24 10:00:00
2026-02-24 17:00:00,2026-02-24 11:00:00,0.0,0.4199,0.7602,0.4396,T2,7.0,1,8.1067,2.07,-0.2167,0.0,2026-02-24 10:00:00
2026-02-24 18:00:00,2026-02-24 12:00:00,0.0,0.3763,0.7209,0.3725,T2,8.0,1,7.4483,1.46,-0.4167,0.0,2026-02-24 10:00:00
2026-02-24 19:00:00,2026-02-24 13:00:00,0.0,0.3387,0.6848,0.3567,T2,9.0,1,6.9917,1.555,-0.7,0.0,2026-02-24 10:00:00
2026-02-24 20:00:00,2026-02-24 14:00:00,0.0,0.2202,0.5787,0.2753,T2,10.0,1,6.2683,1.105,-0.8667,0.0,2026-02-24 10:00:00
2026-02-24 21:00:00,2026-02-24 15:00:00,0.0,0.1481,0.5224,0.2111,T2,11.0,1,5.3133,0.825,-0.95,0.0,2026-02-24 10:00:00
2026-02-24 22:00:00,2026-02-24 16:00:00,0.0,0.0741,0.3863,0.1566,T2,12.0,1,4.4083,1.005,-1.0833,0.0,2026-02-24 10:00:00
2026-02-24 23:00:00,2026-02-24 17:00:00,0.008,0.0199,0.2341,0.0968,T2,13.0,1,2.9467,0.46,-1.2833,0.0,2026-02-24 10:00:00
2026-02-25 00:00:00,2026-02-24 18:00:00,0.0063,0.013,0.0988,0.0619,T2,14.0,1,1.4183,0.99,-1.4667,0.0,2026-02-24 10:00:00
2026-02-25 01:00:00,2026-02-24 19:00:00,0.0075,0.0081,0.0638,0.0517,T2,15.0,1,0.81,0.595,-1.55,0.0,2026-02-24 10:00:00
2026-02-25 02:00:00,2026-02-24 20:00:00,0.0076,0.0097,0.1152,0.0517,T2,16.0,1,0.855,0.81,-1.5833,0.0,2026-02-24 10:00:00
2026-02-25 03:00:00,2026-02-24 21:00:00,0.0051,0.0179,0.1766,0.0619,T2,17.0,1,1.445,1.5,-1.55,0.0,2026-02-24 10:00:00
2026-02-25 04:00:00,2026-02-24 22:00:00,0.0,0.0564,0.2426,0.1381,T2,18.0,2,3.9667,4.265,-2.85,0.0,2026-02-24 10:00:00
2026-02-25 05:00:00,2026-02-24 23:00:00,0.0,0.0963,0.463,0.1852,T2,19.0,2,4.715,4.915,-2.4667,0.0,2026-02-24 10:00:00
2026-02-25 06:00:00,2026-02-25 00:00:00,0.0,0.13,0.5279,0.2347,T2,20.0,2,5.4933,7.05,-2.2333,0.0,2026-02-24 10:00:00
2026-02-25 07:00:00,2026-02-25 01:00:00,0.0,0.1861,0.6157,0.3243,T2,21.0,2,6.6833,7.54,-2.1,0.0,2026-02-24 10:00:00
2026-02-25 08:00:00,2026-02-25 02:00:00,0.0,0.3019,0.7694,0.4253,T2,22.0,2,7.9367,6.905,-1.6333,0.0,2026-02-24 10:00:00
2026-02-25 09:00:00,2026-02-25 03:00:00,0.0,0.5091,0.9499,0.5263,T2,23.0,2,8.7383,5.975,-0.65,0.0,2026-02-24 10:00:00
2026-02-25 10:00:00,2026-02-25 04:00:00,0.0,0.5608,0.96,0.5263,T2,24.0,2,8.765,5.34,0.6,0.0,2026-02-24 10:00:00
2026-02-25 11:00:00,2026-02-25 05:00:00,0.0533,0.707,0.97,0.5263,T2,25.0,2,8.7733,4.16,1.8833,0.0,2026-02-24 10:00:00
2026-02-25 12:00:00,2026-02-25 06:00:00,0.1452,0.7129,0.97,0.5291,T2,26.0,2,8.89,3.27,2.9833,0.0,2026-02-24 10:00:00
2026-02-25 13:00:00,2026-02-25 07:00:00,0.0668,0.7019,0.97,0.4837,T2,27.0,2,8.5017,3.065,3.7833,0.0,2026-02-24 10:00:00
2026-02-25 14:00:00,2026-02-25 08:00:00,0.0,0.6032,0.9453,0.4253,T2,28.0,2,7.9817,2.98,4.3333,0.0,2026-02-24 10:00:00
2026-02-25 15:00:00,2026-02-25 09:00:00,0.0,0.4737,0.9042,0.3725,T2,29.0,2,7.4633,3.23,4.5333,0.0,2026-02-24 10:00:00
2026-02-25 16:00:00,2026-02-25 10:00:00,0.0,0.4552,0.8578,0.3567,T2,30.0,2,7.0133,3.82,4.4,0.0,2026-02-24 10:00:00
2026-02-25 17:00:00,2026-02-25 11:00:00,0.0,0.3387,0.7379,0.2936,T2,31.0,2,6.365,4.075,3.7667,0.0,2026-02-24 10:00:00
2026-02-25 18:00:00,2026-02-25 12:00:00,0.0,0.2716,0.7053,0.2678,T2,32.0,2,6.0583,3.37,3.05,0.0,2026-02-24 10:00:00
2026-02-25 19:00:00,2026-02-25 13:00:00,0.0,0.2753,0.7367,0.2732,T2,33.0,2,6.1817,1.88,2.6167,0.0,2026-02-24 10:00:00
2026-02-25 20:00:00,2026-02-25 14:00:00,0.0,0.2888,0.7269,0.2936,T2,34.0,2,6.4033,0.51,2.0833,0.0,2026-02-24 10:00:00
2026-02-25 21:00:00,2026-02-25 15:00:00,0.0,0.5355,0.9123,0.4212,T2,35.0,2,7.7617,1.49,1.7167,0.0,2026-02-24 10:00:00
2026-02-25 22:00:00,2026-02-25 16:00:00,0.0,0.7323,0.97,0.6301,T2,36.0,2,9.6667,4.045,1.7333,0.0,2026-02-24 10:00:00
2026-02-25 23:00:00,2026-02-25 17:00:00,0.2174,0.8153,0.97,0.7536,T2,37.0,2,10.8083,3.13,1.6833,0.0,2026-02-24 10:00:00
2026-02-26 00:00:00,2026-02-25 18:00:00,0.3145,0.8301,0.97,0.7831,T2,38.0,2,11.445,1.75,1.55,0.0,2026-02-24 10:00:00
2026-02-26 01:00:00,2026-02-25 19:00:00,0.2999,0.8137,0.97,0.8017,T2,39.0,2,11.8983,2.155,1.4833,0.0,2026-02-24 10:00:00
2026-02-26 02:00:00,2026-02-25 20:00:00,0.5411,0.9224,0.9607,0.8017,T2,40.0,2,12.0017,2.29,1.3833,0.0,2026-02-24 10:00:00
2026-02-26 03:00:00,2026-02-25 21:00:00,0.57,0.9203,0.97,0.8017,T2,41.0,2,12.0917,2.95,1.3333,0.0,2026-02-24 10:00:00
2026-02-26 04:00:00,2026-02-25 22:00:00,0.4723,0.8762,0.97,0.8291,T2,42.0,3,12.3867,3.875,1.8,0.0,2026-02-24 10:00:00
2026-02-26 05:00:00,2026-02-25 23:00:00,0.3991,0.8206,0.9667,0.8017,T2,43.0,3,12.1717,3.55,1.65,0.0,2026-02-24 10:00:00
2026-02-26 06:00:00,2026-02-26 00:00:00,0.2873,0.7559,0.9442,0.8017,T2,44.0,3,11.72,2.63,1.5,0.0,2026-02-24 10:00:00
2026-02-26 07:00:00,2026-02-26 01:00:00,0.1049,0.5238,0.942,0.7639,T2,45.0,3,11.1333,1.545,1.5333,0.0,2026-02-24 10:00:00
2026-02-26 08:00:00,2026-02-26 02:00:00,0.0,0.5342,0.9399,0.5417,T2,46.0,3,8.9883,4.87,1.9333,0.0,2026-02-24 10:00:00
2026-02-26 09:00:00,2026-02-26 03:00:00,0.0,0.3573,0.9675,0.4461,T2,47.0,3,8.2117,2.74,2.25,0.0,2026-02-24 10:00:00
2026-02-26 10:00:00,2026-02-26 04:00:00,0.0,0.3409,0.8726,0.4212,T2,48.0,3,7.8167,3.54,2.6167,0.0,2026-02-24 10:00:00
2026-02-24 11:00:00,2026-02-24 05:00:00,0.0,0.5108,0.9273,0.5531,ВЭС,1.0,1,9.065,2.39,-0.8333,0.0,2026-02-24 10:00:00
2026-02-24 12:00:00,2026-02-24 06:00:00,0.0353,0.5188,0.8631,0.5417,ВЭС,2.0,1,8.9867,2.58,-0.3167,0.0,2026-02-24 10:00:00
2026-02-24 13:00:00,2026-02-24 07:00:00,0.0078,0.5702,0.8738,0.5417,ВЭС,3.0,1,8.9083,3.1,0.0833,0.0,2026-02-24 10:00:00
2026-02-24 14:00:00,2026-02-24 08:00:00,0.0223,0.5432,0.8867,0.5291,ВЭС,4.0,1,8.8533,3.06,0.2167,0.0,2026-02-24 10:00:00
2026-02-24 15:00:00,2026-02-24 09:00:00,0.0243,0.5363,0.8745,0.5291,ВЭС,5.0,1,8.8583,2.96,0.1167,0.0,2026-02-24 10:00:00
2026-02-24 16:00:00,2026-02-24 10:00:00,0.0,0.5388,0.8563,0.519,ВЭС,6.0,1,8.7317,2.96,-0.0667,0.0,2026-02-24 10:00:00
2026-02-24 17:00:00,2026-02-24 11:00:00,0.0,0.4174,0.7603,0.4396,ВЭС,7.0,1,8.1067,2.07,-0.2167,0.0,2026-02-24 10:00:00
2026-02-24 18:00:00,2026-02-24 12:00:00,0.0,0.3738,0.7209,0.3725,ВЭС,8.0,1,7.4483,1.46,-0.4167,0.0,2026-02-24 10:00:00
2026-02-24 19:00:00,2026-02-24 13:00:00,0.0,0.3389,0.6848,0.3567,ВЭС,9.0,1,6.9917,1.555,-0.7,0.0,2026-02-24 10:00:00
2026-02-24 20:00:00,2026-02-24 14:00:00,0.0,0.2204,0.5787,0.2753,ВЭС,10.0,1,6.2683,1.105,-0.8667,0.0,2026-02-24 10:00:00
2026-02-24 21:00:00,2026-02-24 15:00:00,0.0,0.1483,0.5224,0.2111,ВЭС,11.0,1,5.3133,0.825,-0.95,0.0,2026-02-24 10:00:00
2026-02-24 22:00:00,2026-02-24 16:00:00,0.0,0.0743,0.3863,0.1566,ВЭС,12.0,1,4.4083,1.005,-1.0833,0.0,2026-02-24 10:00:00
2026-02-24 23:00:00,2026-02-24 17:00:00,0.0069,0.0202,0.2341,0.0968,ВЭС,13.0,1,2.9467,0.46,-1.2833,0.0,2026-02-24 10:00:00
2026-02-25 00:00:00,2026-02-24 18:00:00,0.0064,0.0159,0.0987,0.0619,ВЭС,14.0,1,1.4183,0.99,-1.4667,0.0,2026-02-24 10:00:00
2026-02-25 01:00:00,2026-02-24 19:00:00,0.0081,0.0107,0.0638,0.0517,ВЭС,15.0,1,0.81,0.595,-1.55,0.0,2026-02-24 10:00:00
2026-02-25 02:00:00,2026-02-24 20:00:00,0.0077,0.0125,0.1152,0.0517,ВЭС,16.0,1,0.855,0.81,-1.5833,0.0,2026-02-24 10:00:00
2026-02-25 03:00:00,2026-02-24 21:00:00,0.0033,0.0245,0.1765,0.0619,ВЭС,17.0,1,1.445,1.5,-1.55,0.0,2026-02-24 10:00:00
2026-02-25 04:00:00,2026-02-24 22:00:00,0.0,0.0641,0.2426,0.1381,ВЭС,18.0,2,3.9667,4.265,-2.85,0.0,2026-02-24 10:00:00
2026-02-25 05:00:00,2026-02-24 23:00:00,0.0,0.1048,0.463,0.1852,ВЭС,19.0,2,4.715,4.915,-2.4667,0.0,2026-02-24 10:00:00
2026-02-25 06:00:00,2026-02-25 00:00:00,0.0,0.1387,0.5279,0.2347,ВЭС,20.0,2,5.4933,7.05,-2.2333,0.0,2026-02-24 10:00:00
2026-02-25 07:00:00,2026-02-25 01:00:00,0.0,0.1933,0.6157,0.3243,ВЭС,21.0,2,6.6833,7.54,-2.1,0.0,2026-02-24 10:00:00
2026-02-25 08:00:00,2026-02-25 02:00:00,0.0,0.3062,0.77,0.4253,ВЭС,22.0,2,7.9367,6.905,-1.6333,0.0,2026-02-24 10:00:00
2026-02-25 09:00:00,2026-02-25 03:00:00,0.0,0.5105,0.9523,0.5263,ВЭС,23.0,2,8.7383,5.975,-0.65,0.0,2026-02-24 10:00:00
2026-02-25 10:00:00,2026-02-25 04:00:00,0.0,0.5659,0.9615,0.5263,ВЭС,24.0,2,8.765,5.34,0.6,0.0,2026-02-24 10:00:00
2026-02-25 11:00:00,2026-02-25 05:00:00,0.0305,0.7122,0.9738,0.5263,ВЭС,25.0,2,8.7733,4.16,1.8833,0.0,2026-02-24 10:00:00
2026-02-25 12:00:00,2026-02-25 06:00:00,0.1446,0.7181,0.98,0.5291,ВЭС,26.0,2,8.89,3.27,2.9833,0.0,2026-02-24 10:00:00
2026-02-25 13:00:00,2026-02-25 07:00:00,0.0738,0.71,0.9705,0.4837,ВЭС,27.0,2,8.5017,3.065,3.7833,0.0,2026-02-24 10:00:00
2026-02-25 14:00:00,2026-02-25 08:00:00,0.0065,0.6113,0.9453,0.4253,ВЭС,28.0,2,7.9817,2.98,4.3333,0.0,2026-02-24 10:00:00
2026-02-25 15:00:00,2026-02-25 09:00:00,0.0118,0.4812,0.9041,0.3725,ВЭС,29.0,2,7.4633,3.23,4.5333,0.0,2026-02-24 10:00:00
2026-02-25 16:00:00,2026-02-25 10:00:00,0.017,0.4634,0.8578,0.3567,ВЭС,30.0,2,7.0133,3.82,4.4,0.0,2026-02-24 10:00:00
2026-02-25 17:00:00,2026-02-25 11:00:00,0.0,0.3476,0.7379,0.2936,ВЭС,31.0,2,6.365,4.075,3.7667,0.0,2026-02-24 10:00:00
2026-02-25 18:00:00,2026-02-25 12:00:00,0.0,0.2748,0.7053,0.2678,ВЭС,32.0,2,6.0583,3.37,3.05,0.0,2026-02-24 10:00:00
2026-02-25 19:00:00,2026-02-25 13:00:00,0.0,0.2815,0.7366,0.2732,ВЭС,33.0,2,6.1817,1.88,2.6167,0.0,2026-02-24 10:00:00
2026-02-25 20:00:00,2026-02-25 14:00:00,0.0,0.3024,0.7269,0.2936,ВЭС,34.0,2,6.4033,0.51,2.0833,0.0,2026-02-24 10:00:00
2026-02-25 21:00:00,2026-02-25 15:00:00,0.0,0.5491,0.9124,0.4212,ВЭС,35.0,2,7.7617,1.49,1.7167,0.0,2026-02-24 10:00:00
2026-02-25 22:00:00,2026-02-25 16:00:00,0.0089,0.7443,0.98,0.6301,ВЭС,36.0,2,9.6667,4.045,1.7333,0.0,2026-02-24 10:00:00
2026-02-25 23:00:00,2026-02-25 17:00:00,0.2985,0.8232,0.9787,0.7536,ВЭС,37.0,2,10.8083,3.13,1.6833,0.0,2026-02-24 10:00:00
2026-02-26 00:00:00,2026-02-25 18:00:00,0.3364,0.8381,0.9773,0.7831,ВЭС,38.0,2,11.445,1.75,1.55,0.0,2026-02-24 10:00:00
2026-02-26 01:00:00,2026-02-25 19:00:00,0.3688,0.8182,0.9795,0.8017,ВЭС,39.0,2,11.8983,2.155,1.4833,0.0,2026-02-24 10:00:00
2026-02-26 02:00:00,2026-02-25 20:00:00,0.5588,0.9233,0.9686,0.8017,ВЭС,40.0,2,12.0017,2.29,1.3833,0.0,2026-02-24 10:00:00
2026-02-26 03:00:00,2026-02-25 21:00:00,0.5848,0.9249,0.9792,0.8017,ВЭС,41.0,2,12.0917,2.95,1.3333,0.0,2026-02-24 10:00:00
2026-02-26 04:00:00,2026-02-25 22:00:00,0.5055,0.8879,0.9798,0.8291,ВЭС,42.0,3,12.3867,3.875,1.8,0.0,2026-02-24 10:00:00
2026-02-26 05:00:00,2026-02-25 23:00:00,0.4351,0.829,0.9705,0.8017,ВЭС,43.0,3,12.1717,3.55,1.65,0.0,2026-02-24 10:00:00
2026-02-26 06:00:00,2026-02-26 00:00:00,0.324,0.757,0.9474,0.8017,ВЭС,44.0,3,11.72,2.63,1.5,0.0,2026-02-24 10:00:00
2026-02-26 07:00:00,2026-02-26 01:00:00,0.133,0.5275,0.944,0.7639,ВЭС,45.0,3,11.1333,1.545,1.5333,0.0,2026-02-24 10:00:00
2026-02-26 08:00:00,2026-02-26 02:00:00,0.0,0.5331,0.9428,0.5417,ВЭС,46.0,3,8.9883,4.87,1.9333,0.0,2026-02-24 10:00:00
2026-02-26 09:00:00,2026-02-26 03:00:00,0.0108,0.3568,0.9677,0.4461,ВЭС,47.0,3,8.2117,2.74,2.25,0.0,2026-02-24 10:00:00
2026-02-26 10:00:00,2026-02-26 04:00:00,0.0,0.3416,0.8727,0.4212,ВЭС,48.0,3,7.8167,3.54,2.6167,0.0,2026-02-24 10:00:00
2026-02-24 23:00:00,2026-02-24 17:00:00,0.0058,0.0205,0.2341,0.0968,T1,1.0,1,2.9467,0.46,-1.2833,0.0,2026-02-24 22:00:00
2026-02-25 00:00:00,2026-02-24 18:00:00,0.0065,0.0187,0.0987,0.0619,T1,2.0,1,1.4183,0.99,-1.4667,0.0,2026-02-24 22:00:00
2026-02-25 01:00:00,2026-02-24 19:00:00,0.0087,0.0133,0.0638,0.0517,T1,3.0,1,0.81,0.595,-1.55,0.0,2026-02-24 22:00:00
2026-02-25 02:00:00,2026-02-24 20:00:00,0.0078,0.0153,0.1152,0.0517,T1,4.0,1,0.855,0.81,-1.5833,0.0,2026-02-24 22:00:00
2026-02-25 03:00:00,2026-02-24 21:00:00,0.0015,0.0311,0.1765,0.0619,T1,5.0,1,1.445,1.5,-1.55,0.0,2026-02-24 22:00:00
2026-02-25 04:00:00,2026-02-24 22:00:00,0.0008,0.0328,0.1713,0.0741,T1,6.0,1,2.345,2.15,-1.3667,0.0,2026-02-24 22:00:00
2026-02-25 05:00:00,2026-02-24 23:00:00,0.0,0.057,0.1429,0.1,T1,7.0,1,3.0333,3.88,-1.15,0.0,2026-02-24 22:00:00
2026-02-25 06:00:00,2026-02-25 00:00:00,0.0,0.0776,0.1298,0.1275,T1,8.0,1,3.6967,4.85,-0.95,0.0,2026-02-24 22:00:00
2026-02-25 07:00:00,2026-02-25 01:00:00,0.0,0.1092,0.3009,0.1732,T1,9.0,1,4.595,4.345,-0.5833,0.0,2026-02-24 22:00:00
2026-02-25 08:00:00,2026-02-25 02:00:00,0.0,0.1175,0.4566,0.2111,T1,10.0,1,5.2317,3.995,-0.1833,0.0,2026-02-24 22:00:00
2026-02-25 09:00:00,2026-02-25 03:00:00,0.0,0.12,0.4467,0.2111,T1,11.0,1,5.245,3.23,0.2333,0.0,2026-02-24 22:00:00
2026-02-25 10:00:00,2026-02-25 04:00:00,0.0,0.122,0.3896,0.1732,T1,12.0,1,4.6617,2.055,0.8333,0.0,2026-02-24 22:00:00
2026-02-25 11:00:00,2026-02-25 05:00:00,0.0,0.0814,0.2574,0.1275,T1,13.0,1,3.8333,3.31,1.3667,0.0,2026-02-24 22:00:00
2026-02-25 12:00:00,2026-02-25 06:00:00,0.0,0.0646,0.238,0.1082,T1,14.0,1,3.2817,3.535,1.8667,0.0,2026-02-24 22:00:00
2026-02-25 13:00:00,2026-02-25 07:00:00,0.0,0.0657,0.2314,0.1,T1,15.0,1,3.0983,3.175,2.4333,0.0,2026-02-24 22:00:00
2026-02-25 14:00:00,2026-02-25 08:00:00,0.0,0.0389,0.2399,0.0835,T1,16.0,1,2.755,3.815,2.9167,0.0,2026-02-24 22:00:00
2026-02-25 15:00:00,2026-02-25 09:00:00,0.0,0.0577,0.2421,0.0741,T1,17.0,1,2.2583,4.36,2.95,0.0,2026-02-24 22:00:00
2026-02-25 16:00:00,2026-02-25 10:00:00,0.034,0.4716,0.8578,0.3567,T1,18.0,2,7.0133,3.82,4.4,0.0,2026-02-24 22:00:00
2026-02-25 17:00:00,2026-02-25 11:00:00,0.0,0.3564,0.7379,0.2936,T1,19.0,2,6.365,4.075,3.7667,0.0,2026-02-24 22:00:00
2026-02-25 18:00:00,2026-02-25 12:00:00,0.0,0.278,0.7053,0.2678,T1,20.0,2,6.0583,3.37,3.05,0.0,2026-02-24 22:00:00
2026-02-25 19:00:00,2026-02-25 13:00:00,0.0,0.2877,0.7366,0.2732,T1,21.0,2,6.1817,1.88,2.6167,0.0,2026-02-24 22:00:00
2026-02-25 20:00:00,2026-02-25 14:00:00,0.0,0.316,0.7268,0.2936,T1,22.0,2,6.4033,0.51,2.0833,0.0,2026-02-24 22:00:00
2026-02-25 21:00:00,2026-02-25 15:00:00,0.0,0.5626,0.9125,0.4212,T1,23.0,2,7.7617,1.49,1.7167,0.0,2026-02-24 22:00:00
2026-02-25 22:00:00,2026-02-25 16:00:00,0.0178,0.7563,0.99,0.6301,T1,24.0,2,9.6667,4.045,1.7333,0.0,2026-02-24 22:00:00
2026-02-25 23:00:00,2026-02-25 17:00:00,0.3796,0.831,0.9874,0.7536,T1,25.0,2,10.8083,3.13,1.6833,0.0,2026-02-24 22:00:00
2026-02-26 00:00:00,2026-02-25 18:00:00,0.3583,0.846,0.9846,0.7831,T1,26.0,2,11.445,1.75,1.55,0.0,2026-02-24 22:00:00
2026-02-26 01:00:00,2026-02-25 19:00:00,0.4377,0.8226,0.989,0.8017,T1,27.0,2,11.8983,2.155,1.4833,0.0,2026-02-24 22:00:00
2026-02-26 02:00:00,2026-02-25 20:00:00,0.5764,0.9242,0.9765,0.8017,T1,28.0,2,12.0017,2.29,1.3833,0.0,2026-02-24 22:00:00
2026-02-26 03:00:00,2026-02-25 21:00:00,0.5996,0.9296,0.9884,0.8017,T1,29.0,2,12.0917,2.95,1.3333,0.0,2026-02-24 22:00:00
2026-02-26 04:00:00,2026-02-25 22:00:00,0.5007,0.9861,0.99,0.8017,T1,30.0,2,11.8933,3.365,1.3167,0.0,2026-02-24 22:00:00
2026-02-26 05:00:00,2026-02-25 23:00:00,0.3824,0.8475,0.977,0.7639,T1,31.0,2,11.3483,2.47,1.2333,0.0,2026-02-24 22:00:00
2026-02-26 06:00:00,2026-02-26 00:00:00,0.3114,0.7734,0.9621,0.7536,T1,32.0,2,10.8833,0.39,1.2333,0.0,2026-02-24 22:00:00
2026-02-26 07:00:00,2026-02-26 01:00:00,0.0058,0.4802,0.8832,0.73,T1,33.0,2,10.5083,3.385,1.45,0.0,2026-02-24 22:00:00
2026-02-26 08:00:00,2026-02-26 02:00:00,0.1374,0.6529,0.9418,0.7536,T1,34.0,2,10.8617,2.21,1.5667,0.0,2026-02-24 22:00:00
2026-02-26 09:00:00,2026-02-26 03:00:00,0.1815,0.7046,0.9647,0.6898,T1,35.0,2,10.405,4.715,1.45,0.0,2026-02-24 22:00:00
2026-02-26 10:00:00,2026-02-26 04:00:00,0.0,0.2492,0.8994,0.4212,T1,36.0,2,7.8017,6.135,1.8167,0.0,2026-02-24 22:00:00
2026-02-26 11:00:00,2026-02-26 05:00:00,0.0,0.2939,0.8131,0.3567,T1,37.0,2,7.1533,1.38,2.4167,0.0,2026-02-24 22:00:00
2026-02-26 12:00:00,2026-02-26 06:00:00,0.0,0.3343,0.8723,0.3567,T1,38.0,2,7.02,5.0,2.5333,0.0,2026-02-24 22:00:00
2026-02-26 13:00:00,2026-02-26 07:00:00,0.0,0.3129,0.8498,0.3243,T1,39.0,2,6.6367,5.945,2.1667,0.0,2026-02-24 22:00:00
2026-02-26 14:00:00,2026-02-26 08:00:00,0.0,0.4471,0.8786,0.4057,T1,40.0,2,7.7,4.87,1.55,0.0,2026-02-24 22:00:00
2026-02-26 15:00:00,2026-02-26 09:00:00,0.0,0.5259,0.919,0.4837,T1,41.0,2,8.485,3.61,1.2333,0.0,2026-02-24 22:00:00
2026-02-26 16:00:00,2026-02-26 10:00:00,0.0967,0.6275,0.9647,0.6898,T1,42.0,3,10.3183,3.66,1.7833,0.0,2026-02-24 22:00:00
2026-02-26 17:00:00,2026-02-26 11:00:00,0.1979,0.753,0.9816,0.7639,T1,43.0,3,11.0933,3.265,0.8667,0.0,2026-02-24 22:00:00
2026-02-26 18:00:00,2026-02-26 12:00:00,0.3901,0.7087,0.99,0.7831,T1,44.0,3,11.435,1.32,0.0667,1.0,2026-02-24 22:00:00
2026-02-26 19:00:00,2026-02-26 13:00:00,0.444,0.8513,0.99,0.8017,T1,45.0,3,11.9367,1.63,-0.4833,1.0,2026-02-24 22:00:00
2026-02-26 20:00:00,2026-02-26 14:00:00,0.6065,0.9335,0.99,0.8511,T1,46.0,3,12.5733,2.72,-0.95,1.0,2026-02-24 22:00:00
2026-02-26 21:00:00,2026-02-26 15:00:00,0.705,0.9368,0.9883,0.8794,T1,47.0,3,12.7983,1.315,-1.3833,1.0,2026-02-24 22:00:00
2026-02-26 22:00:00,2026-02-26 16:00:00,0.3898,0.8668,0.9879,0.8017,T1,48.0,3,12.0667,0.92,-1.7,1.0,2026-02-24 22:00:00
2026-02-24 23:00:00,2026-02-24 17:00:00,0.008,0.0199,0.2341,0.0968,T2,1.0,1,2.9467,0.46,-1.2833,0.0,2026-02-24 22:00:00
2026-02-25 00:00:00,2026-02-24 18:00:00,0.0063,0.013,0.0988,0.0619,T2,2.0,1,1.4183,0.99,-1.4667,0.0,2026-02-24 22:00:00
2026-02-25 01:00:00,2026-02-24 19:00:00,0.0075,0.0081,0.0638,0.0517,T2,3.0,1,0.81,0.595,-1.55,0.0,2026-02-24 22:00:00
2026-02-25 02:00:00,2026-02-24 20:00:00,0.0076,0.0097,0.1152,0.0517,T2,4.0,1,0.855,0.81,-1.5833,0.0,2026-02-24 22:00:00
2026-02-25 03:00:00,2026-02-24 21:00:00,0.0051,0.0179,0.1766,0.0619,T2,5.0,1,1.445,1.5,-1.55,0.0,2026-02-24 22:00:00
2026-02-25 04:00:00,2026-02-24 22:00:00,0.0057,0.0173,0.1714,0.0741,T2,6.0,1,2.345,2.15,-1.3667,0.0,2026-02-24 22:00:00
2026-02-25 05:00:00,2026-02-24 23:00:00,0.0,0.0423,0.143,0.1,T2,7.0,1,3.0333,3.88,-1.15,0.0,2026-02-24 22:00:00
2026-02-25 06:00:00,2026-02-25 00:00:00,0.0,0.0629,0.1298,0.1275,T2,8.0,1,3.6967,4.85,-0.95,0.0,2026-02-24 22:00:00
2026-02-25 07:00:00,2026-02-25 01:00:00,0.0,0.0878,0.301,0.1732,T2,9.0,1,4.595,4.345,-0.5833,0.0,2026-02-24 22:00:00
2026-02-25 08:00:00,2026-02-25 02:00:00,0.0,0.0966,0.4566,0.2111,T2,10.0,1,5.2317,3.995,-0.1833,0.0,2026-02-24 22:00:00
2026-02-25 09:00:00,2026-02-25 03:00:00,0.0,0.1043,0.4468,0.2111,T2,11.0,1,5.245,3.23,0.2333,0.0,2026-02-24 22:00:00
2026-02-25 10:00:00,2026-02-25 04:00:00,0.0,0.1063,0.3897,0.1732,T2,12.0,1,4.6617,2.055,0.8333,0.0,2026-02-24 22:00:00
2026-02-25 11:00:00,2026-02-25 05:00:00,0.0,0.0671,0.2575,0.1275,T2,13.0,1,3.8333,3.31,1.3667,0.0,2026-02-24 22:00:00
2026-02-25 12:00:00,2026-02-25 06:00:00,0.0,0.0506,0.2381,0.1082,T2,14.0,1,3.2817,3.535,1.8667,0.0,2026-02-24 22:00:00
2026-02-25 13:00:00,2026-02-25 07:00:00,0.0,0.0538,0.2315,0.1,T2,15.0,1,3.0983,3.175,2.4333,0.0,2026-02-24 22:00:00
2026-02-25 14:00:00,2026-02-25 08:00:00,0.0022,0.0268,0.24,0.0835,T2,16.0,1,2.755,3.815,2.9167,0.0,2026-02-24 22:00:00
2026-02-25 15:00:00,2026-02-25 09:00:00,0.0,0.0497,0.2421,0.0741,T2,17.0,1,2.2583,4.36,2.95,0.0,2026-02-24 22:00:00
2026-02-25 16:00:00,2026-02-25 10:00:00,0.0,0.4552,0.8578,0.3567,T2,18.0,2,7.0133,3.82,4.4,0.0,2026-02-24 22:00:00
2026-02-25 17:00:00,2026-02-25 11:00:00,0.0,0.3387,0.7379,0.2936,T2,19.0,2,6.365,4.075,3.7667,0.0,2026-02-24 22:00:00
2026-02-25 18:00:00,2026-02-25 12:00:00,0.0,0.2716,0.7053,0.2678,T2,20.0,2,6.0583,3.37,3.05,0.0,2026-02-24 22:00:00
2026-02-25 19:00:00,2026-02-25 13:00:00,0.0,0.2753,0.7367,0.2732,T2,21.0,2,6.1817,1.88,2.6167,0.0,2026-02-24 22:00:00
2026-02-25 20:00:00,2026-02-25 14:00:00,0.0,0.2888,0.7269,0.2936,T2,22.0,2,6.4033,0.51,2.0833,0.0,2026-02-24 22:00:00
2026-02-25 21:00:00,2026-02-25 15:00:00,0.0,0.5355,0.9123,0.4212,T2,23.0,2,7.7617,1.49,1.7167,0.0,2026-02-24 22:00:00
2026-02-25 22:00:00,2026-02-25 16:00:00,0.0,0.7323,0.97,0.6301,T2,24.0,2,9.6667,4.045,1.7333,0.0,2026-02-24 22:00:00
2026-02-25 23:00:00,2026-02-25 17:00:00,0.2174,0.8153,0.97,0.7536,T2,25.0,2,10.8083,3.13,1.6833,0.0,2026-02-24 22:00:00
2026-02-26 00:00:00,2026-02-25 18:00:00,0.3145,0.8301,0.97,0.7831,T2,26.0,2,11.445,1.75,1.55,0.0,2026-02-24 22:00:00
2026-02-26 01:00:00,2026-02-25 19:00:00,0.2999,0.8137,0.97,0.8017,T2,27.0,2,11.8983,2.155,1.4833,0.0,2026-02-24 22:00:00
2026-02-26 02:00:00,2026-02-25 20:00:00,0.5411,0.9224,0.9607,0.8017,T2,28.0,2,12.0017,2.29,1.3833,0.0,2026-02-24 22:00:00
2026-02-26 03:00:00,2026-02-25 21:00:00,0.57,0.9203,0.97,0.8017,T2,29.0,2,12.0917,2.95,1.3333,0.0,2026-02-24 22:00:00
2026-02-26 04:00:00,2026-02-25 22:00:00,0.5285,0.97,0.97,0.8017,T2,30.0,2,11.8933,3.365,1.3167,0.0,2026-02-24 22:00:00
2026-02-26 05:00:00,2026-02-25 23:00:00,0.262,0.8385,0.9695,0.7639,T2,31.0,2,11.3483,2.47,1.2333,0.0,2026-02-24 22:00:00
2026-02-26 06:00:00,2026-02-26 00:00:00,0.26,0.7607,0.9607,0.7536,T2,32.0,2,10.8833,0.39,1.2333,0.0,2026-02-24 22:00:00
2026-02-26 07:00:00,2026-02-26 01:00:00,0.0,0.4792,0.8789,0.73,T2,33.0,2,10.5083,3.385,1.45,0.0,2026-02-24 22:00:00
2026-02-26 08:00:00,2026-02-26 02:00:00,0.0891,0.6572,0.9375,0.7536,T2,34.0,2,10.8617,2.21,1.5667,0.0,2026-02-24 22:00:00
2026-02-26 09:00:00,2026-02-26 03:00:00,0.0819,0.7027,0.9571,0.6898,T2,35.0,2,10.405,4.715,1.45,0.0,2026-02-24 22:00:00
2026-02-26 10:00:00,2026-02-26 04:00:00,0.0,0.2488,0.8986,0.4212,T2,36.0,2,7.8017,6.135,1.8167,0.0,2026-02-24 22:00:00
2026-02-26 11:00:00,2026-02-26 05:00:00,0.0,0.2936,0.8131,0.3567,T2,37.0,2,7.1533,1.38,2.4167,0.0,2026-02-24 22:00:00
2026-02-26 12:00:00,2026-02-26 06:00:00,0.0,0.3329,0.8718,0.3567,T2,38.0,2,7.02,5.0,2.5333,0.0,2026-02-24 22:00:00
2026-02-26 13:00:00,2026-02-26 07:00:00,0.0,0.3104,0.8485,0.3243,T2,39.0,2,6.6367,5.945,2.1667,0.0,2026-02-24 22:00:00
2026-02-26 14:00:00,2026-02-26 08:00:00,0.0,0.4471,0.878,0.4057,T2,40.0,2,7.7,4.87,1.55,0.0,2026-02-24 22:00:00
2026-02-26 15:00:00,2026-02-26 09:00:00,0.0,0.5262,0.9179,0.4837,T2,41.0,2,8.485,3.61,1.2333,0.0,2026-02-24 22:00:00
2026-02-26 16:00:00,2026-02-26 10:00:00,0.1948,0.6325,0.9562,0.6898,T2,42.0,3,10.3183,3.66,1.7833,0.0,2026-02-24 22:00:00
2026-02-26 17:00:00,2026-02-26 11:00:00,0.1997,0.7535,0.9694,0.7639,T2,43.0,3,11.0933,3.265,0.8667,0.0,2026-02-24 22:00:00
2026-02-26 18:00:00,2026-02-26 12:00:00,0.4177,0.7088,0.97,0.7831,T2,44.0,3,11.435,1.32,0.0667,1.0,2026-02-24 22:00:00
2026-02-26 19:00:00,2026-02-26 13:00:00,0.494,0.8509,0.97,0.8017,T2,45.0,3,11.9367,1.63,-0.4833,1.0,2026-02-24 22:00:00
2026-02-26 20:00:00,2026-02-26 14:00:00,0.7198,0.9251,0.97,0.8511,T2,46.0,3,12.5733,2.72,-0.95,1.0,2026-02-24 22:00:00
2026-02-26 21:00:00,2026-02-26 15:00:00,0.7122,0.9278,0.97,0.8794,T2,47.0,3,12.7983,1.315,-1.3833,1.0,2026-02-24 22:00:00
2026-02-26 22:00:00,2026-02-26 16:00:00,0.5078,0.8657,0.97,0.8017,T2,48.0,3,12.0667,0.92,-1.7,1.0,2026-02-24 22:00:00
2026-02-24 23:00:00,2026-02-24 17:00:00,0.0069,0.0202,0.2341,0.0968,ВЭС,1.0,1,2.9467,0.46,-1.2833,0.0,2026-02-24 22:00:00
2026-02-25 00:00:00,2026-02-24 18:00:00,0.0064,0.0159,0.0987,0.0619,ВЭС,2.0,1,1.4183,0.99,-1.4667,0.0,2026-02-24 22:00:00
2026-02-25 01:00:00,2026-02-24 19:00:00,0.0081,0.0107,0.0638,0.0517,ВЭС,3.0,1,0.81,0.595,-1.55,0.0,2026-02-24 22:00:00
2026-02-25 02:00:00,2026-02-24 20:00:00,0.0077,0.0125,0.1152,0.0517,ВЭС,4.0,1,0.855,0.81,-1.5833,0.0,2026-02-24 22:00:00
2026-02-25 03:00:00,2026-02-24 21:00:00,0.0033,0.0245,0.1765,0.0619,ВЭС,5.0,1,1.445,1.5,-1.55,0.0,2026-02-24 22:00:00
2026-02-25 04:00:00,2026-02-24 22:00:00,0.0032,0.025,0.1714,0.0741,ВЭС,6.0,1,2.345,2.15,-1.3667,0.0,2026-02-24 22:00:00
2026-02-25 05:00:00,2026-02-24 23:00:00,0.0,0.0496,0.1429,0.1,ВЭС,7.0,1,3.0333,3.88,-1.15,0.0,2026-02-24 22:00:00
2026-02-25 06:00:00,2026-02-25 00:00:00,0.0,0.0702,0.1298,0.1275,ВЭС,8.0,1,3.6967,4.85,-0.95,0.0,2026-02-24 22:00:00
2026-02-25 07:00:00,2026-02-25 01:00:00,0.0,0.0985,0.3009,0.1732,ВЭС,9.0,1,4.595,4.345,-0.5833,0.0,2026-02-24 22:00:00
2026-02-25 08:00:00,2026-02-25 02:00:00,0.0,0.1071,0.4566,0.2111,ВЭС,10.0,1,5.2317,3.995,-0.1833,0.0,2026-02-24 22:00:00
2026-02-25 09:00:00,2026-02-25 03:00:00,0.0,0.1122,0.4468,0.2111,ВЭС,11.0,1,5.245,3.23,0.2333,0.0,2026-02-24 22:00:00
2026-02-25 10:00:00,2026-02-25 04:00:00,0.0,0.1142,0.3896,0.1732,ВЭС,12.0,1,4.6617,2.055,0.8333,0.0,2026-02-24 22:00:00
2026-02-25 11:00:00,2026-02-25 05:00:00,0.0,0.0743,0.2574,0.1275,ВЭС,13.0,1,3.8333,3.31,1.3667,0.0,2026-02-24 22:00:00
2026-02-25 12:00:00,2026-02-25 06:00:00,0.0,0.0576,0.238,0.1082,ВЭС,14.0,1,3.2817,3.535,1.8667,0.0,2026-02-24 22:00:00
2026-02-25 13:00:00,2026-02-25 07:00:00,0.0,0.0597,0.2314,0.1,ВЭС,15.0,1,3.0983,3.175,2.4333,0.0,2026-02-24 22:00:00
2026-02-25 14:00:00,2026-02-25 08:00:00,0.0011,0.0329,0.2399,0.0835,ВЭС,16.0,1,2.755,3.815,2.9167,0.0,2026-02-24 22:00:00
2026-02-25 15:00:00,2026-02-25 09:00:00,0.0,0.0537,0.2421,0.0741,ВЭС,17.0,1,2.2583,4.36,2.95,0.0,2026-02-24 22:00:00
2026-02-25 16:00:00,2026-02-25 10:00:00,0.017,0.4634,0.8578,0.3567,ВЭС,18.0,2,7.0133,3.82,4.4,0.0,2026-02-24 22:00:00
2026-02-25 17:00:00,2026-02-25 11:00:00,0.0,0.3476,0.7379,0.2936,ВЭС,19.0,2,6.365,4.075,3.7667,0.0,2026-02-24 22:00:00
2026-02-25 18:00:00,2026-02-25 12:00:00,0.0,0.2748,0.7053,0.2678,ВЭС,20.0,2,6.0583,3.37,3.05,0.0,2026-02-24 22:00:00
2026-02-25 19:00:00,2026-02-25 13:00:00,0.0,0.2815,0.7366,0.2732,ВЭС,21.0,2,6.1817,1.88,2.6167,0.0,2026-02-24 22:00:00
2026-02-25 20:00:00,2026-02-25 14:00:00,0.0,0.3024,0.7269,0.2936,ВЭС,22.0,2,6.4033,0.51,2.0833,0.0,2026-02-24 22:00:00
2026-02-25 21:00:00,2026-02-25 15:00:00,0.0,0.5491,0.9124,0.4212,ВЭС,23.0,2,7.7617,1.49,1.7167,0.0,2026-02-24 22:00:00
2026-02-25 22:00:00,2026-02-25 16:00:00,0.0089,0.7443,0.98,0.6301,ВЭС,24.0,2,9.6667,4.045,1.7333,0.0,2026-02-24 22:00:00
2026-02-25 23:00:00,2026-02-25 17:00:00,0.2985,0.8232,0.9787,0.7536,ВЭС,25.0,2,10.8083,3.13,1.6833,0.0,2026-02-24 22:00:00
2026-02-26 00:00:00,2026-02-25 18:00:00,0.3364,0.8381,0.9773,0.7831,ВЭС,26.0,2,11.445,1.75,1.55,0.0,2026-02-24 22:00:00
2026-02-26 01:00:00,2026-02-25 19:00:00,0.3688,0.8182,0.9795,0.8017,ВЭС,27.0,2,11.8983,2.155,1.4833,0.0,2026-02-24 22:00:00
2026-02-26 02:00:00,2026-02-25 20:00:00,0.5588,0.9233,0.9686,0.8017,ВЭС,28.0,2,12.0017,2.29,1.3833,0.0,2026-02-24 22:00:00
2026-02-26 03:00:00,2026-02-25 21:00:00,0.5848,0.9249,0.9792,0.8017,ВЭС,29.0,2,12.0917,2.95,1.3333,0.0,2026-02-24 22:00:00
2026-02-26 04:00:00,2026-02-25 22:00:00,0.5146,0.978,0.98,0.8017,ВЭС,30.0,2,11.8933,3.365,1.3167,0.0,2026-02-24 22:00:00
2026-02-26 05:00:00,2026-02-25 23:00:00,0.3222,0.843,0.9732,0.7639,ВЭС,31.0,2,11.3483,2.47,1.2333,0.0,2026-02-24 22:00:00
2026-02-26 06:00:00,2026-02-26 00:00:00,0.2857,0.767,0.9614,0.7536,ВЭС,32.0,2,10.8833,0.39,1.2333,0.0,2026-02-24 22:00:00
2026-02-26 07:00:00,2026-02-26 01:00:00,0.0029,0.4797,0.8811,0.73,ВЭС,33.0,2,10.5083,3.385,1.45,0.0,2026-02-24 22:00:00
2026-02-26 08:00:00,2026-02-26 02:00:00,0.1132,0.6551,0.9397,0.7536,ВЭС,34.0,2,10.8617,2.21,1.5667,0.0,2026-02-24 22:00:00
2026-02-26 09:00:00,2026-02-26 03:00:00,0.1317,0.7037,0.9609,0.6898,ВЭС,35.0,2,10.405,4.715,1.45,0.0,2026-02-24 22:00:00
2026-02-26 10:00:00,2026-02-26 04:00:00,0.0,0.249,0.899,0.4212,ВЭС,36.0,2,7.8017,6.135,1.8167,0.0,2026-02-24 22:00:00
2026-02-26 11:00:00,2026-02-26 05:00:00,0.0,0.2937,0.8131,0.3567,ВЭС,37.0,2,7.1533,1.38,2.4167,0.0,2026-02-24 22:00:00
2026-02-26 12:00:00,2026-02-26 06:00:00,0.0,0.3336,0.8721,0.3567,ВЭС,38.0,2,7.02,5.0,2.5333,0.0,2026-02-24 22:00:00
2026-02-26 13:00:00,2026-02-26 07:00:00,0.0,0.3116,0.8492,0.3243,ВЭС,39.0,2,6.6367,5.945,2.1667,0.0,2026-02-24 22:00:00
2026-02-26 14:00:00,2026-02-26 08:00:00,0.0,0.4471,0.8783,0.4057,ВЭС,40.0,2,7.7,4.87,1.55,0.0,2026-02-24 22:00:00
2026-02-26 15:00:00,2026-02-26 09:00:00,0.0,0.5261,0.9185,0.4837,ВЭС,41.0,2,8.485,3.61,1.2333,0.0,2026-02-24 22:00:00
2026-02-26 16:00:00,2026-02-26 10:00:00,0.1458,0.63,0.9605,0.6898,ВЭС,42.0,3,10.3183,3.66,1.7833,0.0,2026-02-24 22:00:00
2026-02-26 17:00:00,2026-02-26 11:00:00,0.1988,0.7533,0.9755,0.7639,ВЭС,43.0,3,11.0933,3.265,0.8667,0.0,2026-02-24 22:00:00
2026-02-26 18:00:00,2026-02-26 12:00:00,0.4039,0.7088,0.98,0.7831,ВЭС,44.0,3,11.435,1.32,0.0667,1.0,2026-02-24 22:00:00
2026-02-26 19:00:00,2026-02-26 13:00:00,0.469,0.8511,0.98,0.8017,ВЭС,45.0,3,11.9367,1.63,-0.4833,1.0,2026-02-24 22:00:00
2026-02-26 20:00:00,2026-02-26 14:00:00,0.6632,0.9293,0.98,0.8511,ВЭС,46.0,3,12.5733,2.72,-0.95,1.0,2026-02-24 22:00:00
2026-02-26 21:00:00,2026-02-26 15:00:00,0.7086,0.9323,0.9792,0.8794,ВЭС,47.0,3,12.7983,1.315,-1.3833,1.0,2026-02-24 22:00:00
2026-02-26 22:00:00,2026-02-26 16:00:00,0.4488,0.8663,0.9789,0.8017,ВЭС,48.0,3,12.0667,0.92,-1.7,1.0,2026-02-24 22:00:00
2026-02-25 11:00:00,2026-02-25 05:00:00,0.0,0.0814,0.2574,0.1275,T1,1.0,1,3.8333,3.31,1.3667,0.0,2026-02-25 10:00:00
2026-02-25 12:00:00,2026-02-25 06:00:00,0.0,0.0646,0.238,0.1082,T1,2.0,1,3.2817,3.535,1.8667,0.0,2026-02-25 10:00:00
2026-02-25 13:00:00,2026-02-25 07:00:00,0.0,0.0657,0.2314,0.1,T1,3.0,1,3.0983,3.175,2.4333,0.0,2026-02-25 10:00:00
2026-02-25 14:00:00,2026-02-25 08:00:00,0.0,0.0389,0.2399,0.0835,T1,4.0,1,2.755,3.815,2.9167,0.0,2026-02-25 10:00:00
2026-02-25 15:00:00,2026-02-25 09:00:00,0.0,0.0577,0.2421,0.0741,T1,5.0,1,2.2583,4.36,2.95,0.0,2026-02-25 10:00:00
2026-02-25 16:00:00,2026-02-25 10:00:00,0.0,0.0548,0.2355,0.0771,T1,6.0,1,2.46,4.02,2.45,0.0,2026-02-25 10:00:00
2026-02-25 17:00:00,2026-02-25 11:00:00,0.0,0.0537,0.2261,0.0968,T1,7.0,1,2.9217,4.055,1.7833,0.0,2026-02-25 10:00:00
2026-02-25 18:00:00,2026-02-25 12:00:00,0.0,0.0753,0.2309,0.1082,T1,8.0,1,3.1783,4.005,1.0833,0.0,2026-02-25 10:00:00
2026-02-25 19:00:00,2026-02-25 13:00:00,0.0,0.0715,0.2541,0.1275,T1,9.0,1,3.6017,4.775,0.6667,0.0,2026-02-25 10:00:00
2026-02-25 20:00:00,2026-02-25 14:00:00,0.0,0.1028,0.3293,0.1472,T1,10.0,1,4.1883,6.215,0.4667,0.0,2026-02-25 10:00:00
2026-02-25 21:00:00,2026-02-25 15:00:00,0.0,0.1414,0.4316,0.1887,T1,11.0,1,4.93,6.985,0.3333,0.0,2026-02-25 10:00:00
2026-02-25 22:00:00,2026-02-25 16:00:00,0.0,0.191,0.5648,0.2936,T1,12.0,1,6.385,5.24,0.3833,0.0,2026-02-25 10:00:00
2026-02-25 23:00:00,2026-02-25 17:00:00,0.0,0.4438,0.927,0.4837,T1,13.0,1,8.5533,4.59,0.6167,0.0,2026-02-25 10:00:00
2026-02-26 00:00:00,2026-02-25 18:00:00,0.0213,0.7188,0.9775,0.681,T1,14.0,1,10.135,4.76,0.8333,0.0,2026-02-25 10:00:00
2026-02-26 01:00:00,2026-02-25 19:00:00,0.1843,0.7958,0.977,0.7639,T1,15.0,1,10.8833,4.495,0.8667,0.0,2026-02-25 10:00:00
2026-02-26 02:00:00,2026-02-25 20:00:00,0.2226,0.7615,0.9847,0.7639,T1,16.0,1,11.0133,4.295,0.8333,0.0,2026-02-25 10:00:00
2026-02-26 03:00:00,2026-02-25 21:00:00,0.3533,0.8668,0.99,0.7639,T1,17.0,1,11.325,2.2,0.8,0.0,2026-02-25 10:00:00
2026-02-26 04:00:00,2026-02-25 22:00:00,0.5007,0.9861,0.99,0.8017,T1,18.0,2,11.8933,3.365,1.3167,0.0,2026-02-25 10:00:00
2026-02-26 05:00:00,2026-02-25 23:00:00,0.3824,0.8475,0.977,0.7639,T1,19.0,2,11.3483,2.47,1.2333,0.0,2026-02-25 10:00:00
2026-02-26 06:00:00,2026-02-26 00:00:00,0.3114,0.7734,0.9621,0.7536,T1,20.0,2,10.8833,0.39,1.2333,0.0,2026-02-25 10:00:00
2026-02-26 07:00:00,2026-02-26 01:00:00,0.0058,0.4802,0.8832,0.73,T1,21.0,2,10.5083,3.385,1.45,0.0,2026-02-25 10:00:00
2026-02-26 08:00:00,2026-02-26 02:00:00,0.1374,0.6529,0.9418,0.7536,T1,22.0,2,10.8617,2.21,1.5667,0.0,2026-02-25 10:00:00
2026-02-26 09:00:00,2026-02-26 03:00:00,0.1815,0.7046,0.9647,0.6898,T1,23.0,2,10.405,4.715,1.45,0.0,2026-02-25 10:00:00
2026-02-26 10:00:00,2026-02-26 04:00:00,0.0,0.2492,0.8994,0.4212,T1,24.0,2,7.8017,6.135,1.8167,0.0,2026-02-25 10:00:00
2026-02-26 11:00:00,2026-02-26 05:00:00,0.0,0.2939,0.8131,0.3567,T1,25.0,2,7.1533,1.38,2.4167,0.0,2026-02-25 10:00:00
2026-02-26 12:00:00,2026-02-26 06:00:00,0.0,0.3343,0.8723,0.3567,T1,26.0,2,7.02,5.0,2.5333,0.0,2026-02-25 10:00:00
2026-02-26 13:00:00,2026-02-26 07:00:00,0.0,0.3129,0.8498,0.3243,T1,27.0,2,6.6367,5.945,2.1667,0.0,2026-02-25 10:00:00
2026-02-26 14:00:00,2026-02-26 08:00:00,0.0,0.4471,0.8786,0.4057,T1,28.0,2,7.7,4.87,1.55,0.0,2026-02-25 10:00:00
2026-02-26 15:00:00,2026-02-26 09:00:00,0.0,0.5259,0.919,0.4837,T1,29.0,2,8.485,3.61,1.2333,0.0,2026-02-25 10:00:00
2026-02-26 16:00:00,2026-02-26 10:00:00,0.0,0.5194,0.8784,0.4837,T1,30.0,2,8.56,1.83,0.8667,0.0,2026-02-25 10:00:00
2026-02-26 17:00:00,2026-02-26 11:00:00,0.0,0.4975,0.8794,0.4837,T1,31.0,2,8.4467,1.345,0.55,1.0,2026-02-25 10:00:00
2026-02-26 18:00:00,2026-02-26 12:00:00,0.0043,0.5532,0.931,0.4837,T1,32.0,2,8.5467,2.265,0.7,1.0,2026-02-25 10:00:00
2026-02-26 19:00:00,2026-02-26 13:00:00,0.0,0.6163,0.9381,0.519,T1,33.0,2,8.6683,3.535,0.8833,1.0,2026-02-25 10:00:00
2026-02-26 20:00:00,2026-02-26 14:00:00,0.4188,0.7178,0.9685,0.6898,T1,34.0,2,10.1967,1.48,0.95,1.0,2026-02-25 10:00:00
2026-02-26 21:00:00,2026-02-26 15:00:00,0.4172,0.9189,0.99,0.8017,T1,35.0,2,11.65,1.455,1.1,1.0,2026-02-25 10:00:00
2026-02-26 22:00:00,2026-02-26 16:00:00,0.3867,0.9234,0.988,0.7831,T1,36.0,2,11.5383,2.21,1.1667,1.0,2026-02-25 10:00:00
2026-02-26 23:00:00,2026-02-26 17:00:00,0.374,0.903,0.9865,0.7831,T1,37.0,2,11.4733,3.29,0.5833,1.0,2026-02-25 10:00:00
2026-02-27 00:00:00,2026-02-26 18:00:00,0.3106,0.9111,0.9881,0.8017,T1,38.0,2,11.8033,4.565,-0.05,1.0,2026-02-25 10:00:00
2026-02-27 01:00:00,2026-02-26 19:00:00,0.4063,0.9091,0.9884,0.8017,T1,39.0,2,11.8783,4.03,-0.2833,1.0,2026-02-25 10:00:00
2026-02-27 02:00:00,2026-02-26 20:00:00,0.4366,0.9351,0.9858,0.8017,T1,40.0,2,11.8667,2.865,-0.6167,1.0,2026-02-25 10:00:00
2026-02-27 03:00:00,2026-02-26 21:00:00,0.486,0.93,0.9868,0.8017,T1,41.0,2,11.7017,1.74,-0.9,1.0,2026-02-25 10:00:00
2026-02-27 04:00:00,2026-02-26 22:00:00,0.1014,0.7087,0.9815,0.681,T1,42.0,3,10.03,1.76,-0.5167,1.0,2026-02-25 10:00:00
2026-02-27 05:00:00,2026-02-26 23:00:00,0.0537,0.6554,0.9749,0.6301,T1,43.0,3,9.64,2.21,0.0,1.0,2026-02-25 10:00:00
2026-02-27 06:00:00,2026-02-27 00:00:00,0.0612,0.6377,0.9667,0.6301,T1,44.0,3,9.5283,2.72,0.2667,1.0,2026-02-25 10:00:00
2026-02-27 07:00:00,2026-02-27 01:00:00,0.1315,0.7151,0.9895,0.681,T1,45.0,3,10.0333,3.08,-0.0667,1.0,2026-02-25 10:00:00
2026-02-27 08:00:00,2026-02-27 02:00:00,0.1511,0.7293,0.9887,0.6898,T1,46.0,3,10.2233,3.11,-0.5667,1.0,2026-02-25 10:00:00
2026-02-27 09:00:00,2026-02-27 03:00:00,0.0694,0.7208,0.9729,0.681,T1,47.0,3,10.01,3.05,-1.0833,1.0,2026-02-25 10:00:00
2026-02-27 10:00:00,2026-02-27 04:00:00,0.0,0.6418,0.9685,0.6301,T1,48.0,3,9.6217,2.635,-1.45,1.0,2026-02-25 10:00:00
2026-02-25 11:00:00,2026-02-25 05:00:00,0.0,0.0671,0.2575,0.1275,T2,1.0,1,3.8333,3.31,1.3667,0.0,2026-02-25 10:00:00
2026-02-25 12:00:00,2026-02-25 06:00:00,0.0,0.0506,0.2381,0.1082,T2,2.0,1,3.2817,3.535,1.8667,0.0,2026-02-25 10:00:00
2026-02-25 13:00:00,2026-02-25 07:00:00,0.0,0.0538,0.2315,0.1,T2,3.0,1,3.0983,3.175,2.4333,0.0,2026-02-25 10:00:00
2026-02-25 14:00:00,2026-02-25 08:00:00,0.0022,0.0268,0.24,0.0835,T2,4.0,1,2.755,3.815,2.9167,0.0,2026-02-25 10:00:00
2026-02-25 15:00:00,2026-02-25 09:00:00,0.0,0.0497,0.2421,0.0741,T2,5.0,1,2.2583,4.36,2.95,0.0,2026-02-25 10:00:00
2026-02-25 16:00:00,2026-02-25 10:00:00,0.0,0.0507,0.2355,0.0771,T2,6.0,1,2.46,4.02,2.45,0.0,2026-02-25 10:00:00
2026-02-25 17:00:00,2026-02-25 11:00:00,0.0,0.0482,0.2262,0.0968,T2,7.0,1,2.9217,4.055,1.7833,0.0,2026-02-25 10:00:00
2026-02-25 18:00:00,2026-02-25 12:00:00,0.0,0.0693,0.2309,0.1082,T2,8.0,1,3.1783,4.005,1.0833,0.0,2026-02-25 10:00:00
2026-02-25 19:00:00,2026-02-25 13:00:00,0.0,0.0675,0.2541,0.1275,T2,9.0,1,3.6017,4.775,0.6667,0.0,2026-02-25 10:00:00
2026-02-25 20:00:00,2026-02-25 14:00:00,0.0,0.0971,0.3293,0.1472,T2,10.0,1,4.1883,6.215,0.4667,0.0,2026-02-25 10:00:00
2026-02-25 21:00:00,2026-02-25 15:00:00,0.0,0.1326,0.4316,0.1887,T2,11.0,1,4.93,6.985,0.3333,0.0,2026-02-25 10:00:00
2026-02-25 22:00:00,2026-02-25 16:00:00,0.0,0.1779,0.5649,0.2936,T2,12.0,1,6.385,5.24,0.3833,0.0,2026-02-25 10:00:00
2026-02-25 23:00:00,2026-02-25 17:00:00,0.0,0.4297,0.9245,0.4837,T2,13.0,1,8.5533,4.59,0.6167,0.0,2026-02-25 10:00:00
2026-02-26 00:00:00,2026-02-25 18:00:00,0.0411,0.7026,0.97,0.681,T2,14.0,1,10.135,4.76,0.8333,0.0,2026-02-25 10:00:00
2026-02-26 01:00:00,2026-02-25 19:00:00,0.1977,0.7798,0.97,0.7639,T2,15.0,1,10.8833,4.495,0.8667,0.0,2026-02-25 10:00:00
2026-02-26 02:00:00,2026-02-25 20:00:00,0.196,0.7526,0.97,0.7639,T2,16.0,1,11.0133,4.295,0.8333,0.0,2026-02-25 10:00:00
2026-02-26 03:00:00,2026-02-25 21:00:00,0.3571,0.8655,0.97,0.7639,T2,17.0,1,11.325,2.2,0.8,0.0,2026-02-25 10:00:00
2026-02-26 04:00:00,2026-02-25 22:00:00,0.5285,0.97,0.97,0.8017,T2,18.0,2,11.8933,3.365,1.3167,0.0,2026-02-25 10:00:00
2026-02-26 05:00:00,2026-02-25 23:00:00,0.262,0.8385,0.9695,0.7639,T2,19.0,2,11.3483,2.47,1.2333,0.0,2026-02-25 10:00:00
2026-02-26 06:00:00,2026-02-26 00:00:00,0.26,0.7607,0.9607,0.7536,T2,20.0,2,10.8833,0.39,1.2333,0.0,2026-02-25 10:00:00
2026-02-26 07:00:00,2026-02-26 01:00:00,0.0,0.4792,0.8789,0.73,T2,21.0,2,10.5083,3.385,1.45,0.0,2026-02-25 10:00:00
2026-02-26 08:00:00,2026-02-26 02:00:00,0.0891,0.6572,0.9375,0.7536,T2,22.0,2,10.8617,2.21,1.5667,0.0,2026-02-25 10:00:00
2026-02-26 09:00:00,2026-02-26 03:00:00,0.0819,0.7027,0.9571,0.6898,T2,23.0,2,10.405,4.715,1.45,0.0,2026-02-25 10:00:00
2026-02-26 10:00:00,2026-02-26 04:00:00,0.0,0.2488,0.8986,0.4212,T2,24.0,2,7.8017,6.135,1.8167,0.0,2026-02-25 10:00:00
2026-02-26 11:00:00,2026-02-26 05:00:00,0.0,0.2936,0.8131,0.3567,T2,25.0,2,7.1533,1.38,2.4167,0.0,2026-02-25 10:00:00
2026-02-26 12:00:00,2026-02-26 06:00:00,0.0,0.3329,0.8718,0.3567,T2,26.0,2,7.02,5.0,2.5333,0.0,2026-02-25 10:00:00
2026-02-26 13:00:00,2026-02-26 07:00:00,0.0,0.3104,0.8485,0.3243,T2,27.0,2,6.6367,5.945,2.1667,0.0,2026-02-25 10:00:00
2026-02-26 14:00:00,2026-02-26 08:00:00,0.0,0.4471,0.878,0.4057,T2,28.0,2,7.7,4.87,1.55,0.0,2026-02-25 10:00:00
2026-02-26 15:00:00,2026-02-26 09:00:00,0.0,0.5262,0.9179,0.4837,T2,29.0,2,8.485,3.61,1.2333,0.0,2026-02-25 10:00:00
2026-02-26 16:00:00,2026-02-26 10:00:00,0.0,0.5196,0.8773,0.4837,T2,30.0,2,8.56,1.83,0.8667,0.0,2026-02-25 10:00:00
2026-02-26 17:00:00,2026-02-26 11:00:00,0.0,0.4978,0.8784,0.4837,T2,31.0,2,8.4467,1.345,0.55,1.0,2026-02-25 10:00:00
2026-02-26 18:00:00,2026-02-26 12:00:00,0.0,0.5534,0.9308,0.4837,T2,32.0,2,8.5467,2.265,0.7,1.0,2026-02-25 10:00:00
2026-02-26 19:00:00,2026-02-26 13:00:00,0.0,0.6163,0.9375,0.519,T2,33.0,2,8.6683,3.535,0.8833,1.0,2026-02-25 10:00:00
2026-02-26 20:00:00,2026-02-26 14:00:00,0.3143,0.7176,0.9657,0.6898,T2,34.0,2,10.1967,1.48,0.95,1.0,2026-02-25 10:00:00
2026-02-26 21:00:00,2026-02-26 15:00:00,0.4327,0.9179,0.97,0.8017,T2,35.0,2,11.65,1.455,1.1,1.0,2026-02-25 10:00:00
2026-02-26 22:00:00,2026-02-26 16:00:00,0.3346,0.9217,0.97,0.7831,T2,36.0,2,11.5383,2.21,1.1667,1.0,2026-02-25 10:00:00
2026-02-26 23:00:00,2026-02-26 17:00:00,0.3206,0.9014,0.97,0.7831,T2,37.0,2,11.4733,3.29,0.5833,1.0,2026-02-25 10:00:00
2026-02-27 00:00:00,2026-02-26 18:00:00,0.2958,0.9128,0.97,0.8017,T2,38.0,2,11.8033,4.565,-0.05,1.0,2026-02-25 10:00:00
2026-02-27 01:00:00,2026-02-26 19:00:00,0.3007,0.9107,0.97,0.8017,T2,39.0,2,11.8783,4.03,-0.2833,1.0,2026-02-25 10:00:00
2026-02-27 02:00:00,2026-02-26 20:00:00,0.3646,0.9263,0.97,0.8017,T2,40.0,2,11.8667,2.865,-0.6167,1.0,2026-02-25 10:00:00
2026-02-27 03:00:00,2026-02-26 21:00:00,0.4178,0.9287,0.97,0.8017,T2,41.0,2,11.7017,1.74,-0.9,1.0,2026-02-25 10:00:00
2026-02-27 04:00:00,2026-02-26 22:00:00,0.2177,0.7106,0.97,0.681,T2,42.0,3,10.03,1.76,-0.5167,1.0,2026-02-25 10:00:00
2026-02-27 05:00:00,2026-02-26 23:00:00,0.1288,0.6607,0.97,0.6301,T2,43.0,3,9.64,2.21,0.0,1.0,2026-02-25 10:00:00
2026-02-27 06:00:00,2026-02-27 00:00:00,0.0638,0.643,0.9648,0.6301,T2,44.0,3,9.5283,2.72,0.2667,1.0,2026-02-25 10:00:00
2026-02-27 07:00:00,2026-02-27 01:00:00,0.171,0.7204,0.97,0.681,T2,45.0,3,10.0333,3.08,-0.0667,1.0,2026-02-25 10:00:00
2026-02-27 08:00:00,2026-02-27 02:00:00,0.1758,0.7346,0.97,0.6898,T2,46.0,3,10.2233,3.11,-0.5667,1.0,2026-02-25 10:00:00
2026-02-27 09:00:00,2026-02-27 03:00:00,0.0865,0.7231,0.9685,0.681,T2,47.0,3,10.01,3.05,-1.0833,1.0,2026-02-25 10:00:00
2026-02-27 10:00:00,2026-02-27 04:00:00,0.0828,0.6412,0.9645,0.6301,T2,48.0,3,9.6217,2.635,-1.45,1.0,2026-02-25 10:00:00
2026-02-25 11:00:00,2026-02-25 05:00:00,0.0,0.0743,0.2574,0.1275,ВЭС,1.0,1,3.8333,3.31,1.3667,0.0,2026-02-25 10:00:00
2026-02-25 12:00:00,2026-02-25 06:00:00,0.0,0.0576,0.238,0.1082,ВЭС,2.0,1,3.2817,3.535,1.8667,0.0,2026-02-25 10:00:00
2026-02-25 13:00:00,2026-02-25 07:00:00,0.0,0.0597,0.2314,0.1,ВЭС,3.0,1,3.0983,3.175,2.4333,0.0,2026-02-25 10:00:00
2026-02-25 14:00:00,2026-02-25 08:00:00,0.0011,0.0329,0.2399,0.0835,ВЭС,4.0,1,2.755,3.815,2.9167,0.0,2026-02-25 10:00:00
2026-02-25 15:00:00,2026-02-25 09:00:00,0.0,0.0537,0.2421,0.0741,ВЭС,5.0,1,2.2583,4.36,2.95,0.0,2026-02-25 10:00:00
2026-02-25 16:00:00,2026-02-25 10:00:00,0.0,0.0528,0.2355,0.0771,ВЭС,6.0,1,2.46,4.02,2.45,0.0,2026-02-25 10:00:00
2026-02-25 17:00:00,2026-02-25 11:00:00,0.0,0.0509,0.2262,0.0968,ВЭС,7.0,1,2.9217,4.055,1.7833,0.0,2026-02-25 10:00:00
2026-02-25 18:00:00,2026-02-25 12:00:00,0.0,0.0723,0.2309,0.1082,ВЭС,8.0,1,3.1783,4.005,1.0833,0.0,2026-02-25 10:00:00
2026-02-25 19:00:00,2026-02-25 13:00:00,0.0,0.0695,0.2541,0.1275,ВЭС,9.0,1,3.6017,4.775,0.6667,0.0,2026-02-25 10:00:00
2026-02-25 20:00:00,2026-02-25 14:00:00,0.0,0.0999,0.3293,0.1472,ВЭС,10.0,1,4.1883,6.215,0.4667,0.0,2026-02-25 10:00:00
2026-02-25 21:00:00,2026-02-25 15:00:00,0.0,0.137,0.4316,0.1887,ВЭС,11.0,1,4.93,6.985,0.3333,0.0,2026-02-25 10:00:00
2026-02-25 22:00:00,2026-02-25 16:00:00,0.0,0.1844,0.5649,0.2936,ВЭС,12.0,1,6.385,5.24,0.3833,0.0,2026-02-25 10:00:00
2026-02-25 23:00:00,2026-02-25 17:00:00,0.0,0.4368,0.9257,0.4837,ВЭС,13.0,1,8.5533,4.59,0.6167,0.0,2026-02-25 10:00:00
2026-02-26 00:00:00,2026-02-25 18:00:00,0.0312,0.7107,0.9737,0.681,ВЭС,14.0,1,10.135,4.76,0.8333,0.0,2026-02-25 10:00:00
2026-02-26 01:00:00,2026-02-25 19:00:00,0.191,0.7878,0.9735,0.7639,ВЭС,15.0,1,10.8833,4.495,0.8667,0.0,2026-02-25 10:00:00
2026-02-26 02:00:00,2026-02-25 20:00:00,0.2093,0.7571,0.9773,0.7639,ВЭС,16.0,1,11.0133,4.295,0.8333,0.0,2026-02-25 10:00:00
2026-02-26 03:00:00,2026-02-25 21:00:00,0.3552,0.8661,0.98,0.7639,ВЭС,17.0,1,11.325,2.2,0.8,0.0,2026-02-25 10:00:00
2026-02-26 04:00:00,2026-02-25 22:00:00,0.5146,0.978,0.98,0.8017,ВЭС,18.0,2,11.8933,3.365,1.3167,0.0,2026-02-25 10:00:00
2026-02-26 05:00:00,2026-02-25 23:00:00,0.3222,0.843,0.9732,0.7639,ВЭС,19.0,2,11.3483,2.47,1.2333,0.0,2026-02-25 10:00:00
2026-02-26 06:00:00,2026-02-26 00:00:00,0.2857,0.767,0.9614,0.7536,ВЭС,20.0,2,10.8833,0.39,1.2333,0.0,2026-02-25 10:00:00
2026-02-26 07:00:00,2026-02-26 01:00:00,0.0029,0.4797,0.8811,0.73,ВЭС,21.0,2,10.5083,3.385,1.45,0.0,2026-02-25 10:00:00
2026-02-26 08:00:00,2026-02-26 02:00:00,0.1132,0.6551,0.9397,0.7536,ВЭС,22.0,2,10.8617,2.21,1.5667,0.0,2026-02-25 10:00:00
2026-02-26 09:00:00,2026-02-26 03:00:00,0.1317,0.7037,0.9609,0.6898,ВЭС,23.0,2,10.405,4.715,1.45,0.0,2026-02-25 10:00:00
2026-02-26 10:00:00,2026-02-26 04:00:00,0.0,0.249,0.899,0.4212,ВЭС,24.0,2,7.8017,6.135,1.8167,0.0,2026-02-25 10:00:00
2026-02-26 11:00:00,2026-02-26 05:00:00,0.0,0.2937,0.8131,0.3567,ВЭС,25.0,2,7.1533,1.38,2.4167,0.0,2026-02-25 10:00:00
2026-02-26 12:00:00,2026-02-26 06:00:00,0.0,0.3336,0.8721,0.3567,ВЭС,26.0,2,7.02,5.0,2.5333,0.0,2026-02-25 10:00:00
2026-02-26 13:00:00,2026-02-26 07:00:00,0.0,0.3116,0.8492,0.3243,ВЭС,27.0,2,6.6367,5.945,2.1667,0.0,2026-02-25 10:00:00
2026-02-26 14:00:00,2026-02-26 08:00:00,0.0,0.4471,0.8783,0.4057,ВЭС,28.0,2,7.7,4.87,1.55,0.0,2026-02-25 10:00:00
2026-02-26 15:00:00,2026-02-26 09:00:00,0.0,0.5261,0.9185,0.4837,ВЭС,29.0,2,8.485,3.61,1.2333,0.0,2026-02-25 10:00:00
2026-02-26 16:00:00,2026-02-26 10:00:00,0.0,0.5195,0.8779,0.4837,ВЭС,30.0,2,8.56,1.83,0.8667,0.0,2026-02-25 10:00:00
2026-02-26 17:00:00,2026-02-26 11:00:00,0.0,0.4977,0.8789,0.4837,ВЭС,31.0,2,8.4467,1.345,0.55,1.0,2026-02-25 10:00:00
2026-02-26 18:00:00,2026-02-26 12:00:00,0.0022,0.5533,0.9309,0.4837,ВЭС,32.0,2,8.5467,2.265,0.7,1.0,2026-02-25 10:00:00
2026-02-26 19:00:00,2026-02-26 13:00:00,0.0,0.6163,0.9378,0.519,ВЭС,33.0,2,8.6683,3.535,0.8833,1.0,2026-02-25 10:00:00
2026-02-26 20:00:00,2026-02-26 14:00:00,0.3666,0.7177,0.9671,0.6898,ВЭС,34.0,2,10.1967,1.48,0.95,1.0,2026-02-25 10:00:00
2026-02-26 21:00:00,2026-02-26 15:00:00,0.425,0.9184,0.98,0.8017,ВЭС,35.0,2,11.65,1.455,1.1,1.0,2026-02-25 10:00:00
2026-02-26 22:00:00,2026-02-26 16:00:00,0.3607,0.9225,0.979,0.7831,ВЭС,36.0,2,11.5383,2.21,1.1667,1.0,2026-02-25 10:00:00
2026-02-26 23:00:00,2026-02-26 17:00:00,0.3473,0.9022,0.9783,0.7831,ВЭС,37.0,2,11.4733,3.29,0.5833,1.0,2026-02-25 10:00:00
2026-02-27 00:00:00,2026-02-26 18:00:00,0.3032,0.912,0.9791,0.8017,ВЭС,38.0,2,11.8033,4.565,-0.05,1.0,2026-02-25 10:00:00
2026-02-27 01:00:00,2026-02-26 19:00:00,0.3535,0.9099,0.9792,0.8017,ВЭС,39.0,2,11.8783,4.03,-0.2833,1.0,2026-02-25 10:00:00
2026-02-27 02:00:00,2026-02-26 20:00:00,0.4006,0.9307,0.9779,0.8017,ВЭС,40.0,2,11.8667,2.865,-0.6167,1.0,2026-02-25 10:00:00
2026-02-27 03:00:00,2026-02-26 21:00:00,0.4519,0.9294,0.9784,0.8017,ВЭС,41.0,2,11.7017,1.74,-0.9,1.0,2026-02-25 10:00:00
2026-02-27 04:00:00,2026-02-26 22:00:00,0.1595,0.7096,0.9757,0.681,ВЭС,42.0,3,10.03,1.76,-0.5167,1.0,2026-02-25 10:00:00
2026-02-27 05:00:00,2026-02-26 23:00:00,0.0912,0.6581,0.9724,0.6301,ВЭС,43.0,3,9.64,2.21,0.0,1.0,2026-02-25 10:00:00
2026-02-27 06:00:00,2026-02-27 00:00:00,0.0625,0.6404,0.9658,0.6301,ВЭС,44.0,3,9.5283,2.72,0.2667,1.0,2026-02-25 10:00:00
2026-02-27 07:00:00,2026-02-27 01:00:00,0.1512,0.7178,0.9797,0.681,ВЭС,45.0,3,10.0333,3.08,-0.0667,1.0,2026-02-25 10:00:00
2026-02-27 08:00:00,2026-02-27 02:00:00,0.1634,0.732,0.9794,0.6898,ВЭС,46.0,3,10.2233,3.11,-0.5667,1.0,2026-02-25 10:00:00
2026-02-27 09:00:00,2026-02-27 03:00:00,0.0779,0.7219,0.9707,0.681,ВЭС,47.0,3,10.01,3.05,-1.0833,1.0,2026-02-25 10:00:00
2026-02-27 10:00:00,2026-02-27 04:00:00,0.0414,0.6415,0.9665,0.6301,ВЭС,48.0,3,9.6217,2.635,-1.45,1.0,2026-02-25 10:00:00
2026-02-25 23:00:00,2026-02-25 17:00:00,0.0,0.4438,0.927,0.4837,T1,1.0,1,8.5533,4.59,0.6167,0.0,2026-02-25 22:00:00
2026-02-26 00:00:00,2026-02-25 18:00:00,0.0213,0.7188,0.9775,0.681,T1,2.0,1,10.135,4.76,0.8333,0.0,2026-02-25 22:00:00
2026-02-26 01:00:00,2026-02-25 19:00:00,0.1843,0.7958,0.977,0.7639,T1,3.0,1,10.8833,4.495,0.8667,0.0,2026-02-25 22:00:00
2026-02-26 02:00:00,2026-02-25 20:00:00,0.2226,0.7615,0.9847,0.7639,T1,4.0,1,11.0133,4.295,0.8333,0.0,2026-02-25 22:00:00
2026-02-26 03:00:00,2026-02-25 21:00:00,0.3533,0.8668,0.99,0.7639,T1,5.0,1,11.325,2.2,0.8,0.0,2026-02-25 22:00:00
2026-02-26 04:00:00,2026-02-25 22:00:00,0.5432,0.9105,0.99,0.7831,T1,6.0,1,11.505,0.715,0.6833,0.0,2026-02-25 22:00:00
2026-02-26 05:00:00,2026-02-25 23:00:00,0.4316,0.8935,0.99,0.7831,T1,7.0,1,11.485,1.32,0.5333,0.0,2026-02-25 22:00:00
2026-02-26 06:00:00,2026-02-26 00:00:00,0.3067,0.7259,0.9733,0.7831,T1,8.0,1,11.575,2.175,0.5833,0.0,2026-02-25 22:00:00
2026-02-26 07:00:00,2026-02-26 01:00:00,0.2313,0.6632,0.9485,0.7639,T1,9.0,1,11.16,1.875,0.75,0.0,2026-02-25 22:00:00
2026-02-26 08:00:00,2026-02-26 02:00:00,0.0,0.5563,0.9012,0.6301,T1,10.0,1,9.5533,1.055,1.1333,0.0,2026-02-25 22:00:00
2026-02-26 09:00:00,2026-02-26 03:00:00,0.0,0.1624,0.6627,0.2753,T1,11.0,1,6.2483,2.975,2.0333,0.0,2026-02-25 22:00:00
2026-02-26 10:00:00,2026-02-26 04:00:00,0.0,0.123,0.6255,0.2347,T1,12.0,1,5.58,3.66,2.7667,0.0,2026-02-25 22:00:00
2026-02-26 11:00:00,2026-02-26 05:00:00,0.0,0.3733,0.8685,0.3567,T1,13.0,1,7.18,8.05,2.9667,0.0,2026-02-25 22:00:00
2026-02-26 12:00:00,2026-02-26 06:00:00,0.0,0.425,0.9051,0.4212,T1,14.0,1,7.8267,5.055,2.85,0.0,2026-02-25 22:00:00
2026-02-26 13:00:00,2026-02-26 07:00:00,0.0,0.5016,0.8823,0.4309,T1,15.0,1,8.1067,0.925,2.3667,0.0,2026-02-25 22:00:00
2026-02-26 14:00:00,2026-02-26 08:00:00,0.0,0.4023,0.8117,0.4253,T1,16.0,1,7.9267,1.945,1.5167,0.0,2026-02-25 22:00:00
2026-02-26 15:00:00,2026-02-26 09:00:00,0.0,0.4276,0.7743,0.4253,T1,17.0,1,7.97,1.28,0.55,0.0,2026-02-25 22:00:00
2026-02-26 16:00:00,2026-02-26 10:00:00,0.0,0.5194,0.8784,0.4837,T1,18.0,2,8.56,1.83,0.8667,0.0,2026-02-25 22:00:00
2026-02-26 17:00:00,2026-02-26 11:00:00,0.0,0.4975,0.8794,0.4837,T1,19.0,2,8.4467,1.345,0.55,1.0,2026-02-25 22:00:00
2026-02-26 18:00:00,2026-02-26 12:00:00,0.0043,0.5532,0.931,0.4837,T1,20.0,2,8.5467,2.265,0.7,1.0,2026-02-25 22:00:00
2026-02-26 19:00:00,2026-02-26 13:00:00,0.0,0.6163,0.9381,0.519,T1,21.0,2,8.6683,3.535,0.8833,1.0,2026-02-25 22:00:00
2026-02-26 20:00:00,2026-02-26 14:00:00,0.4188,0.7178,0.9685,0.6898,T1,22.0,2,10.1967,1.48,0.95,1.0,2026-02-25 22:00:00
2026-02-26 21:00:00,2026-02-26 15:00:00,0.4172,0.9189,0.99,0.8017,T1,23.0,2,11.65,1.455,1.1,1.0,2026-02-25 22:00:00
2026-02-26 22:00:00,2026-02-26 16:00:00,0.3867,0.9234,0.988,0.7831,T1,24.0,2,11.5383,2.21,1.1667,1.0,2026-02-25 22:00:00
2026-02-26 23:00:00,2026-02-26 17:00:00,0.374,0.903,0.9865,0.7831,T1,25.0,2,11.4733,3.29,0.5833,1.0,2026-02-25 22:00:00
2026-02-27 00:00:00,2026-02-26 18:00:00,0.3106,0.9111,0.9881,0.8017,T1,26.0,2,11.8033,4.565,-0.05,1.0,2026-02-25 22:00:00
2026-02-27 01:00:00,2026-02-26 19:00:00,0.4063,0.9091,0.9884,0.8017,T1,27.0,2,11.8783,4.03,-0.2833,1.0,2026-02-25 22:00:00
2026-02-27 02:00:00,2026-02-26 20:00:00,0.4366,0.9351,0.9858,0.8017,T1,28.0,2,11.8667,2.865,-0.6167,1.0,2026-02-25 22:00:00
2026-02-27 03:00:00,2026-02-26 21:00:00,0.486,0.93,0.9868,0.8017,T1,29.0,2,11.7017,1.74,-0.9,1.0,2026-02-25 22:00:00
2026-02-27 04:00:00,2026-02-26 22:00:00,0.447,0.8779,0.99,0.7639,T1,30.0,2,10.88,1.65,-0.95,1.0,2026-02-25 22:00:00
2026-02-27 05:00:00,2026-02-26 23:00:00,0.2721,0.7796,0.9829,0.6794,T1,31.0,2,9.8983,1.85,-0.8667,1.0,2026-02-25 22:00:00
2026-02-27 06:00:00,2026-02-27 00:00:00,0.0915,0.649,0.9659,0.5417,T1,32.0,2,9.065,2.46,-0.75,1.0,2026-02-25 22:00:00
2026-02-27 07:00:00,2026-02-27 01:00:00,0.0,0.5084,0.9041,0.4601,T1,33.0,2,8.375,3.715,-0.7167,1.0,2026-02-25 22:00:00
2026-02-27 08:00:00,2026-02-27 02:00:00,0.0,0.4124,0.8685,0.4309,T1,34.0,2,8.0267,3.78,-0.6,1.0,2026-02-25 22:00:00
2026-02-27 09:00:00,2026-02-27 03:00:00,0.0,0.3193,0.828,0.3725,T1,35.0,2,7.4033,2.99,-0.25,0.0,2026-02-25 22:00:00
2026-02-27 10:00:00,2026-02-27 04:00:00,0.0,0.2099,0.7343,0.3243,T1,36.0,2,6.555,1.8,0.3333,0.0,2026-02-25 22:00:00
2026-02-27 11:00:00,2026-02-27 05:00:00,0.0,0.2133,0.6552,0.2936,T1,37.0,2,6.3433,2.14,0.5833,0.0,2026-02-25 22:00:00
2026-02-27 12:00:00,2026-02-27 06:00:00,0.0,0.2926,0.7412,0.3379,T1,38.0,2,6.9333,3.545,0.5333,0.0,2026-02-25 22:00:00
2026-02-27 13:00:00,2026-02-27 07:00:00,0.0,0.3824,0.859,0.4309,T1,39.0,2,8.0233,4.355,0.5667,0.0,2026-02-25 22:00:00
2026-02-27 14:00:00,2026-02-27 08:00:00,0.0,0.451,0.9642,0.5709,T1,40.0,2,9.2683,4.67,0.3667,0.0,2026-02-25 22:00:00
2026-02-27 15:00:00,2026-02-27 09:00:00,0.1304,0.499,0.9676,0.6898,T1,41.0,2,10.3433,4.585,-0.1333,0.0,2026-02-25 22:00:00
2026-02-27 16:00:00,2026-02-27 10:00:00,0.1932,0.7793,0.9739,0.8297,T1,42.0,3,12.4133,5.365,-3.4,0.0,2026-02-25 22:00:00
2026-02-27 17:00:00,2026-02-27 11:00:00,0.5521,0.8644,0.9774,0.872,T1,43.0,3,12.6367,3.815,-4.1167,0.0,2026-02-25 22:00:00
2026-02-27 18:00:00,2026-02-27 12:00:00,0.6814,0.8733,0.983,0.872,T1,44.0,3,12.6,2.715,-4.8833,0.0,2026-02-25 22:00:00
2026-02-27 19:00:00,2026-02-27 13:00:00,0.6474,0.9109,0.9887,0.8794,T1,45.0,3,12.7217,3.345,-5.7333,0.0,2026-02-25 22:00:00
2026-02-27 20:00:00,2026-02-27 14:00:00,0.5752,0.9413,0.99,0.8846,T1,46.0,3,12.9333,4.67,-6.4833,0.0,2026-02-25 22:00:00
2026-02-27 21:00:00,2026-02-27 15:00:00,0.4797,0.903,0.99,0.8846,T1,47.0,3,13.08,6.28,-7.1,0.0,2026-02-25 22:00:00
2026-02-27 22:00:00,2026-02-27 16:00:00,0.3289,0.8973,0.99,0.8846,T1,48.0,3,12.9883,8.15,-7.4,0.0,2026-02-25 22:00:00
2026-02-25 23:00:00,2026-02-25 17:00:00,0.0,0.4297,0.9245,0.4837,T2,1.0,1,8.5533,4.59,0.6167,0.0,2026-02-25 22:00:00
2026-02-26 00:00:00,2026-02-25 18:00:00,0.0411,0.7026,0.97,0.681,T2,2.0,1,10.135,4.76,0.8333,0.0,2026-02-25 22:00:00
2026-02-26 01:00:00,2026-02-25 19:00:00,0.1977,0.7798,0.97,0.7639,T2,3.0,1,10.8833,4.495,0.8667,0.0,2026-02-25 22:00:00
2026-02-26 02:00:00,2026-02-25 20:00:00,0.196,0.7526,0.97,0.7639,T2,4.0,1,11.0133,4.295,0.8333,0.0,2026-02-25 22:00:00
2026-02-26 03:00:00,2026-02-25 21:00:00,0.3571,0.8655,0.97,0.7639,T2,5.0,1,11.325,2.2,0.8,0.0,2026-02-25 22:00:00
2026-02-26 04:00:00,2026-02-25 22:00:00,0.5388,0.8977,0.97,0.7831,T2,6.0,1,11.505,0.715,0.6833,0.0,2026-02-25 22:00:00
2026-02-26 05:00:00,2026-02-25 23:00:00,0.4498,0.8807,0.97,0.7831,T2,7.0,1,11.485,1.32,0.5333,0.0,2026-02-25 22:00:00
2026-02-26 06:00:00,2026-02-26 00:00:00,0.2411,0.7122,0.9675,0.7831,T2,8.0,1,11.575,2.175,0.5833,0.0,2026-02-25 22:00:00
2026-02-26 07:00:00,2026-02-26 01:00:00,0.1816,0.6526,0.9435,0.7639,T2,9.0,1,11.16,1.875,0.75,0.0,2026-02-25 22:00:00
2026-02-26 08:00:00,2026-02-26 02:00:00,0.0,0.5428,0.9007,0.6301,T2,10.0,1,9.5533,1.055,1.1333,0.0,2026-02-25 22:00:00
2026-02-26 09:00:00,2026-02-26 03:00:00,0.0,0.1474,0.6627,0.2753,T2,11.0,1,6.2483,2.975,2.0333,0.0,2026-02-25 22:00:00
2026-02-26 10:00:00,2026-02-26 04:00:00,0.0,0.1216,0.6256,0.2347,T2,12.0,1,5.58,3.66,2.7667,0.0,2026-02-25 22:00:00
2026-02-26 11:00:00,2026-02-26 05:00:00,0.0,0.3724,0.8646,0.3567,T2,13.0,1,7.18,8.05,2.9667,0.0,2026-02-25 22:00:00
2026-02-26 12:00:00,2026-02-26 06:00:00,0.0,0.427,0.905,0.4212,T2,14.0,1,7.8267,5.055,2.85,0.0,2026-02-25 22:00:00
2026-02-26 13:00:00,2026-02-26 07:00:00,0.0,0.4914,0.8822,0.4309,T2,15.0,1,8.1067,0.925,2.3667,0.0,2026-02-25 22:00:00
2026-02-26 14:00:00,2026-02-26 08:00:00,0.0,0.4027,0.8117,0.4253,T2,16.0,1,7.9267,1.945,1.5167,0.0,2026-02-25 22:00:00
2026-02-26 15:00:00,2026-02-26 09:00:00,0.0,0.4286,0.7742,0.4253,T2,17.0,1,7.97,1.28,0.55,0.0,2026-02-25 22:00:00
2026-02-26 16:00:00,2026-02-26 10:00:00,0.0,0.5196,0.8773,0.4837,T2,18.0,2,8.56,1.83,0.8667,0.0,2026-02-25 22:00:00
2026-02-26 17:00:00,2026-02-26 11:00:00,0.0,0.4978,0.8784,0.4837,T2,19.0,2,8.4467,1.345,0.55,1.0,2026-02-25 22:00:00
2026-02-26 18:00:00,2026-02-26 12:00:00,0.0,0.5534,0.9308,0.4837,T2,20.0,2,8.5467,2.265,0.7,1.0,2026-02-25 22:00:00
2026-02-26 19:00:00,2026-02-26 13:00:00,0.0,0.6163,0.9375,0.519,T2,21.0,2,8.6683,3.535,0.8833,1.0,2026-02-25 22:00:00
2026-02-26 20:00:00,2026-02-26 14:00:00,0.3143,0.7176,0.9657,0.6898,T2,22.0,2,10.1967,1.48,0.95,1.0,2026-02-25 22:00:00
2026-02-26 21:00:00,2026-02-26 15:00:00,0.4327,0.9179,0.97,0.8017,T2,23.0,2,11.65,1.455,1.1,1.0,2026-02-25 22:00:00
2026-02-26 22:00:00,2026-02-26 16:00:00,0.3346,0.9217,0.97,0.7831,T2,24.0,2,11.5383,2.21,1.1667,1.0,2026-02-25 22:00:00
2026-02-26 23:00:00,2026-02-26 17:00:00,0.3206,0.9014,0.97,0.7831,T2,25.0,2,11.4733,3.29,0.5833,1.0,2026-02-25 22:00:00
2026-02-27 00:00:00,2026-02-26 18:00:00,0.2958,0.9128,0.97,0.8017,T2,26.0,2,11.8033,4.565,-0.05,1.0,2026-02-25 22:00:00
2026-02-27 01:00:00,2026-02-26 19:00:00,0.3007,0.9107,0.97,0.8017,T2,27.0,2,11.8783,4.03,-0.2833,1.0,2026-02-25 22:00:00
2026-02-27 02:00:00,2026-02-26 20:00:00,0.3646,0.9263,0.97,0.8017,T2,28.0,2,11.8667,2.865,-0.6167,1.0,2026-02-25 22:00:00
2026-02-27 03:00:00,2026-02-26 21:00:00,0.4178,0.9287,0.97,0.8017,T2,29.0,2,11.7017,1.74,-0.9,1.0,2026-02-25 22:00:00
2026-02-27 04:00:00,2026-02-26 22:00:00,0.366,0.877,0.97,0.7639,T2,30.0,2,10.88,1.65,-0.95,1.0,2026-02-25 22:00:00
2026-02-27 05:00:00,2026-02-26 23:00:00,0.1966,0.7819,0.97,0.6794,T2,31.0,2,9.8983,1.85,-0.8667,1.0,2026-02-25 22:00:00
2026-02-27 06:00:00,2026-02-27 00:00:00,0.0598,0.6513,0.9631,0.5417,T2,32.0,2,9.065,2.46,-0.75,1.0,2026-02-25 22:00:00
2026-02-27 07:00:00,2026-02-27 01:00:00,0.0,0.5075,0.9026,0.4601,T2,33.0,2,8.375,3.715,-0.7167,1.0,2026-02-25 22:00:00
2026-02-27 08:00:00,2026-02-27 02:00:00,0.0,0.4111,0.8692,0.4309,T2,34.0,2,8.0267,3.78,-0.6,1.0,2026-02-25 22:00:00
2026-02-27 09:00:00,2026-02-27 03:00:00,0.0,0.3181,0.828,0.3725,T2,35.0,2,7.4033,2.99,-0.25,0.0,2026-02-25 22:00:00
2026-02-27 10:00:00,2026-02-27 04:00:00,0.0,0.2088,0.7343,0.3243,T2,36.0,2,6.555,1.8,0.3333,0.0,2026-02-25 22:00:00
2026-02-27 11:00:00,2026-02-27 05:00:00,0.0,0.2175,0.6551,0.2936,T2,37.0,2,6.3433,2.14,0.5833,0.0,2026-02-25 22:00:00
2026-02-27 12:00:00,2026-02-27 06:00:00,0.0,0.2972,0.7412,0.3379,T2,38.0,2,6.9333,3.545,0.5333,0.0,2026-02-25 22:00:00
2026-02-27 13:00:00,2026-02-27 07:00:00,0.0,0.3877,0.8575,0.4309,T2,39.0,2,8.0233,4.355,0.5667,0.0,2026-02-25 22:00:00
2026-02-27 14:00:00,2026-02-27 08:00:00,0.0,0.4615,0.9569,0.5709,T2,40.0,2,9.2683,4.67,0.3667,0.0,2026-02-25 22:00:00
2026-02-27 15:00:00,2026-02-27 09:00:00,0.1743,0.5045,0.9595,0.6898,T2,41.0,2,10.3433,4.585,-0.1333,0.0,2026-02-25 22:00:00
2026-02-27 16:00:00,2026-02-27 10:00:00,0.2746,0.7741,0.9653,0.8297,T2,42.0,3,12.4133,5.365,-3.4,0.0,2026-02-25 22:00:00
2026-02-27 17:00:00,2026-02-27 11:00:00,0.4773,0.8592,0.9671,0.872,T2,43.0,3,12.6367,3.815,-4.1167,0.0,2026-02-25 22:00:00
2026-02-27 18:00:00,2026-02-27 12:00:00,0.6112,0.8705,0.97,0.872,T2,44.0,3,12.6,2.715,-4.8833,0.0,2026-02-25 22:00:00
2026-02-27 19:00:00,2026-02-27 13:00:00,0.6065,0.9075,0.97,0.8794,T2,45.0,3,12.7217,3.345,-5.7333,0.0,2026-02-25 22:00:00
2026-02-27 20:00:00,2026-02-27 14:00:00,0.516,0.9344,0.97,0.8846,T2,46.0,3,12.9333,4.67,-6.4833,0.0,2026-02-25 22:00:00
2026-02-27 21:00:00,2026-02-27 15:00:00,0.4448,0.8991,0.97,0.8846,T2,47.0,3,13.08,6.28,-7.1,0.0,2026-02-25 22:00:00
2026-02-27 22:00:00,2026-02-27 16:00:00,0.4009,0.9017,0.97,0.8846,T2,48.0,3,12.9883,8.15,-7.4,0.0,2026-02-25 22:00:00
2026-02-25 23:00:00,2026-02-25 17:00:00,0.0,0.4368,0.9257,0.4837,ВЭС,1.0,1,8.5533,4.59,0.6167,0.0,2026-02-25 22:00:00
2026-02-26 00:00:00,2026-02-25 18:00:00,0.0312,0.7107,0.9737,0.681,ВЭС,2.0,1,10.135,4.76,0.8333,0.0,2026-02-25 22:00:00
2026-02-26 01:00:00,2026-02-25 19:00:00,0.191,0.7878,0.9735,0.7639,ВЭС,3.0,1,10.8833,4.495,0.8667,0.0,2026-02-25 22:00:00
2026-02-26 02:00:00,2026-02-25 20:00:00,0.2093,0.7571,0.9773,0.7639,ВЭС,4.0,1,11.0133,4.295,0.8333,0.0,2026-02-25 22:00:00
2026-02-26 03:00:00,2026-02-25 21:00:00,0.3552,0.8661,0.98,0.7639,ВЭС,5.0,1,11.325,2.2,0.8,0.0,2026-02-25 22:00:00
2026-02-26 04:00:00,2026-02-25 22:00:00,0.541,0.9041,0.98,0.7831,ВЭС,6.0,1,11.505,0.715,0.6833,0.0,2026-02-25 22:00:00
2026-02-26 05:00:00,2026-02-25 23:00:00,0.4407,0.8871,0.98,0.7831,ВЭС,7.0,1,11.485,1.32,0.5333,0.0,2026-02-25 22:00:00
2026-02-26 06:00:00,2026-02-26 00:00:00,0.2739,0.719,0.9704,0.7831,ВЭС,8.0,1,11.575,2.175,0.5833,0.0,2026-02-25 22:00:00
2026-02-26 07:00:00,2026-02-26 01:00:00,0.2065,0.6579,0.946,0.7639,ВЭС,9.0,1,11.16,1.875,0.75,0.0,2026-02-25 22:00:00
2026-02-26 08:00:00,2026-02-26 02:00:00,0.0,0.5496,0.901,0.6301,ВЭС,10.0,1,9.5533,1.055,1.1333,0.0,2026-02-25 22:00:00
2026-02-26 09:00:00,2026-02-26 03:00:00,0.0,0.1549,0.6627,0.2753,ВЭС,11.0,1,6.2483,2.975,2.0333,0.0,2026-02-25 22:00:00
2026-02-26 10:00:00,2026-02-26 04:00:00,0.0,0.1223,0.6255,0.2347,ВЭС,12.0,1,5.58,3.66,2.7667,0.0,2026-02-25 22:00:00
2026-02-26 11:00:00,2026-02-26 05:00:00,0.0,0.3728,0.8666,0.3567,ВЭС,13.0,1,7.18,8.05,2.9667,0.0,2026-02-25 22:00:00
2026-02-26 12:00:00,2026-02-26 06:00:00,0.0,0.426,0.9051,0.4212,ВЭС,14.0,1,7.8267,5.055,2.85,0.0,2026-02-25 22:00:00
2026-02-26 13:00:00,2026-02-26 07:00:00,0.0,0.4965,0.8822,0.4309,ВЭС,15.0,1,8.1067,0.925,2.3667,0.0,2026-02-25 22:00:00
2026-02-26 14:00:00,2026-02-26 08:00:00,0.0,0.4025,0.8117,0.4253,ВЭС,16.0,1,7.9267,1.945,1.5167,0.0,2026-02-25 22:00:00
2026-02-26 15:00:00,2026-02-26 09:00:00,0.0,0.4281,0.7743,0.4253,ВЭС,17.0,1,7.97,1.28,0.55,0.0,2026-02-25 22:00:00
2026-02-26 16:00:00,2026-02-26 10:00:00,0.0,0.5195,0.8779,0.4837,ВЭС,18.0,2,8.56,1.83,0.8667,0.0,2026-02-25 22:00:00
2026-02-26 17:00:00,2026-02-26 11:00:00,0.0,0.4977,0.8789,0.4837,ВЭС,19.0,2,8.4467,1.345,0.55,1.0,2026-02-25 22:00:00
2026-02-26 18:00:00,2026-02-26 12:00:00,0.0022,0.5533,0.9309,0.4837,ВЭС,20.0,2,8.5467,2.265,0.7,1.0,2026-02-25 22:00:00
2026-02-26 19:00:00,2026-02-26 13:00:00,0.0,0.6163,0.9378,0.519,ВЭС,21.0,2,8.6683,3.535,0.8833,1.0,2026-02-25 22:00:00
2026-02-26 20:00:00,2026-02-26 14:00:00,0.3666,0.7177,0.9671,0.6898,ВЭС,22.0,2,10.1967,1.48,0.95,1.0,2026-02-25 22:00:00
2026-02-26 21:00:00,2026-02-26 15:00:00,0.425,0.9184,0.98,0.8017,ВЭС,23.0,2,11.65,1.455,1.1,1.0,2026-02-25 22:00:00
2026-02-26 22:00:00,2026-02-26 16:00:00,0.3607,0.9225,0.979,0.7831,ВЭС,24.0,2,11.5383,2.21,1.1667,1.0,2026-02-25 22:00:00
2026-02-26 23:00:00,2026-02-26 17:00:00,0.3473,0.9022,0.9783,0.7831,ВЭС,25.0,2,11.4733,3.29,0.5833,1.0,2026-02-25 22:00:00
2026-02-27 00:00:00,2026-02-26 18:00:00,0.3032,0.912,0.9791,0.8017,ВЭС,26.0,2,11.8033,4.565,-0.05,1.0,2026-02-25 22:00:00
2026-02-27 01:00:00,2026-02-26 19:00:00,0.3535,0.9099,0.9792,0.8017,ВЭС,27.0,2,11.8783,4.03,-0.2833,1.0,2026-02-25 22:00:00
2026-02-27 02:00:00,2026-02-26 20:00:00,0.4006,0.9307,0.9779,0.8017,ВЭС,28.0,2,11.8667,2.865,-0.6167,1.0,2026-02-25 22:00:00
2026-02-27 03:00:00,2026-02-26 21:00:00,0.4519,0.9294,0.9784,0.8017,ВЭС,29.0,2,11.7017,1.74,-0.9,1.0,2026-02-25 22:00:00
2026-02-27 04:00:00,2026-02-26 22:00:00,0.4065,0.8775,0.98,0.7639,ВЭС,30.0,2,10.88,1.65,-0.95,1.0,2026-02-25 22:00:00
2026-02-27 05:00:00,2026-02-26 23:00:00,0.2344,0.7808,0.9764,0.6794,ВЭС,31.0,2,9.8983,1.85,-0.8667,1.0,2026-02-25 22:00:00
2026-02-27 06:00:00,2026-02-27 00:00:00,0.0756,0.6501,0.9645,0.5417,ВЭС,32.0,2,9.065,2.46,-0.75,1.0,2026-02-25 22:00:00
2026-02-27 07:00:00,2026-02-27 01:00:00,0.0,0.508,0.9033,0.4601,ВЭС,33.0,2,8.375,3.715,-0.7167,1.0,2026-02-25 22:00:00
2026-02-27 08:00:00,2026-02-27 02:00:00,0.0,0.4118,0.8689,0.4309,ВЭС,34.0,2,8.0267,3.78,-0.6,1.0,2026-02-25 22:00:00
2026-02-27 09:00:00,2026-02-27 03:00:00,0.0,0.3187,0.828,0.3725,ВЭС,35.0,2,7.4033,2.99,-0.25,0.0,2026-02-25 22:00:00
2026-02-27 10:00:00,2026-02-27 04:00:00,0.0,0.2093,0.7343,0.3243,ВЭС,36.0,2,6.555,1.8,0.3333,0.0,2026-02-25 22:00:00
2026-02-27 11:00:00,2026-02-27 05:00:00,0.0,0.2154,0.6552,0.2936,ВЭС,37.0,2,6.3433,2.14,0.5833,0.0,2026-02-25 22:00:00
2026-02-27 12:00:00,2026-02-27 06:00:00,0.0,0.2949,0.7412,0.3379,ВЭС,38.0,2,6.9333,3.545,0.5333,0.0,2026-02-25 22:00:00
2026-02-27 13:00:00,2026-02-27 07:00:00,0.0,0.3851,0.8583,0.4309,ВЭС,39.0,2,8.0233,4.355,0.5667,0.0,2026-02-25 22:00:00
2026-02-27 14:00:00,2026-02-27 08:00:00,0.0,0.4562,0.9605,0.5709,ВЭС,40.0,2,9.2683,4.67,0.3667,0.0,2026-02-25 22:00:00
2026-02-27 15:00:00,2026-02-27 09:00:00,0.1524,0.5017,0.9636,0.6898,ВЭС,41.0,2,10.3433,4.585,-0.1333,0.0,2026-02-25 22:00:00
2026-02-27 16:00:00,2026-02-27 10:00:00,0.2339,0.7767,0.9696,0.8297,ВЭС,42.0,3,12.4133,5.365,-3.4,0.0,2026-02-25 22:00:00
2026-02-27 17:00:00,2026-02-27 11:00:00,0.5147,0.8618,0.9723,0.872,ВЭС,43.0,3,12.6367,3.815,-4.1167,0.0,2026-02-25 22:00:00
2026-02-27 18:00:00,2026-02-27 12:00:00,0.6463,0.8719,0.9765,0.872,ВЭС,44.0,3,12.6,2.715,-4.8833,0.0,2026-02-25 22:00:00
2026-02-27 19:00:00,2026-02-27 13:00:00,0.6269,0.9092,0.9794,0.8794,ВЭС,45.0,3,12.7217,3.345,-5.7333,0.0,2026-02-25 22:00:00
2026-02-27 20:00:00,2026-02-27 14:00:00,0.5456,0.9379,0.98,0.8846,ВЭС,46.0,3,12.9333,4.67,-6.4833,0.0,2026-02-25 22:00:00
2026-02-27 21:00:00,2026-02-27 15:00:00,0.4623,0.901,0.98,0.8846,ВЭС,47.0,3,13.08,6.28,-7.1,0.0,2026-02-25 22:00:00
2026-02-27 22:00:00,2026-02-27 16:00:00,0.3649,0.8995,0.98,0.8846,ВЭС,48.0,3,12.9883,8.15,-7.4,0.0,2026-02-25 22:00:00
2026-02-26 11:00:00,2026-02-26 05:00:00,0.0,0.3733,0.8685,0.3567,T1,1.0,1,7.18,8.05,2.9667,0.0,2026-02-26 10:00:00
2026-02-26 12:00:00,2026-02-26 06:00:00,0.0,0.425,0.9051,0.4212,T1,2.0,1,7.8267,5.055,2.85,0.0,2026-02-26 10:00:00
2026-02-26 13:00:00,2026-02-26 07:00:00,0.0,0.5016,0.8823,0.4309,T1,3.0,1,8.1067,0.925,2.3667,0.0,2026-02-26 10:00:00
2026-02-26 14:00:00,2026-02-26 08:00:00,0.0,0.4023,0.8117,0.4253,T1,4.0,1,7.9267,1.945,1.5167,0.0,2026-02-26 10:00:00
2026-02-26 15:00:00,2026-02-26 09:00:00,0.0,0.4276,0.7743,0.4253,T1,5.0,1,7.97,1.28,0.55,0.0,2026-02-26 10:00:00
2026-02-26 16:00:00,2026-02-26 10:00:00,0.032,0.5896,0.9124,0.5291,T1,6.0,1,8.8683,2.235,0.1833,1.0,2026-02-26 10:00:00
2026-02-26 17:00:00,2026-02-26 11:00:00,0.321,0.701,0.9691,0.6898,T1,7.0,1,10.26,3.445,0.4167,1.0,2026-02-26 10:00:00
2026-02-26 18:00:00,2026-02-26 12:00:00,0.4654,0.7754,0.9811,0.7639,T1,8.0,1,11.015,4.21,0.85,1.0,2026-02-26 10:00:00
2026-02-26 19:00:00,2026-02-26 13:00:00,0.4009,0.8616,0.9816,0.7639,T1,9.0,1,10.9883,3.525,1.2667,1.0,2026-02-26 10:00:00
2026-02-26 20:00:00,2026-02-26 14:00:00,0.4311,0.8709,0.9856,0.7536,T1,10.0,1,10.8633,1.925,1.5333,0.0,2026-02-26 10:00:00
2026-02-26 21:00:00,2026-02-26 15:00:00,0.327,0.8734,0.9754,0.7639,T1,11.0,1,11.2267,0.675,1.6,0.0,2026-02-26 10:00:00
2026-02-26 22:00:00,2026-02-26 16:00:00,0.3411,0.8974,0.99,0.7831,T1,12.0,1,11.4267,1.885,1.5667,0.0,2026-02-26 10:00:00
2026-02-26 23:00:00,2026-02-26 17:00:00,0.3516,0.8765,0.9828,0.7639,T1,13.0,1,11.36,2.82,1.6333,0.0,2026-02-26 10:00:00
2026-02-27 00:00:00,2026-02-26 18:00:00,0.3802,0.8917,0.9808,0.7639,T1,14.0,1,11.13,3.795,1.6,0.0,2026-02-26 10:00:00
2026-02-27 01:00:00,2026-02-26 19:00:00,0.2383,0.7945,0.9765,0.7338,T1,15.0,1,10.5767,3.47,1.35,1.0,2026-02-26 10:00:00
2026-02-27 02:00:00,2026-02-26 20:00:00,0.1813,0.6274,0.9519,0.6587,T1,16.0,1,9.83,2.315,1.0167,1.0,2026-02-26 10:00:00
2026-02-27 03:00:00,2026-02-26 21:00:00,0.1309,0.6126,0.9256,0.5709,T1,17.0,1,9.3167,1.695,0.7167,1.0,2026-02-26 10:00:00
2026-02-27 04:00:00,2026-02-26 22:00:00,0.447,0.8779,0.99,0.7639,T1,18.0,2,10.88,1.65,-0.95,1.0,2026-02-26 10:00:00
2026-02-27 05:00:00,2026-02-26 23:00:00,0.2721,0.7796,0.9829,0.6794,T1,19.0,2,9.8983,1.85,-0.8667,1.0,2026-02-26 10:00:00
2026-02-27 06:00:00,2026-02-27 00:00:00,0.0915,0.649,0.9659,0.5417,T1,20.0,2,9.065,2.46,-0.75,1.0,2026-02-26 10:00:00
2026-02-27 07:00:00,2026-02-27 01:00:00,0.0,0.5084,0.9041,0.4601,T1,21.0,2,8.375,3.715,-0.7167,1.0,2026-02-26 10:00:00
2026-02-27 08:00:00,2026-02-27 02:00:00,0.0,0.4124,0.8685,0.4309,T1,22.0,2,8.0267,3.78,-0.6,1.0,2026-02-26 10:00:00
2026-02-27 09:00:00,2026-02-27 03:00:00,0.0,0.3193,0.828,0.3725,T1,23.0,2,7.4033,2.99,-0.25,0.0,2026-02-26 10:00:00
2026-02-27 10:00:00,2026-02-27 04:00:00,0.0,0.2099,0.7343,0.3243,T1,24.0,2,6.555,1.8,0.3333,0.0,2026-02-26 10:00:00
2026-02-27 11:00:00,2026-02-27 05:00:00,0.0,0.2133,0.6552,0.2936,T1,25.0,2,6.3433,2.14,0.5833,0.0,2026-02-26 10:00:00
2026-02-27 12:00:00,2026-02-27 06:00:00,0.0,0.2926,0.7412,0.3379,T1,26.0,2,6.9333,3.545,0.5333,0.0,2026-02-26 10:00:00
2026-02-27 13:00:00,2026-02-27 07:00:00,0.0,0.3824,0.859,0.4309,T1,27.0,2,8.0233,4.355,0.5667,0.0,2026-02-26 10:00:00
2026-02-27 14:00:00,2026-02-27 08:00:00,0.0,0.451,0.9642,0.5709,T1,28.0,2,9.2683,4.67,0.3667,0.0,2026-02-26 10:00:00
2026-02-27 15:00:00,2026-02-27 09:00:00,0.1304,0.499,0.9676,0.6898,T1,29.0,2,10.3433,4.585,-0.1333,0.0,2026-02-26 10:00:00
2026-02-27 16:00:00,2026-02-27 10:00:00,0.2878,0.7184,0.9795,0.7639,T1,30.0,2,11.2883,4.435,-1.0333,0.0,2026-02-26 10:00:00
2026-02-27 17:00:00,2026-02-27 11:00:00,0.388,0.8071,0.9778,0.8017,T1,31.0,2,11.7667,4.215,-2.1167,0.0,2026-02-26 10:00:00
2026-02-27 18:00:00,2026-02-27 12:00:00,0.3627,0.8035,0.98,0.8017,T1,32.0,2,11.835,3.835,-3.0667,0.0,2026-02-26 10:00:00
2026-02-27 19:00:00,2026-02-27 13:00:00,0.3477,0.8422,0.9828,0.8017,T1,33.0,2,11.665,3.49,-3.8,0.0,2026-02-26 10:00:00
2026-02-27 20:00:00,2026-02-27 14:00:00,0.27,0.7813,0.9837,0.7639,T1,34.0,2,11.25,3.97,-4.3333,0.0,2026-02-26 10:00:00
2026-02-27 21:00:00,2026-02-27 15:00:00,0.1814,0.7078,0.9739,0.7536,T1,35.0,2,10.7667,4.56,-4.6833,0.0,2026-02-26 10:00:00
2026-02-27 22:00:00,2026-02-27 16:00:00,0.0703,0.6451,0.9654,0.6898,T1,36.0,2,10.2583,5.26,-4.8833,0.0,2026-02-26 10:00:00
2026-02-27 23:00:00,2026-02-27 17:00:00,0.0309,0.5823,0.9417,0.6794,T1,37.0,2,9.8983,5.51,-4.85,0.0,2026-02-26 10:00:00
2026-02-28 00:00:00,2026-02-27 18:00:00,0.0174,0.5931,0.9596,0.6794,T1,38.0,2,9.8483,5.835,-4.9667,0.0,2026-02-26 10:00:00
2026-02-28 01:00:00,2026-02-27 19:00:00,0.0403,0.5885,0.9629,0.681,T1,39.0,2,10.06,6.57,-5.4333,0.0,2026-02-26 10:00:00
2026-02-28 02:00:00,2026-02-27 20:00:00,0.0491,0.6305,0.962,0.6898,T1,40.0,2,10.2833,6.845,-5.9333,0.0,2026-02-26 10:00:00
2026-02-28 03:00:00,2026-02-27 21:00:00,0.1185,0.6585,0.9692,0.7415,T1,41.0,2,10.515,6.275,-6.4667,0.0,2026-02-26 10:00:00
2026-02-28 04:00:00,2026-02-27 22:00:00,0.0,0.6739,0.9623,0.681,T1,42.0,3,9.9367,9.92,-7.6,0.0,2026-02-26 10:00:00
2026-02-28 05:00:00,2026-02-27 23:00:00,0.0,0.6505,0.9633,0.7536,T1,43.0,3,10.6983,8.645,-7.3167,0.0,2026-02-26 10:00:00
2026-02-28 06:00:00,2026-02-28 00:00:00,0.1032,0.6671,0.957,0.7831,T1,44.0,3,11.3333,7.635,-7.0167,0.0,2026-02-26 10:00:00
2026-02-28 07:00:00,2026-02-28 01:00:00,0.1367,0.6518,0.9462,0.7639,T1,45.0,3,11.1633,7.225,-7.2,0.0,2026-02-26 10:00:00
2026-02-28 08:00:00,2026-02-28 02:00:00,0.0861,0.6426,0.9446,0.7639,T1,46.0,3,11.0367,6.77,-7.2333,0.0,2026-02-26 10:00:00
2026-02-28 09:00:00,2026-02-28 03:00:00,0.1247,0.5894,0.9449,0.7639,T1,47.0,3,10.9717,6.185,-7.05,0.0,2026-02-26 10:00:00
2026-02-28 10:00:00,2026-02-28 04:00:00,0.1126,0.5637,0.9691,0.7639,T1,48.0,3,10.7383,5.17,-6.6333,0.0,2026-02-26 10:00:00
2026-02-26 11:00:00,2026-02-26 05:00:00,0.0,0.3724,0.8646,0.3567,T2,1.0,1,7.18,8.05,2.9667,0.0,2026-02-26 10:00:00
2026-02-26 12:00:00,2026-02-26 06:00:00,0.0,0.427,0.905,0.4212,T2,2.0,1,7.8267,5.055,2.85,0.0,2026-02-26 10:00:00
2026-02-26 13:00:00,2026-02-26 07:00:00,0.0,0.4914,0.8822,0.4309,T2,3.0,1,8.1067,0.925,2.3667,0.0,2026-02-26 10:00:00
2026-02-26 14:00:00,2026-02-26 08:00:00,0.0,0.4027,0.8117,0.4253,T2,4.0,1,7.9267,1.945,1.5167,0.0,2026-02-26 10:00:00
2026-02-26 15:00:00,2026-02-26 09:00:00,0.0,0.4286,0.7742,0.4253,T2,5.0,1,7.97,1.28,0.55,0.0,2026-02-26 10:00:00
2026-02-26 16:00:00,2026-02-26 10:00:00,0.0,0.5906,0.9109,0.5291,T2,6.0,1,8.8683,2.235,0.1833,1.0,2026-02-26 10:00:00
2026-02-26 17:00:00,2026-02-26 11:00:00,0.1838,0.7018,0.9634,0.6898,T2,7.0,1,10.26,3.445,0.4167,1.0,2026-02-26 10:00:00
2026-02-26 18:00:00,2026-02-26 12:00:00,0.3212,0.7727,0.9687,0.7639,T2,8.0,1,11.015,4.21,0.85,1.0,2026-02-26 10:00:00
2026-02-26 19:00:00,2026-02-26 13:00:00,0.253,0.8624,0.9691,0.7639,T2,9.0,1,10.9883,3.525,1.2667,1.0,2026-02-26 10:00:00
2026-02-26 20:00:00,2026-02-26 14:00:00,0.3254,0.8703,0.97,0.7536,T2,10.0,1,10.8633,1.925,1.5333,0.0,2026-02-26 10:00:00
2026-02-26 21:00:00,2026-02-26 15:00:00,0.3403,0.8724,0.9645,0.7639,T2,11.0,1,11.2267,0.675,1.6,0.0,2026-02-26 10:00:00
2026-02-26 22:00:00,2026-02-26 16:00:00,0.3205,0.8958,0.97,0.7831,T2,12.0,1,11.4267,1.885,1.5667,0.0,2026-02-26 10:00:00
2026-02-26 23:00:00,2026-02-26 17:00:00,0.2946,0.8754,0.9691,0.7639,T2,13.0,1,11.36,2.82,1.6333,0.0,2026-02-26 10:00:00
2026-02-27 00:00:00,2026-02-26 18:00:00,0.2629,0.8905,0.9684,0.7639,T2,14.0,1,11.13,3.795,1.6,0.0,2026-02-26 10:00:00
2026-02-27 01:00:00,2026-02-26 19:00:00,0.2545,0.796,0.9647,0.7338,T2,15.0,1,10.5767,3.47,1.35,1.0,2026-02-26 10:00:00
2026-02-27 02:00:00,2026-02-26 20:00:00,0.1752,0.6293,0.9478,0.6587,T2,16.0,1,9.83,2.315,1.0167,1.0,2026-02-26 10:00:00
2026-02-27 03:00:00,2026-02-26 21:00:00,0.1039,0.6176,0.9235,0.5709,T2,17.0,1,9.3167,1.695,0.7167,1.0,2026-02-26 10:00:00
2026-02-27 04:00:00,2026-02-26 22:00:00,0.366,0.877,0.97,0.7639,T2,18.0,2,10.88,1.65,-0.95,1.0,2026-02-26 10:00:00
2026-02-27 05:00:00,2026-02-26 23:00:00,0.1966,0.7819,0.97,0.6794,T2,19.0,2,9.8983,1.85,-0.8667,1.0,2026-02-26 10:00:00
2026-02-27 06:00:00,2026-02-27 00:00:00,0.0598,0.6513,0.9631,0.5417,T2,20.0,2,9.065,2.46,-0.75,1.0,2026-02-26 10:00:00
2026-02-27 07:00:00,2026-02-27 01:00:00,0.0,0.5075,0.9026,0.4601,T2,21.0,2,8.375,3.715,-0.7167,1.0,2026-02-26 10:00:00
2026-02-27 08:00:00,2026-02-27 02:00:00,0.0,0.4111,0.8692,0.4309,T2,22.0,2,8.0267,3.78,-0.6,1.0,2026-02-26 10:00:00
2026-02-27 09:00:00,2026-02-27 03:00:00,0.0,0.3181,0.828,0.3725,T2,23.0,2,7.4033,2.99,-0.25,0.0,2026-02-26 10:00:00
2026-02-27 10:00:00,2026-02-27 04:00:00,0.0,0.2088,0.7343,0.3243,T2,24.0,2,6.555,1.8,0.3333,0.0,2026-02-26 10:00:00
2026-02-27 11:00:00,2026-02-27 05:00:00,0.0,0.2175,0.6551,0.2936,T2,25.0,2,6.3433,2.14,0.5833,0.0,2026-02-26 10:00:00
2026-02-27 12:00:00,2026-02-27 06:00:00,0.0,0.2972,0.7412,0.3379,T2,26.0,2,6.9333,3.545,0.5333,0.0,2026-02-26 10:00:00
2026-02-27 13:00:00,2026-02-27 07:00:00,0.0,0.3877,0.8575,0.4309,T2,27.0,2,8.0233,4.355,0.5667,0.0,2026-02-26 10:00:00
2026-02-27 14:00:00,2026-02-27 08:00:00,0.0,0.4615,0.9569,0.5709,T2,28.0,2,9.2683,4.67,0.3667,0.0,2026-02-26 10:00:00
2026-02-27 15:00:00,2026-02-27 09:00:00,0.1743,0.5045,0.9595,0.6898,T2,29.0,2,10.3433,4.585,-0.1333,0.0,2026-02-26 10:00:00
2026-02-27 16:00:00,2026-02-27 10:00:00,0.2439,0.7183,0.9698,0.7639,T2,30.0,2,11.2883,4.435,-1.0333,0.0,2026-02-26 10:00:00
2026-02-27 17:00:00,2026-02-27 11:00:00,0.3265,0.807,0.9676,0.8017,T2,31.0,2,11.7667,4.215,-2.1167,0.0,2026-02-26 10:00:00
2026-02-27 18:00:00,2026-02-27 12:00:00,0.4028,0.8063,0.9697,0.8017,T2,32.0,2,11.835,3.835,-3.0667,0.0,2026-02-26 10:00:00
2026-02-27 19:00:00,2026-02-27 13:00:00,0.4048,0.8448,0.97,0.8017,T2,33.0,2,11.665,3.49,-3.8,0.0,2026-02-26 10:00:00
2026-02-27 20:00:00,2026-02-27 14:00:00,0.3159,0.7806,0.97,0.7639,T2,34.0,2,11.25,3.97,-4.3333,0.0,2026-02-26 10:00:00
2026-02-27 21:00:00,2026-02-27 15:00:00,0.2539,0.7128,0.9646,0.7536,T2,35.0,2,10.7667,4.56,-4.6833,0.0,2026-02-26 10:00:00
2026-02-27 22:00:00,2026-02-27 16:00:00,0.0736,0.653,0.9606,0.6898,T2,36.0,2,10.2583,5.26,-4.8833,0.0,2026-02-26 10:00:00
2026-02-27 23:00:00,2026-02-27 17:00:00,0.0675,0.5902,0.9351,0.6794,T2,37.0,2,9.8983,5.51,-4.85,0.0,2026-02-26 10:00:00
2026-02-28 00:00:00,2026-02-27 18:00:00,0.0554,0.5978,0.9528,0.6794,T2,38.0,2,9.8483,5.835,-4.9667,0.0,2026-02-26 10:00:00
2026-02-28 01:00:00,2026-02-27 19:00:00,0.047,0.5933,0.9562,0.681,T2,39.0,2,10.06,6.57,-5.4333,0.0,2026-02-26 10:00:00
2026-02-28 02:00:00,2026-02-27 20:00:00,0.0708,0.6342,0.9553,0.6898,T2,40.0,2,10.2833,6.845,-5.9333,0.0,2026-02-26 10:00:00
2026-02-28 03:00:00,2026-02-27 21:00:00,0.1322,0.6623,0.9581,0.7415,T2,41.0,2,10.515,6.275,-6.4667,0.0,2026-02-26 10:00:00
2026-02-28 04:00:00,2026-02-27 22:00:00,0.0,0.6783,0.9551,0.681,T2,42.0,3,9.9367,9.92,-7.6,0.0,2026-02-26 10:00:00
2026-02-28 05:00:00,2026-02-27 23:00:00,0.055,0.6575,0.9521,0.7536,T2,43.0,3,10.6983,8.645,-7.3167,0.0,2026-02-26 10:00:00
2026-02-28 06:00:00,2026-02-28 00:00:00,0.0705,0.674,0.945,0.7831,T2,44.0,3,11.3333,7.635,-7.0167,0.0,2026-02-26 10:00:00
2026-02-28 07:00:00,2026-02-28 01:00:00,0.082,0.6588,0.9348,0.7639,T2,45.0,3,11.1633,7.225,-7.2,0.0,2026-02-26 10:00:00
2026-02-28 08:00:00,2026-02-28 02:00:00,0.0142,0.6497,0.9334,0.7639,T2,46.0,3,11.0367,6.77,-7.2333,0.0,2026-02-26 10:00:00
2026-02-28 09:00:00,2026-02-28 03:00:00,0.0522,0.5964,0.9338,0.7639,T2,47.0,3,10.9717,6.185,-7.05,0.0,2026-02-26 10:00:00
2026-02-28 10:00:00,2026-02-28 04:00:00,0.1096,0.5706,0.9584,0.7639,T2,48.0,3,10.7383,5.17,-6.6333,0.0,2026-02-26 10:00:00
2026-02-26 11:00:00,2026-02-26 05:00:00,0.0,0.3728,0.8666,0.3567,ВЭС,1.0,1,7.18,8.05,2.9667,0.0,2026-02-26 10:00:00
2026-02-26 12:00:00,2026-02-26 06:00:00,0.0,0.426,0.9051,0.4212,ВЭС,2.0,1,7.8267,5.055,2.85,0.0,2026-02-26 10:00:00
2026-02-26 13:00:00,2026-02-26 07:00:00,0.0,0.4965,0.8822,0.4309,ВЭС,3.0,1,8.1067,0.925,2.3667,0.0,2026-02-26 10:00:00
2026-02-26 14:00:00,2026-02-26 08:00:00,0.0,0.4025,0.8117,0.4253,ВЭС,4.0,1,7.9267,1.945,1.5167,0.0,2026-02-26 10:00:00
2026-02-26 15:00:00,2026-02-26 09:00:00,0.0,0.4281,0.7743,0.4253,ВЭС,5.0,1,7.97,1.28,0.55,0.0,2026-02-26 10:00:00
2026-02-26 16:00:00,2026-02-26 10:00:00,0.016,0.5901,0.9117,0.5291,ВЭС,6.0,1,8.8683,2.235,0.1833,1.0,2026-02-26 10:00:00
2026-02-26 17:00:00,2026-02-26 11:00:00,0.2524,0.7014,0.9662,0.6898,ВЭС,7.0,1,10.26,3.445,0.4167,1.0,2026-02-26 10:00:00
2026-02-26 18:00:00,2026-02-26 12:00:00,0.3933,0.7741,0.9749,0.7639,ВЭС,8.0,1,11.015,4.21,0.85,1.0,2026-02-26 10:00:00
2026-02-26 19:00:00,2026-02-26 13:00:00,0.3269,0.862,0.9753,0.7639,ВЭС,9.0,1,10.9883,3.525,1.2667,1.0,2026-02-26 10:00:00
2026-02-26 20:00:00,2026-02-26 14:00:00,0.3783,0.8706,0.9778,0.7536,ВЭС,10.0,1,10.8633,1.925,1.5333,0.0,2026-02-26 10:00:00
2026-02-26 21:00:00,2026-02-26 15:00:00,0.3336,0.8729,0.9699,0.7639,ВЭС,11.0,1,11.2267,0.675,1.6,0.0,2026-02-26 10:00:00
2026-02-26 22:00:00,2026-02-26 16:00:00,0.3308,0.8966,0.98,0.7831,ВЭС,12.0,1,11.4267,1.885,1.5667,0.0,2026-02-26 10:00:00
2026-02-26 23:00:00,2026-02-26 17:00:00,0.3231,0.8759,0.976,0.7639,ВЭС,13.0,1,11.36,2.82,1.6333,0.0,2026-02-26 10:00:00
2026-02-27 00:00:00,2026-02-26 18:00:00,0.3216,0.8911,0.9746,0.7639,ВЭС,14.0,1,11.13,3.795,1.6,0.0,2026-02-26 10:00:00
2026-02-27 01:00:00,2026-02-26 19:00:00,0.2464,0.7953,0.9706,0.7338,ВЭС,15.0,1,10.5767,3.47,1.35,1.0,2026-02-26 10:00:00
2026-02-27 02:00:00,2026-02-26 20:00:00,0.1783,0.6283,0.9498,0.6587,ВЭС,16.0,1,9.83,2.315,1.0167,1.0,2026-02-26 10:00:00
2026-02-27 03:00:00,2026-02-26 21:00:00,0.1174,0.6151,0.9245,0.5709,ВЭС,17.0,1,9.3167,1.695,0.7167,1.0,2026-02-26 10:00:00
2026-02-27 04:00:00,2026-02-26 22:00:00,0.4065,0.8775,0.98,0.7639,ВЭС,18.0,2,10.88,1.65,-0.95,1.0,2026-02-26 10:00:00
2026-02-27 05:00:00,2026-02-26 23:00:00,0.2344,0.7808,0.9764,0.6794,ВЭС,19.0,2,9.8983,1.85,-0.8667,1.0,2026-02-26 10:00:00
2026-02-27 06:00:00,2026-02-27 00:00:00,0.0756,0.6501,0.9645,0.5417,ВЭС,20.0,2,9.065,2.46,-0.75,1.0,2026-02-26 10:00:00
2026-02-27 07:00:00,2026-02-27 01:00:00,0.0,0.508,0.9033,0.4601,ВЭС,21.0,2,8.375,3.715,-0.7167,1.0,2026-02-26 10:00:00
2026-02-27 08:00:00,2026-02-27 02:00:00,0.0,0.4118,0.8689,0.4309,ВЭС,22.0,2,8.0267,3.78,-0.6,1.0,2026-02-26 10:00:00
2026-02-27 09:00:00,2026-02-27 03:00:00,0.0,0.3187,0.828,0.3725,ВЭС,23.0,2,7.4033,2.99,-0.25,0.0,2026-02-26 10:00:00
2026-02-27 10:00:00,2026-02-27 04:00:00,0.0,0.2093,0.7343,0.3243,ВЭС,24.0,2,6.555,1.8,0.3333,0.0,2026-02-26 10:00:00
2026-02-27 11:00:00,2026-02-27 05:00:00,0.0,0.2154,0.6552,0.2936,ВЭС,25.0,2,6.3433,2.14,0.5833,0.0,2026-02-26 10:00:00
2026-02-27 12:00:00,2026-02-27 06:00:00,0.0,0.2949,0.7412,0.3379,ВЭС,26.0,2,6.9333,3.545,0.5333,0.0,2026-02-26 10:00:00
2026-02-27 13:00:00,2026-02-27 07:00:00,0.0,0.3851,0.8583,0.4309,ВЭС,27.0,2,8.0233,4.355,0.5667,0.0,2026-02-26 10:00:00
2026-02-27 14:00:00,2026-02-27 08:00:00,0.0,0.4562,0.9605,0.5709,ВЭС,28.0,2,9.2683,4.67,0.3667,0.0,2026-02-26 10:00:00
2026-02-27 15:00:00,2026-02-27 09:00:00,0.1524,0.5017,0.9636,0.6898,ВЭС,29.0,2,10.3433,4.585,-0.1333,0.0,2026-02-26 10:00:00
2026-02-27 16:00:00,2026-02-27 10:00:00,0.2659,0.7184,0.9746,0.7639,ВЭС,30.0,2,11.2883,4.435,-1.0333,0.0,2026-02-26 10:00:00
2026-02-27 17:00:00,2026-02-27 11:00:00,0.3573,0.8071,0.9727,0.8017,ВЭС,31.0,2,11.7667,4.215,-2.1167,0.0,2026-02-26 10:00:00
2026-02-27 18:00:00,2026-02-27 12:00:00,0.3827,0.8049,0.9749,0.8017,ВЭС,32.0,2,11.835,3.835,-3.0667,0.0,2026-02-26 10:00:00
2026-02-27 19:00:00,2026-02-27 13:00:00,0.3762,0.8435,0.9764,0.8017,ВЭС,33.0,2,11.665,3.49,-3.8,0.0,2026-02-26 10:00:00
2026-02-27 20:00:00,2026-02-27 14:00:00,0.293,0.781,0.9768,0.7639,ВЭС,34.0,2,11.25,3.97,-4.3333,0.0,2026-02-26 10:00:00
2026-02-27 21:00:00,2026-02-27 15:00:00,0.2176,0.7103,0.9693,0.7536,ВЭС,35.0,2,10.7667,4.56,-4.6833,0.0,2026-02-26 10:00:00
2026-02-27 22:00:00,2026-02-27 16:00:00,0.072,0.6491,0.963,0.6898,ВЭС,36.0,2,10.2583,5.26,-4.8833,0.0,2026-02-26 10:00:00
2026-02-27 23:00:00,2026-02-27 17:00:00,0.0492,0.5862,0.9384,0.6794,ВЭС,37.0,2,9.8983,5.51,-4.85,0.0,2026-02-26 10:00:00
2026-02-28 00:00:00,2026-02-27 18:00:00,0.0364,0.5954,0.9562,0.6794,ВЭС,38.0,2,9.8483,5.835,-4.9667,0.0,2026-02-26 10:00:00
2026-02-28 01:00:00,2026-02-27 19:00:00,0.0437,0.5909,0.9595,0.681,ВЭС,39.0,2,10.06,6.57,-5.4333,0.0,2026-02-26 10:00:00
2026-02-28 02:00:00,2026-02-27 20:00:00,0.06,0.6323,0.9586,0.6898,ВЭС,40.0,2,10.2833,6.845,-5.9333,0.0,2026-02-26 10:00:00
2026-02-28 03:00:00,2026-02-27 21:00:00,0.1254,0.6604,0.9636,0.7415,ВЭС,41.0,2,10.515,6.275,-6.4667,0.0,2026-02-26 10:00:00
2026-02-28 04:00:00,2026-02-27 22:00:00,0.0,0.6761,0.9587,0.681,ВЭС,42.0,3,9.9367,9.92,-7.6,0.0,2026-02-26 10:00:00
2026-02-28 05:00:00,2026-02-27 23:00:00,0.0275,0.654,0.9577,0.7536,ВЭС,43.0,3,10.6983,8.645,-7.3167,0.0,2026-02-26 10:00:00
2026-02-28 06:00:00,2026-02-28 00:00:00,0.0868,0.6706,0.951,0.7831,ВЭС,44.0,3,11.3333,7.635,-7.0167,0.0,2026-02-26 10:00:00
2026-02-28 07:00:00,2026-02-28 01:00:00,0.1093,0.6553,0.9405,0.7639,ВЭС,45.0,3,11.1633,7.225,-7.2,0.0,2026-02-26 10:00:00
2026-02-28 08:00:00,2026-02-28 02:00:00,0.0501,0.6461,0.939,0.7639,ВЭС,46.0,3,11.0367,6.77,-7.2333,0.0,2026-02-26 10:00:00
2026-02-28 09:00:00,2026-02-28 03:00:00,0.0885,0.5929,0.9393,0.7639,ВЭС,47.0,3,10.9717,6.185,-7.05,0.0,2026-02-26 10:00:00
2026-02-28 10:00:00,2026-02-28 04:00:00,0.1111,0.5672,0.9637,0.7639,ВЭС,48.0,3,10.7383,5.17,-6.6333,0.0,2026-02-26 10:00:00
2026-02-26 23:00:00,2026-02-26 17:00:00,0.3516,0.8765,0.9828,0.7639,T1,1.0,1,11.36,2.82,1.6333,0.0,2026-02-26 22:00:00
2026-02-27 00:00:00,2026-02-26 18:00:00,0.3802,0.8917,0.9808,0.7639,T1,2.0,1,11.13,3.795,1.6,0.0,2026-02-26 22:00:00
2026-02-27 01:00:00,2026-02-26 19:00:00,0.2383,0.7945,0.9765,0.7338,T1,3.0,1,10.5767,3.47,1.35,1.0,2026-02-26 22:00:00
2026-02-27 02:00:00,2026-02-26 20:00:00,0.1813,0.6274,0.9519,0.6587,T1,4.0,1,9.83,2.315,1.0167,1.0,2026-02-26 22:00:00
2026-02-27 03:00:00,2026-02-26 21:00:00,0.1309,0.6126,0.9256,0.5709,T1,5.0,1,9.3167,1.695,0.7167,1.0,2026-02-26 22:00:00
2026-02-27 04:00:00,2026-02-26 22:00:00,0.0354,0.5823,0.9265,0.5417,T1,6.0,1,9.0833,2.305,0.5,1.0,2026-02-26 22:00:00
2026-02-27 05:00:00,2026-02-26 23:00:00,0.0166,0.417,0.8713,0.4601,T1,7.0,1,8.38,2.445,0.45,1.0,2026-02-26 22:00:00
2026-02-27 06:00:00,2026-02-27 00:00:00,0.0,0.3469,0.7999,0.4057,T1,8.0,1,7.665,1.935,0.3167,1.0,2026-02-26 22:00:00
2026-02-27 07:00:00,2026-02-27 01:00:00,0.0155,0.3264,0.7486,0.3725,T1,9.0,1,7.23,0.44,0.1833,1.0,2026-02-26 22:00:00
2026-02-27 08:00:00,2026-02-27 02:00:00,0.0,0.277,0.7562,0.3379,T1,10.0,1,6.9117,1.015,0.3833,1.0,2026-02-26 22:00:00
2026-02-27 09:00:00,2026-02-27 03:00:00,0.0,0.2365,0.7251,0.3243,T1,11.0,1,6.7367,0.62,0.6833,1.0,2026-02-26 22:00:00
2026-02-27 10:00:00,2026-02-27 04:00:00,0.0,0.2158,0.7349,0.3243,T1,12.0,1,6.505,0.84,1.1333,0.0,2026-02-26 22:00:00
2026-02-27 11:00:00,2026-02-27 05:00:00,0.0,0.2183,0.7113,0.2753,T1,13.0,1,6.2133,1.625,1.7833,0.0,2026-02-26 22:00:00
2026-02-27 12:00:00,2026-02-27 06:00:00,0.0,0.2531,0.7048,0.2936,T1,14.0,1,6.3717,2.21,2.2833,0.0,2026-02-26 22:00:00
2026-02-27 13:00:00,2026-02-27 07:00:00,0.0,0.3612,0.8025,0.3725,T1,15.0,1,7.1733,2.82,2.4667,0.0,2026-02-26 22:00:00
2026-02-27 14:00:00,2026-02-27 08:00:00,0.0,0.4502,0.9017,0.4461,T1,16.0,1,8.2017,3.135,2.3,0.0,2026-02-26 22:00:00
2026-02-27 15:00:00,2026-02-27 09:00:00,0.0685,0.5207,0.9573,0.5709,T1,17.0,1,9.3117,3.105,1.7,0.0,2026-02-26 22:00:00
2026-02-27 16:00:00,2026-02-27 10:00:00,0.2878,0.7184,0.9795,0.7639,T1,18.0,2,11.2883,4.435,-1.0333,0.0,2026-02-26 22:00:00
2026-02-27 17:00:00,2026-02-27 11:00:00,0.388,0.8071,0.9778,0.8017,T1,19.0,2,11.7667,4.215,-2.1167,0.0,2026-02-26 22:00:00
2026-02-27 18:00:00,2026-02-27 12:00:00,0.3627,0.8035,0.98,0.8017,T1,20.0,2,11.835,3.835,-3.0667,0.0,2026-02-26 22:00:00
2026-02-27 19:00:00,2026-02-27 13:00:00,0.3477,0.8422,0.9828,0.8017,T1,21.0,2,11.665,3.49,-3.8,0.0,2026-02-26 22:00:00
2026-02-27 20:00:00,2026-02-27 14:00:00,0.27,0.7813,0.9837,0.7639,T1,22.0,2,11.25,3.97,-4.3333,0.0,2026-02-26 22:00:00
2026-02-27 21:00:00,2026-02-27 15:00:00,0.1814,0.7078,0.9739,0.7536,T1,23.0,2,10.7667,4.56,-4.6833,0.0,2026-02-26 22:00:00
2026-02-27 22:00:00,2026-02-27 16:00:00,0.0703,0.6451,0.9654,0.6898,T1,24.0,2,10.2583,5.26,-4.8833,0.0,2026-02-26 22:00:00
2026-02-27 23:00:00,2026-02-27 17:00:00,0.0309,0.5823,0.9417,0.6794,T1,25.0,2,9.8983,5.51,-4.85,0.0,2026-02-26 22:00:00
2026-02-28 00:00:00,2026-02-27 18:00:00,0.0174,0.5931,0.9596,0.6794,T1,26.0,2,9.8483,5.835,-4.9667,0.0,2026-02-26 22:00:00
2026-02-28 01:00:00,2026-02-27 19:00:00,0.0403,0.5885,0.9629,0.681,T1,27.0,2,10.06,6.57,-5.4333,0.0,2026-02-26 22:00:00
2026-02-28 02:00:00,2026-02-27 20:00:00,0.0491,0.6305,0.962,0.6898,T1,28.0,2,10.2833,6.845,-5.9333,0.0,2026-02-26 22:00:00
2026-02-28 03:00:00,2026-02-27 21:00:00,0.1185,0.6585,0.9692,0.7415,T1,29.0,2,10.515,6.275,-6.4667,0.0,2026-02-26 22:00:00
2026-02-28 04:00:00,2026-02-27 22:00:00,0.1473,0.6718,0.9827,0.7639,T1,30.0,2,10.87,5.23,-7.05,0.0,2026-02-26 22:00:00
2026-02-28 05:00:00,2026-02-27 23:00:00,0.1769,0.7506,0.9838,0.7831,T1,31.0,2,11.425,4.43,-7.6167,0.0,2026-02-26 22:00:00
2026-02-28 06:00:00,2026-02-28 00:00:00,0.2955,0.7201,0.9749,0.8017,T1,32.0,2,11.6583,3.745,-8.0,0.0,2026-02-26 22:00:00
2026-02-28 07:00:00,2026-02-28 01:00:00,0.2432,0.6506,0.9712,0.7831,T1,33.0,2,11.3567,3.605,-8.1667,0.0,2026-02-26 22:00:00
2026-02-28 08:00:00,2026-02-28 02:00:00,0.1821,0.675,0.9673,0.7639,T1,34.0,2,11.04,3.54,-8.1833,0.0,2026-02-26 22:00:00
2026-02-28 09:00:00,2026-02-28 03:00:00,0.2074,0.6253,0.9734,0.7639,T1,35.0,2,10.785,3.24,-8.0667,0.0,2026-02-26 22:00:00
2026-02-28 10:00:00,2026-02-28 04:00:00,0.2842,0.6069,0.9773,0.7536,T1,36.0,2,10.6883,2.745,-7.8167,0.0,2026-02-26 22:00:00
2026-02-28 11:00:00,2026-02-28 05:00:00,0.3402,0.6271,0.9834,0.7536,T1,37.0,2,10.52,1.18,-7.0667,0.0,2026-02-26 22:00:00
2026-02-28 12:00:00,2026-02-28 06:00:00,0.3197,0.65,0.9825,0.7338,T1,38.0,2,10.4633,1.335,-6.3667,0.0,2026-02-26 22:00:00
2026-02-28 13:00:00,2026-02-28 07:00:00,0.3401,0.6699,0.985,0.7536,T1,39.0,2,10.71,1.445,-6.2,0.0,2026-02-26 22:00:00
2026-02-28 14:00:00,2026-02-28 08:00:00,0.3329,0.6695,0.9844,0.7639,T1,40.0,2,10.845,1.89,-6.15,0.0,2026-02-26 22:00:00
2026-02-28 15:00:00,2026-02-28 09:00:00,0.279,0.5903,0.9733,0.7639,T1,41.0,2,10.74,2.535,-6.1833,0.0,2026-02-26 22:00:00
2026-02-28 16:00:00,2026-02-28 10:00:00,0.0696,0.5732,0.945,0.7536,T1,42.0,3,10.6417,6.345,-6.9167,0.0,2026-02-26 22:00:00
2026-02-28 17:00:00,2026-02-28 11:00:00,0.0,0.4808,0.9277,0.6587,T1,43.0,3,9.75,4.985,-6.9667,0.0,2026-02-26 22:00:00
2026-02-28 18:00:00,2026-02-28 12:00:00,0.0,0.4751,0.8395,0.5291,T1,44.0,3,8.7783,4.02,-7.0833,0.0,2026-02-26 22:00:00
2026-02-28 19:00:00,2026-02-28 13:00:00,0.0,0.4408,0.8334,0.4837,T1,45.0,3,8.4433,4.855,-7.35,0.0,2026-02-26 22:00:00
2026-02-28 20:00:00,2026-02-28 14:00:00,0.0,0.372,0.7886,0.4309,T1,46.0,3,7.935,5.82,-7.6333,0.0,2026-02-26 22:00:00
2026-02-28 21:00:00,2026-02-28 15:00:00,0.0,0.3353,0.8562,0.3974,T1,47.0,3,7.4017,6.13,-8.25,0.0,2026-02-26 22:00:00
2026-02-28 22:00:00,2026-02-28 16:00:00,0.0,0.2455,0.8001,0.3725,T1,48.0,3,7.1283,7.17,-9.0667,0.0,2026-02-26 22:00:00
2026-02-26 23:00:00,2026-02-26 17:00:00,0.2946,0.8754,0.9691,0.7639,T2,1.0,1,11.36,2.82,1.6333,0.0,2026-02-26 22:00:00
2026-02-27 00:00:00,2026-02-26 18:00:00,0.2629,0.8905,0.9684,0.7639,T2,2.0,1,11.13,3.795,1.6,0.0,2026-02-26 22:00:00
2026-02-27 01:00:00,2026-02-26 19:00:00,0.2545,0.796,0.9647,0.7338,T2,3.0,1,10.5767,3.47,1.35,1.0,2026-02-26 22:00:00
2026-02-27 02:00:00,2026-02-26 20:00:00,0.1752,0.6293,0.9478,0.6587,T2,4.0,1,9.83,2.315,1.0167,1.0,2026-02-26 22:00:00
2026-02-27 03:00:00,2026-02-26 21:00:00,0.1039,0.6176,0.9235,0.5709,T2,5.0,1,9.3167,1.695,0.7167,1.0,2026-02-26 22:00:00
2026-02-27 04:00:00,2026-02-26 22:00:00,0.0,0.5873,0.925,0.5417,T2,6.0,1,9.0833,2.305,0.5,1.0,2026-02-26 22:00:00
2026-02-27 05:00:00,2026-02-26 23:00:00,0.0,0.4249,0.8702,0.4601,T2,7.0,1,8.38,2.445,0.45,1.0,2026-02-26 22:00:00
2026-02-27 06:00:00,2026-02-27 00:00:00,0.0,0.3516,0.7999,0.4057,T2,8.0,1,7.665,1.935,0.3167,1.0,2026-02-26 22:00:00
2026-02-27 07:00:00,2026-02-27 01:00:00,0.0,0.331,0.7486,0.3725,T2,9.0,1,7.23,0.44,0.1833,1.0,2026-02-26 22:00:00
2026-02-27 08:00:00,2026-02-27 02:00:00,0.0,0.2758,0.7562,0.3379,T2,10.0,1,6.9117,1.015,0.3833,1.0,2026-02-26 22:00:00
2026-02-27 09:00:00,2026-02-27 03:00:00,0.0,0.235,0.7251,0.3243,T2,11.0,1,6.7367,0.62,0.6833,1.0,2026-02-26 22:00:00
2026-02-27 10:00:00,2026-02-27 04:00:00,0.0,0.2145,0.7349,0.3243,T2,12.0,1,6.505,0.84,1.1333,0.0,2026-02-26 22:00:00
2026-02-27 11:00:00,2026-02-27 05:00:00,0.0,0.217,0.7113,0.2753,T2,13.0,1,6.2133,1.625,1.7833,0.0,2026-02-26 22:00:00
2026-02-27 12:00:00,2026-02-27 06:00:00,0.0,0.2582,0.7048,0.2936,T2,14.0,1,6.3717,2.21,2.2833,0.0,2026-02-26 22:00:00
2026-02-27 13:00:00,2026-02-27 07:00:00,0.0,0.3665,0.8025,0.3725,T2,15.0,1,7.1733,2.82,2.4667,0.0,2026-02-26 22:00:00
2026-02-27 14:00:00,2026-02-27 08:00:00,0.0,0.4555,0.9016,0.4461,T2,16.0,1,8.2017,3.135,2.3,0.0,2026-02-26 22:00:00
2026-02-27 15:00:00,2026-02-27 09:00:00,0.0664,0.5261,0.9538,0.5709,T2,17.0,1,9.3117,3.105,1.7,0.0,2026-02-26 22:00:00
2026-02-27 16:00:00,2026-02-27 10:00:00,0.2439,0.7183,0.9698,0.7639,T2,18.0,2,11.2883,4.435,-1.0333,0.0,2026-02-26 22:00:00
2026-02-27 17:00:00,2026-02-27 11:00:00,0.3265,0.807,0.9676,0.8017,T2,19.0,2,11.7667,4.215,-2.1167,0.0,2026-02-26 22:00:00
2026-02-27 18:00:00,2026-02-27 12:00:00,0.4028,0.8063,0.9697,0.8017,T2,20.0,2,11.835,3.835,-3.0667,0.0,2026-02-26 22:00:00
2026-02-27 19:00:00,2026-02-27 13:00:00,0.4048,0.8448,0.97,0.8017,T2,21.0,2,11.665,3.49,-3.8,0.0,2026-02-26 22:00:00
2026-02-27 20:00:00,2026-02-27 14:00:00,0.3159,0.7806,0.97,0.7639,T2,22.0,2,11.25,3.97,-4.3333,0.0,2026-02-26 22:00:00
2026-02-27 21:00:00,2026-02-27 15:00:00,0.2539,0.7128,0.9646,0.7536,T2,23.0,2,10.7667,4.56,-4.6833,0.0,2026-02-26 22:00:00
2026-02-27 22:00:00,2026-02-27 16:00:00,0.0736,0.653,0.9606,0.6898,T2,24.0,2,10.2583,5.26,-4.8833,0.0,2026-02-26 22:00:00
2026-02-27 23:00:00,2026-02-27 17:00:00,0.0675,0.5902,0.9351,0.6794,T2,25.0,2,9.8983,5.51,-4.85,0.0,2026-02-26 22:00:00
2026-02-28 00:00:00,2026-02-27 18:00:00,0.0554,0.5978,0.9528,0.6794,T2,26.0,2,9.8483,5.835,-4.9667,0.0,2026-02-26 22:00:00
2026-02-28 01:00:00,2026-02-27 19:00:00,0.047,0.5933,0.9562,0.681,T2,27.0,2,10.06,6.57,-5.4333,0.0,2026-02-26 22:00:00
2026-02-28 02:00:00,2026-02-27 20:00:00,0.0708,0.6342,0.9553,0.6898,T2,28.0,2,10.2833,6.845,-5.9333,0.0,2026-02-26 22:00:00
2026-02-28 03:00:00,2026-02-27 21:00:00,0.1322,0.6623,0.9581,0.7415,T2,29.0,2,10.515,6.275,-6.4667,0.0,2026-02-26 22:00:00
2026-02-28 04:00:00,2026-02-27 22:00:00,0.1426,0.6755,0.97,0.7639,T2,30.0,2,10.87,5.23,-7.05,0.0,2026-02-26 22:00:00
2026-02-28 05:00:00,2026-02-27 23:00:00,0.2168,0.7572,0.97,0.7831,T2,31.0,2,11.425,4.43,-7.6167,0.0,2026-02-26 22:00:00
2026-02-28 06:00:00,2026-02-28 00:00:00,0.2536,0.7268,0.9629,0.8017,T2,32.0,2,11.6583,3.745,-8.0,0.0,2026-02-26 22:00:00
2026-02-28 07:00:00,2026-02-28 01:00:00,0.1928,0.6572,0.9591,0.7831,T2,33.0,2,11.3567,3.605,-8.1667,0.0,2026-02-26 22:00:00
2026-02-28 08:00:00,2026-02-28 02:00:00,0.1122,0.6767,0.9561,0.7639,T2,34.0,2,11.04,3.54,-8.1833,0.0,2026-02-26 22:00:00
2026-02-28 09:00:00,2026-02-28 03:00:00,0.1631,0.627,0.9627,0.7639,T2,35.0,2,10.785,3.24,-8.0667,0.0,2026-02-26 22:00:00
2026-02-28 10:00:00,2026-02-28 04:00:00,0.2353,0.6091,0.9679,0.7536,T2,36.0,2,10.6883,2.745,-7.8167,0.0,2026-02-26 22:00:00
2026-02-28 11:00:00,2026-02-28 05:00:00,0.3099,0.6293,0.97,0.7536,T2,37.0,2,10.52,1.18,-7.0667,0.0,2026-02-26 22:00:00
2026-02-28 12:00:00,2026-02-28 06:00:00,0.2859,0.6526,0.97,0.7338,T2,38.0,2,10.4633,1.335,-6.3667,0.0,2026-02-26 22:00:00
2026-02-28 13:00:00,2026-02-28 07:00:00,0.3074,0.6722,0.97,0.7536,T2,39.0,2,10.71,1.445,-6.2,0.0,2026-02-26 22:00:00
2026-02-28 14:00:00,2026-02-28 08:00:00,0.3076,0.6716,0.97,0.7639,T2,40.0,2,10.845,1.89,-6.15,0.0,2026-02-26 22:00:00
2026-02-28 15:00:00,2026-02-28 09:00:00,0.2427,0.5928,0.9655,0.7639,T2,41.0,2,10.74,2.535,-6.1833,0.0,2026-02-26 22:00:00
2026-02-28 16:00:00,2026-02-28 10:00:00,0.0814,0.5809,0.9361,0.7536,T2,42.0,3,10.6417,6.345,-6.9167,0.0,2026-02-26 22:00:00
2026-02-28 17:00:00,2026-02-28 11:00:00,0.0,0.4834,0.9234,0.6587,T2,43.0,3,9.75,4.985,-6.9667,0.0,2026-02-26 22:00:00
2026-02-28 18:00:00,2026-02-28 12:00:00,0.0,0.4782,0.8378,0.5291,T2,44.0,3,8.7783,4.02,-7.0833,0.0,2026-02-26 22:00:00
2026-02-28 19:00:00,2026-02-28 13:00:00,0.0,0.4439,0.8315,0.4837,T2,45.0,3,8.4433,4.855,-7.35,0.0,2026-02-26 22:00:00
2026-02-28 20:00:00,2026-02-28 14:00:00,0.0,0.3719,0.7874,0.4309,T2,46.0,3,7.935,5.82,-7.6333,0.0,2026-02-26 22:00:00
2026-02-28 21:00:00,2026-02-28 15:00:00,0.0,0.3352,0.8539,0.3974,T2,47.0,3,7.4017,6.13,-8.25,0.0,2026-02-26 22:00:00
2026-02-28 22:00:00,2026-02-28 16:00:00,0.0,0.2454,0.7983,0.3725,T2,48.0,3,7.1283,7.17,-9.0667,0.0,2026-02-26 22:00:00
2026-02-26 23:00:00,2026-02-26 17:00:00,0.3231,0.8759,0.976,0.7639,ВЭС,1.0,1,11.36,2.82,1.6333,0.0,2026-02-26 22:00:00
2026-02-27 00:00:00,2026-02-26 18:00:00,0.3216,0.8911,0.9746,0.7639,ВЭС,2.0,1,11.13,3.795,1.6,0.0,2026-02-26 22:00:00
2026-02-27 01:00:00,2026-02-26 19:00:00,0.2464,0.7953,0.9706,0.7338,ВЭС,3.0,1,10.5767,3.47,1.35,1.0,2026-02-26 22:00:00
2026-02-27 02:00:00,2026-02-26 20:00:00,0.1783,0.6283,0.9498,0.6587,ВЭС,4.0,1,9.83,2.315,1.0167,1.0,2026-02-26 22:00:00
2026-02-27 03:00:00,2026-02-26 21:00:00,0.1174,0.6151,0.9245,0.5709,ВЭС,5.0,1,9.3167,1.695,0.7167,1.0,2026-02-26 22:00:00
2026-02-27 04:00:00,2026-02-26 22:00:00,0.0177,0.5848,0.9258,0.5417,ВЭС,6.0,1,9.0833,2.305,0.5,1.0,2026-02-26 22:00:00
2026-02-27 05:00:00,2026-02-26 23:00:00,0.0083,0.421,0.8708,0.4601,ВЭС,7.0,1,8.38,2.445,0.45,1.0,2026-02-26 22:00:00
2026-02-27 06:00:00,2026-02-27 00:00:00,0.0,0.3492,0.7999,0.4057,ВЭС,8.0,1,7.665,1.935,0.3167,1.0,2026-02-26 22:00:00
2026-02-27 07:00:00,2026-02-27 01:00:00,0.0077,0.3287,0.7486,0.3725,ВЭС,9.0,1,7.23,0.44,0.1833,1.0,2026-02-26 22:00:00
2026-02-27 08:00:00,2026-02-27 02:00:00,0.0,0.2764,0.7562,0.3379,ВЭС,10.0,1,6.9117,1.015,0.3833,1.0,2026-02-26 22:00:00
2026-02-27 09:00:00,2026-02-27 03:00:00,0.0,0.2357,0.7251,0.3243,ВЭС,11.0,1,6.7367,0.62,0.6833,1.0,2026-02-26 22:00:00
2026-02-27 10:00:00,2026-02-27 04:00:00,0.0,0.2151,0.7349,0.3243,ВЭС,12.0,1,6.505,0.84,1.1333,0.0,2026-02-26 22:00:00
2026-02-27 11:00:00,2026-02-27 05:00:00,0.0,0.2177,0.7113,0.2753,ВЭС,13.0,1,6.2133,1.625,1.7833,0.0,2026-02-26 22:00:00
2026-02-27 12:00:00,2026-02-27 06:00:00,0.0,0.2556,0.7048,0.2936,ВЭС,14.0,1,6.3717,2.21,2.2833,0.0,2026-02-26 22:00:00
2026-02-27 13:00:00,2026-02-27 07:00:00,0.0,0.3638,0.8025,0.3725,ВЭС,15.0,1,7.1733,2.82,2.4667,0.0,2026-02-26 22:00:00
2026-02-27 14:00:00,2026-02-27 08:00:00,0.0,0.4529,0.9016,0.4461,ВЭС,16.0,1,8.2017,3.135,2.3,0.0,2026-02-26 22:00:00
2026-02-27 15:00:00,2026-02-27 09:00:00,0.0675,0.5234,0.9556,0.5709,ВЭС,17.0,1,9.3117,3.105,1.7,0.0,2026-02-26 22:00:00
2026-02-27 16:00:00,2026-02-27 10:00:00,0.2659,0.7184,0.9746,0.7639,ВЭС,18.0,2,11.2883,4.435,-1.0333,0.0,2026-02-26 22:00:00
2026-02-27 17:00:00,2026-02-27 11:00:00,0.3573,0.8071,0.9727,0.8017,ВЭС,19.0,2,11.7667,4.215,-2.1167,0.0,2026-02-26 22:00:00
2026-02-27 18:00:00,2026-02-27 12:00:00,0.3827,0.8049,0.9749,0.8017,ВЭС,20.0,2,11.835,3.835,-3.0667,0.0,2026-02-26 22:00:00
2026-02-27 19:00:00,2026-02-27 13:00:00,0.3762,0.8435,0.9764,0.8017,ВЭС,21.0,2,11.665,3.49,-3.8,0.0,2026-02-26 22:00:00
2026-02-27 20:00:00,2026-02-27 14:00:00,0.293,0.781,0.9768,0.7639,ВЭС,22.0,2,11.25,3.97,-4.3333,0.0,2026-02-26 22:00:00
2026-02-27 21:00:00,2026-02-27 15:00:00,0.2176,0.7103,0.9693,0.7536,ВЭС,23.0,2,10.7667,4.56,-4.6833,0.0,2026-02-26 22:00:00
2026-02-27 22:00:00,2026-02-27 16:00:00,0.072,0.6491,0.963,0.6898,ВЭС,24.0,2,10.2583,5.26,-4.8833,0.0,2026-02-26 22:00:00
2026-02-27 23:00:00,2026-02-27 17:00:00,0.0492,0.5862,0.9384,0.6794,ВЭС,25.0,2,9.8983,5.51,-4.85,0.0,2026-02-26 22:00:00
2026-02-28 00:00:00,2026-02-27 18:00:00,0.0364,0.5954,0.9562,0.6794,ВЭС,26.0,2,9.8483,5.835,-4.9667,0.0,2026-02-26 22:00:00
2026-02-28 01:00:00,2026-02-27 19:00:00,0.0437,0.5909,0.9595,0.681,ВЭС,27.0,2,10.06,6.57,-5.4333,0.0,2026-02-26 22:00:00
2026-02-28 02:00:00,2026-02-27 20:00:00,0.06,0.6323,0.9586,0.6898,ВЭС,28.0,2,10.2833,6.845,-5.9333,0.0,2026-02-26 22:00:00
2026-02-28 03:00:00,2026-02-27 21:00:00,0.1254,0.6604,0.9636,0.7415,ВЭС,29.0,2,10.515,6.275,-6.4667,0.0,2026-02-26 22:00:00
2026-02-28 04:00:00,2026-02-27 22:00:00,0.145,0.6736,0.9764,0.7639,ВЭС,30.0,2,10.87,5.23,-7.05,0.0,2026-02-26 22:00:00
2026-02-28 05:00:00,2026-02-27 23:00:00,0.1968,0.7539,0.9769,0.7831,ВЭС,31.0,2,11.425,4.43,-7.6167,0.0,2026-02-26 22:00:00
2026-02-28 06:00:00,2026-02-28 00:00:00,0.2745,0.7234,0.9689,0.8017,ВЭС,32.0,2,11.6583,3.745,-8.0,0.0,2026-02-26 22:00:00
2026-02-28 07:00:00,2026-02-28 01:00:00,0.218,0.6539,0.9652,0.7831,ВЭС,33.0,2,11.3567,3.605,-8.1667,0.0,2026-02-26 22:00:00
2026-02-28 08:00:00,2026-02-28 02:00:00,0.1472,0.6758,0.9617,0.7639,ВЭС,34.0,2,11.04,3.54,-8.1833,0.0,2026-02-26 22:00:00
2026-02-28 09:00:00,2026-02-28 03:00:00,0.1852,0.6262,0.968,0.7639,ВЭС,35.0,2,10.785,3.24,-8.0667,0.0,2026-02-26 22:00:00
2026-02-28 10:00:00,2026-02-28 04:00:00,0.2597,0.608,0.9726,0.7536,ВЭС,36.0,2,10.6883,2.745,-7.8167,0.0,2026-02-26 22:00:00
2026-02-28 11:00:00,2026-02-28 05:00:00,0.325,0.6282,0.9767,0.7536,ВЭС,37.0,2,10.52,1.18,-7.0667,0.0,2026-02-26 22:00:00
2026-02-28 12:00:00,2026-02-28 06:00:00,0.3028,0.6513,0.9762,0.7338,ВЭС,38.0,2,10.4633,1.335,-6.3667,0.0,2026-02-26 22:00:00
2026-02-28 13:00:00,2026-02-28 07:00:00,0.3238,0.6711,0.9775,0.7536,ВЭС,39.0,2,10.71,1.445,-6.2,0.0,2026-02-26 22:00:00
2026-02-28 14:00:00,2026-02-28 08:00:00,0.3202,0.6705,0.9772,0.7639,ВЭС,40.0,2,10.845,1.89,-6.15,0.0,2026-02-26 22:00:00
2026-02-28 15:00:00,2026-02-28 09:00:00,0.2609,0.5916,0.9694,0.7639,ВЭС,41.0,2,10.74,2.535,-6.1833,0.0,2026-02-26 22:00:00
2026-02-28 16:00:00,2026-02-28 10:00:00,0.0755,0.5771,0.9405,0.7536,ВЭС,42.0,3,10.6417,6.345,-6.9167,0.0,2026-02-26 22:00:00
2026-02-28 17:00:00,2026-02-28 11:00:00,0.0,0.4821,0.9256,0.6587,ВЭС,43.0,3,9.75,4.985,-6.9667,0.0,2026-02-26 22:00:00
2026-02-28 18:00:00,2026-02-28 12:00:00,0.0,0.4766,0.8387,0.5291,ВЭС,44.0,3,8.7783,4.02,-7.0833,0.0,2026-02-26 22:00:00
2026-02-28 19:00:00,2026-02-28 13:00:00,0.0,0.4423,0.8325,0.4837,ВЭС,45.0,3,8.4433,4.855,-7.35,0.0,2026-02-26 22:00:00
2026-02-28 20:00:00,2026-02-28 14:00:00,0.0,0.372,0.788,0.4309,ВЭС,46.0,3,7.935,5.82,-7.6333,0.0,2026-02-26 22:00:00
2026-02-28 21:00:00,2026-02-28 15:00:00,0.0,0.3352,0.8551,0.3974,ВЭС,47.0,3,7.4017,6.13,-8.25,0.0,2026-02-26 22:00:00
2026-02-28 22:00:00,2026-02-28 16:00:00,0.0,0.2455,0.7992,0.3725,ВЭС,48.0,3,7.1283,7.17,-9.0667,0.0,2026-02-26 22:00:00
2026-02-27 11:00:00,2026-02-27 05:00:00,0.0,0.2183,0.7113,0.2753,T1,1.0,1,6.2133,1.625,1.7833,0.0,2026-02-27 10:00:00
2026-02-27 12:00:00,2026-02-27 06:00:00,0.0,0.2531,0.7048,0.2936,T1,2.0,1,6.3717,2.21,2.2833,0.0,2026-02-27 10:00:00
2026-02-27 13:00:00,2026-02-27 07:00:00,0.0,0.3612,0.8025,0.3725,T1,3.0,1,7.1733,2.82,2.4667,0.0,2026-02-27 10:00:00
2026-02-27 14:00:00,2026-02-27 08:00:00,0.0,0.4502,0.9017,0.4461,T1,4.0,1,8.2017,3.135,2.3,0.0,2026-02-27 10:00:00
2026-02-27 15:00:00,2026-02-27 09:00:00,0.0685,0.5207,0.9573,0.5709,T1,5.0,1,9.3117,3.105,1.7,0.0,2026-02-27 10:00:00
2026-02-27 16:00:00,2026-02-27 10:00:00,0.1877,0.5268,0.975,0.6898,T1,6.0,1,10.4,2.985,0.6833,0.0,2026-02-27 10:00:00
2026-02-27 17:00:00,2026-02-27 11:00:00,0.2456,0.682,0.9811,0.7639,T1,7.0,1,10.9717,3.885,-0.15,0.0,2026-02-27 10:00:00
2026-02-27 18:00:00,2026-02-27 12:00:00,0.2171,0.7594,0.98,0.7639,T1,8.0,1,11.0983,4.805,-0.8667,0.0,2026-02-27 10:00:00
2026-02-27 19:00:00,2026-02-27 13:00:00,0.2268,0.8121,0.9851,0.7639,T1,9.0,1,11.1733,4.805,-1.7667,0.0,2026-02-27 10:00:00
2026-02-27 20:00:00,2026-02-27 14:00:00,0.2307,0.8132,0.9837,0.7639,T1,10.0,1,11.0833,4.645,-2.5333,0.0,2026-02-27 10:00:00
2026-02-27 21:00:00,2026-02-27 15:00:00,0.2266,0.7149,0.9869,0.7639,T1,11.0,1,10.8,4.155,-3.1833,0.0,2026-02-27 10:00:00
2026-02-27 22:00:00,2026-02-27 16:00:00,0.1735,0.6646,0.9744,0.73,T1,12.0,1,10.4633,3.725,-3.7833,0.0,2026-02-27 10:00:00
2026-02-27 23:00:00,2026-02-27 17:00:00,0.0547,0.6056,0.9811,0.6794,T1,13.0,1,9.865,4.16,-3.9833,0.0,2026-02-27 10:00:00
2026-02-28 00:00:00,2026-02-27 18:00:00,0.0027,0.5339,0.9741,0.6301,T1,14.0,1,9.4533,4.245,-4.0667,0.0,2026-02-27 10:00:00
2026-02-28 01:00:00,2026-02-27 19:00:00,0.0,0.5456,0.9793,0.65,T1,15.0,1,9.6433,4.46,-4.4833,0.0,2026-02-27 10:00:00
2026-02-28 02:00:00,2026-02-27 20:00:00,0.1151,0.6053,0.9788,0.6898,T1,16.0,1,10.115,4.66,-4.9667,0.0,2026-02-27 10:00:00
2026-02-28 03:00:00,2026-02-27 21:00:00,0.219,0.6648,0.9757,0.7536,T1,17.0,1,10.5533,4.57,-5.4333,0.0,2026-02-27 10:00:00
2026-02-28 04:00:00,2026-02-27 22:00:00,0.1473,0.6718,0.9827,0.7639,T1,18.0,2,10.87,5.23,-7.05,0.0,2026-02-27 10:00:00
2026-02-28 05:00:00,2026-02-27 23:00:00,0.1769,0.7506,0.9838,0.7831,T1,19.0,2,11.425,4.43,-7.6167,0.0,2026-02-27 10:00:00
2026-02-28 06:00:00,2026-02-28 00:00:00,0.2955,0.7201,0.9749,0.8017,T1,20.0,2,11.6583,3.745,-8.0,0.0,2026-02-27 10:00:00
2026-02-28 07:00:00,2026-02-28 01:00:00,0.2432,0.6506,0.9712,0.7831,T1,21.0,2,11.3567,3.605,-8.1667,0.0,2026-02-27 10:00:00
2026-02-28 08:00:00,2026-02-28 02:00:00,0.1821,0.675,0.9673,0.7639,T1,22.0,2,11.04,3.54,-8.1833,0.0,2026-02-27 10:00:00
2026-02-28 09:00:00,2026-02-28 03:00:00,0.2074,0.6253,0.9734,0.7639,T1,23.0,2,10.785,3.24,-8.0667,0.0,2026-02-27 10:00:00
2026-02-28 10:00:00,2026-02-28 04:00:00,0.2842,0.6069,0.9773,0.7536,T1,24.0,2,10.6883,2.745,-7.8167,0.0,2026-02-27 10:00:00
2026-02-28 11:00:00,2026-02-28 05:00:00,0.3402,0.6271,0.9834,0.7536,T1,25.0,2,10.52,1.18,-7.0667,0.0,2026-02-27 10:00:00
2026-02-28 12:00:00,2026-02-28 06:00:00,0.3197,0.65,0.9825,0.7338,T1,26.0,2,10.4633,1.335,-6.3667,0.0,2026-02-27 10:00:00
2026-02-28 13:00:00,2026-02-28 07:00:00,0.3401,0.6699,0.985,0.7536,T1,27.0,2,10.71,1.445,-6.2,0.0,2026-02-27 10:00:00
2026-02-28 14:00:00,2026-02-28 08:00:00,0.3329,0.6695,0.9844,0.7639,T1,28.0,2,10.845,1.89,-6.15,0.0,2026-02-27 10:00:00
2026-02-28 15:00:00,2026-02-28 09:00:00,0.279,0.5903,0.9733,0.7639,T1,29.0,2,10.74,2.535,-6.1833,0.0,2026-02-27 10:00:00
2026-02-28 16:00:00,2026-02-28 10:00:00,0.2291,0.5332,0.9683,0.73,T1,30.0,2,10.3717,3.165,-6.2667,0.0,2026-02-27 10:00:00
2026-02-28 17:00:00,2026-02-28 11:00:00,0.1518,0.5591,0.9653,0.681,T1,31.0,2,10.0467,3.82,-6.6,0.0,2026-02-27 10:00:00
2026-02-28 18:00:00,2026-02-28 12:00:00,0.0339,0.5625,0.9285,0.6587,T1,32.0,2,9.6933,4.55,-7.05,0.0,2026-02-27 10:00:00
2026-02-28 19:00:00,2026-02-28 13:00:00,0.0,0.5629,0.8835,0.5531,T1,33.0,2,9.06,4.25,-7.2167,0.0,2026-02-27 10:00:00
2026-02-28 20:00:00,2026-02-28 14:00:00,0.0,0.4644,0.7961,0.4601,T1,34.0,2,8.26,3.54,-7.2833,0.0,2026-02-27 10:00:00
2026-02-28 21:00:00,2026-02-28 15:00:00,0.0,0.3657,0.7282,0.3974,T1,35.0,2,7.545,2.93,-7.5,0.0,2026-02-27 10:00:00
2026-02-28 22:00:00,2026-02-28 16:00:00,0.0,0.3342,0.7375,0.3567,T1,36.0,2,6.8817,2.295,-7.8,0.0,2026-02-27 10:00:00
2026-02-28 23:00:00,2026-02-28 17:00:00,0.0,0.2097,0.6911,0.3243,T1,37.0,2,6.4333,2.545,-8.4167,0.0,2026-02-27 10:00:00
2026-03-01 00:00:00,2026-02-28 18:00:00,0.0,0.1355,0.5301,0.2732,T1,38.0,2,6.0133,3.71,-9.1,0.0,2026-02-27 10:00:00
2026-03-01 01:00:00,2026-02-28 19:00:00,0.0,0.0843,0.3856,0.2347,T1,39.0,2,5.4317,4.705,-9.45,0.0,2026-02-27 10:00:00
2026-03-01 02:00:00,2026-02-28 20:00:00,0.0,0.097,0.3751,0.2111,T1,40.0,2,5.0417,5.605,-9.6833,0.0,2026-02-27 10:00:00
2026-03-01 03:00:00,2026-02-28 21:00:00,0.0,0.0636,0.3914,0.1864,T1,41.0,2,4.8,6.13,-9.85,0.0,2026-02-27 10:00:00
2026-03-01 04:00:00,2026-02-28 22:00:00,0.0,0.0464,0.3043,0.1852,T1,42.0,3,4.67,6.32,-11.4667,0.0,2026-02-27 10:00:00
2026-03-01 05:00:00,2026-02-28 23:00:00,0.0,0.0782,0.4084,0.2347,T1,43.0,3,5.4,4.87,-11.1833,0.0,2026-02-27 10:00:00
2026-03-01 06:00:00,2026-03-01 00:00:00,0.0,0.1576,0.5133,0.2753,T1,44.0,3,6.115,2.635,-10.6167,0.0,2026-02-27 10:00:00
2026-03-01 07:00:00,2026-03-01 01:00:00,0.0,0.1523,0.5202,0.2732,T1,45.0,3,6.04,1.705,-10.3,0.0,2026-02-27 10:00:00
2026-03-01 08:00:00,2026-03-01 02:00:00,0.0,0.1473,0.5234,0.2678,T1,46.0,3,5.8717,1.33,-9.6167,0.0,2026-02-27 10:00:00
2026-03-01 09:00:00,2026-03-01 03:00:00,0.0,0.1424,0.552,0.2388,T1,47.0,3,5.6117,1.12,-8.2667,0.0,2026-02-27 10:00:00
2026-03-01 10:00:00,2026-03-01 04:00:00,0.0,0.08,0.471,0.2111,T1,48.0,3,5.0533,2.325,-6.6167,0.0,2026-02-27 10:00:00
2026-02-27 11:00:00,2026-02-27 05:00:00,0.0,0.217,0.7113,0.2753,T2,1.0,1,6.2133,1.625,1.7833,0.0,2026-02-27 10:00:00
2026-02-27 12:00:00,2026-02-27 06:00:00,0.0,0.2582,0.7048,0.2936,T2,2.0,1,6.3717,2.21,2.2833,0.0,2026-02-27 10:00:00
2026-02-27 13:00:00,2026-02-27 07:00:00,0.0,0.3665,0.8025,0.3725,T2,3.0,1,7.1733,2.82,2.4667,0.0,2026-02-27 10:00:00
2026-02-27 14:00:00,2026-02-27 08:00:00,0.0,0.4555,0.9016,0.4461,T2,4.0,1,8.2017,3.135,2.3,0.0,2026-02-27 10:00:00
2026-02-27 15:00:00,2026-02-27 09:00:00,0.0664,0.5261,0.9538,0.5709,T2,5.0,1,9.3117,3.105,1.7,0.0,2026-02-27 10:00:00
2026-02-27 16:00:00,2026-02-27 10:00:00,0.1909,0.527,0.9672,0.6898,T2,6.0,1,10.4,2.985,0.6833,0.0,2026-02-27 10:00:00
2026-02-27 17:00:00,2026-02-27 11:00:00,0.2592,0.6821,0.969,0.7639,T2,7.0,1,10.9717,3.885,-0.15,0.0,2026-02-27 10:00:00
2026-02-27 18:00:00,2026-02-27 12:00:00,0.315,0.7596,0.97,0.7639,T2,8.0,1,11.0983,4.805,-0.8667,0.0,2026-02-27 10:00:00
2026-02-27 19:00:00,2026-02-27 13:00:00,0.3157,0.8122,0.97,0.7639,T2,9.0,1,11.1733,4.805,-1.7667,0.0,2026-02-27 10:00:00
2026-02-27 20:00:00,2026-02-27 14:00:00,0.3239,0.8129,0.97,0.7639,T2,10.0,1,11.0833,4.645,-2.5333,0.0,2026-02-27 10:00:00
2026-02-27 21:00:00,2026-02-27 15:00:00,0.3174,0.7147,0.97,0.7639,T2,11.0,1,10.8,4.155,-3.1833,0.0,2026-02-27 10:00:00
2026-02-27 22:00:00,2026-02-27 16:00:00,0.2515,0.6695,0.965,0.73,T2,12.0,1,10.4633,3.725,-3.7833,0.0,2026-02-27 10:00:00
2026-02-27 23:00:00,2026-02-27 17:00:00,0.1256,0.6135,0.97,0.6794,T2,13.0,1,9.865,4.16,-3.9833,0.0,2026-02-27 10:00:00
2026-02-28 00:00:00,2026-02-27 18:00:00,0.0248,0.5441,0.9679,0.6301,T2,14.0,1,9.4533,4.245,-4.0667,0.0,2026-02-27 10:00:00
2026-02-28 01:00:00,2026-02-27 19:00:00,0.044,0.5528,0.97,0.65,T2,15.0,1,9.6433,4.46,-4.4833,0.0,2026-02-27 10:00:00
2026-02-28 02:00:00,2026-02-27 20:00:00,0.1803,0.6125,0.97,0.6898,T2,16.0,1,10.115,4.66,-4.9667,0.0,2026-02-27 10:00:00
2026-02-28 03:00:00,2026-02-27 21:00:00,0.2539,0.672,0.965,0.7536,T2,17.0,1,10.5533,4.57,-5.4333,0.0,2026-02-27 10:00:00
2026-02-28 04:00:00,2026-02-27 22:00:00,0.1426,0.6755,0.97,0.7639,T2,18.0,2,10.87,5.23,-7.05,0.0,2026-02-27 10:00:00
2026-02-28 05:00:00,2026-02-27 23:00:00,0.2168,0.7572,0.97,0.7831,T2,19.0,2,11.425,4.43,-7.6167,0.0,2026-02-27 10:00:00
2026-02-28 06:00:00,2026-02-28 00:00:00,0.2536,0.7268,0.9629,0.8017,T2,20.0,2,11.6583,3.745,-8.0,0.0,2026-02-27 10:00:00
2026-02-28 07:00:00,2026-02-28 01:00:00,0.1928,0.6572,0.9591,0.7831,T2,21.0,2,11.3567,3.605,-8.1667,0.0,2026-02-27 10:00:00
2026-02-28 08:00:00,2026-02-28 02:00:00,0.1122,0.6767,0.9561,0.7639,T2,22.0,2,11.04,3.54,-8.1833,0.0,2026-02-27 10:00:00
2026-02-28 09:00:00,2026-02-28 03:00:00,0.1631,0.627,0.9627,0.7639,T2,23.0,2,10.785,3.24,-8.0667,0.0,2026-02-27 10:00:00
2026-02-28 10:00:00,2026-02-28 04:00:00,0.2353,0.6091,0.9679,0.7536,T2,24.0,2,10.6883,2.745,-7.8167,0.0,2026-02-27 10:00:00
2026-02-28 11:00:00,2026-02-28 05:00:00,0.3099,0.6293,0.97,0.7536,T2,25.0,2,10.52,1.18,-7.0667,0.0,2026-02-27 10:00:00
2026-02-28 12:00:00,2026-02-28 06:00:00,0.2859,0.6526,0.97,0.7338,T2,26.0,2,10.4633,1.335,-6.3667,0.0,2026-02-27 10:00:00
2026-02-28 13:00:00,2026-02-28 07:00:00,0.3074,0.6722,0.97,0.7536,T2,27.0,2,10.71,1.445,-6.2,0.0,2026-02-27 10:00:00
2026-02-28 14:00:00,2026-02-28 08:00:00,0.3076,0.6716,0.97,0.7639,T2,28.0,2,10.845,1.89,-6.15,0.0,2026-02-27 10:00:00
2026-02-28 15:00:00,2026-02-28 09:00:00,0.2427,0.5928,0.9655,0.7639,T2,29.0,2,10.74,2.535,-6.1833,0.0,2026-02-27 10:00:00
2026-02-28 16:00:00,2026-02-28 10:00:00,0.2026,0.5358,0.9609,0.73,T2,30.0,2,10.3717,3.165,-6.2667,0.0,2026-02-27 10:00:00
2026-02-28 17:00:00,2026-02-28 11:00:00,0.0619,0.5619,0.9622,0.681,T2,31.0,2,10.0467,3.82,-6.6,0.0,2026-02-27 10:00:00
2026-02-28 18:00:00,2026-02-28 12:00:00,0.0,0.5655,0.9244,0.6587,T2,32.0,2,9.6933,4.55,-7.05,0.0,2026-02-27 10:00:00
2026-02-28 19:00:00,2026-02-28 13:00:00,0.0,0.5665,0.8807,0.5531,T2,33.0,2,9.06,4.25,-7.2167,0.0,2026-02-27 10:00:00
2026-02-28 20:00:00,2026-02-28 14:00:00,0.0,0.4643,0.7949,0.4601,T2,34.0,2,8.26,3.54,-7.2833,0.0,2026-02-27 10:00:00
2026-02-28 21:00:00,2026-02-28 15:00:00,0.0,0.3655,0.7281,0.3974,T2,35.0,2,7.545,2.93,-7.5,0.0,2026-02-27 10:00:00
2026-02-28 22:00:00,2026-02-28 16:00:00,0.0,0.334,0.7375,0.3567,T2,36.0,2,6.8817,2.295,-7.8,0.0,2026-02-27 10:00:00
2026-02-28 23:00:00,2026-02-28 17:00:00,0.0,0.2095,0.6911,0.3243,T2,37.0,2,6.4333,2.545,-8.4167,0.0,2026-02-27 10:00:00
2026-03-01 00:00:00,2026-02-28 18:00:00,0.0,0.1351,0.5301,0.2732,T2,38.0,2,6.0133,3.71,-9.1,0.0,2026-02-27 10:00:00
2026-03-01 01:00:00,2026-02-28 19:00:00,0.0,0.0833,0.3856,0.2347,T2,39.0,2,5.4317,4.705,-9.45,0.0,2026-02-27 10:00:00
2026-03-01 02:00:00,2026-02-28 20:00:00,0.0,0.096,0.3751,0.2111,T2,40.0,2,5.0417,5.605,-9.6833,0.0,2026-02-27 10:00:00
2026-03-01 03:00:00,2026-02-28 21:00:00,0.0,0.0628,0.3914,0.1864,T2,41.0,2,4.8,6.13,-9.85,0.0,2026-02-27 10:00:00
2026-03-01 04:00:00,2026-02-28 22:00:00,0.0,0.0456,0.3043,0.1852,T2,42.0,3,4.67,6.32,-11.4667,0.0,2026-02-27 10:00:00
2026-03-01 05:00:00,2026-02-28 23:00:00,0.0,0.0766,0.4084,0.2347,T2,43.0,3,5.4,4.87,-11.1833,0.0,2026-02-27 10:00:00
2026-03-01 06:00:00,2026-03-01 00:00:00,0.0,0.1562,0.5133,0.2753,T2,44.0,3,6.115,2.635,-10.6167,0.0,2026-02-27 10:00:00
2026-03-01 07:00:00,2026-03-01 01:00:00,0.0,0.1509,0.5202,0.2732,T2,45.0,3,6.04,1.705,-10.3,0.0,2026-02-27 10:00:00
2026-03-01 08:00:00,2026-03-01 02:00:00,0.0,0.1459,0.5234,0.2678,T2,46.0,3,5.8717,1.33,-9.6167,0.0,2026-02-27 10:00:00
2026-03-01 09:00:00,2026-03-01 03:00:00,0.0,0.141,0.552,0.2388,T2,47.0,3,5.6117,1.12,-8.2667,0.0,2026-02-27 10:00:00
2026-03-01 10:00:00,2026-03-01 04:00:00,0.0,0.0786,0.471,0.2111,T2,48.0,3,5.0533,2.325,-6.6167,0.0,2026-02-27 10:00:00
2026-02-27 11:00:00,2026-02-27 05:00:00,0.0,0.2177,0.7113,0.2753,ВЭС,1.0,1,6.2133,1.625,1.7833,0.0,2026-02-27 10:00:00
2026-02-27 12:00:00,2026-02-27 06:00:00,0.0,0.2556,0.7048,0.2936,ВЭС,2.0,1,6.3717,2.21,2.2833,0.0,2026-02-27 10:00:00
2026-02-27 13:00:00,2026-02-27 07:00:00,0.0,0.3638,0.8025,0.3725,ВЭС,3.0,1,7.1733,2.82,2.4667,0.0,2026-02-27 10:00:00
2026-02-27 14:00:00,2026-02-27 08:00:00,0.0,0.4529,0.9016,0.4461,ВЭС,4.0,1,8.2017,3.135,2.3,0.0,2026-02-27 10:00:00
2026-02-27 15:00:00,2026-02-27 09:00:00,0.0675,0.5234,0.9556,0.5709,ВЭС,5.0,1,9.3117,3.105,1.7,0.0,2026-02-27 10:00:00
2026-02-27 16:00:00,2026-02-27 10:00:00,0.1893,0.5269,0.9711,0.6898,ВЭС,6.0,1,10.4,2.985,0.6833,0.0,2026-02-27 10:00:00
2026-02-27 17:00:00,2026-02-27 11:00:00,0.2524,0.682,0.9751,0.7639,ВЭС,7.0,1,10.9717,3.885,-0.15,0.0,2026-02-27 10:00:00
2026-02-27 18:00:00,2026-02-27 12:00:00,0.2661,0.7595,0.975,0.7639,ВЭС,8.0,1,11.0983,4.805,-0.8667,0.0,2026-02-27 10:00:00
2026-02-27 19:00:00,2026-02-27 13:00:00,0.2713,0.8121,0.9775,0.7639,ВЭС,9.0,1,11.1733,4.805,-1.7667,0.0,2026-02-27 10:00:00
2026-02-27 20:00:00,2026-02-27 14:00:00,0.2773,0.8131,0.9768,0.7639,ВЭС,10.0,1,11.0833,4.645,-2.5333,0.0,2026-02-27 10:00:00
2026-02-27 21:00:00,2026-02-27 15:00:00,0.272,0.7148,0.9784,0.7639,ВЭС,11.0,1,10.8,4.155,-3.1833,0.0,2026-02-27 10:00:00
2026-02-27 22:00:00,2026-02-27 16:00:00,0.2125,0.6671,0.9697,0.73,ВЭС,12.0,1,10.4633,3.725,-3.7833,0.0,2026-02-27 10:00:00
2026-02-27 23:00:00,2026-02-27 17:00:00,0.0902,0.6096,0.9756,0.6794,ВЭС,13.0,1,9.865,4.16,-3.9833,0.0,2026-02-27 10:00:00
2026-02-28 00:00:00,2026-02-27 18:00:00,0.0137,0.539,0.971,0.6301,ВЭС,14.0,1,9.4533,4.245,-4.0667,0.0,2026-02-27 10:00:00
2026-02-28 01:00:00,2026-02-27 19:00:00,0.022,0.5492,0.9746,0.65,ВЭС,15.0,1,9.6433,4.46,-4.4833,0.0,2026-02-27 10:00:00
2026-02-28 02:00:00,2026-02-27 20:00:00,0.1477,0.6089,0.9744,0.6898,ВЭС,16.0,1,10.115,4.66,-4.9667,0.0,2026-02-27 10:00:00
2026-02-28 03:00:00,2026-02-27 21:00:00,0.2365,0.6684,0.9703,0.7536,ВЭС,17.0,1,10.5533,4.57,-5.4333,0.0,2026-02-27 10:00:00
2026-02-28 04:00:00,2026-02-27 22:00:00,0.145,0.6736,0.9764,0.7639,ВЭС,18.0,2,10.87,5.23,-7.05,0.0,2026-02-27 10:00:00
2026-02-28 05:00:00,2026-02-27 23:00:00,0.1968,0.7539,0.9769,0.7831,ВЭС,19.0,2,11.425,4.43,-7.6167,0.0,2026-02-27 10:00:00
2026-02-28 06:00:00,2026-02-28 00:00:00,0.2745,0.7234,0.9689,0.8017,ВЭС,20.0,2,11.6583,3.745,-8.0,0.0,2026-02-27 10:00:00
2026-02-28 07:00:00,2026-02-28 01:00:00,0.218,0.6539,0.9652,0.7831,ВЭС,21.0,2,11.3567,3.605,-8.1667,0.0,2026-02-27 10:00:00
2026-02-28 08:00:00,2026-02-28 02:00:00,0.1472,0.6758,0.9617,0.7639,ВЭС,22.0,2,11.04,3.54,-8.1833,0.0,2026-02-27 10:00:00
2026-02-28 09:00:00,2026-02-28 03:00:00,0.1852,0.6262,0.968,0.7639,ВЭС,23.0,2,10.785,3.24,-8.0667,0.0,2026-02-27 10:00:00
2026-02-28 10:00:00,2026-02-28 04:00:00,0.2597,0.608,0.9726,0.7536,ВЭС,24.0,2,10.6883,2.745,-7.8167,0.0,2026-02-27 10:00:00
2026-02-28 11:00:00,2026-02-28 05:00:00,0.325,0.6282,0.9767,0.7536,ВЭС,25.0,2,10.52,1.18,-7.0667,0.0,2026-02-27 10:00:00
2026-02-28 12:00:00,2026-02-28 06:00:00,0.3028,0.6513,0.9762,0.7338,ВЭС,26.0,2,10.4633,1.335,-6.3667,0.0,2026-02-27 10:00:00
2026-02-28 13:00:00,2026-02-28 07:00:00,0.3238,0.6711,0.9775,0.7536,ВЭС,27.0,2,10.71,1.445,-6.2,0.0,2026-02-27 10:00:00
2026-02-28 14:00:00,2026-02-28 08:00:00,0.3202,0.6705,0.9772,0.7639,ВЭС,28.0,2,10.845,1.89,-6.15,0.0,2026-02-27 10:00:00
2026-02-28 15:00:00,2026-02-28 09:00:00,0.2609,0.5916,0.9694,0.7639,ВЭС,29.0,2,10.74,2.535,-6.1833,0.0,2026-02-27 10:00:00
2026-02-28 16:00:00,2026-02-28 10:00:00,0.2159,0.5345,0.9646,0.73,ВЭС,30.0,2,10.3717,3.165,-6.2667,0.0,2026-02-27 10:00:00
2026-02-28 17:00:00,2026-02-28 11:00:00,0.1068,0.5605,0.9638,0.681,ВЭС,31.0,2,10.0467,3.82,-6.6,0.0,2026-02-27 10:00:00
2026-02-28 18:00:00,2026-02-28 12:00:00,0.0169,0.564,0.9265,0.6587,ВЭС,32.0,2,9.6933,4.55,-7.05,0.0,2026-02-27 10:00:00
2026-02-28 19:00:00,2026-02-28 13:00:00,0.0,0.5647,0.8821,0.5531,ВЭС,33.0,2,9.06,4.25,-7.2167,0.0,2026-02-27 10:00:00
2026-02-28 20:00:00,2026-02-28 14:00:00,0.0,0.4644,0.7955,0.4601,ВЭС,34.0,2,8.26,3.54,-7.2833,0.0,2026-02-27 10:00:00
2026-02-28 21:00:00,2026-02-28 15:00:00,0.0,0.3656,0.7281,0.3974,ВЭС,35.0,2,7.545,2.93,-7.5,0.0,2026-02-27 10:00:00
2026-02-28 22:00:00,2026-02-28 16:00:00,0.0,0.3341,0.7375,0.3567,ВЭС,36.0,2,6.8817,2.295,-7.8,0.0,2026-02-27 10:00:00
2026-02-28 23:00:00,2026-02-28 17:00:00,0.0,0.2096,0.6911,0.3243,ВЭС,37.0,2,6.4333,2.545,-8.4167,0.0,2026-02-27 10:00:00
2026-03-01 00:00:00,2026-02-28 18:00:00,0.0,0.1353,0.5301,0.2732,ВЭС,38.0,2,6.0133,3.71,-9.1,0.0,2026-02-27 10:00:00
2026-03-01 01:00:00,2026-02-28 19:00:00,0.0,0.0838,0.3856,0.2347,ВЭС,39.0,2,5.4317,4.705,-9.45,0.0,2026-02-27 10:00:00
2026-03-01 02:00:00,2026-02-28 20:00:00,0.0,0.0965,0.3751,0.2111,ВЭС,40.0,2,5.0417,5.605,-9.6833,0.0,2026-02-27 10:00:00
2026-03-01 03:00:00,2026-02-28 21:00:00,0.0,0.0632,0.3914,0.1864,ВЭС,41.0,2,4.8,6.13,-9.85,0.0,2026-02-27 10:00:00
2026-03-01 04:00:00,2026-02-28 22:00:00,0.0,0.046,0.3043,0.1852,ВЭС,42.0,3,4.67,6.32,-11.4667,0.0,2026-02-27 10:00:00
2026-03-01 05:00:00,2026-02-28 23:00:00,0.0,0.0774,0.4084,0.2347,ВЭС,43.0,3,5.4,4.87,-11.1833,0.0,2026-02-27 10:00:00
2026-03-01 06:00:00,2026-03-01 00:00:00,0.0,0.1569,0.5133,0.2753,ВЭС,44.0,3,6.115,2.635,-10.6167,0.0,2026-02-27 10:00:00
2026-03-01 07:00:00,2026-03-01 01:00:00,0.0,0.1516,0.5202,0.2732,ВЭС,45.0,3,6.04,1.705,-10.3,0.0,2026-02-27 10:00:00
2026-03-01 08:00:00,2026-03-01 02:00:00,0.0,0.1466,0.5234,0.2678,ВЭС,46.0,3,5.8717,1.33,-9.6167,0.0,2026-02-27 10:00:00
2026-03-01 09:00:00,2026-03-01 03:00:00,0.0,0.1417,0.552,0.2388,ВЭС,47.0,3,5.6117,1.12,-8.2667,0.0,2026-02-27 10:00:00
2026-03-01 10:00:00,2026-03-01 04:00:00,0.0,0.0793,0.471,0.2111,ВЭС,48.0,3,5.0533,2.325,-6.6167,0.0,2026-02-27 10:00:00
2026-02-27 23:00:00,2026-02-27 17:00:00,0.0547,0.6056,0.9811,0.6794,T1,1.0,1,9.865,4.16,-3.9833,0.0,2026-02-27 22:00:00
2026-02-28 00:00:00,2026-02-27 18:00:00,0.0027,0.5339,0.9741,0.6301,T1,2.0,1,9.4533,4.245,-4.0667,0.0,2026-02-27 22:00:00
2026-02-28 01:00:00,2026-02-27 19:00:00,0.0,0.5456,0.9793,0.65,T1,3.0,1,9.6433,4.46,-4.4833,0.0,2026-02-27 22:00:00
2026-02-28 02:00:00,2026-02-27 20:00:00,0.1151,0.6053,0.9788,0.6898,T1,4.0,1,10.115,4.66,-4.9667,0.0,2026-02-27 22:00:00
2026-02-28 03:00:00,2026-02-27 21:00:00,0.219,0.6648,0.9757,0.7536,T1,5.0,1,10.5533,4.57,-5.4333,0.0,2026-02-27 22:00:00
2026-02-28 04:00:00,2026-02-27 22:00:00,0.237,0.6793,0.975,0.7639,T1,6.0,1,10.7833,4.29,-5.75,0.0,2026-02-27 22:00:00
2026-02-28 05:00:00,2026-02-27 23:00:00,0.2347,0.7294,0.9738,0.7639,T1,7.0,1,11.1,3.915,-6.3833,0.0,2026-02-27 22:00:00
2026-02-28 06:00:00,2026-02-28 00:00:00,0.2596,0.6764,0.9724,0.7639,T1,8.0,1,11.2067,3.01,-7.0,0.0,2026-02-27 22:00:00
2026-02-28 07:00:00,2026-02-28 01:00:00,0.347,0.6713,0.9753,0.7831,T1,9.0,1,11.4867,3.25,-7.3333,0.0,2026-02-27 22:00:00
2026-02-28 08:00:00,2026-02-28 02:00:00,0.3617,0.7539,0.9764,0.8217,T1,10.0,1,12.18,3.9,-7.6667,0.0,2026-02-27 22:00:00
2026-02-28 09:00:00,2026-02-28 03:00:00,0.4427,0.8747,0.9794,0.872,T1,11.0,1,12.5717,4.72,-7.8167,0.0,2026-02-27 22:00:00
2026-02-28 10:00:00,2026-02-28 04:00:00,0.4768,0.8882,0.9789,0.872,T1,12.0,1,12.5567,4.485,-7.8,0.0,2026-02-27 22:00:00
2026-02-28 11:00:00,2026-02-28 05:00:00,0.4077,0.8023,0.9764,0.8291,T1,13.0,1,12.265,4.03,-7.3,0.0,2026-02-27 22:00:00
2026-02-28 12:00:00,2026-02-28 06:00:00,0.3605,0.7541,0.9779,0.8017,T1,14.0,1,12.0717,4.095,-6.7333,0.0,2026-02-27 22:00:00
2026-02-28 13:00:00,2026-02-28 07:00:00,0.3421,0.7234,0.9791,0.8017,T1,15.0,1,12.12,4.8,-6.4833,0.0,2026-02-27 22:00:00
2026-02-28 14:00:00,2026-02-28 08:00:00,0.3444,0.6796,0.976,0.8017,T1,16.0,1,12.035,5.415,-6.4,0.0,2026-02-27 22:00:00
2026-02-28 15:00:00,2026-02-28 09:00:00,0.2066,0.6859,0.9709,0.8017,T1,17.0,1,11.7733,5.345,-6.4167,0.0,2026-02-27 22:00:00
2026-02-28 16:00:00,2026-02-28 10:00:00,0.2291,0.5332,0.9683,0.73,T1,18.0,2,10.3717,3.165,-6.2667,0.0,2026-02-27 22:00:00
2026-02-28 17:00:00,2026-02-28 11:00:00,0.1518,0.5591,0.9653,0.681,T1,19.0,2,10.0467,3.82,-6.6,0.0,2026-02-27 22:00:00
2026-02-28 18:00:00,2026-02-28 12:00:00,0.0339,0.5625,0.9285,0.6587,T1,20.0,2,9.6933,4.55,-7.05,0.0,2026-02-27 22:00:00
2026-02-28 19:00:00,2026-02-28 13:00:00,0.0,0.5629,0.8835,0.5531,T1,21.0,2,9.06,4.25,-7.2167,0.0,2026-02-27 22:00:00
2026-02-28 20:00:00,2026-02-28 14:00:00,0.0,0.4644,0.7961,0.4601,T1,22.0,2,8.26,3.54,-7.2833,0.0,2026-02-27 22:00:00
2026-02-28 21:00:00,2026-02-28 15:00:00,0.0,0.3657,0.7282,0.3974,T1,23.0,2,7.545,2.93,-7.5,0.0,2026-02-27 22:00:00
2026-02-28 22:00:00,2026-02-28 16:00:00,0.0,0.3342,0.7375,0.3567,T1,24.0,2,6.8817,2.295,-7.8,0.0,2026-02-27 22:00:00
2026-02-28 23:00:00,2026-02-28 17:00:00,0.0,0.2097,0.6911,0.3243,T1,25.0,2,6.4333,2.545,-8.4167,0.0,2026-02-27 22:00:00
2026-03-01 00:00:00,2026-02-28 18:00:00,0.0,0.1355,0.5301,0.2732,T1,26.0,2,6.0133,3.71,-9.1,0.0,2026-02-27 22:00:00
2026-03-01 01:00:00,2026-02-28 19:00:00,0.0,0.0843,0.3856,0.2347,T1,27.0,2,5.4317,4.705,-9.45,0.0,2026-02-27 22:00:00
2026-03-01 02:00:00,2026-02-28 20:00:00,0.0,0.097,0.3751,0.2111,T1,28.0,2,5.0417,5.605,-9.6833,0.0,2026-02-27 22:00:00
2026-03-01 03:00:00,2026-02-28 21:00:00,0.0,0.0636,0.3914,0.1864,T1,29.0,2,4.8,6.13,-9.85,0.0,2026-02-27 22:00:00
2026-03-01 04:00:00,2026-02-28 22:00:00,0.0,0.0548,0.3299,0.1732,T1,30.0,2,4.5983,5.885,-9.8833,0.0,2026-02-27 22:00:00
2026-03-01 05:00:00,2026-02-28 23:00:00,0.0,0.071,0.3562,0.1864,T1,31.0,2,4.7883,6.27,-9.3167,0.0,2026-02-27 22:00:00
2026-03-01 06:00:00,2026-03-01 00:00:00,0.0,0.0402,0.3549,0.1887,T1,32.0,2,4.8583,6.765,-8.7,0.0,2026-02-27 22:00:00
2026-03-01 07:00:00,2026-03-01 01:00:00,0.0098,0.0106,0.246,0.1566,T1,33.0,2,4.355,6.425,-8.55,0.0,2026-02-27 22:00:00
2026-03-01 08:00:00,2026-03-01 02:00:00,0.002,0.0298,0.1861,0.1381,T1,34.0,2,3.975,5.935,-8.1167,0.0,2026-02-27 22:00:00
2026-03-01 09:00:00,2026-03-01 03:00:00,0.0074,0.0163,0.1826,0.1275,T1,35.0,2,3.77,5.77,-7.35,0.0,2026-02-27 22:00:00
2026-03-01 10:00:00,2026-03-01 04:00:00,0.0061,0.0196,0.1617,0.1275,T1,36.0,2,3.6067,5.45,-6.4,0.0,2026-02-27 22:00:00
2026-03-01 11:00:00,2026-03-01 05:00:00,0.0056,0.0209,0.171,0.1238,T1,37.0,2,3.5433,3.485,-5.2833,0.0,2026-02-27 22:00:00
2026-03-01 12:00:00,2026-03-01 06:00:00,0.0032,0.0267,0.1552,0.1275,T1,38.0,2,3.5683,2.565,-4.3,0.0,2026-02-27 22:00:00
2026-03-01 13:00:00,2026-03-01 07:00:00,0.0011,0.032,0.164,0.1275,T1,39.0,2,3.6133,2.67,-3.5333,0.0,2026-02-27 22:00:00
2026-03-01 14:00:00,2026-03-01 08:00:00,0.001,0.0322,0.1643,0.1275,T1,40.0,2,3.6517,2.665,-2.9333,0.0,2026-02-27 22:00:00
2026-03-01 15:00:00,2026-03-01 09:00:00,0.0,0.0464,0.1788,0.1275,T1,41.0,2,3.7017,2.9,-2.65,0.0,2026-02-27 22:00:00
2026-03-01 16:00:00,2026-03-01 10:00:00,0.0,0.0746,0.3684,0.1511,T1,42.0,3,4.34,2.525,-2.3833,0.0,2026-02-27 22:00:00
2026-03-01 17:00:00,2026-03-01 11:00:00,0.0,0.0755,0.3432,0.1511,T1,43.0,3,4.2867,1.28,-3.9667,0.0,2026-02-27 22:00:00
2026-03-01 18:00:00,2026-03-01 12:00:00,0.0,0.0564,0.2742,0.1472,T1,44.0,3,4.1217,1.685,-5.9667,0.0,2026-02-27 22:00:00
2026-03-01 19:00:00,2026-03-01 13:00:00,0.0,0.0407,0.3479,0.115,T1,45.0,3,3.4367,2.84,-7.0333,0.0,2026-02-27 22:00:00
2026-03-01 20:00:00,2026-03-01 14:00:00,0.005,0.0225,0.2903,0.1082,T1,46.0,3,3.1683,0.84,-7.5667,0.0,2026-02-27 22:00:00
2026-03-01 21:00:00,2026-03-01 15:00:00,0.0,0.0775,0.4079,0.1082,T1,47.0,3,3.19,3.795,-7.5167,0.0,2026-02-27 22:00:00
2026-03-01 22:00:00,2026-03-01 16:00:00,0.0,0.1465,0.5347,0.1275,T1,48.0,3,3.5867,7.05,-6.9333,0.0,2026-02-27 22:00:00
2026-02-27 23:00:00,2026-02-27 17:00:00,0.1256,0.6135,0.97,0.6794,T2,1.0,1,9.865,4.16,-3.9833,0.0,2026-02-27 22:00:00
2026-02-28 00:00:00,2026-02-27 18:00:00,0.0248,0.5441,0.9679,0.6301,T2,2.0,1,9.4533,4.245,-4.0667,0.0,2026-02-27 22:00:00
2026-02-28 01:00:00,2026-02-27 19:00:00,0.044,0.5528,0.97,0.65,T2,3.0,1,9.6433,4.46,-4.4833,0.0,2026-02-27 22:00:00
2026-02-28 02:00:00,2026-02-27 20:00:00,0.1803,0.6125,0.97,0.6898,T2,4.0,1,10.115,4.66,-4.9667,0.0,2026-02-27 22:00:00
2026-02-28 03:00:00,2026-02-27 21:00:00,0.2539,0.672,0.965,0.7536,T2,5.0,1,10.5533,4.57,-5.4333,0.0,2026-02-27 22:00:00
2026-02-28 04:00:00,2026-02-27 22:00:00,0.2598,0.6861,0.9643,0.7639,T2,6.0,1,10.7833,4.29,-5.75,0.0,2026-02-27 22:00:00
2026-02-28 05:00:00,2026-02-27 23:00:00,0.2755,0.7393,0.963,0.7639,T2,7.0,1,11.1,3.915,-6.3833,0.0,2026-02-27 22:00:00
2026-02-28 06:00:00,2026-02-28 00:00:00,0.2775,0.6833,0.9603,0.7639,T2,8.0,1,11.2067,3.01,-7.0,0.0,2026-02-27 22:00:00
2026-02-28 07:00:00,2026-02-28 01:00:00,0.2997,0.678,0.9633,0.7831,T2,9.0,1,11.4867,3.25,-7.3333,0.0,2026-02-27 22:00:00
2026-02-28 08:00:00,2026-02-28 02:00:00,0.3136,0.7515,0.965,0.8217,T2,10.0,1,12.18,3.9,-7.6667,0.0,2026-02-27 22:00:00
2026-02-28 09:00:00,2026-02-28 03:00:00,0.3824,0.8716,0.968,0.872,T2,11.0,1,12.5717,4.72,-7.8167,0.0,2026-02-27 22:00:00
2026-02-28 10:00:00,2026-02-28 04:00:00,0.4009,0.8821,0.9681,0.872,T2,12.0,1,12.5567,4.485,-7.8,0.0,2026-02-27 22:00:00
2026-02-28 11:00:00,2026-02-28 05:00:00,0.3053,0.7962,0.9662,0.8291,T2,13.0,1,12.265,4.03,-7.3,0.0,2026-02-27 22:00:00
2026-02-28 12:00:00,2026-02-28 06:00:00,0.3094,0.7561,0.9672,0.8017,T2,14.0,1,12.0717,4.095,-6.7333,0.0,2026-02-27 22:00:00
2026-02-28 13:00:00,2026-02-28 07:00:00,0.329,0.7255,0.9688,0.8017,T2,15.0,1,12.12,4.8,-6.4833,0.0,2026-02-27 22:00:00
2026-02-28 14:00:00,2026-02-28 08:00:00,0.3103,0.6819,0.9673,0.8017,T2,16.0,1,12.035,5.415,-6.4,0.0,2026-02-27 22:00:00
2026-02-28 15:00:00,2026-02-28 09:00:00,0.1441,0.6936,0.9621,0.8017,T2,17.0,1,11.7733,5.345,-6.4167,0.0,2026-02-27 22:00:00
2026-02-28 16:00:00,2026-02-28 10:00:00,0.2026,0.5358,0.9609,0.73,T2,18.0,2,10.3717,3.165,-6.2667,0.0,2026-02-27 22:00:00
2026-02-28 17:00:00,2026-02-28 11:00:00,0.0619,0.5619,0.9622,0.681,T2,19.0,2,10.0467,3.82,-6.6,0.0,2026-02-27 22:00:00
2026-02-28 18:00:00,2026-02-28 12:00:00,0.0,0.5655,0.9244,0.6587,T2,20.0,2,9.6933,4.55,-7.05,0.0,2026-02-27 22:00:00
2026-02-28 19:00:00,2026-02-28 13:00:00,0.0,0.5665,0.8807,0.5531,T2,21.0,2,9.06,4.25,-7.2167,0.0,2026-02-27 22:00:00
2026-02-28 20:00:00,2026-02-28 14:00:00,0.0,0.4643,0.7949,0.4601,T2,22.0,2,8.26,3.54,-7.2833,0.0,2026-02-27 22:00:00
2026-02-28 21:00:00,2026-02-28 15:00:00,0.0,0.3655,0.7281,0.3974,T2,23.0,2,7.545,2.93,-7.5,0.0,2026-02-27 22:00:00
2026-02-28 22:00:00,2026-02-28 16:00:00,0.0,0.334,0.7375,0.3567,T2,24.0,2,6.8817,2.295,-7.8,0.0,2026-02-27 22:00:00
2026-02-28 23:00:00,2026-02-28 17:00:00,0.0,0.2095,0.6911,0.3243,T2,25.0,2,6.4333,2.545,-8.4167,0.0,2026-02-27 22:00:00
2026-03-01 00:00:00,2026-02-28 18:00:00,0.0,0.1351,0.5301,0.2732,T2,26.0,2,6.0133,3.71,-9.1,0.0,2026-02-27 22:00:00
2026-03-01 01:00:00,2026-02-28 19:00:00,0.0,0.0833,0.3856,0.2347,T2,27.0,2,5.4317,4.705,-9.45,0.0,2026-02-27 22:00:00
2026-03-01 02:00:00,2026-02-28 20:00:00,0.0,0.096,0.3751,0.2111,T2,28.0,2,5.0417,5.605,-9.6833,0.0,2026-02-27 22:00:00
2026-03-01 03:00:00,2026-02-28 21:00:00,0.0,0.0628,0.3914,0.1864,T2,29.0,2,4.8,6.13,-9.85,0.0,2026-02-27 22:00:00
2026-03-01 04:00:00,2026-02-28 22:00:00,0.0,0.054,0.3299,0.1732,T2,30.0,2,4.5983,5.885,-9.8833,0.0,2026-02-27 22:00:00
2026-03-01 05:00:00,2026-02-28 23:00:00,0.0,0.0701,0.3562,0.1864,T2,31.0,2,4.7883,6.27,-9.3167,0.0,2026-02-27 22:00:00
2026-03-01 06:00:00,2026-03-01 00:00:00,0.0,0.0393,0.3549,0.1887,T2,32.0,2,4.8583,6.765,-8.7,0.0,2026-02-27 22:00:00
2026-03-01 07:00:00,2026-03-01 01:00:00,0.0073,0.0097,0.246,0.1566,T2,33.0,2,4.355,6.425,-8.55,0.0,2026-02-27 22:00:00
2026-03-01 08:00:00,2026-03-01 02:00:00,0.0,0.0289,0.1861,0.1381,T2,34.0,2,3.975,5.935,-8.1167,0.0,2026-02-27 22:00:00
2026-03-01 09:00:00,2026-03-01 03:00:00,0.0048,0.0154,0.1826,0.1275,T2,35.0,2,3.77,5.77,-7.35,0.0,2026-02-27 22:00:00
2026-03-01 10:00:00,2026-03-01 04:00:00,0.005,0.0188,0.1617,0.1275,T2,36.0,2,3.6067,5.45,-6.4,0.0,2026-02-27 22:00:00
2026-03-01 11:00:00,2026-03-01 05:00:00,0.0,0.0202,0.171,0.1238,T2,37.0,2,3.5433,3.485,-5.2833,0.0,2026-02-27 22:00:00
2026-03-01 12:00:00,2026-03-01 06:00:00,0.0,0.0261,0.1552,0.1275,T2,38.0,2,3.5683,2.565,-4.3,0.0,2026-02-27 22:00:00
2026-03-01 13:00:00,2026-03-01 07:00:00,0.0,0.0316,0.164,0.1275,T2,39.0,2,3.6133,2.67,-3.5333,0.0,2026-02-27 22:00:00
2026-03-01 14:00:00,2026-03-01 08:00:00,0.0,0.0318,0.1643,0.1275,T2,40.0,2,3.6517,2.665,-2.9333,0.0,2026-02-27 22:00:00
2026-03-01 15:00:00,2026-03-01 09:00:00,0.0,0.0463,0.1788,0.1275,T2,41.0,2,3.7017,2.9,-2.65,0.0,2026-02-27 22:00:00
2026-03-01 16:00:00,2026-03-01 10:00:00,0.0,0.0746,0.3684,0.1511,T2,42.0,3,4.34,2.525,-2.3833,0.0,2026-02-27 22:00:00
2026-03-01 17:00:00,2026-03-01 11:00:00,0.0,0.0767,0.3432,0.1511,T2,43.0,3,4.2867,1.28,-3.9667,0.0,2026-02-27 22:00:00
2026-03-01 18:00:00,2026-03-01 12:00:00,0.0,0.0563,0.2742,0.1472,T2,44.0,3,4.1217,1.685,-5.9667,0.0,2026-02-27 22:00:00
2026-03-01 19:00:00,2026-03-01 13:00:00,0.0,0.0406,0.3479,0.115,T2,45.0,3,3.4367,2.84,-7.0333,0.0,2026-02-27 22:00:00
2026-03-01 20:00:00,2026-03-01 14:00:00,0.0047,0.0223,0.2903,0.1082,T2,46.0,3,3.1683,0.84,-7.5667,0.0,2026-02-27 22:00:00
2026-03-01 21:00:00,2026-03-01 15:00:00,0.0,0.0771,0.4079,0.1082,T2,47.0,3,3.19,3.795,-7.5167,0.0,2026-02-27 22:00:00
2026-03-01 22:00:00,2026-03-01 16:00:00,0.0,0.1366,0.5347,0.1275,T2,48.0,3,3.5867,7.05,-6.9333,0.0,2026-02-27 22:00:00
2026-02-27 23:00:00,2026-02-27 17:00:00,0.0902,0.6096,0.9756,0.6794,ВЭС,1.0,1,9.865,4.16,-3.9833,0.0,2026-02-27 22:00:00
2026-02-28 00:00:00,2026-02-27 18:00:00,0.0137,0.539,0.971,0.6301,ВЭС,2.0,1,9.4533,4.245,-4.0667,0.0,2026-02-27 22:00:00
2026-02-28 01:00:00,2026-02-27 19:00:00,0.022,0.5492,0.9746,0.65,ВЭС,3.0,1,9.6433,4.46,-4.4833,0.0,2026-02-27 22:00:00
2026-02-28 02:00:00,2026-02-27 20:00:00,0.1477,0.6089,0.9744,0.6898,ВЭС,4.0,1,10.115,4.66,-4.9667,0.0,2026-02-27 22:00:00
2026-02-28 03:00:00,2026-02-27 21:00:00,0.2365,0.6684,0.9703,0.7536,ВЭС,5.0,1,10.5533,4.57,-5.4333,0.0,2026-02-27 22:00:00
2026-02-28 04:00:00,2026-02-27 22:00:00,0.2484,0.6827,0.9697,0.7639,ВЭС,6.0,1,10.7833,4.29,-5.75,0.0,2026-02-27 22:00:00
2026-02-28 05:00:00,2026-02-27 23:00:00,0.2551,0.7343,0.9684,0.7639,ВЭС,7.0,1,11.1,3.915,-6.3833,0.0,2026-02-27 22:00:00
2026-02-28 06:00:00,2026-02-28 00:00:00,0.2685,0.6798,0.9663,0.7639,ВЭС,8.0,1,11.2067,3.01,-7.0,0.0,2026-02-27 22:00:00
2026-02-28 07:00:00,2026-02-28 01:00:00,0.3234,0.6746,0.9693,0.7831,ВЭС,9.0,1,11.4867,3.25,-7.3333,0.0,2026-02-27 22:00:00
2026-02-28 08:00:00,2026-02-28 02:00:00,0.3377,0.7527,0.9707,0.8217,ВЭС,10.0,1,12.18,3.9,-7.6667,0.0,2026-02-27 22:00:00
2026-02-28 09:00:00,2026-02-28 03:00:00,0.4125,0.8731,0.9737,0.872,ВЭС,11.0,1,12.5717,4.72,-7.8167,0.0,2026-02-27 22:00:00
2026-02-28 10:00:00,2026-02-28 04:00:00,0.4389,0.8851,0.9735,0.872,ВЭС,12.0,1,12.5567,4.485,-7.8,0.0,2026-02-27 22:00:00
2026-02-28 11:00:00,2026-02-28 05:00:00,0.3565,0.7992,0.9713,0.8291,ВЭС,13.0,1,12.265,4.03,-7.3,0.0,2026-02-27 22:00:00
2026-02-28 12:00:00,2026-02-28 06:00:00,0.3349,0.7551,0.9726,0.8017,ВЭС,14.0,1,12.0717,4.095,-6.7333,0.0,2026-02-27 22:00:00
2026-02-28 13:00:00,2026-02-28 07:00:00,0.3355,0.7244,0.9739,0.8017,ВЭС,15.0,1,12.12,4.8,-6.4833,0.0,2026-02-27 22:00:00
2026-02-28 14:00:00,2026-02-28 08:00:00,0.3273,0.6808,0.9717,0.8017,ВЭС,16.0,1,12.035,5.415,-6.4,0.0,2026-02-27 22:00:00
2026-02-28 15:00:00,2026-02-28 09:00:00,0.1754,0.6897,0.9665,0.8017,ВЭС,17.0,1,11.7733,5.345,-6.4167,0.0,2026-02-27 22:00:00
2026-02-28 16:00:00,2026-02-28 10:00:00,0.2159,0.5345,0.9646,0.73,ВЭС,18.0,2,10.3717,3.165,-6.2667,0.0,2026-02-27 22:00:00
2026-02-28 17:00:00,2026-02-28 11:00:00,0.1068,0.5605,0.9638,0.681,ВЭС,19.0,2,10.0467,3.82,-6.6,0.0,2026-02-27 22:00:00
2026-02-28 18:00:00,2026-02-28 12:00:00,0.0169,0.564,0.9265,0.6587,ВЭС,20.0,2,9.6933,4.55,-7.05,0.0,2026-02-27 22:00:00
2026-02-28 19:00:00,2026-02-28 13:00:00,0.0,0.5647,0.8821,0.5531,ВЭС,21.0,2,9.06,4.25,-7.2167,0.0,2026-02-27 22:00:00
2026-02-28 20:00:00,2026-02-28 14:00:00,0.0,0.4644,0.7955,0.4601,ВЭС,22.0,2,8.26,3.54,-7.2833,0.0,2026-02-27 22:00:00
2026-02-28 21:00:00,2026-02-28 15:00:00,0.0,0.3656,0.7281,0.3974,ВЭС,23.0,2,7.545,2.93,-7.5,0.0,2026-02-27 22:00:00
2026-02-28 22:00:00,2026-02-28 16:00:00,0.0,0.3341,0.7375,0.3567,ВЭС,24.0,2,6.8817,2.295,-7.8,0.0,2026-02-27 22:00:00
2026-02-28 23:00:00,2026-02-28 17:00:00,0.0,0.2096,0.6911,0.3243,ВЭС,25.0,2,6.4333,2.545,-8.4167,0.0,2026-02-27 22:00:00
2026-03-01 00:00:00,2026-02-28 18:00:00,0.0,0.1353,0.5301,0.2732,ВЭС,26.0,2,6.0133,3.71,-9.1,0.0,2026-02-27 22:00:00
2026-03-01 01:00:00,2026-02-28 19:00:00,0.0,0.0838,0.3856,0.2347,ВЭС,27.0,2,5.4317,4.705,-9.45,0.0,2026-02-27 22:00:00
2026-03-01 02:00:00,2026-02-28 20:00:00,0.0,0.0965,0.3751,0.2111,ВЭС,28.0,2,5.0417,5.605,-9.6833,0.0,2026-02-27 22:00:00
2026-03-01 03:00:00,2026-02-28 21:00:00,0.0,0.0632,0.3914,0.1864,ВЭС,29.0,2,4.8,6.13,-9.85,0.0,2026-02-27 22:00:00
2026-03-01 04:00:00,2026-02-28 22:00:00,0.0,0.0544,0.3299,0.1732,ВЭС,30.0,2,4.5983,5.885,-9.8833,0.0,2026-02-27 22:00:00
2026-03-01 05:00:00,2026-02-28 23:00:00,0.0,0.0705,0.3562,0.1864,ВЭС,31.0,2,4.7883,6.27,-9.3167,0.0,2026-02-27 22:00:00
2026-03-01 06:00:00,2026-03-01 00:00:00,0.0,0.0398,0.3549,0.1887,ВЭС,32.0,2,4.8583,6.765,-8.7,0.0,2026-02-27 22:00:00
2026-03-01 07:00:00,2026-03-01 01:00:00,0.0085,0.0102,0.246,0.1566,ВЭС,33.0,2,4.355,6.425,-8.55,0.0,2026-02-27 22:00:00
2026-03-01 08:00:00,2026-03-01 02:00:00,0.001,0.0293,0.1861,0.1381,ВЭС,34.0,2,3.975,5.935,-8.1167,0.0,2026-02-27 22:00:00
2026-03-01 09:00:00,2026-03-01 03:00:00,0.0061,0.0159,0.1826,0.1275,ВЭС,35.0,2,3.77,5.77,-7.35,0.0,2026-02-27 22:00:00
2026-03-01 10:00:00,2026-03-01 04:00:00,0.0056,0.0192,0.1617,0.1275,ВЭС,36.0,2,3.6067,5.45,-6.4,0.0,2026-02-27 22:00:00
2026-03-01 11:00:00,2026-03-01 05:00:00,0.0028,0.0205,0.171,0.1238,ВЭС,37.0,2,3.5433,3.485,-5.2833,0.0,2026-02-27 22:00:00
2026-03-01 12:00:00,2026-03-01 06:00:00,0.0016,0.0264,0.1552,0.1275,ВЭС,38.0,2,3.5683,2.565,-4.3,0.0,2026-02-27 22:00:00
2026-03-01 13:00:00,2026-03-01 07:00:00,0.0006,0.0318,0.164,0.1275,ВЭС,39.0,2,3.6133,2.67,-3.5333,0.0,2026-02-27 22:00:00
2026-03-01 14:00:00,2026-03-01 08:00:00,0.0005,0.032,0.1643,0.1275,ВЭС,40.0,2,3.6517,2.665,-2.9333,0.0,2026-02-27 22:00:00
2026-03-01 15:00:00,2026-03-01 09:00:00,0.0,0.0464,0.1788,0.1275,ВЭС,41.0,2,3.7017,2.9,-2.65,0.0,2026-02-27 22:00:00
2026-03-01 16:00:00,2026-03-01 10:00:00,0.0,0.0746,0.3684,0.1511,ВЭС,42.0,3,4.34,2.525,-2.3833,0.0,2026-02-27 22:00:00
2026-03-01 17:00:00,2026-03-01 11:00:00,0.0,0.0761,0.3432,0.1511,ВЭС,43.0,3,4.2867,1.28,-3.9667,0.0,2026-02-27 22:00:00
2026-03-01 18:00:00,2026-03-01 12:00:00,0.0,0.0564,0.2742,0.1472,ВЭС,44.0,3,4.1217,1.685,-5.9667,0.0,2026-02-27 22:00:00
2026-03-01 19:00:00,2026-03-01 13:00:00,0.0,0.0406,0.3479,0.115,ВЭС,45.0,3,3.4367,2.84,-7.0333,0.0,2026-02-27 22:00:00
2026-03-01 20:00:00,2026-03-01 14:00:00,0.0048,0.0224,0.2903,0.1082,ВЭС,46.0,3,3.1683,0.84,-7.5667,0.0,2026-02-27 22:00:00
2026-03-01 21:00:00,2026-03-01 15:00:00,0.0,0.0773,0.4079,0.1082,ВЭС,47.0,3,3.19,3.795,-7.5167,0.0,2026-02-27 22:00:00
2026-03-01 22:00:00,2026-03-01 16:00:00,0.0,0.1416,0.5347,0.1275,ВЭС,48.0,3,3.5867,7.05,-6.9333,0.0,2026-02-27 22:00:00
