time_local,turbine,time_utc,p10,p50,p90,curve,hours_ahead,lead_day,ws_mean,ws_spread,temp,icing_risk,issue_local
2026-02-01 00:00:00,T1,2026-01-31 18:00:00,0.0079,0.0153,0.1554,0.115,2.0,1,3.4517,3.885,-2.2167,0.0,2026-01-31 22:00:00
2026-02-01 00:00:00,T2,2026-01-31 18:00:00,0.0065,0.0146,0.1554,0.115,2.0,1,3.4517,3.885,-2.2167,0.0,2026-01-31 22:00:00
2026-02-01 00:00:00,ВЭС,2026-01-31 18:00:00,0.0072,0.0149,0.1554,0.115,2.0,1,3.4517,3.885,-2.2167,0.0,2026-01-31 22:00:00
2026-02-01 01:00:00,T1,2026-01-31 19:00:00,0.0087,0.0131,0.082,0.1,3.0,1,3.0683,3.645,-2.4,0.0,2026-01-31 22:00:00
2026-02-01 01:00:00,T2,2026-01-31 19:00:00,0.0065,0.0123,0.082,0.1,3.0,1,3.0683,3.645,-2.4,0.0,2026-01-31 22:00:00
2026-02-01 01:00:00,ВЭС,2026-01-31 19:00:00,0.0076,0.0127,0.082,0.1,3.0,1,3.0683,3.645,-2.4,0.0,2026-01-31 22:00:00
2026-02-01 02:00:00,T1,2026-01-31 20:00:00,0.0077,0.0158,0.0666,0.0835,4.0,1,2.7367,4.935,-2.4667,0.0,2026-01-31 22:00:00
2026-02-01 02:00:00,T2,2026-01-31 20:00:00,0.0053,0.015,0.0666,0.0835,4.0,1,2.7367,4.935,-2.4667,0.0,2026-01-31 22:00:00
2026-02-01 02:00:00,ВЭС,2026-01-31 20:00:00,0.0065,0.0154,0.0666,0.0835,4.0,1,2.7367,4.935,-2.4667,0.0,2026-01-31 22:00:00
2026-02-01 03:00:00,T1,2026-01-31 21:00:00,0.0079,0.0151,0.069,0.1,5.0,1,2.9817,6.56,-2.55,0.0,2026-01-31 22:00:00
2026-02-01 03:00:00,T2,2026-01-31 21:00:00,0.0053,0.0144,0.069,0.1,5.0,1,2.9817,6.56,-2.55,0.0,2026-01-31 22:00:00
2026-02-01 03:00:00,ВЭС,2026-01-31 21:00:00,0.0066,0.0148,0.069,0.1,5.0,1,2.9817,6.56,-2.55,0.0,2026-01-31 22:00:00
2026-02-01 04:00:00,T1,2026-01-31 22:00:00,0.0083,0.0142,0.0223,0.1275,6.0,1,3.7533,8.46,-2.7333,0.0,2026-01-31 22:00:00
2026-02-01 04:00:00,T2,2026-01-31 22:00:00,0.0057,0.0135,0.0223,0.1275,6.0,1,3.7533,8.46,-2.7333,0.0,2026-01-31 22:00:00
2026-02-01 04:00:00,ВЭС,2026-01-31 22:00:00,0.007,0.0138,0.0223,0.1275,6.0,1,3.7533,8.46,-2.7333,0.0,2026-01-31 22:00:00
2026-02-01 05:00:00,T1,2026-01-31 23:00:00,0.0096,0.011,0.1679,0.1511,7.0,1,4.28,9.795,-2.75,0.0,2026-01-31 22:00:00
2026-02-01 05:00:00,T2,2026-01-31 23:00:00,0.0078,0.0104,0.1672,0.1511,7.0,1,4.28,9.795,-2.75,0.0,2026-01-31 22:00:00
2026-02-01 05:00:00,ВЭС,2026-01-31 23:00:00,0.0087,0.0107,0.1676,0.1511,7.0,1,4.28,9.795,-2.75,0.0,2026-01-31 22:00:00
2026-02-01 06:00:00,T1,2026-02-01 00:00:00,0.01,0.01,0.2829,0.1964,8.0,1,5.0167,9.8,-2.7,0.0,2026-01-31 22:00:00
2026-02-01 06:00:00,T2,2026-02-01 00:00:00,0.0081,0.0115,0.2809,0.1964,8.0,1,5.0167,9.8,-2.7,0.0,2026-01-31 22:00:00
2026-02-01 06:00:00,ВЭС,2026-02-01 00:00:00,0.009,0.0107,0.2819,0.1964,8.0,1,5.0167,9.8,-2.7,0.0,2026-01-31 22:00:00
2026-02-01 07:00:00,T1,2026-02-01 01:00:00,0.003,0.01,0.3789,0.2753,9.0,1,6.2083,8.38,-2.7667,0.0,2026-01-31 22:00:00
2026-02-01 07:00:00,T2,2026-02-01 01:00:00,0.0026,0.0091,0.3754,0.2753,9.0,1,6.2083,8.38,-2.7667,0.0,2026-01-31 22:00:00
2026-02-01 07:00:00,ВЭС,2026-02-01 01:00:00,0.0028,0.0096,0.3771,0.2753,9.0,1,6.2083,8.38,-2.7667,0.0,2026-01-31 22:00:00
2026-02-01 08:00:00,T1,2026-02-01 02:00:00,0.0,0.0404,0.3859,0.3725,10.0,1,7.1633,6.175,-2.5167,0.0,2026-01-31 22:00:00
2026-02-01 08:00:00,T2,2026-02-01 02:00:00,0.0,0.0361,0.3852,0.3725,10.0,1,7.1633,6.175,-2.5167,0.0,2026-01-31 22:00:00
2026-02-01 08:00:00,ВЭС,2026-02-01 02:00:00,0.0,0.0383,0.3856,0.3725,10.0,1,7.1633,6.175,-2.5167,0.0,2026-01-31 22:00:00
2026-02-01 09:00:00,T1,2026-02-01 03:00:00,0.0,0.1741,0.739,0.4396,11.0,1,8.09,4.44,-1.3667,0.0,2026-01-31 22:00:00
2026-02-01 09:00:00,T2,2026-02-01 03:00:00,0.0,0.1706,0.7383,0.4396,11.0,1,8.09,4.44,-1.3667,0.0,2026-01-31 22:00:00
2026-02-01 09:00:00,ВЭС,2026-02-01 03:00:00,0.0,0.1724,0.7386,0.4396,11.0,1,8.09,4.44,-1.3667,0.0,2026-01-31 22:00:00
2026-02-01 10:00:00,T1,2026-02-01 04:00:00,0.0,0.2131,0.8073,0.4837,12.0,1,8.4383,4.275,0.6833,0.0,2026-01-31 22:00:00
2026-02-01 10:00:00,T2,2026-02-01 04:00:00,0.0,0.2102,0.8048,0.4837,12.0,1,8.4383,4.275,0.6833,0.0,2026-01-31 22:00:00
2026-02-01 10:00:00,ВЭС,2026-02-01 04:00:00,0.0,0.2117,0.806,0.4837,12.0,1,8.4383,4.275,0.6833,0.0,2026-01-31 22:00:00
2026-02-01 11:00:00,T1,2026-02-01 05:00:00,0.0,0.1332,0.7947,0.4212,1.0,1,7.785,4.77,2.5167,0.0,2026-02-01 10:00:00
2026-02-01 11:00:00,T2,2026-02-01 05:00:00,0.0,0.1342,0.7933,0.4212,1.0,1,7.785,4.77,2.5167,0.0,2026-02-01 10:00:00
2026-02-01 11:00:00,ВЭС,2026-02-01 05:00:00,0.0,0.1337,0.794,0.4212,1.0,1,7.785,4.77,2.5167,0.0,2026-02-01 10:00:00
2026-02-01 12:00:00,T1,2026-02-01 06:00:00,0.0,0.179,0.6843,0.3725,2.0,1,7.175,6.38,3.8,0.0,2026-02-01 10:00:00
2026-02-01 12:00:00,T2,2026-02-01 06:00:00,0.0,0.1822,0.6828,0.3725,2.0,1,7.175,6.38,3.8,0.0,2026-02-01 10:00:00
2026-02-01 12:00:00,ВЭС,2026-02-01 06:00:00,0.0,0.1806,0.6835,0.3725,2.0,1,7.175,6.38,3.8,0.0,2026-02-01 10:00:00
2026-02-01 13:00:00,T1,2026-02-01 07:00:00,0.0,0.2284,0.6705,0.3379,3.0,1,6.9333,7.28,4.9,0.0,2026-02-01 10:00:00
2026-02-01 13:00:00,T2,2026-02-01 07:00:00,0.0,0.2305,0.669,0.3379,3.0,1,6.9333,7.28,4.9,0.0,2026-02-01 10:00:00
2026-02-01 13:00:00,ВЭС,2026-02-01 07:00:00,0.0,0.2295,0.6698,0.3379,3.0,1,6.9333,7.28,4.9,0.0,2026-02-01 10:00:00
2026-02-01 14:00:00,T1,2026-02-01 08:00:00,0.0,0.212,0.6281,0.3243,4.0,1,6.67,7.195,5.6,0.0,2026-02-01 10:00:00
2026-02-01 14:00:00,T2,2026-02-01 08:00:00,0.0,0.214,0.6274,0.3243,4.0,1,6.67,7.195,5.6,0.0,2026-02-01 10:00:00
2026-02-01 14:00:00,ВЭС,2026-02-01 08:00:00,0.0,0.213,0.6278,0.3243,4.0,1,6.67,7.195,5.6,0.0,2026-02-01 10:00:00
2026-02-01 15:00:00,T1,2026-02-01 09:00:00,0.0,0.1832,0.603,0.3243,5.0,1,6.5467,7.01,5.4833,0.0,2026-02-01 10:00:00
2026-02-01 15:00:00,T2,2026-02-01 09:00:00,0.0,0.1867,0.603,0.3243,5.0,1,6.5467,7.01,5.4833,0.0,2026-02-01 10:00:00
2026-02-01 15:00:00,ВЭС,2026-02-01 09:00:00,0.0,0.1849,0.603,0.3243,5.0,1,6.5467,7.01,5.4833,0.0,2026-02-01 10:00:00
2026-02-01 16:00:00,T1,2026-02-01 10:00:00,0.0,0.1861,0.6663,0.3243,6.0,1,6.755,6.76,4.4333,0.0,2026-02-01 10:00:00
2026-02-01 16:00:00,T2,2026-02-01 10:00:00,0.0,0.1852,0.6664,0.3243,6.0,1,6.755,6.76,4.4333,0.0,2026-02-01 10:00:00
2026-02-01 16:00:00,ВЭС,2026-02-01 10:00:00,0.0,0.1857,0.6664,0.3243,6.0,1,6.755,6.76,4.4333,0.0,2026-02-01 10:00:00
2026-02-01 17:00:00,T1,2026-02-01 11:00:00,0.0,0.2176,0.5887,0.3243,7.0,1,6.6033,6.61,2.85,0.0,2026-02-01 10:00:00
2026-02-01 17:00:00,T2,2026-02-01 11:00:00,0.0,0.2116,0.5887,0.3243,7.0,1,6.6033,6.61,2.85,0.0,2026-02-01 10:00:00
2026-02-01 17:00:00,ВЭС,2026-02-01 11:00:00,0.0,0.2146,0.5887,0.3243,7.0,1,6.6033,6.61,2.85,0.0,2026-02-01 10:00:00
2026-02-01 18:00:00,T1,2026-02-01 12:00:00,0.0,0.1879,0.5641,0.3243,8.0,1,6.535,6.6,1.4,0.0,2026-02-01 10:00:00
2026-02-01 18:00:00,T2,2026-02-01 12:00:00,0.0,0.181,0.5641,0.3243,8.0,1,6.535,6.6,1.4,0.0,2026-02-01 10:00:00
2026-02-01 18:00:00,ВЭС,2026-02-01 12:00:00,0.0,0.1845,0.5641,0.3243,8.0,1,6.535,6.6,1.4,0.0,2026-02-01 10:00:00
2026-02-01 19:00:00,T1,2026-02-01 13:00:00,0.0,0.2357,0.6029,0.3379,9.0,1,6.9033,6.135,0.55,0.0,2026-02-01 10:00:00
2026-02-01 19:00:00,T2,2026-02-01 13:00:00,0.0,0.2302,0.6029,0.3379,9.0,1,6.9033,6.135,0.55,0.0,2026-02-01 10:00:00
2026-02-01 19:00:00,ВЭС,2026-02-01 13:00:00,0.0,0.233,0.6029,0.3379,9.0,1,6.9033,6.135,0.55,0.0,2026-02-01 10:00:00
2026-02-01 20:00:00,T1,2026-02-01 14:00:00,0.0,0.2266,0.587,0.3725,10.0,1,7.175,5.495,0.0833,0.0,2026-02-01 10:00:00
2026-02-01 20:00:00,T2,2026-02-01 14:00:00,0.0,0.2294,0.587,0.3725,10.0,1,7.175,5.495,0.0833,0.0,2026-02-01 10:00:00
2026-02-01 20:00:00,ВЭС,2026-02-01 14:00:00,0.0,0.228,0.587,0.3725,10.0,1,7.175,5.495,0.0833,0.0,2026-02-01 10:00:00
2026-02-01 21:00:00,T1,2026-02-01 15:00:00,0.0,0.2009,0.5972,0.3725,11.0,1,7.4117,5.075,-0.1833,0.0,2026-02-01 10:00:00
2026-02-01 21:00:00,T2,2026-02-01 15:00:00,0.0,0.203,0.5972,0.3725,11.0,1,7.4117,5.075,-0.1833,0.0,2026-02-01 10:00:00
2026-02-01 21:00:00,ВЭС,2026-02-01 15:00:00,0.0,0.2019,0.5972,0.3725,11.0,1,7.4117,5.075,-0.1833,0.0,2026-02-01 10:00:00
2026-02-01 22:00:00,T1,2026-02-01 16:00:00,0.08,0.2658,0.6569,0.3974,12.0,1,7.595,4.875,-0.4167,0.0,2026-02-01 10:00:00
2026-02-01 22:00:00,T2,2026-02-01 16:00:00,0.0,0.2651,0.6569,0.3974,12.0,1,7.595,4.875,-0.4167,0.0,2026-02-01 10:00:00
2026-02-01 22:00:00,ВЭС,2026-02-01 16:00:00,0.04,0.2654,0.6569,0.3974,12.0,1,7.595,4.875,-0.4167,0.0,2026-02-01 10:00:00
2026-02-01 23:00:00,T1,2026-02-01 17:00:00,0.0496,0.2195,0.6588,0.4212,1.0,1,7.7417,5.0,-0.7,0.0,2026-02-01 22:00:00
2026-02-01 23:00:00,T2,2026-02-01 17:00:00,0.0,0.2186,0.6588,0.4212,1.0,1,7.7417,5.0,-0.7,0.0,2026-02-01 22:00:00
2026-02-01 23:00:00,ВЭС,2026-02-01 17:00:00,0.0248,0.2191,0.6588,0.4212,1.0,1,7.7417,5.0,-0.7,0.0,2026-02-01 22:00:00
2026-02-02 00:00:00,T1,2026-02-01 18:00:00,0.0376,0.1791,0.6595,0.4253,2.0,1,7.8967,5.44,-0.8833,0.0,2026-02-01 22:00:00
2026-02-02 00:00:00,T2,2026-02-01 18:00:00,0.0,0.1766,0.6595,0.4253,2.0,1,7.8967,5.44,-0.8833,0.0,2026-02-01 22:00:00
2026-02-02 00:00:00,ВЭС,2026-02-01 18:00:00,0.0188,0.1779,0.6595,0.4253,2.0,1,7.8967,5.44,-0.8833,0.0,2026-02-01 22:00:00
2026-02-02 01:00:00,T1,2026-02-01 19:00:00,0.0771,0.1561,0.7081,0.4461,3.0,1,8.2367,6.075,-1.05,0.0,2026-02-01 22:00:00
2026-02-02 01:00:00,T2,2026-02-01 19:00:00,0.0189,0.1536,0.7067,0.4461,3.0,1,8.2367,6.075,-1.05,0.0,2026-02-01 22:00:00
2026-02-02 01:00:00,ВЭС,2026-02-01 19:00:00,0.048,0.1549,0.7074,0.4461,3.0,1,8.2367,6.075,-1.05,0.0,2026-02-01 22:00:00
2026-02-02 02:00:00,T1,2026-02-01 20:00:00,0.0375,0.3065,0.8206,0.5291,4.0,1,8.765,6.07,-1.25,0.0,2026-02-01 22:00:00
2026-02-02 02:00:00,T2,2026-02-01 20:00:00,0.0143,0.3038,0.8166,0.5291,4.0,1,8.765,6.07,-1.25,0.0,2026-02-01 22:00:00
2026-02-02 02:00:00,ВЭС,2026-02-01 20:00:00,0.0259,0.3051,0.8186,0.5291,4.0,1,8.765,6.07,-1.25,0.0,2026-02-01 22:00:00
2026-02-02 03:00:00,T1,2026-02-01 21:00:00,0.0322,0.5266,0.9275,0.5984,5.0,1,9.435,5.195,-1.5,0.0,2026-02-01 22:00:00
2026-02-02 03:00:00,T2,2026-02-01 21:00:00,0.0,0.5296,0.9224,0.5984,5.0,1,9.435,5.195,-1.5,0.0,2026-02-01 22:00:00
2026-02-02 03:00:00,ВЭС,2026-02-01 21:00:00,0.0161,0.5281,0.925,0.5984,5.0,1,9.435,5.195,-1.5,0.0,2026-02-01 22:00:00
2026-02-02 04:00:00,T1,2026-02-01 22:00:00,0.0962,0.7667,0.9496,0.681,6.0,1,10.0883,4.19,-1.7333,0.0,2026-02-01 22:00:00
2026-02-02 04:00:00,T2,2026-02-01 22:00:00,0.0851,0.7697,0.9438,0.681,6.0,1,10.0883,4.19,-1.7333,0.0,2026-02-01 22:00:00
2026-02-02 04:00:00,ВЭС,2026-02-01 22:00:00,0.0906,0.7682,0.9467,0.681,6.0,1,10.0883,4.19,-1.7333,0.0,2026-02-01 22:00:00
2026-02-02 05:00:00,T1,2026-02-01 23:00:00,0.3521,0.7857,0.9547,0.7536,7.0,1,10.7333,3.19,-1.8,0.0,2026-02-01 22:00:00
2026-02-02 05:00:00,T2,2026-02-01 23:00:00,0.375,0.7837,0.9425,0.7536,7.0,1,10.7333,3.19,-1.8,0.0,2026-02-01 22:00:00
2026-02-02 05:00:00,ВЭС,2026-02-01 23:00:00,0.3635,0.7847,0.9486,0.7536,7.0,1,10.7333,3.19,-1.8,0.0,2026-02-01 22:00:00
2026-02-02 06:00:00,T1,2026-02-02 00:00:00,0.3524,0.6877,0.9585,0.7639,8.0,1,11.2983,2.395,-1.8,0.0,2026-02-01 22:00:00
2026-02-02 06:00:00,T2,2026-02-02 00:00:00,0.3761,0.6825,0.9455,0.7639,8.0,1,11.2983,2.395,-1.8,0.0,2026-02-01 22:00:00
2026-02-02 06:00:00,ВЭС,2026-02-02 00:00:00,0.3642,0.6851,0.952,0.7639,8.0,1,11.2983,2.395,-1.8,0.0,2026-02-01 22:00:00
2026-02-02 07:00:00,T1,2026-02-02 01:00:00,0.2709,0.5876,0.9549,0.8017,9.0,1,11.6167,2.105,-1.8667,0.0,2026-02-01 22:00:00
2026-02-02 07:00:00,T2,2026-02-02 01:00:00,0.3677,0.5819,0.9432,0.8017,9.0,1,11.6167,2.105,-1.8667,0.0,2026-02-01 22:00:00
2026-02-02 07:00:00,ВЭС,2026-02-02 01:00:00,0.3193,0.5847,0.949,0.8017,9.0,1,11.6167,2.105,-1.8667,0.0,2026-02-01 22:00:00
2026-02-02 08:00:00,T1,2026-02-02 02:00:00,0.3285,0.5775,0.9528,0.8017,10.0,1,11.925,2.36,-1.4667,0.0,2026-02-01 22:00:00
2026-02-02 08:00:00,T2,2026-02-02 02:00:00,0.3777,0.5718,0.9407,0.8017,10.0,1,11.925,2.36,-1.4667,0.0,2026-02-01 22:00:00
2026-02-02 08:00:00,ВЭС,2026-02-02 02:00:00,0.3531,0.5747,0.9467,0.8017,10.0,1,11.925,2.36,-1.4667,0.0,2026-02-01 22:00:00
2026-02-02 09:00:00,T1,2026-02-02 03:00:00,0.3819,0.6671,0.9609,0.8017,11.0,1,12.1283,2.26,-0.0667,0.0,2026-02-01 22:00:00
2026-02-02 09:00:00,T2,2026-02-02 03:00:00,0.264,0.6635,0.9537,0.8017,11.0,1,12.1283,2.26,-0.0667,0.0,2026-02-01 22:00:00
2026-02-02 09:00:00,ВЭС,2026-02-02 03:00:00,0.3229,0.6653,0.9573,0.8017,11.0,1,12.1283,2.26,-0.0667,0.0,2026-02-01 22:00:00
2026-02-02 10:00:00,T1,2026-02-02 04:00:00,0.3091,0.5972,0.9538,0.8291,12.0,1,12.3433,2.555,2.05,0.0,2026-02-01 22:00:00
2026-02-02 10:00:00,T2,2026-02-02 04:00:00,0.2007,0.5849,0.9474,0.8291,12.0,1,12.3433,2.555,2.05,0.0,2026-02-01 22:00:00
2026-02-02 10:00:00,ВЭС,2026-02-02 04:00:00,0.2549,0.5911,0.9506,0.8291,12.0,1,12.3433,2.555,2.05,0.0,2026-02-01 22:00:00
2026-02-02 11:00:00,T1,2026-02-02 05:00:00,0.3283,0.8983,0.9579,0.8017,1.0,1,12.1933,2.875,4.3167,0.0,2026-02-02 10:00:00
2026-02-02 11:00:00,T2,2026-02-02 05:00:00,0.206,0.8966,0.9521,0.8017,1.0,1,12.1933,2.875,4.3167,0.0,2026-02-02 10:00:00
2026-02-02 11:00:00,ВЭС,2026-02-02 05:00:00,0.2671,0.8975,0.955,0.8017,1.0,1,12.1933,2.875,4.3167,0.0,2026-02-02 10:00:00
2026-02-02 12:00:00,T1,2026-02-02 06:00:00,0.4068,0.872,0.9607,0.8017,2.0,1,12.09,3.315,6.1167,0.0,2026-02-02 10:00:00
2026-02-02 12:00:00,T2,2026-02-02 06:00:00,0.3203,0.8743,0.954,0.8017,2.0,1,12.09,3.315,6.1167,0.0,2026-02-02 10:00:00
2026-02-02 12:00:00,ВЭС,2026-02-02 06:00:00,0.3635,0.8732,0.9573,0.8017,2.0,1,12.09,3.315,6.1167,0.0,2026-02-02 10:00:00
2026-02-02 13:00:00,T1,2026-02-02 07:00:00,0.5774,0.9661,0.9679,0.8291,3.0,1,12.435,3.67,7.2,0.0,2026-02-02 10:00:00
2026-02-02 13:00:00,T2,2026-02-02 07:00:00,0.6286,0.9568,0.9571,0.8291,3.0,1,12.435,3.67,7.2,0.0,2026-02-02 10:00:00
2026-02-02 13:00:00,ВЭС,2026-02-02 07:00:00,0.603,0.9614,0.9625,0.8291,3.0,1,12.435,3.67,7.2,0.0,2026-02-02 10:00:00
2026-02-02 14:00:00,T1,2026-02-02 08:00:00,0.6212,0.9594,0.9672,0.8291,4.0,1,12.47,3.695,7.6833,0.0,2026-02-02 10:00:00
2026-02-02 14:00:00,T2,2026-02-02 08:00:00,0.5898,0.9463,0.958,0.8291,4.0,1,12.47,3.695,7.6833,0.0,2026-02-02 10:00:00
2026-02-02 14:00:00,ВЭС,2026-02-02 08:00:00,0.6055,0.9528,0.9626,0.8291,4.0,1,12.47,3.695,7.6833,0.0,2026-02-02 10:00:00
2026-02-02 15:00:00,T1,2026-02-02 09:00:00,0.5017,0.9468,0.9635,0.8017,5.0,1,12.13,2.785,7.45,0.0,2026-02-02 10:00:00
2026-02-02 15:00:00,T2,2026-02-02 09:00:00,0.4341,0.945,0.955,0.8017,5.0,1,12.13,2.785,7.45,0.0,2026-02-02 10:00:00
2026-02-02 15:00:00,ВЭС,2026-02-02 09:00:00,0.4679,0.9459,0.9593,0.8017,5.0,1,12.13,2.785,7.45,0.0,2026-02-02 10:00:00
2026-02-02 16:00:00,T1,2026-02-02 10:00:00,0.2093,0.8567,0.9638,0.7639,6.0,1,11.2533,1.97,6.3667,0.0,2026-02-02 10:00:00
2026-02-02 16:00:00,T2,2026-02-02 10:00:00,0.1915,0.858,0.9596,0.7639,6.0,1,11.2533,1.97,6.3667,0.0,2026-02-02 10:00:00
2026-02-02 16:00:00,ВЭС,2026-02-02 10:00:00,0.2004,0.8573,0.9617,0.7639,6.0,1,11.2533,1.97,6.3667,0.0,2026-02-02 10:00:00
2026-02-02 17:00:00,T1,2026-02-02 11:00:00,0.0107,0.6783,0.9202,0.65,7.0,1,9.7933,3.985,4.5167,0.0,2026-02-02 10:00:00
2026-02-02 17:00:00,T2,2026-02-02 11:00:00,0.0,0.6762,0.9168,0.65,7.0,1,9.7933,3.985,4.5167,0.0,2026-02-02 10:00:00
2026-02-02 17:00:00,ВЭС,2026-02-02 11:00:00,0.0053,0.6772,0.9185,0.65,7.0,1,9.7933,3.985,4.5167,0.0,2026-02-02 10:00:00
2026-02-02 18:00:00,T1,2026-02-02 12:00:00,0.0,0.4255,0.7297,0.4309,8.0,1,8.1017,6.445,2.7333,0.0,2026-02-02 10:00:00
2026-02-02 18:00:00,T2,2026-02-02 12:00:00,0.0,0.3992,0.7292,0.4309,8.0,1,8.1017,6.445,2.7333,0.0,2026-02-02 10:00:00
2026-02-02 18:00:00,ВЭС,2026-02-02 12:00:00,0.0,0.4123,0.7294,0.4309,8.0,1,8.1017,6.445,2.7333,0.0,2026-02-02 10:00:00
2026-02-02 19:00:00,T1,2026-02-02 13:00:00,0.0,0.1996,0.6552,0.3243,9.0,1,6.765,6.79,1.6,0.0,2026-02-02 10:00:00
2026-02-02 19:00:00,T2,2026-02-02 13:00:00,0.0,0.1952,0.6552,0.3243,9.0,1,6.765,6.79,1.6,0.0,2026-02-02 10:00:00
2026-02-02 19:00:00,ВЭС,2026-02-02 13:00:00,0.0,0.1974,0.6552,0.3243,9.0,1,6.765,6.79,1.6,0.0,2026-02-02 10:00:00
2026-02-02 20:00:00,T1,2026-02-02 14:00:00,0.0,0.1326,0.4572,0.2678,10.0,1,5.9133,6.16,0.95,0.0,2026-02-02 10:00:00
2026-02-02 20:00:00,T2,2026-02-02 14:00:00,0.0,0.132,0.4572,0.2678,10.0,1,5.9133,6.16,0.95,0.0,2026-02-02 10:00:00
2026-02-02 20:00:00,ВЭС,2026-02-02 14:00:00,0.0,0.1323,0.4572,0.2678,10.0,1,5.9133,6.16,0.95,0.0,2026-02-02 10:00:00
2026-02-02 21:00:00,T1,2026-02-02 15:00:00,0.0,0.0936,0.4393,0.2347,11.0,1,5.61,5.37,0.55,0.0,2026-02-02 10:00:00
2026-02-02 21:00:00,T2,2026-02-02 15:00:00,0.0,0.0923,0.4393,0.2347,11.0,1,5.61,5.37,0.55,0.0,2026-02-02 10:00:00
2026-02-02 21:00:00,ВЭС,2026-02-02 15:00:00,0.0,0.0929,0.4393,0.2347,11.0,1,5.61,5.37,0.55,0.0,2026-02-02 10:00:00
2026-02-02 22:00:00,T1,2026-02-02 16:00:00,0.0,0.0903,0.3728,0.2388,12.0,1,5.7683,4.49,0.1,0.0,2026-02-02 10:00:00
2026-02-02 22:00:00,T2,2026-02-02 16:00:00,0.0,0.0878,0.3729,0.2388,12.0,1,5.7683,4.49,0.1,0.0,2026-02-02 10:00:00
2026-02-02 22:00:00,ВЭС,2026-02-02 16:00:00,0.0,0.089,0.3728,0.2388,12.0,1,5.7683,4.49,0.1,0.0,2026-02-02 10:00:00
2026-02-02 23:00:00,T1,2026-02-02 17:00:00,0.0,0.1131,0.3907,0.2678,1.0,1,5.895,4.14,-0.35,0.0,2026-02-02 22:00:00
2026-02-02 23:00:00,T2,2026-02-02 17:00:00,0.0,0.1102,0.3907,0.2678,1.0,1,5.895,4.14,-0.35,0.0,2026-02-02 22:00:00
2026-02-02 23:00:00,ВЭС,2026-02-02 17:00:00,0.0,0.1116,0.3907,0.2678,1.0,1,5.895,4.14,-0.35,0.0,2026-02-02 22:00:00
2026-02-03 00:00:00,T1,2026-02-02 18:00:00,0.0,0.1211,0.4653,0.2843,2.0,1,6.315,3.895,-0.4333,0.0,2026-02-02 22:00:00
2026-02-03 00:00:00,T2,2026-02-02 18:00:00,0.0,0.1184,0.4653,0.2843,2.0,1,6.315,3.895,-0.4333,0.0,2026-02-02 22:00:00
2026-02-03 00:00:00,ВЭС,2026-02-02 18:00:00,0.0,0.1197,0.4653,0.2843,2.0,1,6.315,3.895,-0.4333,0.0,2026-02-02 22:00:00
2026-02-03 01:00:00,T1,2026-02-02 19:00:00,0.0661,0.2349,0.6716,0.3725,3.0,1,7.4067,3.19,-0.25,0.0,2026-02-02 22:00:00
2026-02-03 01:00:00,T2,2026-02-02 19:00:00,0.0455,0.2355,0.6716,0.3725,3.0,1,7.4067,3.19,-0.25,0.0,2026-02-02 22:00:00
2026-02-03 01:00:00,ВЭС,2026-02-02 19:00:00,0.0558,0.2352,0.6716,0.3725,3.0,1,7.4067,3.19,-0.25,0.0,2026-02-02 22:00:00
2026-02-03 02:00:00,T1,2026-02-02 20:00:00,0.046,0.3145,0.8642,0.519,4.0,1,8.6183,2.775,-0.0667,0.0,2026-02-02 22:00:00
2026-02-03 02:00:00,T2,2026-02-02 20:00:00,0.0362,0.3103,0.8628,0.519,4.0,1,8.6183,2.775,-0.0667,0.0,2026-02-02 22:00:00
2026-02-03 02:00:00,ВЭС,2026-02-02 20:00:00,0.0411,0.3124,0.8635,0.519,4.0,1,8.6183,2.775,-0.0667,0.0,2026-02-02 22:00:00
2026-02-03 03:00:00,T1,2026-02-02 21:00:00,0.0398,0.4469,0.9197,0.6301,5.0,1,9.5133,3.005,0.0167,0.0,2026-02-02 22:00:00
2026-02-03 03:00:00,T2,2026-02-02 21:00:00,0.0582,0.4333,0.9181,0.6301,5.0,1,9.5133,3.005,0.0167,0.0,2026-02-02 22:00:00
2026-02-03 03:00:00,ВЭС,2026-02-02 21:00:00,0.049,0.4401,0.9189,0.6301,5.0,1,9.5133,3.005,0.0167,0.0,2026-02-02 22:00:00
2026-02-03 04:00:00,T1,2026-02-02 22:00:00,0.0616,0.3674,0.912,0.681,6.0,1,10.095,3.5,-0.15,0.0,2026-02-02 22:00:00
2026-02-03 04:00:00,T2,2026-02-02 22:00:00,0.0909,0.3657,0.9077,0.681,6.0,1,10.095,3.5,-0.15,0.0,2026-02-02 22:00:00
2026-02-03 04:00:00,ВЭС,2026-02-02 22:00:00,0.0762,0.3666,0.9098,0.681,6.0,1,10.095,3.5,-0.15,0.0,2026-02-02 22:00:00
2026-02-03 05:00:00,T1,2026-02-02 23:00:00,0.0138,0.3026,0.8906,0.6794,7.0,1,9.9567,3.425,-0.45,0.0,2026-02-02 22:00:00
2026-02-03 05:00:00,T2,2026-02-02 23:00:00,0.0513,0.3008,0.8885,0.6794,7.0,1,9.9567,3.425,-0.45,0.0,2026-02-02 22:00:00
2026-02-03 05:00:00,ВЭС,2026-02-02 23:00:00,0.0326,0.3017,0.8895,0.6794,7.0,1,9.9567,3.425,-0.45,0.0,2026-02-02 22:00:00
2026-02-03 06:00:00,T1,2026-02-03 00:00:00,0.0,0.3783,0.8398,0.5709,8.0,1,9.29,2.7,-0.7833,0.0,2026-02-02 22:00:00
2026-02-03 06:00:00,T2,2026-02-03 00:00:00,0.0048,0.3671,0.8395,0.5709,8.0,1,9.29,2.7,-0.7833,0.0,2026-02-02 22:00:00
2026-02-03 06:00:00,ВЭС,2026-02-03 00:00:00,0.0024,0.3727,0.8396,0.5709,8.0,1,9.29,2.7,-0.7833,0.0,2026-02-02 22:00:00
2026-02-03 07:00:00,T1,2026-02-03 01:00:00,0.0,0.2494,0.7638,0.4837,9.0,1,8.5233,2.055,-1.1333,0.0,2026-02-02 22:00:00
2026-02-03 07:00:00,T2,2026-02-03 01:00:00,0.0,0.236,0.7633,0.4837,9.0,1,8.5233,2.055,-1.1333,0.0,2026-02-02 22:00:00
2026-02-03 07:00:00,ВЭС,2026-02-03 01:00:00,0.0,0.2427,0.7635,0.4837,9.0,1,8.5233,2.055,-1.1333,0.0,2026-02-02 22:00:00
2026-02-03 08:00:00,T1,2026-02-03 02:00:00,0.0,0.1446,0.6551,0.3725,10.0,1,7.3767,1.78,-1.0167,0.0,2026-02-02 22:00:00
2026-02-03 08:00:00,T2,2026-02-03 02:00:00,0.0,0.1404,0.6551,0.3725,10.0,1,7.3767,1.78,-1.0167,0.0,2026-02-02 22:00:00
2026-02-03 08:00:00,ВЭС,2026-02-03 02:00:00,0.0,0.1425,0.6551,0.3725,10.0,1,7.3767,1.78,-1.0167,0.0,2026-02-02 22:00:00
2026-02-03 09:00:00,T1,2026-02-03 03:00:00,0.0,0.0451,0.3266,0.2347,11.0,1,5.5417,3.265,0.2667,0.0,2026-02-02 22:00:00
2026-02-03 09:00:00,T2,2026-02-03 03:00:00,0.0,0.0411,0.3266,0.2347,11.0,1,5.5417,3.265,0.2667,0.0,2026-02-02 22:00:00
2026-02-03 09:00:00,ВЭС,2026-02-03 03:00:00,0.0,0.0431,0.3266,0.2347,11.0,1,5.5417,3.265,0.2667,0.0,2026-02-02 22:00:00
2026-02-03 10:00:00,T1,2026-02-03 04:00:00,0.0058,0.0205,0.1098,0.1275,12.0,1,3.6333,4.62,2.2833,0.0,2026-02-02 22:00:00
2026-02-03 10:00:00,T2,2026-02-03 04:00:00,0.0046,0.0192,0.1098,0.1275,12.0,1,3.6333,4.62,2.2833,0.0,2026-02-02 22:00:00
2026-02-03 10:00:00,ВЭС,2026-02-03 04:00:00,0.0052,0.0198,0.1098,0.1275,12.0,1,3.6333,4.62,2.2833,0.0,2026-02-02 22:00:00
2026-02-03 11:00:00,T1,2026-02-03 05:00:00,0.0004,0.01,0.1297,0.1082,1.0,1,3.2517,5.3,4.1333,0.0,2026-02-03 10:00:00
2026-02-03 11:00:00,T2,2026-02-03 05:00:00,0.0,0.0086,0.1297,0.1082,1.0,1,3.2517,5.3,4.1333,0.0,2026-02-03 10:00:00
2026-02-03 11:00:00,ВЭС,2026-02-03 05:00:00,0.0002,0.0093,0.1297,0.1082,1.0,1,3.2517,5.3,4.1333,0.0,2026-02-03 10:00:00
2026-02-03 12:00:00,T1,2026-02-03 06:00:00,0.0082,0.0145,0.1291,0.115,2.0,1,3.5033,5.245,5.5667,0.0,2026-02-03 10:00:00
2026-02-03 12:00:00,T2,2026-02-03 06:00:00,0.0068,0.0136,0.1291,0.115,2.0,1,3.5033,5.245,5.5667,0.0,2026-02-03 10:00:00
2026-02-03 12:00:00,ВЭС,2026-02-03 06:00:00,0.0075,0.014,0.1291,0.115,2.0,1,3.5033,5.245,5.5667,0.0,2026-02-03 10:00:00
2026-02-03 13:00:00,T1,2026-02-03 07:00:00,0.0066,0.0185,0.0523,0.1082,3.0,1,3.13,5.21,6.5333,0.0,2026-02-03 10:00:00
2026-02-03 13:00:00,T2,2026-02-03 07:00:00,0.0048,0.0181,0.0523,0.1082,3.0,1,3.13,5.21,6.5333,0.0,2026-02-03 10:00:00
2026-02-03 13:00:00,ВЭС,2026-02-03 07:00:00,0.0057,0.0183,0.0523,0.1082,3.0,1,3.13,5.21,6.5333,0.0,2026-02-03 10:00:00
2026-02-03 14:00:00,T1,2026-02-03 08:00:00,0.0073,0.0167,0.0574,0.0968,4.0,1,2.9967,4.175,7.0833,0.0,2026-02-03 10:00:00
2026-02-03 14:00:00,T2,2026-02-03 08:00:00,0.0064,0.0161,0.0574,0.0968,4.0,1,2.9967,4.175,7.0833,0.0,2026-02-03 10:00:00
2026-02-03 14:00:00,ВЭС,2026-02-03 08:00:00,0.0069,0.0164,0.0574,0.0968,4.0,1,2.9967,4.175,7.0833,0.0,2026-02-03 10:00:00
2026-02-03 15:00:00,T1,2026-02-03 09:00:00,0.0087,0.0132,0.0844,0.1082,5.0,1,3.2017,2.265,7.0167,0.0,2026-02-03 10:00:00
2026-02-03 15:00:00,T2,2026-02-03 09:00:00,0.008,0.013,0.0844,0.1082,5.0,1,3.2017,2.265,7.0167,0.0,2026-02-03 10:00:00
2026-02-03 15:00:00,ВЭС,2026-02-03 09:00:00,0.0084,0.0131,0.0844,0.1082,5.0,1,3.2017,2.265,7.0167,0.0,2026-02-03 10:00:00
2026-02-03 16:00:00,T1,2026-02-03 10:00:00,0.0,0.0544,0.2274,0.115,6.0,1,3.4217,2.81,6.1333,0.0,2026-02-03 10:00:00
2026-02-03 16:00:00,T2,2026-02-03 10:00:00,0.0,0.054,0.2274,0.115,6.0,1,3.4217,2.81,6.1333,0.0,2026-02-03 10:00:00
2026-02-03 16:00:00,ВЭС,2026-02-03 10:00:00,0.0,0.0542,0.2274,0.115,6.0,1,3.4217,2.81,6.1333,0.0,2026-02-03 10:00:00
2026-02-03 17:00:00,T1,2026-02-03 11:00:00,0.0,0.1517,0.4303,0.1636,7.0,1,4.4783,4.59,4.8167,0.0,2026-02-03 10:00:00
2026-02-03 17:00:00,T2,2026-02-03 11:00:00,0.0,0.1513,0.4303,0.1636,7.0,1,4.4783,4.59,4.8167,0.0,2026-02-03 10:00:00
2026-02-03 17:00:00,ВЭС,2026-02-03 11:00:00,0.0,0.1515,0.4303,0.1636,7.0,1,4.4783,4.59,4.8167,0.0,2026-02-03 10:00:00
2026-02-03 18:00:00,T1,2026-02-03 12:00:00,0.0,0.2456,0.6625,0.2678,8.0,1,6.0017,4.235,3.65,0.0,2026-02-03 10:00:00
2026-02-03 18:00:00,T2,2026-02-03 12:00:00,0.0,0.2435,0.6625,0.2678,8.0,1,6.0017,4.235,3.65,0.0,2026-02-03 10:00:00
2026-02-03 18:00:00,ВЭС,2026-02-03 12:00:00,0.0,0.2446,0.6625,0.2678,8.0,1,6.0017,4.235,3.65,0.0,2026-02-03 10:00:00
2026-02-03 19:00:00,T1,2026-02-03 13:00:00,0.0,0.3846,0.8067,0.3567,9.0,1,7.07,2.87,2.8833,0.0,2026-02-03 10:00:00
2026-02-03 19:00:00,T2,2026-02-03 13:00:00,0.0,0.3843,0.8066,0.3567,9.0,1,7.07,2.87,2.8833,0.0,2026-02-03 10:00:00
2026-02-03 19:00:00,ВЭС,2026-02-03 13:00:00,0.0,0.3845,0.8067,0.3567,9.0,1,7.07,2.87,2.8833,0.0,2026-02-03 10:00:00
2026-02-03 20:00:00,T1,2026-02-03 14:00:00,0.0,0.4398,0.8298,0.3974,10.0,1,7.6317,1.925,2.6667,0.0,2026-02-03 10:00:00
2026-02-03 20:00:00,T2,2026-02-03 14:00:00,0.0,0.4393,0.8297,0.3974,10.0,1,7.6317,1.925,2.6667,0.0,2026-02-03 10:00:00
2026-02-03 20:00:00,ВЭС,2026-02-03 14:00:00,0.0,0.4396,0.8298,0.3974,10.0,1,7.6317,1.925,2.6667,0.0,2026-02-03 10:00:00
2026-02-03 21:00:00,T1,2026-02-03 15:00:00,0.0,0.4276,0.8289,0.4212,11.0,1,7.8117,1.74,2.7333,0.0,2026-02-03 10:00:00
2026-02-03 21:00:00,T2,2026-02-03 15:00:00,0.0,0.4272,0.8289,0.4212,11.0,1,7.8117,1.74,2.7333,0.0,2026-02-03 10:00:00
2026-02-03 21:00:00,ВЭС,2026-02-03 15:00:00,0.0,0.4274,0.8289,0.4212,11.0,1,7.8117,1.74,2.7333,0.0,2026-02-03 10:00:00
2026-02-03 22:00:00,T1,2026-02-03 16:00:00,0.0,0.4425,0.8715,0.4253,12.0,1,8.005,1.2,2.7333,0.0,2026-02-03 10:00:00
2026-02-03 22:00:00,T2,2026-02-03 16:00:00,0.0,0.4419,0.8714,0.4253,12.0,1,8.005,1.2,2.7333,0.0,2026-02-03 10:00:00
2026-02-03 22:00:00,ВЭС,2026-02-03 16:00:00,0.0,0.4422,0.8714,0.4253,12.0,1,8.005,1.2,2.7333,0.0,2026-02-03 10:00:00
2026-02-03 23:00:00,T1,2026-02-03 17:00:00,0.0,0.4655,0.8966,0.4253,1.0,1,7.995,0.92,2.5333,0.0,2026-02-03 22:00:00
2026-02-03 23:00:00,T2,2026-02-03 17:00:00,0.0,0.4649,0.8965,0.4253,1.0,1,7.995,0.92,2.5333,0.0,2026-02-03 22:00:00
2026-02-03 23:00:00,ВЭС,2026-02-03 17:00:00,0.0,0.4652,0.8966,0.4253,1.0,1,7.995,0.92,2.5333,0.0,2026-02-03 22:00:00
2026-02-04 00:00:00,T1,2026-02-03 18:00:00,0.0,0.4474,0.922,0.4253,2.0,1,7.9783,2.12,2.3833,0.0,2026-02-03 22:00:00
2026-02-04 00:00:00,T2,2026-02-03 18:00:00,0.0,0.452,0.9219,0.4253,2.0,1,7.9783,2.12,2.3833,0.0,2026-02-03 22:00:00
2026-02-04 00:00:00,ВЭС,2026-02-03 18:00:00,0.0,0.4497,0.9219,0.4253,2.0,1,7.9783,2.12,2.3833,0.0,2026-02-03 22:00:00
2026-02-04 01:00:00,T1,2026-02-03 19:00:00,0.0,0.4306,0.9352,0.4253,3.0,1,7.9133,3.145,2.5833,0.0,2026-02-03 22:00:00
2026-02-04 01:00:00,T2,2026-02-03 19:00:00,0.0,0.4323,0.9351,0.4253,3.0,1,7.9133,3.145,2.5833,0.0,2026-02-03 22:00:00
2026-02-04 01:00:00,ВЭС,2026-02-03 19:00:00,0.0,0.4314,0.9352,0.4253,3.0,1,7.9133,3.145,2.5833,0.0,2026-02-03 22:00:00
2026-02-04 02:00:00,T1,2026-02-03 20:00:00,0.0,0.4207,0.9137,0.3974,4.0,1,7.6267,3.695,2.7833,0.0,2026-02-03 22:00:00
2026-02-04 02:00:00,T2,2026-02-03 20:00:00,0.0,0.4224,0.9136,0.3974,4.0,1,7.6267,3.695,2.7833,0.0,2026-02-03 22:00:00
2026-02-04 02:00:00,ВЭС,2026-02-03 20:00:00,0.0,0.4215,0.9137,0.3974,4.0,1,7.6267,3.695,2.7833,0.0,2026-02-03 22:00:00
2026-02-04 03:00:00,T1,2026-02-03 21:00:00,0.0,0.4506,0.9094,0.4212,5.0,1,7.7167,3.7,2.8167,0.0,2026-02-03 22:00:00
2026-02-04 03:00:00,T2,2026-02-03 21:00:00,0.0,0.4522,0.9093,0.4212,5.0,1,7.7167,3.7,2.8167,0.0,2026-02-03 22:00:00
2026-02-04 03:00:00,ВЭС,2026-02-03 21:00:00,0.0,0.4514,0.9093,0.4212,5.0,1,7.7167,3.7,2.8167,0.0,2026-02-03 22:00:00
2026-02-04 04:00:00,T1,2026-02-03 22:00:00,0.0,0.4472,0.911,0.4253,6.0,1,7.965,3.515,2.7667,0.0,2026-02-03 22:00:00
2026-02-04 04:00:00,T2,2026-02-03 22:00:00,0.0,0.4489,0.9109,0.4253,6.0,1,7.965,3.515,2.7667,0.0,2026-02-03 22:00:00
2026-02-04 04:00:00,ВЭС,2026-02-03 22:00:00,0.0,0.448,0.9109,0.4253,6.0,1,7.965,3.515,2.7667,0.0,2026-02-03 22:00:00
2026-02-04 05:00:00,T1,2026-02-03 23:00:00,0.0,0.5794,0.9882,0.519,7.0,1,8.7,2.415,2.7667,0.0,2026-02-03 22:00:00
2026-02-04 05:00:00,T2,2026-02-03 23:00:00,0.0195,0.5811,0.97,0.519,7.0,1,8.7,2.415,2.7667,0.0,2026-02-03 22:00:00
2026-02-04 05:00:00,ВЭС,2026-02-03 23:00:00,0.0097,0.5802,0.9791,0.519,7.0,1,8.7,2.415,2.7667,0.0,2026-02-03 22:00:00
2026-02-04 06:00:00,T1,2026-02-04 00:00:00,0.1348,0.6736,0.99,0.5984,8.0,1,9.4883,3.255,2.7167,0.0,2026-02-03 22:00:00
2026-02-04 06:00:00,T2,2026-02-04 00:00:00,0.0601,0.6754,0.97,0.5984,8.0,1,9.4883,3.255,2.7167,0.0,2026-02-03 22:00:00
2026-02-04 06:00:00,ВЭС,2026-02-04 00:00:00,0.0975,0.6745,0.98,0.5984,8.0,1,9.4883,3.255,2.7167,0.0,2026-02-03 22:00:00
2026-02-04 07:00:00,T1,2026-02-04 01:00:00,0.0009,0.553,0.9541,0.5417,9.0,1,8.98,5.705,2.6,0.0,2026-02-03 22:00:00
2026-02-04 07:00:00,T2,2026-02-04 01:00:00,0.0047,0.5514,0.9483,0.5417,9.0,1,8.98,5.705,2.6,0.0,2026-02-03 22:00:00
2026-02-04 07:00:00,ВЭС,2026-02-04 01:00:00,0.0028,0.5522,0.9512,0.5417,9.0,1,8.98,5.705,2.6,0.0,2026-02-03 22:00:00
2026-02-04 08:00:00,T1,2026-02-04 02:00:00,0.0,0.4657,0.8936,0.4253,10.0,1,8.01,6.43,2.7167,0.0,2026-02-03 22:00:00
2026-02-04 08:00:00,T2,2026-02-04 02:00:00,0.0,0.4641,0.892,0.4253,10.0,1,8.01,6.43,2.7167,0.0,2026-02-03 22:00:00
2026-02-04 08:00:00,ВЭС,2026-02-04 02:00:00,0.0,0.4649,0.8928,0.4253,10.0,1,8.01,6.43,2.7167,0.0,2026-02-03 22:00:00
2026-02-04 09:00:00,T1,2026-02-04 03:00:00,0.0,0.3877,0.8717,0.3725,11.0,1,7.185,6.295,3.1167,0.0,2026-02-03 22:00:00
2026-02-04 09:00:00,T2,2026-02-04 03:00:00,0.0,0.3869,0.8716,0.3725,11.0,1,7.185,6.295,3.1167,0.0,2026-02-03 22:00:00
2026-02-04 09:00:00,ВЭС,2026-02-04 03:00:00,0.0,0.3873,0.8717,0.3725,11.0,1,7.185,6.295,3.1167,0.0,2026-02-03 22:00:00
2026-02-04 10:00:00,T1,2026-02-04 04:00:00,0.0,0.2965,0.7237,0.2732,12.0,1,6.1317,6.025,3.5833,0.0,2026-02-03 22:00:00
2026-02-04 10:00:00,T2,2026-02-04 04:00:00,0.0,0.2954,0.7236,0.2732,12.0,1,6.1317,6.025,3.5833,0.0,2026-02-03 22:00:00
2026-02-04 10:00:00,ВЭС,2026-02-04 04:00:00,0.0,0.296,0.7237,0.2732,12.0,1,6.1317,6.025,3.5833,0.0,2026-02-03 22:00:00
2026-02-04 11:00:00,T1,2026-02-04 05:00:00,0.0,0.218,0.6525,0.2347,1.0,1,5.4833,5.56,4.0667,0.0,2026-02-04 10:00:00
2026-02-04 11:00:00,T2,2026-02-04 05:00:00,0.0,0.2173,0.6525,0.2347,1.0,1,5.4833,5.56,4.0667,0.0,2026-02-04 10:00:00
2026-02-04 11:00:00,ВЭС,2026-02-04 05:00:00,0.0,0.2176,0.6525,0.2347,1.0,1,5.4833,5.56,4.0667,0.0,2026-02-04 10:00:00
2026-02-04 12:00:00,T1,2026-02-04 06:00:00,0.0,0.1488,0.6212,0.2111,2.0,1,5.165,4.64,4.6833,0.0,2026-02-04 10:00:00
2026-02-04 12:00:00,T2,2026-02-04 06:00:00,0.0,0.1482,0.6212,0.2111,2.0,1,5.165,4.64,4.6833,0.0,2026-02-04 10:00:00
2026-02-04 12:00:00,ВЭС,2026-02-04 06:00:00,0.0,0.1485,0.6212,0.2111,2.0,1,5.165,4.64,4.6833,0.0,2026-02-04 10:00:00
2026-02-04 13:00:00,T1,2026-02-04 07:00:00,0.0,0.144,0.6393,0.1864,3.0,1,4.845,4.665,5.4667,0.0,2026-02-04 10:00:00
2026-02-04 13:00:00,T2,2026-02-04 07:00:00,0.0,0.1435,0.6393,0.1864,3.0,1,4.845,4.665,5.4667,0.0,2026-02-04 10:00:00
2026-02-04 13:00:00,ВЭС,2026-02-04 07:00:00,0.0,0.1437,0.6393,0.1864,3.0,1,4.845,4.665,5.4667,0.0,2026-02-04 10:00:00
2026-02-04 14:00:00,T1,2026-02-04 08:00:00,0.0,0.1336,0.6067,0.1864,4.0,1,4.8117,5.2,6.1833,0.0,2026-02-04 10:00:00
2026-02-04 14:00:00,T2,2026-02-04 08:00:00,0.0,0.1331,0.6067,0.1864,4.0,1,4.8117,5.2,6.1833,0.0,2026-02-04 10:00:00
2026-02-04 14:00:00,ВЭС,2026-02-04 08:00:00,0.0,0.1333,0.6067,0.1864,4.0,1,4.8117,5.2,6.1833,0.0,2026-02-04 10:00:00
2026-02-04 15:00:00,T1,2026-02-04 09:00:00,0.0,0.1142,0.5668,0.1864,5.0,1,4.7917,5.495,6.3167,0.0,2026-02-04 10:00:00
2026-02-04 15:00:00,T2,2026-02-04 09:00:00,0.0,0.1138,0.5668,0.1864,5.0,1,4.7917,5.495,6.3167,0.0,2026-02-04 10:00:00
2026-02-04 15:00:00,ВЭС,2026-02-04 09:00:00,0.0,0.114,0.5668,0.1864,5.0,1,4.7917,5.495,6.3167,0.0,2026-02-04 10:00:00
2026-02-04 16:00:00,T1,2026-02-04 10:00:00,0.0,0.1074,0.469,0.1676,6.0,1,4.5167,5.855,5.7333,0.0,2026-02-04 10:00:00
2026-02-04 16:00:00,T2,2026-02-04 10:00:00,0.0,0.1071,0.469,0.1676,6.0,1,4.5167,5.855,5.7333,0.0,2026-02-04 10:00:00
2026-02-04 16:00:00,ВЭС,2026-02-04 10:00:00,0.0,0.1072,0.469,0.1676,6.0,1,4.5167,5.855,5.7333,0.0,2026-02-04 10:00:00
2026-02-04 17:00:00,T1,2026-02-04 11:00:00,0.0,0.0817,0.3209,0.1472,7.0,1,4.2533,2.005,4.75,0.0,2026-02-04 10:00:00
2026-02-04 17:00:00,T2,2026-02-04 11:00:00,0.0,0.0813,0.3209,0.1472,7.0,1,4.2533,2.005,4.75,0.0,2026-02-04 10:00:00
2026-02-04 17:00:00,ВЭС,2026-02-04 11:00:00,0.0,0.0815,0.3209,0.1472,7.0,1,4.2533,2.005,4.75,0.0,2026-02-04 10:00:00
2026-02-04 18:00:00,T1,2026-02-04 12:00:00,0.0,0.0797,0.2989,0.1381,8.0,1,3.9133,5.16,3.4167,0.0,2026-02-04 10:00:00
2026-02-04 18:00:00,T2,2026-02-04 12:00:00,0.0,0.0793,0.2989,0.1381,8.0,1,3.9133,5.16,3.4167,0.0,2026-02-04 10:00:00
2026-02-04 18:00:00,ВЭС,2026-02-04 12:00:00,0.0,0.0795,0.2989,0.1381,8.0,1,3.9133,5.16,3.4167,0.0,2026-02-04 10:00:00
2026-02-04 19:00:00,T1,2026-02-04 13:00:00,0.0,0.1103,0.3932,0.1852,9.0,1,4.7333,8.205,2.15,0.0,2026-02-04 10:00:00
2026-02-04 19:00:00,T2,2026-02-04 13:00:00,0.0,0.1113,0.3932,0.1852,9.0,1,4.7333,8.205,2.15,0.0,2026-02-04 10:00:00
2026-02-04 19:00:00,ВЭС,2026-02-04 13:00:00,0.0,0.1108,0.3932,0.1852,9.0,1,4.7333,8.205,2.15,0.0,2026-02-04 10:00:00
2026-02-04 20:00:00,T1,2026-02-04 14:00:00,0.0,0.2648,0.712,0.3567,10.0,1,7.1233,6.96,1.2333,1.0,2026-02-04 10:00:00
2026-02-04 20:00:00,T2,2026-02-04 14:00:00,0.0,0.2661,0.7113,0.3567,10.0,1,7.1233,6.96,1.2333,1.0,2026-02-04 10:00:00
2026-02-04 20:00:00,ВЭС,2026-02-04 14:00:00,0.0,0.2654,0.7116,0.3567,10.0,1,7.1233,6.96,1.2333,1.0,2026-02-04 10:00:00
2026-02-04 21:00:00,T1,2026-02-04 15:00:00,0.0642,0.6629,0.9375,0.5709,11.0,1,9.3167,4.085,0.6167,1.0,2026-02-04 10:00:00
2026-02-04 21:00:00,T2,2026-02-04 15:00:00,0.0092,0.6562,0.9348,0.5709,11.0,1,9.3167,4.085,0.6167,1.0,2026-02-04 10:00:00
2026-02-04 21:00:00,ВЭС,2026-02-04 15:00:00,0.0367,0.6596,0.9362,0.5709,11.0,1,9.3167,4.085,0.6167,1.0,2026-02-04 10:00:00
2026-02-04 22:00:00,T1,2026-02-04 16:00:00,0.3195,0.9093,0.985,0.7536,12.0,1,10.665,2.255,0.4,1.0,2026-02-04 10:00:00
2026-02-04 22:00:00,T2,2026-02-04 16:00:00,0.3755,0.9028,0.97,0.7536,12.0,1,10.665,2.255,0.4,1.0,2026-02-04 10:00:00
2026-02-04 22:00:00,ВЭС,2026-02-04 16:00:00,0.3475,0.9061,0.9775,0.7536,12.0,1,10.665,2.255,0.4,1.0,2026-02-04 10:00:00
2026-02-04 23:00:00,T1,2026-02-04 17:00:00,0.4137,0.9614,0.9883,0.7639,1.0,1,11.31,1.98,0.3167,1.0,2026-02-04 22:00:00
2026-02-04 23:00:00,T2,2026-02-04 17:00:00,0.4163,0.9659,0.97,0.7639,1.0,1,11.31,1.98,0.3167,1.0,2026-02-04 22:00:00
2026-02-04 23:00:00,ВЭС,2026-02-04 17:00:00,0.415,0.9637,0.9791,0.7639,1.0,1,11.31,1.98,0.3167,1.0,2026-02-04 22:00:00
2026-02-05 00:00:00,T1,2026-02-04 18:00:00,0.4758,0.8625,0.9819,0.8017,2.0,1,11.9883,1.885,0.2833,1.0,2026-02-04 22:00:00
2026-02-05 00:00:00,T2,2026-02-04 18:00:00,0.4466,0.8525,0.97,0.8017,2.0,1,11.9883,1.885,0.2833,1.0,2026-02-04 22:00:00
2026-02-05 00:00:00,ВЭС,2026-02-04 18:00:00,0.4612,0.8575,0.976,0.8017,2.0,1,11.9883,1.885,0.2833,1.0,2026-02-04 22:00:00
2026-02-05 01:00:00,T1,2026-02-04 19:00:00,0.7228,0.879,0.9861,0.8846,3.0,1,13.0117,1.605,0.4,1.0,2026-02-04 22:00:00
2026-02-05 01:00:00,T2,2026-02-04 19:00:00,0.5963,0.8702,0.97,0.8846,3.0,1,13.0117,1.605,0.4,1.0,2026-02-04 22:00:00
2026-02-05 01:00:00,ВЭС,2026-02-04 19:00:00,0.6596,0.8746,0.978,0.8846,3.0,1,13.0117,1.605,0.4,1.0,2026-02-04 22:00:00
2026-02-05 02:00:00,T1,2026-02-04 20:00:00,0.8675,0.9151,0.9884,0.8986,4.0,1,13.93,1.52,0.55,0.0,2026-02-04 22:00:00
2026-02-05 02:00:00,T2,2026-02-04 20:00:00,0.745,0.8694,0.97,0.8986,4.0,1,13.93,1.52,0.55,0.0,2026-02-04 22:00:00
2026-02-05 02:00:00,ВЭС,2026-02-04 20:00:00,0.8063,0.8922,0.9792,0.8986,4.0,1,13.93,1.52,0.55,0.0,2026-02-04 22:00:00
2026-02-05 03:00:00,T1,2026-02-04 21:00:00,0.9169,0.9346,0.99,0.9162,5.0,1,14.4717,1.35,0.5833,0.0,2026-02-04 22:00:00
2026-02-05 03:00:00,T2,2026-02-04 21:00:00,0.8189,0.9091,0.97,0.9162,5.0,1,14.4717,1.35,0.5833,0.0,2026-02-04 22:00:00
2026-02-05 03:00:00,ВЭС,2026-02-04 21:00:00,0.8679,0.9219,0.98,0.9162,5.0,1,14.4717,1.35,0.5833,0.0,2026-02-04 22:00:00
2026-02-05 04:00:00,T1,2026-02-04 22:00:00,0.9765,0.9808,0.99,0.9486,6.0,1,14.9217,1.32,0.6167,0.0,2026-02-04 22:00:00
2026-02-05 04:00:00,T2,2026-02-04 22:00:00,0.8844,0.9659,0.97,0.9486,6.0,1,14.9217,1.32,0.6167,0.0,2026-02-04 22:00:00
2026-02-05 04:00:00,ВЭС,2026-02-04 22:00:00,0.9305,0.9733,0.98,0.9486,6.0,1,14.9217,1.32,0.6167,0.0,2026-02-04 22:00:00
2026-02-05 05:00:00,T1,2026-02-04 23:00:00,0.9531,0.9787,0.99,0.9486,7.0,1,15.6033,2.53,0.6167,0.0,2026-02-04 22:00:00
2026-02-05 05:00:00,T2,2026-02-04 23:00:00,0.9257,0.9519,0.97,0.9486,7.0,1,15.6033,2.53,0.6167,0.0,2026-02-04 22:00:00
2026-02-05 05:00:00,ВЭС,2026-02-04 23:00:00,0.9394,0.9653,0.98,0.9486,7.0,1,15.6033,2.53,0.6167,0.0,2026-02-04 22:00:00
2026-02-05 06:00:00,T1,2026-02-05 00:00:00,0.9488,0.9756,0.99,0.9539,8.0,1,16.4483,4.62,0.5833,0.0,2026-02-04 22:00:00
2026-02-05 06:00:00,T2,2026-02-05 00:00:00,0.9253,0.9476,0.97,0.9539,8.0,1,16.4483,4.62,0.5833,0.0,2026-02-04 22:00:00
2026-02-05 06:00:00,ВЭС,2026-02-05 00:00:00,0.9371,0.9616,0.98,0.9539,8.0,1,16.4483,4.62,0.5833,0.0,2026-02-04 22:00:00
2026-02-05 07:00:00,T1,2026-02-05 01:00:00,0.9424,0.9552,0.99,0.9539,9.0,1,17.0533,5.505,0.5667,0.0,2026-02-04 22:00:00
2026-02-05 07:00:00,T2,2026-02-05 01:00:00,0.8679,0.9464,0.97,0.9539,9.0,1,17.0533,5.505,0.5667,0.0,2026-02-04 22:00:00
2026-02-05 07:00:00,ВЭС,2026-02-05 01:00:00,0.9051,0.9508,0.98,0.9539,9.0,1,17.0533,5.505,0.5667,0.0,2026-02-04 22:00:00
2026-02-05 08:00:00,T1,2026-02-05 02:00:00,0.852,0.9684,0.99,0.9539,10.0,1,17.285,5.94,0.7833,0.0,2026-02-04 22:00:00
2026-02-05 08:00:00,T2,2026-02-05 02:00:00,0.7782,0.9594,0.97,0.9539,10.0,1,17.285,5.94,0.7833,0.0,2026-02-04 22:00:00
2026-02-05 08:00:00,ВЭС,2026-02-05 02:00:00,0.8151,0.9639,0.98,0.9539,10.0,1,17.285,5.94,0.7833,0.0,2026-02-04 22:00:00
2026-02-05 09:00:00,T1,2026-02-05 03:00:00,0.8456,0.9761,0.99,0.9539,11.0,1,17.2017,6.315,1.7833,0.0,2026-02-04 22:00:00
2026-02-05 09:00:00,T2,2026-02-05 03:00:00,0.7724,0.9682,0.97,0.9539,11.0,1,17.2017,6.315,1.7833,0.0,2026-02-04 22:00:00
2026-02-05 09:00:00,ВЭС,2026-02-05 03:00:00,0.809,0.9721,0.98,0.9539,11.0,1,17.2017,6.315,1.7833,0.0,2026-02-04 22:00:00
2026-02-05 10:00:00,T1,2026-02-05 04:00:00,0.9101,0.9618,0.99,0.9539,12.0,1,16.7483,6.06,3.2333,0.0,2026-02-04 22:00:00
2026-02-05 10:00:00,T2,2026-02-05 04:00:00,0.8162,0.9514,0.97,0.9539,12.0,1,16.7483,6.06,3.2333,0.0,2026-02-04 22:00:00
2026-02-05 10:00:00,ВЭС,2026-02-05 04:00:00,0.8631,0.9566,0.98,0.9539,12.0,1,16.7483,6.06,3.2333,0.0,2026-02-04 22:00:00
2026-02-05 11:00:00,T1,2026-02-05 05:00:00,0.898,0.9716,0.99,0.9539,1.0,1,16.3983,5.92,4.4667,0.0,2026-02-05 10:00:00
2026-02-05 11:00:00,T2,2026-02-05 05:00:00,0.7887,0.9609,0.97,0.9539,1.0,1,16.3983,5.92,4.4667,0.0,2026-02-05 10:00:00
2026-02-05 11:00:00,ВЭС,2026-02-05 05:00:00,0.8433,0.9663,0.98,0.9539,1.0,1,16.3983,5.92,4.4667,0.0,2026-02-05 10:00:00
2026-02-05 12:00:00,T1,2026-02-05 06:00:00,0.9005,0.9716,0.99,0.9539,2.0,1,16.1983,6.075,5.4167,0.0,2026-02-05 10:00:00
2026-02-05 12:00:00,T2,2026-02-05 06:00:00,0.7747,0.9602,0.97,0.9539,2.0,1,16.1983,6.075,5.4167,0.0,2026-02-05 10:00:00
2026-02-05 12:00:00,ВЭС,2026-02-05 06:00:00,0.8376,0.9659,0.98,0.9539,2.0,1,16.1983,6.075,5.4167,0.0,2026-02-05 10:00:00
2026-02-05 13:00:00,T1,2026-02-05 07:00:00,0.8866,0.9767,0.99,0.9539,3.0,1,15.8117,5.815,6.1833,0.0,2026-02-05 10:00:00
2026-02-05 13:00:00,T2,2026-02-05 07:00:00,0.784,0.9652,0.97,0.9539,3.0,1,15.8117,5.815,6.1833,0.0,2026-02-05 10:00:00
2026-02-05 13:00:00,ВЭС,2026-02-05 07:00:00,0.8353,0.9709,0.98,0.9539,3.0,1,15.8117,5.815,6.1833,0.0,2026-02-05 10:00:00
2026-02-05 14:00:00,T1,2026-02-05 08:00:00,0.911,0.9607,0.99,0.9486,4.0,1,15.4433,5.52,6.7,0.0,2026-02-05 10:00:00
2026-02-05 14:00:00,T2,2026-02-05 08:00:00,0.8313,0.9474,0.97,0.9486,4.0,1,15.4433,5.52,6.7,0.0,2026-02-05 10:00:00
2026-02-05 14:00:00,ВЭС,2026-02-05 08:00:00,0.8711,0.954,0.98,0.9486,4.0,1,15.4433,5.52,6.7,0.0,2026-02-05 10:00:00
2026-02-05 15:00:00,T1,2026-02-05 09:00:00,0.9524,0.953,0.99,0.9328,5.0,1,14.995,5.425,6.75,0.0,2026-02-05 10:00:00
2026-02-05 15:00:00,T2,2026-02-05 09:00:00,0.8308,0.9402,0.97,0.9328,5.0,1,14.995,5.425,6.75,0.0,2026-02-05 10:00:00
2026-02-05 15:00:00,ВЭС,2026-02-05 09:00:00,0.8916,0.9466,0.98,0.9328,5.0,1,14.995,5.425,6.75,0.0,2026-02-05 10:00:00
2026-02-05 16:00:00,T1,2026-02-05 10:00:00,0.8774,0.9638,0.99,0.8986,6.0,1,14.2967,5.3,6.2,0.0,2026-02-05 10:00:00
2026-02-05 16:00:00,T2,2026-02-05 10:00:00,0.796,0.953,0.97,0.8986,6.0,1,14.2967,5.3,6.2,0.0,2026-02-05 10:00:00
2026-02-05 16:00:00,ВЭС,2026-02-05 10:00:00,0.8367,0.9584,0.98,0.8986,6.0,1,14.2967,5.3,6.2,0.0,2026-02-05 10:00:00
2026-02-05 17:00:00,T1,2026-02-05 11:00:00,0.828,0.9691,0.9851,0.8813,7.0,1,13.0033,3.81,5.05,0.0,2026-02-05 10:00:00
2026-02-05 17:00:00,T2,2026-02-05 11:00:00,0.7461,0.9586,0.97,0.8813,7.0,1,13.0033,3.81,5.05,0.0,2026-02-05 10:00:00
2026-02-05 17:00:00,ВЭС,2026-02-05 11:00:00,0.7871,0.9639,0.9776,0.8813,7.0,1,13.0033,3.81,5.05,0.0,2026-02-05 10:00:00
2026-02-05 18:00:00,T1,2026-02-05 12:00:00,0.6164,0.9402,0.9832,0.8017,8.0,1,11.825,2.0,3.8,0.0,2026-02-05 10:00:00
2026-02-05 18:00:00,T2,2026-02-05 12:00:00,0.6072,0.9346,0.9668,0.8017,8.0,1,11.825,2.0,3.8,0.0,2026-02-05 10:00:00
2026-02-05 18:00:00,ВЭС,2026-02-05 12:00:00,0.6118,0.9374,0.975,0.8017,8.0,1,11.825,2.0,3.8,0.0,2026-02-05 10:00:00
2026-02-05 19:00:00,T1,2026-02-05 13:00:00,0.5492,0.9671,0.9678,0.7639,9.0,1,11.3567,1.455,2.8833,0.0,2026-02-05 10:00:00
2026-02-05 19:00:00,T2,2026-02-05 13:00:00,0.5383,0.9531,0.9616,0.7639,9.0,1,11.3567,1.455,2.8833,0.0,2026-02-05 10:00:00
2026-02-05 19:00:00,ВЭС,2026-02-05 13:00:00,0.5437,0.9601,0.9647,0.7639,9.0,1,11.3567,1.455,2.8833,0.0,2026-02-05 10:00:00
2026-02-05 20:00:00,T1,2026-02-05 14:00:00,0.4722,0.9194,0.9684,0.7639,10.0,1,11.0433,1.48,2.2833,0.0,2026-02-05 10:00:00
2026-02-05 20:00:00,T2,2026-02-05 14:00:00,0.4939,0.918,0.9531,0.7639,10.0,1,11.0433,1.48,2.2833,0.0,2026-02-05 10:00:00
2026-02-05 20:00:00,ВЭС,2026-02-05 14:00:00,0.4831,0.9187,0.9608,0.7639,10.0,1,11.0433,1.48,2.2833,0.0,2026-02-05 10:00:00
2026-02-05 21:00:00,T1,2026-02-05 15:00:00,0.4832,0.9003,0.9649,0.7536,11.0,1,10.8733,1.265,1.9833,0.0,2026-02-05 10:00:00
2026-02-05 21:00:00,T2,2026-02-05 15:00:00,0.4843,0.8991,0.9496,0.7536,11.0,1,10.8733,1.265,1.9833,0.0,2026-02-05 10:00:00
2026-02-05 21:00:00,ВЭС,2026-02-05 15:00:00,0.4838,0.8997,0.9573,0.7536,11.0,1,10.8733,1.265,1.9833,0.0,2026-02-05 10:00:00
2026-02-05 22:00:00,T1,2026-02-05 16:00:00,0.3381,0.8432,0.9577,0.7536,12.0,1,10.78,1.025,1.9333,0.0,2026-02-05 10:00:00
2026-02-05 22:00:00,T2,2026-02-05 16:00:00,0.37,0.8417,0.9443,0.7536,12.0,1,10.78,1.025,1.9333,0.0,2026-02-05 10:00:00
2026-02-05 22:00:00,ВЭС,2026-02-05 16:00:00,0.3541,0.8425,0.951,0.7536,12.0,1,10.78,1.025,1.9333,0.0,2026-02-05 10:00:00
2026-02-05 23:00:00,T1,2026-02-05 17:00:00,0.2551,0.7374,0.9601,0.73,1.0,1,10.5533,0.69,1.8,0.0,2026-02-05 22:00:00
2026-02-05 23:00:00,T2,2026-02-05 17:00:00,0.2009,0.7262,0.9576,0.73,1.0,1,10.5533,0.69,1.8,0.0,2026-02-05 22:00:00
2026-02-05 23:00:00,ВЭС,2026-02-05 17:00:00,0.228,0.7318,0.9588,0.73,1.0,1,10.5533,0.69,1.8,0.0,2026-02-05 22:00:00
2026-02-06 00:00:00,T1,2026-02-05 18:00:00,0.2806,0.731,0.9708,0.6898,2.0,1,10.3633,0.65,1.5667,0.0,2026-02-05 22:00:00
2026-02-06 00:00:00,T2,2026-02-05 18:00:00,0.1718,0.72,0.9691,0.6898,2.0,1,10.3633,0.65,1.5667,0.0,2026-02-05 22:00:00
2026-02-06 00:00:00,ВЭС,2026-02-05 18:00:00,0.2262,0.7255,0.9699,0.6898,2.0,1,10.3633,0.65,1.5667,0.0,2026-02-05 22:00:00
2026-02-06 01:00:00,T1,2026-02-05 19:00:00,0.296,0.7052,0.975,0.6898,3.0,1,10.21,0.73,1.5333,0.0,2026-02-05 22:00:00
2026-02-06 01:00:00,T2,2026-02-05 19:00:00,0.2427,0.6942,0.97,0.6898,3.0,1,10.21,0.73,1.5333,0.0,2026-02-05 22:00:00
2026-02-06 01:00:00,ВЭС,2026-02-05 19:00:00,0.2694,0.6997,0.9725,0.6898,3.0,1,10.21,0.73,1.5333,0.0,2026-02-05 22:00:00
2026-02-06 02:00:00,T1,2026-02-05 20:00:00,0.2041,0.6273,0.9534,0.6794,4.0,1,10.005,0.91,1.4833,0.0,2026-02-05 22:00:00
2026-02-06 02:00:00,T2,2026-02-05 20:00:00,0.1471,0.6136,0.9531,0.6794,4.0,1,10.005,0.91,1.4833,0.0,2026-02-05 22:00:00
2026-02-06 02:00:00,ВЭС,2026-02-05 20:00:00,0.1756,0.6205,0.9532,0.6794,4.0,1,10.005,0.91,1.4833,0.0,2026-02-05 22:00:00
2026-02-06 03:00:00,T1,2026-02-05 21:00:00,0.0448,0.5278,0.8951,0.6587,5.0,1,9.8683,1.245,1.2667,0.0,2026-02-05 22:00:00
2026-02-06 03:00:00,T2,2026-02-05 21:00:00,0.0399,0.5143,0.8948,0.6587,5.0,1,9.8683,1.245,1.2667,0.0,2026-02-05 22:00:00
2026-02-06 03:00:00,ВЭС,2026-02-05 21:00:00,0.0424,0.521,0.895,0.6587,5.0,1,9.8683,1.245,1.2667,0.0,2026-02-05 22:00:00
2026-02-06 04:00:00,T1,2026-02-05 22:00:00,0.0,0.3761,0.8407,0.5984,6.0,1,9.4417,1.79,1.0,0.0,2026-02-05 22:00:00
2026-02-06 04:00:00,T2,2026-02-05 22:00:00,0.0477,0.3624,0.8404,0.5984,6.0,1,9.4417,1.79,1.0,0.0,2026-02-05 22:00:00
2026-02-06 04:00:00,ВЭС,2026-02-05 22:00:00,0.0238,0.3693,0.8405,0.5984,6.0,1,9.4417,1.79,1.0,0.0,2026-02-05 22:00:00
2026-02-06 05:00:00,T1,2026-02-05 23:00:00,0.0239,0.145,0.6439,0.4212,7.0,1,7.84,4.215,0.4833,0.0,2026-02-05 22:00:00
2026-02-06 05:00:00,T2,2026-02-05 23:00:00,0.0,0.1393,0.6439,0.4212,7.0,1,7.84,4.215,0.4833,0.0,2026-02-05 22:00:00
2026-02-06 05:00:00,ВЭС,2026-02-05 23:00:00,0.0119,0.1421,0.6439,0.4212,7.0,1,7.84,4.215,0.4833,0.0,2026-02-05 22:00:00
2026-02-06 06:00:00,T1,2026-02-06 00:00:00,0.0,0.0705,0.2586,0.2365,8.0,1,5.6533,6.395,-0.0,0.0,2026-02-05 22:00:00
2026-02-06 06:00:00,T2,2026-02-06 00:00:00,0.0,0.0664,0.2586,0.2365,8.0,1,5.6533,6.395,-0.0,0.0,2026-02-05 22:00:00
2026-02-06 06:00:00,ВЭС,2026-02-06 00:00:00,0.0,0.0684,0.2586,0.2365,8.0,1,5.6533,6.395,-0.0,0.0,2026-02-05 22:00:00
2026-02-06 07:00:00,T1,2026-02-06 01:00:00,0.0011,0.01,0.0821,0.1275,9.0,1,3.6767,5.675,-0.15,0.0,2026-02-05 22:00:00
2026-02-06 07:00:00,T2,2026-02-06 01:00:00,0.0,0.0085,0.0821,0.1275,9.0,1,3.6767,5.675,-0.15,0.0,2026-02-05 22:00:00
2026-02-06 07:00:00,ВЭС,2026-02-06 01:00:00,0.0006,0.0092,0.0821,0.1275,9.0,1,3.6767,5.675,-0.15,0.0,2026-02-05 22:00:00
2026-02-06 08:00:00,T1,2026-02-06 02:00:00,0.0069,0.0178,0.0925,0.115,10.0,1,3.3867,3.18,0.0333,0.0,2026-02-05 22:00:00
2026-02-06 08:00:00,T2,2026-02-06 02:00:00,0.0052,0.0172,0.0925,0.115,10.0,1,3.3867,3.18,0.0333,0.0,2026-02-05 22:00:00
2026-02-06 08:00:00,ВЭС,2026-02-06 02:00:00,0.006,0.0175,0.0925,0.115,10.0,1,3.3867,3.18,0.0333,0.0,2026-02-05 22:00:00
2026-02-06 09:00:00,T1,2026-02-06 03:00:00,0.0,0.0356,0.2199,0.1472,11.0,1,4.15,0.51,1.1,0.0,2026-02-05 22:00:00
2026-02-06 09:00:00,T2,2026-02-06 03:00:00,0.0,0.0343,0.2199,0.1472,11.0,1,4.15,0.51,1.1,0.0,2026-02-05 22:00:00
2026-02-06 09:00:00,ВЭС,2026-02-06 03:00:00,0.0,0.0349,0.2199,0.1472,11.0,1,4.15,0.51,1.1,0.0,2026-02-05 22:00:00
2026-02-06 10:00:00,T1,2026-02-06 04:00:00,0.0,0.087,0.2885,0.1381,12.0,1,4.1083,3.005,2.7833,0.0,2026-02-05 22:00:00
2026-02-06 10:00:00,T2,2026-02-06 04:00:00,0.0,0.0864,0.2885,0.1381,12.0,1,4.1083,3.005,2.7833,0.0,2026-02-05 22:00:00
2026-02-06 10:00:00,ВЭС,2026-02-06 04:00:00,0.0,0.0867,0.2885,0.1381,12.0,1,4.1083,3.005,2.7833,0.0,2026-02-05 22:00:00
2026-02-06 11:00:00,T1,2026-02-06 05:00:00,0.0,0.1504,0.6012,0.2347,1.0,1,5.4933,4.63,4.4333,0.0,2026-02-06 10:00:00
2026-02-06 11:00:00,T2,2026-02-06 05:00:00,0.0,0.1493,0.6011,0.2347,1.0,1,5.4933,4.63,4.4333,0.0,2026-02-06 10:00:00
2026-02-06 11:00:00,ВЭС,2026-02-06 05:00:00,0.0,0.1499,0.6011,0.2347,1.0,1,5.4933,4.63,4.4333,0.0,2026-02-06 10:00:00
2026-02-06 12:00:00,T1,2026-02-06 06:00:00,0.0,0.3936,0.8902,0.4837,2.0,1,8.4967,6.095,5.8167,0.0,2026-02-06 10:00:00
2026-02-06 12:00:00,T2,2026-02-06 06:00:00,0.0,0.3922,0.8847,0.4837,2.0,1,8.4967,6.095,5.8167,0.0,2026-02-06 10:00:00
2026-02-06 12:00:00,ВЭС,2026-02-06 06:00:00,0.0,0.3929,0.8875,0.4837,2.0,1,8.4967,6.095,5.8167,0.0,2026-02-06 10:00:00
2026-02-06 13:00:00,T1,2026-02-06 07:00:00,0.2175,0.8599,0.9809,0.7831,3.0,1,11.6717,6.44,5.9667,0.0,2026-02-06 10:00:00
2026-02-06 13:00:00,T2,2026-02-06 07:00:00,0.1717,0.8614,0.967,0.7831,3.0,1,11.6717,6.44,5.9667,0.0,2026-02-06 10:00:00
2026-02-06 13:00:00,ВЭС,2026-02-06 07:00:00,0.1946,0.8607,0.974,0.7831,3.0,1,11.6717,6.44,5.9667,0.0,2026-02-06 10:00:00
2026-02-06 14:00:00,T1,2026-02-06 08:00:00,0.7298,0.9524,0.99,0.8986,4.0,1,13.7833,4.965,5.2833,0.0,2026-02-06 10:00:00
2026-02-06 14:00:00,T2,2026-02-06 08:00:00,0.6539,0.9433,0.97,0.8986,4.0,1,13.7833,4.965,5.2833,0.0,2026-02-06 10:00:00
2026-02-06 14:00:00,ВЭС,2026-02-06 08:00:00,0.6919,0.9478,0.98,0.8986,4.0,1,13.7833,4.965,5.2833,0.0,2026-02-06 10:00:00
2026-02-06 15:00:00,T1,2026-02-06 09:00:00,0.8667,0.9663,0.99,0.9162,5.0,1,14.475,2.785,4.8,0.0,2026-02-06 10:00:00
2026-02-06 15:00:00,T2,2026-02-06 09:00:00,0.8439,0.9552,0.97,0.9162,5.0,1,14.475,2.785,4.8,0.0,2026-02-06 10:00:00
2026-02-06 15:00:00,ВЭС,2026-02-06 09:00:00,0.8553,0.9607,0.98,0.9162,5.0,1,14.475,2.785,4.8,0.0,2026-02-06 10:00:00
2026-02-06 16:00:00,T1,2026-02-06 10:00:00,0.938,0.9838,0.99,0.9486,6.0,1,15.28,1.275,4.4167,0.0,2026-02-06 10:00:00
2026-02-06 16:00:00,T2,2026-02-06 10:00:00,0.878,0.9693,0.97,0.9486,6.0,1,15.28,1.275,4.4167,0.0,2026-02-06 10:00:00
2026-02-06 16:00:00,ВЭС,2026-02-06 10:00:00,0.908,0.9765,0.98,0.9486,6.0,1,15.28,1.275,4.4167,0.0,2026-02-06 10:00:00
2026-02-06 17:00:00,T1,2026-02-06 11:00:00,0.976,0.99,0.99,0.9539,7.0,1,16.3783,0.99,3.9667,0.0,2026-02-06 10:00:00
2026-02-06 17:00:00,T2,2026-02-06 11:00:00,0.8924,0.97,0.97,0.9539,7.0,1,16.3783,0.99,3.9667,0.0,2026-02-06 10:00:00
2026-02-06 17:00:00,ВЭС,2026-02-06 11:00:00,0.9342,0.98,0.98,0.9539,7.0,1,16.3783,0.99,3.9667,0.0,2026-02-06 10:00:00
2026-02-06 18:00:00,T1,2026-02-06 12:00:00,0.9888,0.99,0.99,0.9539,8.0,1,16.9433,1.025,3.4,0.0,2026-02-06 10:00:00
2026-02-06 18:00:00,T2,2026-02-06 12:00:00,0.8997,0.97,0.97,0.9539,8.0,1,16.9433,1.025,3.4,0.0,2026-02-06 10:00:00
2026-02-06 18:00:00,ВЭС,2026-02-06 12:00:00,0.9443,0.98,0.98,0.9539,8.0,1,16.9433,1.025,3.4,0.0,2026-02-06 10:00:00
2026-02-06 19:00:00,T1,2026-02-06 13:00:00,0.9794,0.99,0.99,0.9539,9.0,1,16.7283,1.2,2.8333,0.0,2026-02-06 10:00:00
2026-02-06 19:00:00,T2,2026-02-06 13:00:00,0.919,0.9687,0.97,0.9539,9.0,1,16.7283,1.2,2.8333,0.0,2026-02-06 10:00:00
2026-02-06 19:00:00,ВЭС,2026-02-06 13:00:00,0.9492,0.9794,0.98,0.9539,9.0,1,16.7283,1.2,2.8333,0.0,2026-02-06 10:00:00
2026-02-06 20:00:00,T1,2026-02-06 14:00:00,0.9701,0.99,0.99,0.9539,10.0,1,16.075,0.94,2.3,0.0,2026-02-06 10:00:00
2026-02-06 20:00:00,T2,2026-02-06 14:00:00,0.9254,0.9638,0.97,0.9539,10.0,1,16.075,0.94,2.3,0.0,2026-02-06 10:00:00
2026-02-06 20:00:00,ВЭС,2026-02-06 14:00:00,0.9477,0.9769,0.98,0.9539,10.0,1,16.075,0.94,2.3,0.0,2026-02-06 10:00:00
2026-02-06 21:00:00,T1,2026-02-06 15:00:00,0.9695,0.9836,0.99,0.9486,11.0,1,14.9767,0.565,1.8833,0.0,2026-02-06 10:00:00
2026-02-06 21:00:00,T2,2026-02-06 15:00:00,0.9683,0.97,0.97,0.9486,11.0,1,14.9767,0.565,1.8833,0.0,2026-02-06 10:00:00
2026-02-06 21:00:00,ВЭС,2026-02-06 15:00:00,0.9689,0.9768,0.98,0.9486,11.0,1,14.9767,0.565,1.8833,0.0,2026-02-06 10:00:00
2026-02-06 22:00:00,T1,2026-02-06 16:00:00,0.8104,0.9666,0.99,0.8986,12.0,1,13.6183,0.62,1.6,0.0,2026-02-06 10:00:00
2026-02-06 22:00:00,T2,2026-02-06 16:00:00,0.8139,0.9558,0.97,0.8986,12.0,1,13.6183,0.62,1.6,0.0,2026-02-06 10:00:00
2026-02-06 22:00:00,ВЭС,2026-02-06 16:00:00,0.8122,0.9612,0.98,0.8986,12.0,1,13.6183,0.62,1.6,0.0,2026-02-06 10:00:00
2026-02-06 23:00:00,T1,2026-02-06 17:00:00,0.6756,0.9475,0.99,0.872,1.0,1,12.6383,0.345,1.3333,1.0,2026-02-06 22:00:00
2026-02-06 23:00:00,T2,2026-02-06 17:00:00,0.6215,0.9389,0.97,0.872,1.0,1,12.6383,0.345,1.3333,1.0,2026-02-06 22:00:00
2026-02-06 23:00:00,ВЭС,2026-02-06 17:00:00,0.6485,0.9432,0.98,0.872,1.0,1,12.6383,0.345,1.3333,1.0,2026-02-06 22:00:00
2026-02-07 00:00:00,T1,2026-02-06 18:00:00,0.4718,0.9368,0.99,0.8017,2.0,1,11.94,1.5,1.0333,1.0,2026-02-06 22:00:00
2026-02-07 00:00:00,T2,2026-02-06 18:00:00,0.4791,0.9382,0.97,0.8017,2.0,1,11.94,1.5,1.0333,1.0,2026-02-06 22:00:00
2026-02-07 00:00:00,ВЭС,2026-02-06 18:00:00,0.4754,0.9375,0.98,0.8017,2.0,1,11.94,1.5,1.0333,1.0,2026-02-06 22:00:00
2026-02-07 01:00:00,T1,2026-02-06 19:00:00,0.3547,0.8937,0.9876,0.7639,3.0,1,10.995,1.625,0.8667,1.0,2026-02-06 22:00:00
2026-02-07 01:00:00,T2,2026-02-06 19:00:00,0.2748,0.8951,0.97,0.7639,3.0,1,10.995,1.625,0.8667,1.0,2026-02-06 22:00:00
2026-02-07 01:00:00,ВЭС,2026-02-06 19:00:00,0.3148,0.8944,0.9788,0.7639,3.0,1,10.995,1.625,0.8667,1.0,2026-02-06 22:00:00
2026-02-07 02:00:00,T1,2026-02-06 20:00:00,0.1329,0.6699,0.9586,0.65,4.0,1,9.715,1.705,0.7167,1.0,2026-02-06 22:00:00
2026-02-07 02:00:00,T2,2026-02-06 20:00:00,0.1459,0.6745,0.9552,0.65,4.0,1,9.715,1.705,0.7167,1.0,2026-02-06 22:00:00
2026-02-07 02:00:00,ВЭС,2026-02-06 20:00:00,0.1394,0.6722,0.9569,0.65,4.0,1,9.715,1.705,0.7167,1.0,2026-02-06 22:00:00
2026-02-07 03:00:00,T1,2026-02-06 21:00:00,0.1169,0.4062,0.8274,0.4601,5.0,1,8.3,2.535,0.45,1.0,2026-02-06 22:00:00
2026-02-07 03:00:00,T2,2026-02-06 21:00:00,0.0062,0.4109,0.827,0.4601,5.0,1,8.3,2.535,0.45,1.0,2026-02-06 22:00:00
2026-02-07 03:00:00,ВЭС,2026-02-06 21:00:00,0.0616,0.4085,0.8272,0.4601,5.0,1,8.3,2.535,0.45,1.0,2026-02-06 22:00:00
2026-02-07 04:00:00,T1,2026-02-06 22:00:00,0.0134,0.2613,0.6979,0.3567,6.0,1,7.095,4.205,0.2,1.0,2026-02-06 22:00:00
2026-02-07 04:00:00,T2,2026-02-06 22:00:00,0.0,0.2601,0.6978,0.3567,6.0,1,7.095,4.205,0.2,1.0,2026-02-06 22:00:00
2026-02-07 04:00:00,ВЭС,2026-02-06 22:00:00,0.0067,0.2607,0.6978,0.3567,6.0,1,7.095,4.205,0.2,1.0,2026-02-06 22:00:00
2026-02-07 05:00:00,T1,2026-02-06 23:00:00,0.0,0.1589,0.5342,0.2388,7.0,1,5.8167,3.855,0.0333,1.0,2026-02-06 22:00:00
2026-02-07 05:00:00,T2,2026-02-06 23:00:00,0.0,0.1571,0.5342,0.2388,7.0,1,5.8167,3.855,0.0333,1.0,2026-02-06 22:00:00
2026-02-07 05:00:00,ВЭС,2026-02-06 23:00:00,0.0,0.158,0.5342,0.2388,7.0,1,5.8167,3.855,0.0333,1.0,2026-02-06 22:00:00
2026-02-07 06:00:00,T1,2026-02-07 00:00:00,0.0,0.077,0.351,0.1625,8.0,1,4.435,2.505,-0.0833,1.0,2026-02-06 22:00:00
2026-02-07 06:00:00,T2,2026-02-07 00:00:00,0.0,0.0757,0.351,0.1625,8.0,1,4.435,2.505,-0.0833,1.0,2026-02-06 22:00:00
2026-02-07 06:00:00,ВЭС,2026-02-07 00:00:00,0.0,0.0763,0.351,0.1625,8.0,1,4.435,2.505,-0.0833,1.0,2026-02-06 22:00:00
2026-02-07 07:00:00,T1,2026-02-07 01:00:00,0.0082,0.0146,0.1151,0.0968,9.0,1,2.9667,2.605,-0.2667,1.0,2026-02-06 22:00:00
2026-02-07 07:00:00,T2,2026-02-07 01:00:00,0.01,0.0136,0.1151,0.0968,9.0,1,2.9667,2.605,-0.2667,1.0,2026-02-06 22:00:00
2026-02-07 07:00:00,ВЭС,2026-02-07 01:00:00,0.0091,0.0141,0.1151,0.0968,9.0,1,2.9667,2.605,-0.2667,1.0,2026-02-06 22:00:00
2026-02-07 08:00:00,T1,2026-02-07 02:00:00,0.0066,0.0183,0.0465,0.0687,10.0,1,1.8983,0.915,-0.3,1.0,2026-02-06 22:00:00
2026-02-07 08:00:00,T2,2026-02-07 02:00:00,0.0055,0.0174,0.0466,0.0687,10.0,1,1.8983,0.915,-0.3,1.0,2026-02-06 22:00:00
2026-02-07 08:00:00,ВЭС,2026-02-07 02:00:00,0.0061,0.0179,0.0465,0.0687,10.0,1,1.8983,0.915,-0.3,1.0,2026-02-06 22:00:00
2026-02-07 09:00:00,T1,2026-02-07 03:00:00,0.009,0.0126,0.1376,0.0741,11.0,1,2.265,2.575,0.3,0.0,2026-02-06 22:00:00
2026-02-07 09:00:00,T2,2026-02-07 03:00:00,0.0074,0.0115,0.1376,0.0741,11.0,1,2.265,2.575,0.3,0.0,2026-02-06 22:00:00
2026-02-07 09:00:00,ВЭС,2026-02-07 03:00:00,0.0082,0.0121,0.1376,0.0741,11.0,1,2.265,2.575,0.3,0.0,2026-02-06 22:00:00
2026-02-07 10:00:00,T1,2026-02-07 04:00:00,0.0,0.0739,0.3198,0.1566,12.0,1,4.3933,3.8,1.4167,0.0,2026-02-06 22:00:00
2026-02-07 10:00:00,T2,2026-02-07 04:00:00,0.0,0.0739,0.3198,0.1566,12.0,1,4.3933,3.8,1.4167,0.0,2026-02-06 22:00:00
2026-02-07 10:00:00,ВЭС,2026-02-07 04:00:00,0.0,0.0739,0.3198,0.1566,12.0,1,4.3933,3.8,1.4167,0.0,2026-02-06 22:00:00
2026-02-07 11:00:00,T1,2026-02-07 05:00:00,0.0,0.2846,0.6449,0.3243,1.0,1,6.5367,4.48,2.65,0.0,2026-02-07 10:00:00
2026-02-07 11:00:00,T2,2026-02-07 05:00:00,0.0,0.2948,0.6448,0.3243,1.0,1,6.5367,4.48,2.65,0.0,2026-02-07 10:00:00
2026-02-07 11:00:00,ВЭС,2026-02-07 05:00:00,0.0,0.2897,0.6448,0.3243,1.0,1,6.5367,4.48,2.65,0.0,2026-02-07 10:00:00
2026-02-07 12:00:00,T1,2026-02-07 06:00:00,0.0,0.3507,0.7274,0.3725,2.0,1,7.1867,4.285,3.5667,0.0,2026-02-07 10:00:00
2026-02-07 12:00:00,T2,2026-02-07 06:00:00,0.0,0.356,0.7274,0.3725,2.0,1,7.1867,4.285,3.5667,0.0,2026-02-07 10:00:00
2026-02-07 12:00:00,ВЭС,2026-02-07 06:00:00,0.0,0.3533,0.7274,0.3725,2.0,1,7.1867,4.285,3.5667,0.0,2026-02-07 10:00:00
2026-02-07 13:00:00,T1,2026-02-07 07:00:00,0.0035,0.4182,0.7635,0.3567,3.0,1,7.0117,3.11,3.9167,0.0,2026-02-07 10:00:00
2026-02-07 13:00:00,T2,2026-02-07 07:00:00,0.0,0.4249,0.7635,0.3567,3.0,1,7.0117,3.11,3.9167,0.0,2026-02-07 10:00:00
2026-02-07 13:00:00,ВЭС,2026-02-07 07:00:00,0.0017,0.4216,0.7635,0.3567,3.0,1,7.0117,3.11,3.9167,0.0,2026-02-07 10:00:00
2026-02-07 14:00:00,T1,2026-02-07 08:00:00,0.0538,0.2484,0.6069,0.2732,4.0,1,6.1733,2.605,3.95,0.0,2026-02-07 10:00:00
2026-02-07 14:00:00,T2,2026-02-07 08:00:00,0.0,0.2551,0.6069,0.2732,4.0,1,6.1733,2.605,3.95,0.0,2026-02-07 10:00:00
2026-02-07 14:00:00,ВЭС,2026-02-07 08:00:00,0.0269,0.2518,0.6069,0.2732,4.0,1,6.1733,2.605,3.95,0.0,2026-02-07 10:00:00
2026-02-07 15:00:00,T1,2026-02-07 09:00:00,0.0,0.1146,0.4276,0.1903,5.0,1,4.9683,2.645,3.75,0.0,2026-02-07 10:00:00
2026-02-07 15:00:00,T2,2026-02-07 09:00:00,0.0,0.1279,0.4275,0.1903,5.0,1,4.9683,2.645,3.75,0.0,2026-02-07 10:00:00
2026-02-07 15:00:00,ВЭС,2026-02-07 09:00:00,0.0,0.1212,0.4275,0.1903,5.0,1,4.9683,2.645,3.75,0.0,2026-02-07 10:00:00
2026-02-07 16:00:00,T1,2026-02-07 10:00:00,0.0,0.0549,0.2766,0.1275,6.0,1,3.7633,2.305,3.2667,0.0,2026-02-07 10:00:00
2026-02-07 16:00:00,T2,2026-02-07 10:00:00,0.0,0.0634,0.2766,0.1275,6.0,1,3.7633,2.305,3.2667,0.0,2026-02-07 10:00:00
2026-02-07 16:00:00,ВЭС,2026-02-07 10:00:00,0.0,0.0592,0.2766,0.1275,6.0,1,3.7633,2.305,3.2667,0.0,2026-02-07 10:00:00
2026-02-07 17:00:00,T1,2026-02-07 11:00:00,0.0,0.0442,0.1673,0.1,7.0,1,3.1067,1.545,2.2667,0.0,2026-02-07 10:00:00
2026-02-07 17:00:00,T2,2026-02-07 11:00:00,0.0,0.045,0.1673,0.1,7.0,1,3.1067,1.545,2.2667,0.0,2026-02-07 10:00:00
2026-02-07 17:00:00,ВЭС,2026-02-07 11:00:00,0.0,0.0446,0.1673,0.1,7.0,1,3.1067,1.545,2.2667,0.0,2026-02-07 10:00:00
2026-02-07 18:00:00,T1,2026-02-07 12:00:00,0.0,0.089,0.4212,0.1511,8.0,1,4.2833,5.295,0.9333,0.0,2026-02-07 10:00:00
2026-02-07 18:00:00,T2,2026-02-07 12:00:00,0.0,0.0886,0.4212,0.1511,8.0,1,4.2833,5.295,0.9333,0.0,2026-02-07 10:00:00
2026-02-07 18:00:00,ВЭС,2026-02-07 12:00:00,0.0,0.0888,0.4212,0.1511,8.0,1,4.2833,5.295,0.9333,0.0,2026-02-07 10:00:00
2026-02-07 19:00:00,T1,2026-02-07 13:00:00,0.0,0.2903,0.6133,0.2753,9.0,1,6.2683,5.33,0.2667,1.0,2026-02-07 10:00:00
2026-02-07 19:00:00,T2,2026-02-07 13:00:00,0.0,0.2899,0.6132,0.2753,9.0,1,6.2683,5.33,0.2667,1.0,2026-02-07 10:00:00
2026-02-07 19:00:00,ВЭС,2026-02-07 13:00:00,0.0,0.2901,0.6132,0.2753,9.0,1,6.2683,5.33,0.2667,1.0,2026-02-07 10:00:00
2026-02-07 20:00:00,T1,2026-02-07 14:00:00,0.0345,0.438,0.8088,0.3974,10.0,1,7.595,4.855,0.1167,1.0,2026-02-07 10:00:00
2026-02-07 20:00:00,T2,2026-02-07 14:00:00,0.0,0.4376,0.8087,0.3974,10.0,1,7.595,4.855,0.1167,1.0,2026-02-07 10:00:00
2026-02-07 20:00:00,ВЭС,2026-02-07 14:00:00,0.0173,0.4378,0.8088,0.3974,10.0,1,7.595,4.855,0.1167,1.0,2026-02-07 10:00:00
2026-02-07 21:00:00,T1,2026-02-07 15:00:00,0.0471,0.704,0.964,0.5417,11.0,1,8.915,4.57,-0.1,1.0,2026-02-07 10:00:00
2026-02-07 21:00:00,T2,2026-02-07 15:00:00,0.0,0.7034,0.961,0.5417,11.0,1,8.915,4.57,-0.1,1.0,2026-02-07 10:00:00
2026-02-07 21:00:00,ВЭС,2026-02-07 15:00:00,0.0235,0.7037,0.9625,0.5417,11.0,1,8.915,4.57,-0.1,1.0,2026-02-07 10:00:00
2026-02-07 22:00:00,T1,2026-02-07 16:00:00,0.3029,0.7815,0.9866,0.6898,12.0,1,10.23,4.15,-0.2667,1.0,2026-02-07 10:00:00
2026-02-07 22:00:00,T2,2026-02-07 16:00:00,0.2046,0.7807,0.97,0.6898,12.0,1,10.23,4.15,-0.2667,1.0,2026-02-07 10:00:00
2026-02-07 22:00:00,ВЭС,2026-02-07 16:00:00,0.2538,0.7811,0.9783,0.6898,12.0,1,10.23,4.15,-0.2667,1.0,2026-02-07 10:00:00
2026-02-07 23:00:00,T1,2026-02-07 17:00:00,0.4941,0.956,0.99,0.7831,1.0,1,11.5467,2.305,-0.4,1.0,2026-02-07 22:00:00
2026-02-07 23:00:00,T2,2026-02-07 17:00:00,0.3764,0.9549,0.97,0.7831,1.0,1,11.5467,2.305,-0.4,1.0,2026-02-07 22:00:00
2026-02-07 23:00:00,ВЭС,2026-02-07 17:00:00,0.4353,0.9554,0.98,0.7831,1.0,1,11.5467,2.305,-0.4,1.0,2026-02-07 22:00:00
2026-02-08 00:00:00,T1,2026-02-07 18:00:00,0.6645,0.9596,0.99,0.872,2.0,1,12.575,0.7,-0.5,1.0,2026-02-07 22:00:00
2026-02-08 00:00:00,T2,2026-02-07 18:00:00,0.6904,0.9482,0.97,0.872,2.0,1,12.575,0.7,-0.5,1.0,2026-02-07 22:00:00
2026-02-08 00:00:00,ВЭС,2026-02-07 18:00:00,0.6774,0.9539,0.98,0.872,2.0,1,12.575,0.7,-0.5,1.0,2026-02-07 22:00:00
2026-02-08 01:00:00,T1,2026-02-07 19:00:00,0.637,0.9654,0.99,0.872,3.0,1,12.6533,2.775,-0.6,1.0,2026-02-07 22:00:00
2026-02-08 01:00:00,T2,2026-02-07 19:00:00,0.6505,0.9539,0.97,0.872,3.0,1,12.6533,2.775,-0.6,1.0,2026-02-07 22:00:00
2026-02-08 01:00:00,ВЭС,2026-02-07 19:00:00,0.6438,0.9597,0.98,0.872,3.0,1,12.6533,2.775,-0.6,1.0,2026-02-07 22:00:00
2026-02-08 02:00:00,T1,2026-02-07 20:00:00,0.4419,0.9259,0.99,0.8217,4.0,1,12.265,3.2,-0.7667,1.0,2026-02-07 22:00:00
2026-02-08 02:00:00,T2,2026-02-07 20:00:00,0.4909,0.9145,0.97,0.8217,4.0,1,12.265,3.2,-0.7667,1.0,2026-02-07 22:00:00
2026-02-08 02:00:00,ВЭС,2026-02-07 20:00:00,0.4664,0.9202,0.98,0.8217,4.0,1,12.265,3.2,-0.7667,1.0,2026-02-07 22:00:00
2026-02-08 03:00:00,T1,2026-02-07 21:00:00,0.4102,0.9204,0.99,0.8017,5.0,1,11.5733,2.325,-0.9,1.0,2026-02-07 22:00:00
2026-02-08 03:00:00,T2,2026-02-07 21:00:00,0.3842,0.9096,0.97,0.8017,5.0,1,11.5733,2.325,-0.9,1.0,2026-02-07 22:00:00
2026-02-08 03:00:00,ВЭС,2026-02-07 21:00:00,0.3972,0.915,0.98,0.8017,5.0,1,11.5733,2.325,-0.9,1.0,2026-02-07 22:00:00
2026-02-08 04:00:00,T1,2026-02-07 22:00:00,0.253,0.7937,0.99,0.7338,6.0,1,10.4883,1.52,-1.0167,1.0,2026-02-07 22:00:00
2026-02-08 04:00:00,T2,2026-02-07 22:00:00,0.2499,0.7924,0.97,0.7338,6.0,1,10.4883,1.52,-1.0167,1.0,2026-02-07 22:00:00
2026-02-08 04:00:00,ВЭС,2026-02-07 22:00:00,0.2514,0.793,0.98,0.7338,6.0,1,10.4883,1.52,-1.0167,1.0,2026-02-07 22:00:00
2026-02-08 05:00:00,T1,2026-02-07 23:00:00,0.0011,0.6085,0.952,0.6301,7.0,1,9.62,0.92,-1.1667,0.0,2026-02-07 22:00:00
2026-02-08 05:00:00,T2,2026-02-07 23:00:00,0.0828,0.6073,0.9498,0.6301,7.0,1,9.62,0.92,-1.1667,0.0,2026-02-07 22:00:00
2026-02-08 05:00:00,ВЭС,2026-02-07 23:00:00,0.0419,0.6079,0.9509,0.6301,7.0,1,9.62,0.92,-1.1667,0.0,2026-02-07 22:00:00
2026-02-08 06:00:00,T1,2026-02-08 00:00:00,0.0,0.5469,0.9299,0.5291,8.0,1,8.7617,0.895,-1.2833,0.0,2026-02-07 22:00:00
2026-02-08 06:00:00,T2,2026-02-08 00:00:00,0.0,0.5487,0.9282,0.5291,8.0,1,8.7617,0.895,-1.2833,0.0,2026-02-07 22:00:00
2026-02-08 06:00:00,ВЭС,2026-02-08 00:00:00,0.0,0.5478,0.9291,0.5291,8.0,1,8.7617,0.895,-1.2833,0.0,2026-02-07 22:00:00
2026-02-08 07:00:00,T1,2026-02-08 01:00:00,0.0,0.4017,0.8266,0.4212,9.0,1,7.765,0.475,-1.25,0.0,2026-02-07 22:00:00
2026-02-08 07:00:00,T2,2026-02-08 01:00:00,0.0,0.4086,0.8266,0.4212,9.0,1,7.765,0.475,-1.25,0.0,2026-02-07 22:00:00
2026-02-08 07:00:00,ВЭС,2026-02-08 01:00:00,0.0,0.4052,0.8266,0.4212,9.0,1,7.765,0.475,-1.25,0.0,2026-02-07 22:00:00
2026-02-08 08:00:00,T1,2026-02-08 02:00:00,0.0,0.2298,0.6917,0.3379,10.0,1,6.845,0.2,-0.9667,0.0,2026-02-07 22:00:00
2026-02-08 08:00:00,T2,2026-02-08 02:00:00,0.0,0.2282,0.6917,0.3379,10.0,1,6.845,0.2,-0.9667,0.0,2026-02-07 22:00:00
2026-02-08 08:00:00,ВЭС,2026-02-08 02:00:00,0.0,0.229,0.6917,0.3379,10.0,1,6.845,0.2,-0.9667,0.0,2026-02-07 22:00:00
2026-02-08 09:00:00,T1,2026-02-08 03:00:00,0.0,0.1875,0.4806,0.2678,11.0,1,5.9267,0.575,-0.1333,0.0,2026-02-07 22:00:00
2026-02-08 09:00:00,T2,2026-02-08 03:00:00,0.0,0.1864,0.4806,0.2678,11.0,1,5.9267,0.575,-0.1333,0.0,2026-02-07 22:00:00
2026-02-08 09:00:00,ВЭС,2026-02-08 03:00:00,0.0,0.1869,0.4806,0.2678,11.0,1,5.9267,0.575,-0.1333,0.0,2026-02-07 22:00:00
2026-02-08 10:00:00,T1,2026-02-08 04:00:00,0.0,0.0723,0.3755,0.1864,12.0,1,4.865,1.425,1.0167,0.0,2026-02-07 22:00:00
2026-02-08 10:00:00,T2,2026-02-08 04:00:00,0.0,0.0712,0.3755,0.1864,12.0,1,4.865,1.425,1.0167,0.0,2026-02-07 22:00:00
2026-02-08 10:00:00,ВЭС,2026-02-08 04:00:00,0.0,0.0717,0.3755,0.1864,12.0,1,4.865,1.425,1.0167,0.0,2026-02-07 22:00:00
2026-02-08 11:00:00,T1,2026-02-08 05:00:00,0.0,0.0471,0.2509,0.1082,1.0,1,3.2617,2.15,1.95,0.0,2026-02-08 10:00:00
2026-02-08 11:00:00,T2,2026-02-08 05:00:00,0.0,0.046,0.2509,0.1082,1.0,1,3.2617,2.15,1.95,0.0,2026-02-08 10:00:00
2026-02-08 11:00:00,ВЭС,2026-02-08 05:00:00,0.0,0.0466,0.2509,0.1082,1.0,1,3.2617,2.15,1.95,0.0,2026-02-08 10:00:00
2026-02-08 12:00:00,T1,2026-02-08 06:00:00,0.0093,0.01,0.0755,0.0619,2.0,1,1.72,1.855,2.8833,0.0,2026-02-08 10:00:00
2026-02-08 12:00:00,T2,2026-02-08 06:00:00,0.0083,0.0088,0.0755,0.0619,2.0,1,1.72,1.855,2.8833,0.0,2026-02-08 10:00:00
2026-02-08 12:00:00,ВЭС,2026-02-08 06:00:00,0.0088,0.0094,0.0755,0.0619,2.0,1,1.72,1.855,2.8833,0.0,2026-02-08 10:00:00
2026-02-08 13:00:00,T1,2026-02-08 07:00:00,0.0091,0.0122,0.0641,0.0619,3.0,1,1.6883,1.29,3.8333,0.0,2026-02-08 10:00:00
2026-02-08 13:00:00,T2,2026-02-08 07:00:00,0.0069,0.0129,0.0641,0.0619,3.0,1,1.6883,1.29,3.8333,0.0,2026-02-08 10:00:00
2026-02-08 13:00:00,ВЭС,2026-02-08 07:00:00,0.008,0.0126,0.0641,0.0619,3.0,1,1.6883,1.29,3.8333,0.0,2026-02-08 10:00:00
2026-02-08 14:00:00,T1,2026-02-08 08:00:00,0.0,0.0463,0.2161,0.1275,4.0,1,3.655,3.69,4.4667,0.0,2026-02-08 10:00:00
2026-02-08 14:00:00,T2,2026-02-08 08:00:00,0.0,0.0593,0.216,0.1275,4.0,1,3.655,3.69,4.4667,0.0,2026-02-08 10:00:00
2026-02-08 14:00:00,ВЭС,2026-02-08 08:00:00,0.0,0.0528,0.216,0.1275,4.0,1,3.655,3.69,4.4667,0.0,2026-02-08 10:00:00
2026-02-08 15:00:00,T1,2026-02-08 09:00:00,0.0368,0.3929,0.7543,0.3243,5.0,1,6.7583,4.28,4.5333,0.0,2026-02-08 10:00:00
2026-02-08 15:00:00,T2,2026-02-08 09:00:00,0.0,0.4063,0.7542,0.3243,5.0,1,6.7583,4.28,4.5333,0.0,2026-02-08 10:00:00
2026-02-08 15:00:00,ВЭС,2026-02-08 09:00:00,0.0184,0.3996,0.7542,0.3243,5.0,1,6.7583,4.28,4.5333,0.0,2026-02-08 10:00:00
2026-02-08 16:00:00,T1,2026-02-08 10:00:00,0.5058,0.9585,0.99,0.6898,6.0,1,10.225,3.975,3.95,0.0,2026-02-08 10:00:00
2026-02-08 16:00:00,T2,2026-02-08 10:00:00,0.492,0.9601,0.97,0.6898,6.0,1,10.225,3.975,3.95,0.0,2026-02-08 10:00:00
2026-02-08 16:00:00,ВЭС,2026-02-08 10:00:00,0.4989,0.9593,0.98,0.6898,6.0,1,10.225,3.975,3.95,0.0,2026-02-08 10:00:00
2026-02-08 17:00:00,T1,2026-02-08 11:00:00,0.9875,0.99,0.99,0.8986,7.0,1,13.315,3.02,2.6833,0.0,2026-02-08 10:00:00
2026-02-08 17:00:00,T2,2026-02-08 11:00:00,0.9162,0.97,0.97,0.8986,7.0,1,13.315,3.02,2.6833,0.0,2026-02-08 10:00:00
2026-02-08 17:00:00,ВЭС,2026-02-08 11:00:00,0.9519,0.98,0.98,0.8986,7.0,1,13.315,3.02,2.6833,0.0,2026-02-08 10:00:00
2026-02-08 18:00:00,T1,2026-02-08 12:00:00,0.9896,0.99,0.99,0.9486,8.0,1,15.1517,1.735,1.3333,0.0,2026-02-08 10:00:00
2026-02-08 18:00:00,T2,2026-02-08 12:00:00,0.9451,0.97,0.97,0.9486,8.0,1,15.1517,1.735,1.3333,0.0,2026-02-08 10:00:00
2026-02-08 18:00:00,ВЭС,2026-02-08 12:00:00,0.9673,0.98,0.98,0.9486,8.0,1,15.1517,1.735,1.3333,0.0,2026-02-08 10:00:00
2026-02-08 19:00:00,T1,2026-02-08 13:00:00,0.9808,0.988,0.99,0.9539,9.0,1,16.0067,2.925,0.45,0.0,2026-02-08 10:00:00
2026-02-08 19:00:00,T2,2026-02-08 13:00:00,0.9249,0.97,0.97,0.9539,9.0,1,16.0067,2.925,0.45,0.0,2026-02-08 10:00:00
2026-02-08 19:00:00,ВЭС,2026-02-08 13:00:00,0.9528,0.979,0.98,0.9539,9.0,1,16.0067,2.925,0.45,0.0,2026-02-08 10:00:00
2026-02-08 20:00:00,T1,2026-02-08 14:00:00,0.9055,0.9752,0.99,0.9539,10.0,1,16.4567,3.83,-0.1,0.0,2026-02-08 10:00:00
2026-02-08 20:00:00,T2,2026-02-08 14:00:00,0.8757,0.9666,0.97,0.9539,10.0,1,16.4567,3.83,-0.1,0.0,2026-02-08 10:00:00
2026-02-08 20:00:00,ВЭС,2026-02-08 14:00:00,0.8906,0.9709,0.98,0.9539,10.0,1,16.4567,3.83,-0.1,0.0,2026-02-08 10:00:00
2026-02-08 21:00:00,T1,2026-02-08 15:00:00,0.888,0.9859,0.99,0.9539,11.0,1,16.7783,4.29,-0.4167,0.0,2026-02-08 10:00:00
2026-02-08 21:00:00,T2,2026-02-08 15:00:00,0.8297,0.97,0.97,0.9539,11.0,1,16.7783,4.29,-0.4167,0.0,2026-02-08 10:00:00
2026-02-08 21:00:00,ВЭС,2026-02-08 15:00:00,0.8589,0.9779,0.98,0.9539,11.0,1,16.7783,4.29,-0.4167,0.0,2026-02-08 10:00:00
2026-02-08 22:00:00,T1,2026-02-08 16:00:00,0.8799,0.9858,0.99,0.9539,12.0,1,16.9983,4.41,-0.5667,0.0,2026-02-08 10:00:00
2026-02-08 22:00:00,T2,2026-02-08 16:00:00,0.8072,0.97,0.97,0.9539,12.0,1,16.9983,4.41,-0.5667,0.0,2026-02-08 10:00:00
2026-02-08 22:00:00,ВЭС,2026-02-08 16:00:00,0.8436,0.9779,0.98,0.9539,12.0,1,16.9983,4.41,-0.5667,0.0,2026-02-08 10:00:00
2026-02-08 23:00:00,T1,2026-02-08 17:00:00,0.8711,0.9862,0.99,0.9539,1.0,1,17.235,4.09,-0.75,0.0,2026-02-08 22:00:00
2026-02-08 23:00:00,T2,2026-02-08 17:00:00,0.7765,0.97,0.97,0.9539,1.0,1,17.235,4.09,-0.75,0.0,2026-02-08 22:00:00
2026-02-08 23:00:00,ВЭС,2026-02-08 17:00:00,0.8238,0.9781,0.98,0.9539,1.0,1,17.235,4.09,-0.75,0.0,2026-02-08 22:00:00
2026-02-09 00:00:00,T1,2026-02-08 18:00:00,0.8732,0.9891,0.99,0.9539,2.0,1,17.59,3.91,-0.95,0.0,2026-02-08 22:00:00
2026-02-09 00:00:00,T2,2026-02-08 18:00:00,0.7771,0.97,0.97,0.9539,2.0,1,17.59,3.91,-0.95,0.0,2026-02-08 22:00:00
2026-02-09 00:00:00,ВЭС,2026-02-08 18:00:00,0.8251,0.9796,0.98,0.9539,2.0,1,17.59,3.91,-0.95,0.0,2026-02-08 22:00:00
2026-02-09 01:00:00,T1,2026-02-08 19:00:00,0.8672,0.9806,0.99,0.978,3.0,1,17.825,3.78,-1.0667,0.0,2026-02-08 22:00:00
2026-02-09 01:00:00,T2,2026-02-08 19:00:00,0.77,0.97,0.97,0.97,3.0,1,17.825,3.78,-1.0667,0.0,2026-02-08 22:00:00
2026-02-09 01:00:00,ВЭС,2026-02-08 19:00:00,0.8186,0.9753,0.98,0.974,3.0,1,17.825,3.78,-1.0667,0.0,2026-02-08 22:00:00
2026-02-09 02:00:00,T1,2026-02-08 20:00:00,0.8686,0.973,0.99,0.978,4.0,1,18.085,3.59,-1.2667,0.0,2026-02-08 22:00:00
2026-02-09 02:00:00,T2,2026-02-08 20:00:00,0.7946,0.9624,0.97,0.97,4.0,1,18.085,3.59,-1.2667,0.0,2026-02-08 22:00:00
2026-02-09 02:00:00,ВЭС,2026-02-08 20:00:00,0.8316,0.9677,0.98,0.974,4.0,1,18.085,3.59,-1.2667,0.0,2026-02-08 22:00:00
2026-02-09 03:00:00,T1,2026-02-08 21:00:00,0.8875,0.9608,0.99,0.978,5.0,1,18.2967,3.57,-1.4667,0.0,2026-02-08 22:00:00
2026-02-09 03:00:00,T2,2026-02-08 21:00:00,0.7834,0.9501,0.97,0.97,5.0,1,18.2967,3.57,-1.4667,0.0,2026-02-08 22:00:00
2026-02-09 03:00:00,ВЭС,2026-02-08 21:00:00,0.8354,0.9554,0.98,0.974,5.0,1,18.2967,3.57,-1.4667,0.0,2026-02-08 22:00:00
2026-02-09 04:00:00,T1,2026-02-08 22:00:00,0.8767,0.9601,0.99,0.978,6.0,1,18.3417,3.46,-1.5333,0.0,2026-02-08 22:00:00
2026-02-09 04:00:00,T2,2026-02-08 22:00:00,0.7394,0.9504,0.97,0.97,6.0,1,18.3417,3.46,-1.5333,0.0,2026-02-08 22:00:00
2026-02-09 04:00:00,ВЭС,2026-02-08 22:00:00,0.808,0.9553,0.98,0.974,6.0,1,18.3417,3.46,-1.5333,0.0,2026-02-08 22:00:00
2026-02-09 05:00:00,T1,2026-02-08 23:00:00,0.8532,0.9344,0.99,0.978,7.0,1,18.2217,3.34,-1.5833,0.0,2026-02-08 22:00:00
2026-02-09 05:00:00,T2,2026-02-08 23:00:00,0.7654,0.9256,0.97,0.97,7.0,1,18.2217,3.34,-1.5833,0.0,2026-02-08 22:00:00
2026-02-09 05:00:00,ВЭС,2026-02-08 23:00:00,0.8093,0.93,0.98,0.974,7.0,1,18.2217,3.34,-1.5833,0.0,2026-02-08 22:00:00
2026-02-09 06:00:00,T1,2026-02-09 00:00:00,0.8666,0.9395,0.99,0.9539,8.0,1,17.7267,3.185,-1.65,0.0,2026-02-08 22:00:00
2026-02-09 06:00:00,T2,2026-02-09 00:00:00,0.7612,0.9304,0.97,0.9539,8.0,1,17.7267,3.185,-1.65,0.0,2026-02-08 22:00:00
2026-02-09 06:00:00,ВЭС,2026-02-09 00:00:00,0.8139,0.9349,0.98,0.9539,8.0,1,17.7267,3.185,-1.65,0.0,2026-02-08 22:00:00
2026-02-09 07:00:00,T1,2026-02-09 01:00:00,0.8607,0.9437,0.99,0.9539,9.0,1,17.2,3.035,-1.65,0.0,2026-02-08 22:00:00
2026-02-09 07:00:00,T2,2026-02-09 01:00:00,0.7286,0.9389,0.97,0.9539,9.0,1,17.2,3.035,-1.65,0.0,2026-02-08 22:00:00
2026-02-09 07:00:00,ВЭС,2026-02-09 01:00:00,0.7946,0.9413,0.98,0.9539,9.0,1,17.2,3.035,-1.65,0.0,2026-02-08 22:00:00
2026-02-09 08:00:00,T1,2026-02-09 02:00:00,0.8407,0.9431,0.99,0.9539,10.0,1,16.815,3.35,-1.2667,0.0,2026-02-08 22:00:00
2026-02-09 08:00:00,T2,2026-02-09 02:00:00,0.6656,0.9378,0.97,0.9539,10.0,1,16.815,3.35,-1.2667,0.0,2026-02-08 22:00:00
2026-02-09 08:00:00,ВЭС,2026-02-09 02:00:00,0.7532,0.9404,0.98,0.9539,10.0,1,16.815,3.35,-1.2667,0.0,2026-02-08 22:00:00
2026-02-09 09:00:00,T1,2026-02-09 03:00:00,0.861,0.9292,0.99,0.9539,11.0,1,16.4117,4.03,-0.0333,0.0,2026-02-08 22:00:00
2026-02-09 09:00:00,T2,2026-02-09 03:00:00,0.6701,0.9234,0.97,0.9539,11.0,1,16.4117,4.03,-0.0333,0.0,2026-02-08 22:00:00
2026-02-09 09:00:00,ВЭС,2026-02-09 03:00:00,0.7655,0.9263,0.98,0.9539,11.0,1,16.4117,4.03,-0.0333,0.0,2026-02-08 22:00:00
2026-02-09 10:00:00,T1,2026-02-09 04:00:00,0.8525,0.9295,0.99,0.9539,12.0,1,16.09,4.755,1.8,0.0,2026-02-08 22:00:00
2026-02-09 10:00:00,T2,2026-02-09 04:00:00,0.7007,0.9245,0.97,0.9539,12.0,1,16.09,4.755,1.8,0.0,2026-02-08 22:00:00
2026-02-09 10:00:00,ВЭС,2026-02-09 04:00:00,0.7766,0.927,0.98,0.9539,12.0,1,16.09,4.755,1.8,0.0,2026-02-08 22:00:00
2026-02-09 11:00:00,T1,2026-02-09 05:00:00,0.7867,0.9412,0.99,0.9486,1.0,1,15.7133,5.55,3.3833,0.0,2026-02-09 10:00:00
2026-02-09 11:00:00,T2,2026-02-09 05:00:00,0.5796,0.9334,0.97,0.9486,1.0,1,15.7133,5.55,3.3833,0.0,2026-02-09 10:00:00
2026-02-09 11:00:00,ВЭС,2026-02-09 05:00:00,0.6832,0.9373,0.98,0.9486,1.0,1,15.7133,5.55,3.3833,0.0,2026-02-09 10:00:00
2026-02-09 12:00:00,T1,2026-02-09 06:00:00,0.8577,0.9562,0.99,0.9486,2.0,1,15.3717,6.22,4.6833,0.0,2026-02-09 10:00:00
2026-02-09 12:00:00,T2,2026-02-09 06:00:00,0.5763,0.9481,0.97,0.9486,2.0,1,15.3717,6.22,4.6833,0.0,2026-02-09 10:00:00
2026-02-09 12:00:00,ВЭС,2026-02-09 06:00:00,0.717,0.9521,0.98,0.9486,2.0,1,15.3717,6.22,4.6833,0.0,2026-02-09 10:00:00
2026-02-09 13:00:00,T1,2026-02-09 07:00:00,0.9161,0.9571,0.99,0.9486,3.0,1,15.085,6.0,5.8,0.0,2026-02-09 10:00:00
2026-02-09 13:00:00,T2,2026-02-09 07:00:00,0.7441,0.9492,0.97,0.9486,3.0,1,15.085,6.0,5.8,0.0,2026-02-09 10:00:00
2026-02-09 13:00:00,ВЭС,2026-02-09 07:00:00,0.8301,0.9532,0.98,0.9486,3.0,1,15.085,6.0,5.8,0.0,2026-02-09 10:00:00
2026-02-09 14:00:00,T1,2026-02-09 08:00:00,0.9312,0.9654,0.99,0.9162,4.0,1,14.53,5.46,6.3333,0.0,2026-02-09 10:00:00
2026-02-09 14:00:00,T2,2026-02-09 08:00:00,0.8056,0.9517,0.97,0.9162,4.0,1,14.53,5.46,6.3333,0.0,2026-02-09 10:00:00
2026-02-09 14:00:00,ВЭС,2026-02-09 08:00:00,0.8684,0.9586,0.98,0.9162,4.0,1,14.53,5.46,6.3333,0.0,2026-02-09 10:00:00
2026-02-09 15:00:00,T1,2026-02-09 09:00:00,0.8653,0.9425,0.99,0.8986,5.0,1,13.9667,5.38,6.4,0.0,2026-02-09 10:00:00
2026-02-09 15:00:00,T2,2026-02-09 09:00:00,0.8426,0.9343,0.97,0.8986,5.0,1,13.9667,5.38,6.4,0.0,2026-02-09 10:00:00
2026-02-09 15:00:00,ВЭС,2026-02-09 09:00:00,0.8539,0.9384,0.98,0.8986,5.0,1,13.9667,5.38,6.4,0.0,2026-02-09 10:00:00
2026-02-09 16:00:00,T1,2026-02-09 10:00:00,0.7339,0.9448,0.99,0.8986,6.0,1,13.54,4.645,5.9833,0.0,2026-02-09 10:00:00
2026-02-09 16:00:00,T2,2026-02-09 10:00:00,0.766,0.9455,0.97,0.8986,6.0,1,13.54,4.645,5.9833,0.0,2026-02-09 10:00:00
2026-02-09 16:00:00,ВЭС,2026-02-09 10:00:00,0.7499,0.9451,0.98,0.8986,6.0,1,13.54,4.645,5.9833,0.0,2026-02-09 10:00:00
2026-02-09 17:00:00,T1,2026-02-09 11:00:00,0.3273,0.6824,0.9594,0.8291,7.0,1,12.4917,1.78,4.6833,0.0,2026-02-09 10:00:00
2026-02-09 17:00:00,T2,2026-02-09 11:00:00,0.2801,0.6928,0.9519,0.8291,7.0,1,12.4917,1.78,4.6833,0.0,2026-02-09 10:00:00
2026-02-09 17:00:00,ВЭС,2026-02-09 11:00:00,0.3037,0.6876,0.9556,0.8291,7.0,1,12.4917,1.78,4.6833,0.0,2026-02-09 10:00:00
2026-02-09 18:00:00,T1,2026-02-09 12:00:00,0.3066,0.5487,0.9443,0.7639,8.0,1,11.1117,2.875,3.15,0.0,2026-02-09 10:00:00
2026-02-09 18:00:00,T2,2026-02-09 12:00:00,0.2924,0.5396,0.9384,0.7639,8.0,1,11.1117,2.875,3.15,0.0,2026-02-09 10:00:00
2026-02-09 18:00:00,ВЭС,2026-02-09 12:00:00,0.2995,0.5441,0.9414,0.7639,8.0,1,11.1117,2.875,3.15,0.0,2026-02-09 10:00:00
2026-02-09 19:00:00,T1,2026-02-09 13:00:00,0.056,0.7345,0.9326,0.65,9.0,1,9.82,3.905,2.1667,0.0,2026-02-09 10:00:00
2026-02-09 19:00:00,T2,2026-02-09 13:00:00,0.0,0.7274,0.9281,0.65,9.0,1,9.82,3.905,2.1667,0.0,2026-02-09 10:00:00
2026-02-09 19:00:00,ВЭС,2026-02-09 13:00:00,0.028,0.7309,0.9303,0.65,9.0,1,9.82,3.905,2.1667,0.0,2026-02-09 10:00:00
2026-02-09 20:00:00,T1,2026-02-09 14:00:00,0.0,0.5442,0.8914,0.4837,10.0,1,8.4833,4.335,1.6,0.0,2026-02-09 10:00:00
2026-02-09 20:00:00,T2,2026-02-09 14:00:00,0.0,0.5369,0.8895,0.4837,10.0,1,8.4833,4.335,1.6,0.0,2026-02-09 10:00:00
2026-02-09 20:00:00,ВЭС,2026-02-09 14:00:00,0.0,0.5405,0.8904,0.4837,10.0,1,8.4833,4.335,1.6,0.0,2026-02-09 10:00:00
2026-02-09 21:00:00,T1,2026-02-09 15:00:00,0.0,0.467,0.717,0.3725,11.0,1,7.2683,5.045,1.4167,0.0,2026-02-09 10:00:00
2026-02-09 21:00:00,T2,2026-02-09 15:00:00,0.0,0.4646,0.718,0.3725,11.0,1,7.2683,5.045,1.4167,0.0,2026-02-09 10:00:00
2026-02-09 21:00:00,ВЭС,2026-02-09 15:00:00,0.0,0.4658,0.7175,0.3725,11.0,1,7.2683,5.045,1.4167,0.0,2026-02-09 10:00:00
2026-02-09 22:00:00,T1,2026-02-09 16:00:00,0.0,0.1942,0.5636,0.2753,12.0,1,6.22,6.07,1.3167,0.0,2026-02-09 10:00:00
2026-02-09 22:00:00,T2,2026-02-09 16:00:00,0.0,0.1905,0.5636,0.2753,12.0,1,6.22,6.07,1.3167,0.0,2026-02-09 10:00:00
2026-02-09 22:00:00,ВЭС,2026-02-09 16:00:00,0.0,0.1924,0.5636,0.2753,12.0,1,6.22,6.07,1.3167,0.0,2026-02-09 10:00:00
2026-02-09 23:00:00,T1,2026-02-09 17:00:00,0.0,0.1329,0.771,0.2111,1.0,1,5.325,6.63,0.9333,0.0,2026-02-09 22:00:00
2026-02-09 23:00:00,T2,2026-02-09 17:00:00,0.0,0.1376,0.7709,0.2111,1.0,1,5.325,6.63,0.9333,0.0,2026-02-09 22:00:00
2026-02-09 23:00:00,ВЭС,2026-02-09 17:00:00,0.0,0.1353,0.771,0.2111,1.0,1,5.325,6.63,0.9333,0.0,2026-02-09 22:00:00
2026-02-10 00:00:00,T1,2026-02-09 18:00:00,0.0,0.1031,0.5159,0.1732,2.0,1,4.645,6.31,0.65,0.0,2026-02-09 22:00:00
2026-02-10 00:00:00,T2,2026-02-09 18:00:00,0.0,0.1073,0.5159,0.1732,2.0,1,4.645,6.31,0.65,0.0,2026-02-09 22:00:00
2026-02-10 00:00:00,ВЭС,2026-02-09 18:00:00,0.0,0.1052,0.5159,0.1732,2.0,1,4.645,6.31,0.65,0.0,2026-02-09 22:00:00
2026-02-10 01:00:00,T1,2026-02-09 19:00:00,0.0,0.0802,0.3525,0.1676,3.0,1,4.5817,4.195,0.5167,0.0,2026-02-09 22:00:00
2026-02-10 01:00:00,T2,2026-02-09 19:00:00,0.0,0.0829,0.3525,0.1676,3.0,1,4.5817,4.195,0.5167,0.0,2026-02-09 22:00:00
2026-02-10 01:00:00,ВЭС,2026-02-09 19:00:00,0.0,0.0815,0.3525,0.1676,3.0,1,4.5817,4.195,0.5167,0.0,2026-02-09 22:00:00
2026-02-10 02:00:00,T1,2026-02-09 20:00:00,0.0,0.0791,0.3869,0.1903,4.0,1,4.9917,2.005,0.45,0.0,2026-02-09 22:00:00
2026-02-10 02:00:00,T2,2026-02-09 20:00:00,0.0,0.0803,0.3869,0.1903,4.0,1,4.9917,2.005,0.45,0.0,2026-02-09 22:00:00
2026-02-10 02:00:00,ВЭС,2026-02-09 20:00:00,0.0,0.0797,0.3869,0.1903,4.0,1,4.9917,2.005,0.45,0.0,2026-02-09 22:00:00
2026-02-10 03:00:00,T1,2026-02-09 21:00:00,0.0,0.1353,0.5054,0.2347,5.0,1,5.515,0.36,0.4333,0.0,2026-02-09 22:00:00
2026-02-10 03:00:00,T2,2026-02-09 21:00:00,0.0,0.1364,0.5054,0.2347,5.0,1,5.515,0.36,0.4333,0.0,2026-02-09 22:00:00
2026-02-10 03:00:00,ВЭС,2026-02-09 21:00:00,0.0,0.1358,0.5054,0.2347,5.0,1,5.515,0.36,0.4333,0.0,2026-02-09 22:00:00
2026-02-10 04:00:00,T1,2026-02-09 22:00:00,0.0,0.1481,0.4889,0.2388,6.0,1,5.91,1.82,0.3,0.0,2026-02-09 22:00:00
2026-02-10 04:00:00,T2,2026-02-09 22:00:00,0.0,0.1492,0.4889,0.2388,6.0,1,5.91,1.82,0.3,0.0,2026-02-09 22:00:00
2026-02-10 04:00:00,ВЭС,2026-02-09 22:00:00,0.0,0.1486,0.4889,0.2388,6.0,1,5.91,1.82,0.3,0.0,2026-02-09 22:00:00
2026-02-10 05:00:00,T1,2026-02-09 23:00:00,0.0,0.1772,0.6146,0.3243,7.0,1,6.67,3.7,0.3667,0.0,2026-02-09 22:00:00
2026-02-10 05:00:00,T2,2026-02-09 23:00:00,0.0,0.1776,0.6146,0.3243,7.0,1,6.67,3.7,0.3667,0.0,2026-02-09 22:00:00
2026-02-10 05:00:00,ВЭС,2026-02-09 23:00:00,0.0,0.1774,0.6146,0.3243,7.0,1,6.67,3.7,0.3667,0.0,2026-02-09 22:00:00
2026-02-10 06:00:00,T1,2026-02-10 00:00:00,0.0,0.0846,0.4118,0.2388,8.0,1,5.8417,6.16,0.2333,0.0,2026-02-09 22:00:00
2026-02-10 06:00:00,T2,2026-02-10 00:00:00,0.0,0.0919,0.4117,0.2388,8.0,1,5.8417,6.16,0.2333,0.0,2026-02-09 22:00:00
2026-02-10 06:00:00,ВЭС,2026-02-10 00:00:00,0.0,0.0882,0.4118,0.2388,8.0,1,5.8417,6.16,0.2333,0.0,2026-02-09 22:00:00
2026-02-10 07:00:00,T1,2026-02-10 01:00:00,0.0,0.1182,0.5701,0.3243,9.0,1,6.6617,8.425,-0.2333,0.0,2026-02-09 22:00:00
2026-02-10 07:00:00,T2,2026-02-10 01:00:00,0.0,0.1186,0.57,0.3243,9.0,1,6.6617,8.425,-0.2333,0.0,2026-02-09 22:00:00
2026-02-10 07:00:00,ВЭС,2026-02-10 01:00:00,0.0,0.1184,0.5701,0.3243,9.0,1,6.6617,8.425,-0.2333,0.0,2026-02-09 22:00:00
2026-02-10 08:00:00,T1,2026-02-10 02:00:00,0.0,0.2712,0.8701,0.519,10.0,1,8.65,10.135,0.0167,0.0,2026-02-09 22:00:00
2026-02-10 08:00:00,T2,2026-02-10 02:00:00,0.0,0.2709,0.8627,0.519,10.0,1,8.65,10.135,0.0167,0.0,2026-02-09 22:00:00
2026-02-10 08:00:00,ВЭС,2026-02-10 02:00:00,0.0,0.271,0.8664,0.519,10.0,1,8.65,10.135,0.0167,0.0,2026-02-09 22:00:00
2026-02-10 09:00:00,T1,2026-02-10 03:00:00,0.0,0.2147,0.8168,0.4601,11.0,1,8.3433,6.645,1.3,0.0,2026-02-09 22:00:00
2026-02-10 09:00:00,T2,2026-02-10 03:00:00,0.0,0.2139,0.8145,0.4601,11.0,1,8.3433,6.645,1.3,0.0,2026-02-09 22:00:00
2026-02-10 09:00:00,ВЭС,2026-02-10 03:00:00,0.0,0.2143,0.8156,0.4601,11.0,1,8.3433,6.645,1.3,0.0,2026-02-09 22:00:00
2026-02-10 10:00:00,T1,2026-02-10 04:00:00,0.0,0.3292,0.8942,0.519,12.0,1,8.7067,6.25,2.9667,0.0,2026-02-09 22:00:00
2026-02-10 10:00:00,T2,2026-02-10 04:00:00,0.0,0.3284,0.8891,0.519,12.0,1,8.7067,6.25,2.9667,0.0,2026-02-09 22:00:00
2026-02-10 10:00:00,ВЭС,2026-02-10 04:00:00,0.0,0.3288,0.8917,0.519,12.0,1,8.7067,6.25,2.9667,0.0,2026-02-09 22:00:00
2026-02-10 11:00:00,T1,2026-02-10 05:00:00,0.0,0.2259,0.8336,0.4396,1.0,1,8.17,5.225,4.8833,0.0,2026-02-10 10:00:00
2026-02-10 11:00:00,T2,2026-02-10 05:00:00,0.0,0.2252,0.8335,0.4396,1.0,1,8.17,5.225,4.8833,0.0,2026-02-10 10:00:00
2026-02-10 11:00:00,ВЭС,2026-02-10 05:00:00,0.0,0.2255,0.8336,0.4396,1.0,1,8.17,5.225,4.8833,0.0,2026-02-10 10:00:00
2026-02-10 12:00:00,T1,2026-02-10 06:00:00,0.0,0.2152,0.776,0.3725,2.0,1,7.25,4.12,6.6833,0.0,2026-02-10 10:00:00
2026-02-10 12:00:00,T2,2026-02-10 06:00:00,0.0,0.2146,0.776,0.3725,2.0,1,7.25,4.12,6.6833,0.0,2026-02-10 10:00:00
2026-02-10 12:00:00,ВЭС,2026-02-10 06:00:00,0.0,0.2149,0.776,0.3725,2.0,1,7.25,4.12,6.6833,0.0,2026-02-10 10:00:00
2026-02-10 13:00:00,T1,2026-02-10 07:00:00,0.0,0.2703,0.7098,0.2981,3.0,1,6.5533,2.34,8.0667,0.0,2026-02-10 10:00:00
2026-02-10 13:00:00,T2,2026-02-10 07:00:00,0.0,0.2694,0.7098,0.2981,3.0,1,6.5533,2.34,8.0667,0.0,2026-02-10 10:00:00
2026-02-10 13:00:00,ВЭС,2026-02-10 07:00:00,0.0,0.2698,0.7098,0.2981,3.0,1,6.5533,2.34,8.0667,0.0,2026-02-10 10:00:00
2026-02-10 14:00:00,T1,2026-02-10 08:00:00,0.0,0.1189,0.5731,0.2111,4.0,1,5.2483,3.58,8.9,0.0,2026-02-10 10:00:00
2026-02-10 14:00:00,T2,2026-02-10 08:00:00,0.0,0.1184,0.5731,0.2111,4.0,1,5.2483,3.58,8.9,0.0,2026-02-10 10:00:00
2026-02-10 14:00:00,ВЭС,2026-02-10 08:00:00,0.0,0.1186,0.5731,0.2111,4.0,1,5.2483,3.58,8.9,0.0,2026-02-10 10:00:00
2026-02-10 15:00:00,T1,2026-02-10 09:00:00,0.0,0.0962,0.4425,0.1511,5.0,1,4.4133,3.6,8.9167,0.0,2026-02-10 10:00:00
2026-02-10 15:00:00,T2,2026-02-10 09:00:00,0.0,0.0959,0.4425,0.1511,5.0,1,4.4133,3.6,8.9167,0.0,2026-02-10 10:00:00
2026-02-10 15:00:00,ВЭС,2026-02-10 09:00:00,0.0,0.0961,0.4425,0.1511,5.0,1,4.4133,3.6,8.9167,0.0,2026-02-10 10:00:00
2026-02-10 16:00:00,T1,2026-02-10 10:00:00,0.0,0.0928,0.3573,0.1381,6.0,1,4.14,2.675,8.2,0.0,2026-02-10 10:00:00
2026-02-10 16:00:00,T2,2026-02-10 10:00:00,0.0,0.0924,0.3573,0.1381,6.0,1,4.14,2.675,8.2,0.0,2026-02-10 10:00:00
2026-02-10 16:00:00,ВЭС,2026-02-10 10:00:00,0.0,0.0926,0.3573,0.1381,6.0,1,4.14,2.675,8.2,0.0,2026-02-10 10:00:00
2026-02-10 17:00:00,T1,2026-02-10 11:00:00,0.0013,0.0315,0.2657,0.115,7.0,1,3.5383,2.555,6.8833,0.0,2026-02-10 10:00:00
2026-02-10 17:00:00,T2,2026-02-10 11:00:00,0.0009,0.0309,0.2657,0.115,7.0,1,3.5383,2.555,6.8833,0.0,2026-02-10 10:00:00
2026-02-10 17:00:00,ВЭС,2026-02-10 11:00:00,0.0011,0.0312,0.2657,0.115,7.0,1,3.5383,2.555,6.8833,0.0,2026-02-10 10:00:00
2026-02-10 18:00:00,T1,2026-02-10 12:00:00,0.0,0.0497,0.2213,0.1,8.0,1,3.0833,1.075,5.6,0.0,2026-02-10 10:00:00
2026-02-10 18:00:00,T2,2026-02-10 12:00:00,0.0,0.0491,0.2213,0.1,8.0,1,3.0833,1.075,5.6,0.0,2026-02-10 10:00:00
2026-02-10 18:00:00,ВЭС,2026-02-10 12:00:00,0.0,0.0494,0.2213,0.1,8.0,1,3.0833,1.075,5.6,0.0,2026-02-10 10:00:00
2026-02-10 19:00:00,T1,2026-02-10 13:00:00,0.0,0.0992,0.3669,0.1472,9.0,1,4.2917,1.865,4.65,0.0,2026-02-10 10:00:00
2026-02-10 19:00:00,T2,2026-02-10 13:00:00,0.0,0.1026,0.3669,0.1472,9.0,1,4.2917,1.865,4.65,0.0,2026-02-10 10:00:00
2026-02-10 19:00:00,ВЭС,2026-02-10 13:00:00,0.0,0.1009,0.3669,0.1472,9.0,1,4.2917,1.865,4.65,0.0,2026-02-10 10:00:00
2026-02-10 20:00:00,T1,2026-02-10 14:00:00,0.0,0.2453,0.7428,0.3243,10.0,1,6.685,6.115,3.9,0.0,2026-02-10 10:00:00
2026-02-10 20:00:00,T2,2026-02-10 14:00:00,0.0,0.2501,0.7427,0.3243,10.0,1,6.685,6.115,3.9,0.0,2026-02-10 10:00:00
2026-02-10 20:00:00,ВЭС,2026-02-10 14:00:00,0.0,0.2477,0.7427,0.3243,10.0,1,6.685,6.115,3.9,0.0,2026-02-10 10:00:00
2026-02-10 21:00:00,T1,2026-02-10 15:00:00,0.1223,0.7505,0.9676,0.5984,11.0,1,9.4883,6.895,3.2,0.0,2026-02-10 10:00:00
2026-02-10 21:00:00,T2,2026-02-10 15:00:00,0.1452,0.7586,0.9599,0.5984,11.0,1,9.4883,6.895,3.2,0.0,2026-02-10 10:00:00
2026-02-10 21:00:00,ВЭС,2026-02-10 15:00:00,0.1338,0.7545,0.9637,0.5984,11.0,1,9.4883,6.895,3.2,0.0,2026-02-10 10:00:00
2026-02-10 22:00:00,T1,2026-02-10 16:00:00,0.6085,0.9591,0.99,0.8017,12.0,1,12.1267,4.29,2.7167,0.0,2026-02-10 10:00:00
2026-02-10 22:00:00,T2,2026-02-10 16:00:00,0.672,0.9609,0.97,0.8017,12.0,1,12.1267,4.29,2.7167,0.0,2026-02-10 10:00:00
2026-02-10 22:00:00,ВЭС,2026-02-10 16:00:00,0.6402,0.96,0.98,0.8017,12.0,1,12.1267,4.29,2.7167,0.0,2026-02-10 10:00:00
2026-02-10 23:00:00,T1,2026-02-10 17:00:00,0.9175,0.9783,0.99,0.8986,1.0,1,13.7133,2.48,2.3833,0.0,2026-02-10 22:00:00
2026-02-10 23:00:00,T2,2026-02-10 17:00:00,0.8047,0.9684,0.97,0.8986,1.0,1,13.7133,2.48,2.3833,0.0,2026-02-10 22:00:00
2026-02-10 23:00:00,ВЭС,2026-02-10 17:00:00,0.8611,0.9734,0.98,0.8986,1.0,1,13.7133,2.48,2.3833,0.0,2026-02-10 22:00:00
2026-02-11 00:00:00,T1,2026-02-10 18:00:00,0.9063,0.9573,0.99,0.9185,2.0,1,14.6517,0.965,2.0667,0.0,2026-02-10 22:00:00
2026-02-11 00:00:00,T2,2026-02-10 18:00:00,0.6957,0.9522,0.97,0.9185,2.0,1,14.6517,0.965,2.0667,0.0,2026-02-10 22:00:00
2026-02-11 00:00:00,ВЭС,2026-02-10 18:00:00,0.801,0.9548,0.98,0.9185,2.0,1,14.6517,0.965,2.0667,0.0,2026-02-10 22:00:00
2026-02-11 01:00:00,T1,2026-02-10 19:00:00,0.6403,0.8657,0.99,0.9486,3.0,1,15.1583,1.235,1.8833,0.0,2026-02-10 22:00:00
2026-02-11 01:00:00,T2,2026-02-10 19:00:00,0.5052,0.8695,0.97,0.9486,3.0,1,15.1583,1.235,1.8833,0.0,2026-02-10 22:00:00
2026-02-11 01:00:00,ВЭС,2026-02-10 19:00:00,0.5727,0.8676,0.98,0.9486,3.0,1,15.1583,1.235,1.8833,0.0,2026-02-10 22:00:00
2026-02-11 02:00:00,T1,2026-02-10 20:00:00,0.5578,0.6309,0.99,0.9486,4.0,1,14.9767,3.02,1.7333,0.0,2026-02-10 22:00:00
2026-02-11 02:00:00,T2,2026-02-10 20:00:00,0.4301,0.6348,0.97,0.9486,4.0,1,14.9767,3.02,1.7333,0.0,2026-02-10 22:00:00
2026-02-11 02:00:00,ВЭС,2026-02-10 20:00:00,0.4939,0.6328,0.98,0.9486,4.0,1,14.9767,3.02,1.7333,0.0,2026-02-10 22:00:00
2026-02-11 03:00:00,T1,2026-02-10 21:00:00,0.5353,0.7143,0.9893,0.9117,5.0,1,14.32,3.87,1.5833,0.0,2026-02-10 22:00:00
2026-02-11 03:00:00,T2,2026-02-10 21:00:00,0.3437,0.7138,0.97,0.9117,5.0,1,14.32,3.87,1.5833,0.0,2026-02-10 22:00:00
2026-02-11 03:00:00,ВЭС,2026-02-10 21:00:00,0.4395,0.714,0.9796,0.9117,5.0,1,14.32,3.87,1.5833,0.0,2026-02-10 22:00:00
2026-02-11 04:00:00,T1,2026-02-10 22:00:00,0.4502,0.5916,0.9877,0.89,6.0,1,13.335,4.16,1.6667,0.0,2026-02-10 22:00:00
2026-02-11 04:00:00,T2,2026-02-10 22:00:00,0.1949,0.6059,0.97,0.89,6.0,1,13.335,4.16,1.6667,0.0,2026-02-10 22:00:00
2026-02-11 04:00:00,ВЭС,2026-02-10 22:00:00,0.3225,0.5987,0.9788,0.89,6.0,1,13.335,4.16,1.6667,0.0,2026-02-10 22:00:00
2026-02-11 05:00:00,T1,2026-02-10 23:00:00,0.1832,0.4483,0.8286,0.7639,7.0,1,10.9683,2.04,1.9,0.0,2026-02-10 22:00:00
2026-02-11 05:00:00,T2,2026-02-10 23:00:00,0.0735,0.4479,0.8233,0.7639,7.0,1,10.9683,2.04,1.9,0.0,2026-02-10 22:00:00
2026-02-11 05:00:00,ВЭС,2026-02-10 23:00:00,0.1284,0.4481,0.826,0.7639,7.0,1,10.9683,2.04,1.9,0.0,2026-02-10 22:00:00
2026-02-11 06:00:00,T1,2026-02-11 00:00:00,0.0,0.1612,0.6494,0.3567,8.0,1,7.07,2.81,1.4167,0.0,2026-02-10 22:00:00
2026-02-11 06:00:00,T2,2026-02-11 00:00:00,0.0,0.1639,0.6494,0.3567,8.0,1,7.07,2.81,1.4167,0.0,2026-02-10 22:00:00
2026-02-11 06:00:00,ВЭС,2026-02-11 00:00:00,0.0,0.1625,0.6494,0.3567,8.0,1,7.07,2.81,1.4167,0.0,2026-02-10 22:00:00
2026-02-11 07:00:00,T1,2026-02-11 01:00:00,0.0,0.0541,0.2959,0.1732,9.0,1,4.585,4.45,0.8333,0.0,2026-02-10 22:00:00
2026-02-11 07:00:00,T2,2026-02-11 01:00:00,0.0,0.0531,0.2959,0.1732,9.0,1,4.585,4.45,0.8333,0.0,2026-02-10 22:00:00
2026-02-11 07:00:00,ВЭС,2026-02-11 01:00:00,0.0,0.0536,0.2959,0.1732,9.0,1,4.585,4.45,0.8333,0.0,2026-02-10 22:00:00
2026-02-11 08:00:00,T1,2026-02-11 02:00:00,0.0,0.0476,0.3047,0.1676,10.0,1,4.48,6.095,1.1833,0.0,2026-02-10 22:00:00
2026-02-11 08:00:00,T2,2026-02-11 02:00:00,0.0,0.0467,0.3047,0.1676,10.0,1,4.48,6.095,1.1833,0.0,2026-02-10 22:00:00
2026-02-11 08:00:00,ВЭС,2026-02-11 02:00:00,0.0,0.0472,0.3047,0.1676,10.0,1,4.48,6.095,1.1833,0.0,2026-02-10 22:00:00
2026-02-11 09:00:00,T1,2026-02-11 03:00:00,0.0,0.0476,0.3655,0.1864,11.0,1,4.7967,7.005,2.5833,0.0,2026-02-10 22:00:00
2026-02-11 09:00:00,T2,2026-02-11 03:00:00,0.0,0.0536,0.3655,0.1864,11.0,1,4.7967,7.005,2.5833,0.0,2026-02-10 22:00:00
2026-02-11 09:00:00,ВЭС,2026-02-11 03:00:00,0.0,0.0506,0.3655,0.1864,11.0,1,4.7967,7.005,2.5833,0.0,2026-02-10 22:00:00
2026-02-11 10:00:00,T1,2026-02-11 04:00:00,0.0,0.0812,0.4329,0.2365,12.0,1,5.6767,6.195,4.8333,0.0,2026-02-10 22:00:00
2026-02-11 10:00:00,T2,2026-02-11 04:00:00,0.0,0.0836,0.4329,0.2365,12.0,1,5.6767,6.195,4.8333,0.0,2026-02-10 22:00:00
2026-02-11 10:00:00,ВЭС,2026-02-11 04:00:00,0.0,0.0824,0.4329,0.2365,12.0,1,5.6767,6.195,4.8333,0.0,2026-02-10 22:00:00
2026-02-11 11:00:00,T1,2026-02-11 05:00:00,0.0,0.1723,0.8063,0.3725,1.0,1,7.5,7.93,7.0167,0.0,2026-02-11 10:00:00
2026-02-11 11:00:00,T2,2026-02-11 05:00:00,0.0,0.1796,0.8023,0.3725,1.0,1,7.5,7.93,7.0167,0.0,2026-02-11 10:00:00
2026-02-11 11:00:00,ВЭС,2026-02-11 05:00:00,0.0,0.1759,0.8043,0.3725,1.0,1,7.5,7.93,7.0167,0.0,2026-02-11 10:00:00
2026-02-11 12:00:00,T1,2026-02-11 06:00:00,0.0,0.2913,0.9205,0.5263,2.0,1,8.8633,12.3,8.5167,0.0,2026-02-11 10:00:00
2026-02-11 12:00:00,T2,2026-02-11 06:00:00,0.002,0.299,0.9132,0.5263,2.0,1,8.8633,12.3,8.5167,0.0,2026-02-11 10:00:00
2026-02-11 12:00:00,ВЭС,2026-02-11 06:00:00,0.001,0.2951,0.9169,0.5263,2.0,1,8.8633,12.3,8.5167,0.0,2026-02-11 10:00:00
2026-02-11 13:00:00,T1,2026-02-11 07:00:00,0.0,0.2443,0.874,0.4601,3.0,1,8.4583,15.17,9.4833,0.0,2026-02-11 10:00:00
2026-02-11 13:00:00,T2,2026-02-11 07:00:00,0.0,0.2513,0.8671,0.4601,3.0,1,8.4583,15.17,9.4833,0.0,2026-02-11 10:00:00
2026-02-11 13:00:00,ВЭС,2026-02-11 07:00:00,0.0,0.2478,0.8706,0.4601,3.0,1,8.4583,15.17,9.4833,0.0,2026-02-11 10:00:00
2026-02-11 14:00:00,T1,2026-02-11 08:00:00,0.0,0.1564,0.7221,0.3243,4.0,1,6.7583,12.26,9.7333,0.0,2026-02-11 10:00:00
2026-02-11 14:00:00,T2,2026-02-11 08:00:00,0.0,0.1579,0.7168,0.3243,4.0,1,6.7583,12.26,9.7333,0.0,2026-02-11 10:00:00
2026-02-11 14:00:00,ВЭС,2026-02-11 08:00:00,0.0,0.1571,0.7195,0.3243,4.0,1,6.7583,12.26,9.7333,0.0,2026-02-11 10:00:00
2026-02-11 15:00:00,T1,2026-02-11 09:00:00,0.0,0.216,0.6028,0.2936,5.0,1,6.4467,3.585,9.2,0.0,2026-02-11 10:00:00
2026-02-11 15:00:00,T2,2026-02-11 09:00:00,0.0,0.218,0.6028,0.2936,5.0,1,6.4467,3.585,9.2,0.0,2026-02-11 10:00:00
2026-02-11 15:00:00,ВЭС,2026-02-11 09:00:00,0.0,0.217,0.6028,0.2936,5.0,1,6.4467,3.585,9.2,0.0,2026-02-11 10:00:00
2026-02-11 16:00:00,T1,2026-02-11 10:00:00,0.0,0.4788,0.9156,0.4212,6.0,1,7.8683,6.55,7.5833,0.0,2026-02-11 10:00:00
2026-02-11 16:00:00,T2,2026-02-11 10:00:00,0.0,0.4797,0.914,0.4212,6.0,1,7.8683,6.55,7.5833,0.0,2026-02-11 10:00:00
2026-02-11 16:00:00,ВЭС,2026-02-11 10:00:00,0.0,0.4793,0.9148,0.4212,6.0,1,7.8683,6.55,7.5833,0.0,2026-02-11 10:00:00
2026-02-11 17:00:00,T1,2026-02-11 11:00:00,0.0,0.8157,0.99,0.65,7.0,1,9.8333,9.065,5.4167,0.0,2026-02-11 10:00:00
2026-02-11 17:00:00,T2,2026-02-11 11:00:00,0.0195,0.8149,0.97,0.65,7.0,1,9.8333,9.065,5.4167,0.0,2026-02-11 10:00:00
2026-02-11 17:00:00,ВЭС,2026-02-11 11:00:00,0.0097,0.8153,0.98,0.65,7.0,1,9.8333,9.065,5.4167,0.0,2026-02-11 10:00:00
2026-02-11 18:00:00,T1,2026-02-11 12:00:00,0.3522,0.9329,0.99,0.8017,8.0,1,12.215,8.625,3.9,0.0,2026-02-11 10:00:00
2026-02-11 18:00:00,T2,2026-02-11 12:00:00,0.2946,0.9344,0.97,0.8017,8.0,1,12.215,8.625,3.9,0.0,2026-02-11 10:00:00
2026-02-11 18:00:00,ВЭС,2026-02-11 12:00:00,0.3234,0.9337,0.98,0.8017,8.0,1,12.215,8.625,3.9,0.0,2026-02-11 10:00:00
2026-02-11 19:00:00,T1,2026-02-11 13:00:00,0.7911,0.9858,0.99,0.8986,9.0,1,13.9783,5.755,2.9333,0.0,2026-02-11 10:00:00
2026-02-11 19:00:00,T2,2026-02-11 13:00:00,0.8267,0.97,0.97,0.8986,9.0,1,13.9783,5.755,2.9333,0.0,2026-02-11 10:00:00
2026-02-11 19:00:00,ВЭС,2026-02-11 13:00:00,0.8089,0.9779,0.98,0.8986,9.0,1,13.9783,5.755,2.9333,0.0,2026-02-11 10:00:00
2026-02-11 20:00:00,T1,2026-02-11 14:00:00,0.9345,0.99,0.99,0.9117,10.0,1,14.32,4.28,2.2667,0.0,2026-02-11 10:00:00
2026-02-11 20:00:00,T2,2026-02-11 14:00:00,0.8414,0.97,0.97,0.9117,10.0,1,14.32,4.28,2.2667,0.0,2026-02-11 10:00:00
2026-02-11 20:00:00,ВЭС,2026-02-11 14:00:00,0.888,0.98,0.98,0.9117,10.0,1,14.32,4.28,2.2667,0.0,2026-02-11 10:00:00
2026-02-11 21:00:00,T1,2026-02-11 15:00:00,0.7139,0.9766,0.99,0.89,11.0,1,13.29,3.69,1.8,0.0,2026-02-11 10:00:00
2026-02-11 21:00:00,T2,2026-02-11 15:00:00,0.6677,0.9676,0.97,0.89,11.0,1,13.29,3.69,1.8,0.0,2026-02-11 10:00:00
2026-02-11 21:00:00,ВЭС,2026-02-11 15:00:00,0.6908,0.9721,0.98,0.89,11.0,1,13.29,3.69,1.8,0.0,2026-02-11 10:00:00
2026-02-11 22:00:00,T1,2026-02-11 16:00:00,0.5495,0.951,0.99,0.8017,12.0,1,11.6583,2.92,1.6167,0.0,2026-02-11 10:00:00
2026-02-11 22:00:00,T2,2026-02-11 16:00:00,0.4469,0.953,0.97,0.8017,12.0,1,11.6583,2.92,1.6167,0.0,2026-02-11 10:00:00
2026-02-11 22:00:00,ВЭС,2026-02-11 16:00:00,0.4982,0.952,0.98,0.8017,12.0,1,11.6583,2.92,1.6167,0.0,2026-02-11 10:00:00
2026-02-11 23:00:00,T1,2026-02-11 17:00:00,0.2389,0.6966,0.9823,0.65,1.0,1,9.7,0.125,1.35,1.0,2026-02-11 22:00:00
2026-02-11 23:00:00,T2,2026-02-11 17:00:00,0.1915,0.6987,0.97,0.65,1.0,1,9.7,0.125,1.35,1.0,2026-02-11 22:00:00
2026-02-11 23:00:00,ВЭС,2026-02-11 17:00:00,0.2152,0.6976,0.9762,0.65,1.0,1,9.7,0.125,1.35,1.0,2026-02-11 22:00:00
2026-02-12 00:00:00,T1,2026-02-11 18:00:00,0.0205,0.4573,0.9367,0.519,2.0,1,8.605,3.2,1.1167,1.0,2026-02-11 22:00:00
2026-02-12 00:00:00,T2,2026-02-11 18:00:00,0.0,0.459,0.9353,0.519,2.0,1,8.605,3.2,1.1167,1.0,2026-02-11 22:00:00
2026-02-12 00:00:00,ВЭС,2026-02-11 18:00:00,0.0102,0.4582,0.936,0.519,2.0,1,8.605,3.2,1.1167,1.0,2026-02-11 22:00:00
2026-02-12 01:00:00,T1,2026-02-11 19:00:00,0.0669,0.4528,0.9548,0.5531,3.0,1,9.125,4.38,1.1167,1.0,2026-02-11 22:00:00
2026-02-12 01:00:00,T2,2026-02-11 19:00:00,0.0333,0.4515,0.9491,0.5531,3.0,1,9.125,4.38,1.1167,1.0,2026-02-11 22:00:00
2026-02-12 01:00:00,ВЭС,2026-02-11 19:00:00,0.0501,0.4522,0.9519,0.5531,3.0,1,9.125,4.38,1.1167,1.0,2026-02-11 22:00:00
2026-02-12 02:00:00,T1,2026-02-11 20:00:00,0.0588,0.5067,0.9574,0.5709,4.0,1,9.3417,4.785,1.0333,1.0,2026-02-11 22:00:00
2026-02-12 02:00:00,T2,2026-02-11 20:00:00,0.0136,0.5103,0.9509,0.5709,4.0,1,9.3417,4.785,1.0333,1.0,2026-02-11 22:00:00
2026-02-12 02:00:00,ВЭС,2026-02-11 20:00:00,0.0362,0.5085,0.9541,0.5709,4.0,1,9.3417,4.785,1.0333,1.0,2026-02-11 22:00:00
2026-02-12 03:00:00,T1,2026-02-11 21:00:00,0.0364,0.4331,0.9411,0.519,5.0,1,8.7317,3.84,0.95,1.0,2026-02-11 22:00:00
2026-02-12 03:00:00,T2,2026-02-11 21:00:00,0.0,0.4345,0.9382,0.519,5.0,1,8.7317,3.84,0.95,1.0,2026-02-11 22:00:00
2026-02-12 03:00:00,ВЭС,2026-02-11 21:00:00,0.0182,0.4338,0.9396,0.519,5.0,1,8.7317,3.84,0.95,1.0,2026-02-11 22:00:00
2026-02-12 04:00:00,T1,2026-02-11 22:00:00,0.0015,0.3939,0.8528,0.4212,6.0,1,7.8233,1.595,0.9167,1.0,2026-02-11 22:00:00
2026-02-12 04:00:00,T2,2026-02-11 22:00:00,0.0,0.3926,0.8528,0.4212,6.0,1,7.8233,1.595,0.9167,1.0,2026-02-11 22:00:00
2026-02-12 04:00:00,ВЭС,2026-02-11 22:00:00,0.0008,0.3933,0.8528,0.4212,6.0,1,7.8233,1.595,0.9167,1.0,2026-02-11 22:00:00
2026-02-12 05:00:00,T1,2026-02-11 23:00:00,0.0,0.2222,0.6495,0.2753,7.0,1,6.2633,1.64,0.6833,1.0,2026-02-11 22:00:00
2026-02-12 05:00:00,T2,2026-02-11 23:00:00,0.0,0.2211,0.6495,0.2753,7.0,1,6.2633,1.64,0.6833,1.0,2026-02-11 22:00:00
2026-02-12 05:00:00,ВЭС,2026-02-11 23:00:00,0.0,0.2216,0.6495,0.2753,7.0,1,6.2633,1.64,0.6833,1.0,2026-02-11 22:00:00
2026-02-12 06:00:00,T1,2026-02-12 00:00:00,0.0,0.1493,0.4656,0.1964,8.0,1,5.0283,3.165,0.4,1.0,2026-02-11 22:00:00
2026-02-12 06:00:00,T2,2026-02-12 00:00:00,0.0,0.1482,0.4657,0.1964,8.0,1,5.0283,3.165,0.4,1.0,2026-02-11 22:00:00
2026-02-12 06:00:00,ВЭС,2026-02-12 00:00:00,0.0,0.1488,0.4657,0.1964,8.0,1,5.0283,3.165,0.4,1.0,2026-02-11 22:00:00
2026-02-12 07:00:00,T1,2026-02-12 01:00:00,0.0,0.1085,0.3372,0.1511,9.0,1,4.3767,2.905,0.2167,1.0,2026-02-11 22:00:00
2026-02-12 07:00:00,T2,2026-02-12 01:00:00,0.0,0.1074,0.3372,0.1511,9.0,1,4.3767,2.905,0.2167,1.0,2026-02-11 22:00:00
2026-02-12 07:00:00,ВЭС,2026-02-12 01:00:00,0.0,0.108,0.3372,0.1511,9.0,1,4.3767,2.905,0.2167,1.0,2026-02-11 22:00:00
2026-02-12 08:00:00,T1,2026-02-12 02:00:00,0.0,0.0498,0.1758,0.115,10.0,1,3.4617,2.65,0.1167,1.0,2026-02-11 22:00:00
2026-02-12 08:00:00,T2,2026-02-12 02:00:00,0.0,0.0487,0.1758,0.115,10.0,1,3.4617,2.65,0.1167,1.0,2026-02-11 22:00:00
2026-02-12 08:00:00,ВЭС,2026-02-12 02:00:00,0.0,0.0493,0.1758,0.115,10.0,1,3.4617,2.65,0.1167,1.0,2026-02-11 22:00:00
2026-02-12 09:00:00,T1,2026-02-12 03:00:00,0.0007,0.033,0.0908,0.0741,11.0,1,2.3,1.95,0.3,1.0,2026-02-11 22:00:00
2026-02-12 09:00:00,T2,2026-02-12 03:00:00,0.0,0.0322,0.0908,0.0741,11.0,1,2.3,1.95,0.3,1.0,2026-02-11 22:00:00
2026-02-12 09:00:00,ВЭС,2026-02-12 03:00:00,0.0004,0.0326,0.0908,0.0741,11.0,1,2.3,1.95,0.3,1.0,2026-02-11 22:00:00
2026-02-12 10:00:00,T1,2026-02-12 04:00:00,0.0075,0.0163,0.0344,0.0554,12.0,1,1.3033,0.52,0.7667,1.0,2026-02-11 22:00:00
2026-02-12 10:00:00,T2,2026-02-12 04:00:00,0.0059,0.0157,0.0344,0.0554,12.0,1,1.3033,0.52,0.7667,1.0,2026-02-11 22:00:00
2026-02-12 10:00:00,ВЭС,2026-02-12 04:00:00,0.0067,0.016,0.0344,0.0554,12.0,1,1.3033,0.52,0.7667,1.0,2026-02-11 22:00:00
2026-02-12 11:00:00,T1,2026-02-12 05:00:00,0.0073,0.0166,0.1387,0.0771,1.0,1,2.4683,3.285,1.9333,0.0,2026-02-12 10:00:00
2026-02-12 11:00:00,T2,2026-02-12 05:00:00,0.0054,0.0177,0.1387,0.0771,1.0,1,2.4683,3.285,1.9333,0.0,2026-02-12 10:00:00
2026-02-12 11:00:00,ВЭС,2026-02-12 05:00:00,0.0064,0.0172,0.1387,0.0771,1.0,1,2.4683,3.285,1.9333,0.0,2026-02-12 10:00:00
2026-02-12 12:00:00,T1,2026-02-12 06:00:00,0.0,0.0854,0.5139,0.1566,2.0,1,4.4167,5.445,3.1167,0.0,2026-02-12 10:00:00
2026-02-12 12:00:00,T2,2026-02-12 06:00:00,0.0,0.0924,0.5139,0.1566,2.0,1,4.4167,5.445,3.1167,0.0,2026-02-12 10:00:00
2026-02-12 12:00:00,ВЭС,2026-02-12 06:00:00,0.0,0.0889,0.5139,0.1566,2.0,1,4.4167,5.445,3.1167,0.0,2026-02-12 10:00:00
2026-02-12 13:00:00,T1,2026-02-12 07:00:00,0.0,0.1577,0.5912,0.2111,3.0,1,5.1333,5.51,3.7167,0.0,2026-02-12 10:00:00
2026-02-12 13:00:00,T2,2026-02-12 07:00:00,0.0,0.1634,0.5912,0.2111,3.0,1,5.1333,5.51,3.7167,0.0,2026-02-12 10:00:00
2026-02-12 13:00:00,ВЭС,2026-02-12 07:00:00,0.0,0.1606,0.5912,0.2111,3.0,1,5.1333,5.51,3.7167,0.0,2026-02-12 10:00:00
2026-02-12 14:00:00,T1,2026-02-12 08:00:00,0.0,0.1511,0.6019,0.2206,4.0,1,5.3783,5.5,4.1833,0.0,2026-02-12 10:00:00
2026-02-12 14:00:00,T2,2026-02-12 08:00:00,0.0,0.1582,0.602,0.2206,4.0,1,5.3783,5.5,4.1833,0.0,2026-02-12 10:00:00
2026-02-12 14:00:00,ВЭС,2026-02-12 08:00:00,0.0,0.1547,0.6019,0.2206,4.0,1,5.3783,5.5,4.1833,0.0,2026-02-12 10:00:00
2026-02-12 15:00:00,T1,2026-02-12 09:00:00,0.0,0.1315,0.558,0.2111,5.0,1,5.2117,6.525,4.2833,0.0,2026-02-12 10:00:00
2026-02-12 15:00:00,T2,2026-02-12 09:00:00,0.0,0.1374,0.558,0.2111,5.0,1,5.2117,6.525,4.2833,0.0,2026-02-12 10:00:00
2026-02-12 15:00:00,ВЭС,2026-02-12 09:00:00,0.0,0.1344,0.558,0.2111,5.0,1,5.2117,6.525,4.2833,0.0,2026-02-12 10:00:00
2026-02-12 16:00:00,T1,2026-02-12 10:00:00,0.0,0.1427,0.5791,0.2251,6.0,1,5.4517,6.025,3.7167,0.0,2026-02-12 10:00:00
2026-02-12 16:00:00,T2,2026-02-12 10:00:00,0.0,0.1451,0.5791,0.2251,6.0,1,5.4517,6.025,3.7167,0.0,2026-02-12 10:00:00
2026-02-12 16:00:00,ВЭС,2026-02-12 10:00:00,0.0,0.1439,0.5791,0.2251,6.0,1,5.4517,6.025,3.7167,0.0,2026-02-12 10:00:00
2026-02-12 17:00:00,T1,2026-02-12 11:00:00,0.0,0.1424,0.434,0.1732,7.0,1,4.7217,1.195,2.7,0.0,2026-02-12 10:00:00
2026-02-12 17:00:00,T2,2026-02-12 11:00:00,0.0,0.1433,0.434,0.1732,7.0,1,4.7217,1.195,2.7,0.0,2026-02-12 10:00:00
2026-02-12 17:00:00,ВЭС,2026-02-12 11:00:00,0.0,0.1429,0.434,0.1732,7.0,1,4.7217,1.195,2.7,0.0,2026-02-12 10:00:00
2026-02-12 18:00:00,T1,2026-02-12 12:00:00,0.0,0.1163,0.3968,0.1676,8.0,1,4.4717,2.175,1.4167,1.0,2026-02-12 10:00:00
2026-02-12 18:00:00,T2,2026-02-12 12:00:00,0.0,0.1172,0.3968,0.1676,8.0,1,4.4717,2.175,1.4167,1.0,2026-02-12 10:00:00
2026-02-12 18:00:00,ВЭС,2026-02-12 12:00:00,0.0,0.1167,0.3968,0.1676,8.0,1,4.4717,2.175,1.4167,1.0,2026-02-12 10:00:00
2026-02-12 19:00:00,T1,2026-02-12 13:00:00,0.0001,0.2756,0.6034,0.2732,9.0,1,6.1433,1.325,0.3833,1.0,2026-02-12 10:00:00
2026-02-12 19:00:00,T2,2026-02-12 13:00:00,0.0,0.2753,0.6034,0.2732,9.0,1,6.1433,1.325,0.3833,1.0,2026-02-12 10:00:00
2026-02-12 19:00:00,ВЭС,2026-02-12 13:00:00,0.0001,0.2754,0.6034,0.2732,9.0,1,6.1433,1.325,0.3833,1.0,2026-02-12 10:00:00
2026-02-12 20:00:00,T1,2026-02-12 14:00:00,0.0004,0.2986,0.5919,0.2936,10.0,1,6.35,2.945,0.1,1.0,2026-02-12 10:00:00
2026-02-12 20:00:00,T2,2026-02-12 14:00:00,0.0,0.2981,0.5919,0.2936,10.0,1,6.35,2.945,0.1,1.0,2026-02-12 10:00:00
2026-02-12 20:00:00,ВЭС,2026-02-12 14:00:00,0.0002,0.2984,0.5919,0.2936,10.0,1,6.35,2.945,0.1,1.0,2026-02-12 10:00:00
2026-02-12 21:00:00,T1,2026-02-12 15:00:00,0.0321,0.2103,0.5503,0.2347,11.0,1,5.53,2.36,0.0,1.0,2026-02-12 10:00:00
2026-02-12 21:00:00,T2,2026-02-12 15:00:00,0.0,0.2098,0.5503,0.2347,11.0,1,5.53,2.36,0.0,1.0,2026-02-12 10:00:00
2026-02-12 21:00:00,ВЭС,2026-02-12 15:00:00,0.016,0.21,0.5503,0.2347,11.0,1,5.53,2.36,0.0,1.0,2026-02-12 10:00:00
2026-02-12 22:00:00,T1,2026-02-12 16:00:00,0.0,0.1522,0.4693,0.1887,12.0,1,4.93,1.85,-0.1,1.0,2026-02-12 10:00:00
2026-02-12 22:00:00,T2,2026-02-12 16:00:00,0.0,0.1517,0.4693,0.1887,12.0,1,4.93,1.85,-0.1,1.0,2026-02-12 10:00:00
2026-02-12 22:00:00,ВЭС,2026-02-12 16:00:00,0.0,0.1519,0.4693,0.1887,12.0,1,4.93,1.85,-0.1,1.0,2026-02-12 10:00:00
2026-02-12 23:00:00,T1,2026-02-12 17:00:00,0.0,0.0587,0.1177,0.1275,1.0,1,3.6233,0.555,-0.3333,1.0,2026-02-12 22:00:00
2026-02-12 23:00:00,T2,2026-02-12 17:00:00,0.0,0.0581,0.1177,0.1275,1.0,1,3.6233,0.555,-0.3333,1.0,2026-02-12 22:00:00
2026-02-12 23:00:00,ВЭС,2026-02-12 17:00:00,0.0,0.0584,0.1177,0.1275,1.0,1,3.6233,0.555,-0.3333,1.0,2026-02-12 22:00:00
2026-02-13 00:00:00,T1,2026-02-12 18:00:00,0.0,0.0365,0.0768,0.0741,2.0,1,2.3017,0.9,-0.8833,1.0,2026-02-12 22:00:00
2026-02-13 00:00:00,T2,2026-02-12 18:00:00,0.0,0.0356,0.0768,0.0741,2.0,1,2.3017,0.9,-0.8833,1.0,2026-02-12 22:00:00
2026-02-13 00:00:00,ВЭС,2026-02-12 18:00:00,0.0,0.0361,0.0768,0.0741,2.0,1,2.3017,0.9,-0.8833,1.0,2026-02-12 22:00:00
2026-02-13 01:00:00,T1,2026-02-12 19:00:00,0.0004,0.0338,0.0353,0.0619,3.0,1,1.635,0.695,-1.4167,1.0,2026-02-12 22:00:00
2026-02-13 01:00:00,T2,2026-02-12 19:00:00,0.0,0.0332,0.0353,0.0619,3.0,1,1.635,0.695,-1.4167,1.0,2026-02-12 22:00:00
2026-02-13 01:00:00,ВЭС,2026-02-12 19:00:00,0.0002,0.0335,0.0353,0.0619,3.0,1,1.635,0.695,-1.4167,1.0,2026-02-12 22:00:00
2026-02-13 02:00:00,T1,2026-02-12 20:00:00,0.0034,0.0263,0.0368,0.0554,4.0,1,1.125,0.46,-1.7833,1.0,2026-02-12 22:00:00
2026-02-13 02:00:00,T2,2026-02-12 20:00:00,0.0015,0.0263,0.0362,0.0554,4.0,1,1.125,0.46,-1.7833,1.0,2026-02-12 22:00:00
2026-02-13 02:00:00,ВЭС,2026-02-12 20:00:00,0.0024,0.0263,0.0365,0.0554,4.0,1,1.125,0.46,-1.7833,1.0,2026-02-12 22:00:00
2026-02-13 03:00:00,T1,2026-02-12 21:00:00,0.0,0.0381,0.0765,0.0554,5.0,1,1.1983,0.805,-1.8833,1.0,2026-02-12 22:00:00
2026-02-13 03:00:00,T2,2026-02-12 21:00:00,0.0,0.0375,0.0765,0.0554,5.0,1,1.1983,0.805,-1.8833,1.0,2026-02-12 22:00:00
2026-02-13 03:00:00,ВЭС,2026-02-12 21:00:00,0.0,0.0378,0.0765,0.0554,5.0,1,1.1983,0.805,-1.8833,1.0,2026-02-12 22:00:00
2026-02-13 04:00:00,T1,2026-02-12 22:00:00,0.0,0.035,0.0554,0.0619,6.0,1,1.5433,1.885,-1.8,1.0,2026-02-12 22:00:00
2026-02-13 04:00:00,T2,2026-02-12 22:00:00,0.0,0.0342,0.0554,0.0619,6.0,1,1.5433,1.885,-1.8,1.0,2026-02-12 22:00:00
2026-02-13 04:00:00,ВЭС,2026-02-12 22:00:00,0.0,0.0346,0.0554,0.0619,6.0,1,1.5433,1.885,-1.8,1.0,2026-02-12 22:00:00
2026-02-13 05:00:00,T1,2026-02-12 23:00:00,0.0006,0.0334,0.0375,0.0687,7.0,1,1.7967,1.85,-1.7333,1.0,2026-02-12 22:00:00
2026-02-13 05:00:00,T2,2026-02-12 23:00:00,0.0,0.0327,0.0375,0.0687,7.0,1,1.7967,1.85,-1.7333,1.0,2026-02-12 22:00:00
2026-02-13 05:00:00,ВЭС,2026-02-12 23:00:00,0.0003,0.033,0.0375,0.0687,7.0,1,1.7967,1.85,-1.7333,1.0,2026-02-12 22:00:00
2026-02-13 06:00:00,T1,2026-02-13 00:00:00,0.0,0.0412,0.0786,0.0687,8.0,1,1.9767,2.4,-1.6333,1.0,2026-02-12 22:00:00
2026-02-13 06:00:00,T2,2026-02-13 00:00:00,0.0,0.0404,0.0786,0.0687,8.0,1,1.9767,2.4,-1.6333,1.0,2026-02-12 22:00:00
2026-02-13 06:00:00,ВЭС,2026-02-13 00:00:00,0.0,0.0408,0.0786,0.0687,8.0,1,1.9767,2.4,-1.6333,1.0,2026-02-12 22:00:00
2026-02-13 07:00:00,T1,2026-02-13 01:00:00,0.0007,0.0331,0.0583,0.0687,9.0,1,2.0133,3.45,-1.5333,1.0,2026-02-12 22:00:00
2026-02-13 07:00:00,T2,2026-02-13 01:00:00,0.0,0.0324,0.0583,0.0687,9.0,1,2.0133,3.45,-1.5333,1.0,2026-02-12 22:00:00
2026-02-13 07:00:00,ВЭС,2026-02-13 01:00:00,0.0003,0.0328,0.0583,0.0687,9.0,1,2.0133,3.45,-1.5333,1.0,2026-02-12 22:00:00
2026-02-13 08:00:00,T1,2026-02-13 02:00:00,0.0001,0.0345,0.0483,0.0687,10.0,1,2.0383,3.465,-1.4333,1.0,2026-02-12 22:00:00
2026-02-13 08:00:00,T2,2026-02-13 02:00:00,0.0,0.0334,0.0483,0.0687,10.0,1,2.0383,3.465,-1.4333,1.0,2026-02-12 22:00:00
2026-02-13 08:00:00,ВЭС,2026-02-13 02:00:00,0.0001,0.0339,0.0483,0.0687,10.0,1,2.0383,3.465,-1.4333,1.0,2026-02-12 22:00:00
2026-02-13 09:00:00,T1,2026-02-13 03:00:00,0.0,0.0387,0.064,0.0687,11.0,1,2.1117,2.94,-1.1833,1.0,2026-02-12 22:00:00
2026-02-13 09:00:00,T2,2026-02-13 03:00:00,0.0,0.0376,0.064,0.0687,11.0,1,2.1117,2.94,-1.1833,1.0,2026-02-12 22:00:00
2026-02-13 09:00:00,ВЭС,2026-02-13 03:00:00,0.0,0.0381,0.064,0.0687,11.0,1,2.1117,2.94,-1.1833,1.0,2026-02-12 22:00:00
2026-02-13 10:00:00,T1,2026-02-13 04:00:00,0.0016,0.0309,0.1053,0.0771,12.0,1,2.5383,3.19,-0.75,1.0,2026-02-12 22:00:00
2026-02-13 10:00:00,T2,2026-02-13 04:00:00,0.0037,0.03,0.1053,0.0771,12.0,1,2.5383,3.19,-0.75,1.0,2026-02-12 22:00:00
2026-02-13 10:00:00,ВЭС,2026-02-13 04:00:00,0.0026,0.0304,0.1053,0.0771,12.0,1,2.5383,3.19,-0.75,1.0,2026-02-12 22:00:00
2026-02-13 11:00:00,T1,2026-02-13 05:00:00,0.0001,0.0345,0.1308,0.0781,1.0,1,2.62,3.565,-0.4,1.0,2026-02-13 10:00:00
2026-02-13 11:00:00,T2,2026-02-13 05:00:00,0.0021,0.0338,0.1308,0.0781,1.0,1,2.62,3.565,-0.4,1.0,2026-02-13 10:00:00
2026-02-13 11:00:00,ВЭС,2026-02-13 05:00:00,0.0011,0.0341,0.1308,0.0781,1.0,1,2.62,3.565,-0.4,1.0,2026-02-13 10:00:00
2026-02-13 12:00:00,T1,2026-02-13 06:00:00,0.0062,0.0195,0.1093,0.0687,2.0,1,2.0367,2.765,-0.1667,1.0,2026-02-13 10:00:00
2026-02-13 12:00:00,T2,2026-02-13 06:00:00,0.005,0.0187,0.1093,0.0687,2.0,1,2.0367,2.765,-0.1667,1.0,2026-02-13 10:00:00
2026-02-13 12:00:00,ВЭС,2026-02-13 06:00:00,0.0056,0.0191,0.1093,0.0687,2.0,1,2.0367,2.765,-0.1667,1.0,2026-02-13 10:00:00
2026-02-13 13:00:00,T1,2026-02-13 07:00:00,0.007,0.0174,0.081,0.0619,3.0,1,1.6917,2.065,0.1667,1.0,2026-02-13 10:00:00
2026-02-13 13:00:00,T2,2026-02-13 07:00:00,0.0048,0.0182,0.081,0.0619,3.0,1,1.6917,2.065,0.1667,1.0,2026-02-13 10:00:00
2026-02-13 13:00:00,ВЭС,2026-02-13 07:00:00,0.0059,0.0178,0.081,0.0619,3.0,1,1.6917,2.065,0.1667,1.0,2026-02-13 10:00:00
2026-02-13 14:00:00,T1,2026-02-13 08:00:00,0.009,0.0126,0.0667,0.0687,4.0,1,1.84,1.04,0.4667,0.0,2026-02-13 10:00:00
2026-02-13 14:00:00,T2,2026-02-13 08:00:00,0.008,0.012,0.0667,0.0687,4.0,1,1.84,1.04,0.4667,0.0,2026-02-13 10:00:00
2026-02-13 14:00:00,ВЭС,2026-02-13 08:00:00,0.0085,0.0123,0.0667,0.0687,4.0,1,1.84,1.04,0.4667,0.0,2026-02-13 10:00:00
2026-02-13 15:00:00,T1,2026-02-13 09:00:00,0.0,0.0352,0.0695,0.0687,5.0,1,1.835,1.575,0.6,0.0,2026-02-13 10:00:00
2026-02-13 15:00:00,T2,2026-02-13 09:00:00,0.0,0.036,0.0695,0.0687,5.0,1,1.835,1.575,0.6,0.0,2026-02-13 10:00:00
2026-02-13 15:00:00,ВЭС,2026-02-13 09:00:00,0.0,0.0356,0.0695,0.0687,5.0,1,1.835,1.575,0.6,0.0,2026-02-13 10:00:00
2026-02-13 16:00:00,T1,2026-02-13 10:00:00,0.0047,0.0232,0.0868,0.0619,6.0,1,1.5,2.05,0.6,0.0,2026-02-13 10:00:00
2026-02-13 16:00:00,T2,2026-02-13 10:00:00,0.0032,0.0241,0.0868,0.0619,6.0,1,1.5,2.05,0.6,0.0,2026-02-13 10:00:00
2026-02-13 16:00:00,ВЭС,2026-02-13 10:00:00,0.0039,0.0236,0.0868,0.0619,6.0,1,1.5,2.05,0.6,0.0,2026-02-13 10:00:00
2026-02-13 17:00:00,T1,2026-02-13 11:00:00,0.0048,0.023,0.1031,0.0619,7.0,1,1.7167,1.47,0.4333,1.0,2026-02-13 10:00:00
2026-02-13 17:00:00,T2,2026-02-13 11:00:00,0.0016,0.028,0.1031,0.0619,7.0,1,1.7167,1.47,0.4333,1.0,2026-02-13 10:00:00
2026-02-13 17:00:00,ВЭС,2026-02-13 11:00:00,0.0032,0.0255,0.1031,0.0619,7.0,1,1.7167,1.47,0.4333,1.0,2026-02-13 10:00:00
2026-02-13 18:00:00,T1,2026-02-13 12:00:00,0.0,0.0561,0.0798,0.0781,8.0,1,2.61,2.245,0.1,1.0,2026-02-13 10:00:00
2026-02-13 18:00:00,T2,2026-02-13 12:00:00,0.0,0.0539,0.0798,0.0781,8.0,1,2.61,2.245,0.1,1.0,2026-02-13 10:00:00
2026-02-13 18:00:00,ВЭС,2026-02-13 12:00:00,0.0,0.055,0.0798,0.0781,8.0,1,2.61,2.245,0.1,1.0,2026-02-13 10:00:00
2026-02-13 19:00:00,T1,2026-02-13 13:00:00,0.0,0.1389,0.1892,0.1381,9.0,1,3.9533,3.54,-0.2667,1.0,2026-02-13 10:00:00
2026-02-13 19:00:00,T2,2026-02-13 13:00:00,0.0,0.1403,0.1892,0.1381,9.0,1,3.9533,3.54,-0.2667,1.0,2026-02-13 10:00:00
2026-02-13 19:00:00,ВЭС,2026-02-13 13:00:00,0.0,0.1396,0.1892,0.1381,9.0,1,3.9533,3.54,-0.2667,1.0,2026-02-13 10:00:00
2026-02-13 20:00:00,T1,2026-02-13 14:00:00,0.0,0.2759,0.5597,0.2388,10.0,1,5.7233,3.89,-0.3833,1.0,2026-02-13 10:00:00
2026-02-13 20:00:00,T2,2026-02-13 14:00:00,0.0,0.2785,0.5597,0.2388,10.0,1,5.7233,3.89,-0.3833,1.0,2026-02-13 10:00:00
2026-02-13 20:00:00,ВЭС,2026-02-13 14:00:00,0.0,0.2772,0.5597,0.2388,10.0,1,5.7233,3.89,-0.3833,1.0,2026-02-13 10:00:00
2026-02-13 21:00:00,T1,2026-02-13 15:00:00,0.0,0.452,0.7985,0.3725,11.0,1,7.2983,3.94,-0.2667,1.0,2026-02-13 10:00:00
2026-02-13 21:00:00,T2,2026-02-13 15:00:00,0.0,0.4573,0.7985,0.3725,11.0,1,7.2983,3.94,-0.2667,1.0,2026-02-13 10:00:00
2026-02-13 21:00:00,ВЭС,2026-02-13 15:00:00,0.0,0.4546,0.7985,0.3725,11.0,1,7.2983,3.94,-0.2667,1.0,2026-02-13 10:00:00
2026-02-13 22:00:00,T1,2026-02-13 16:00:00,0.0,0.575,0.9628,0.4837,12.0,1,8.5267,4.37,-0.15,1.0,2026-02-13 10:00:00
2026-02-13 22:00:00,T2,2026-02-13 16:00:00,0.0,0.5818,0.9605,0.4837,12.0,1,8.5267,4.37,-0.15,1.0,2026-02-13 10:00:00
2026-02-13 22:00:00,ВЭС,2026-02-13 16:00:00,0.0,0.5784,0.9616,0.4837,12.0,1,8.5267,4.37,-0.15,1.0,2026-02-13 10:00:00
2026-02-13 23:00:00,T1,2026-02-13 17:00:00,0.0443,0.6514,0.9739,0.6301,1.0,1,9.585,4.82,-0.2,1.0,2026-02-13 22:00:00
2026-02-13 23:00:00,T2,2026-02-13 17:00:00,0.055,0.6635,0.968,0.6301,1.0,1,9.585,4.82,-0.2,1.0,2026-02-13 22:00:00
2026-02-13 23:00:00,ВЭС,2026-02-13 17:00:00,0.0496,0.6574,0.971,0.6301,1.0,1,9.585,4.82,-0.2,1.0,2026-02-13 22:00:00
2026-02-14 00:00:00,T1,2026-02-13 18:00:00,0.1956,0.7676,0.9692,0.7338,2.0,1,10.5333,5.215,-0.2333,1.0,2026-02-13 22:00:00
2026-02-14 00:00:00,T2,2026-02-13 18:00:00,0.178,0.7827,0.965,0.7338,2.0,1,10.5333,5.215,-0.2333,1.0,2026-02-13 22:00:00
2026-02-14 00:00:00,ВЭС,2026-02-13 18:00:00,0.1868,0.7751,0.9671,0.7338,2.0,1,10.5333,5.215,-0.2333,1.0,2026-02-13 22:00:00
2026-02-14 01:00:00,T1,2026-02-13 19:00:00,0.2542,0.79,0.9864,0.7639,3.0,1,11.2,5.175,-0.1667,1.0,2026-02-13 22:00:00
2026-02-14 01:00:00,T2,2026-02-13 19:00:00,0.2753,0.8053,0.97,0.7639,3.0,1,11.2,5.175,-0.1667,1.0,2026-02-13 22:00:00
2026-02-14 01:00:00,ВЭС,2026-02-13 19:00:00,0.2647,0.7977,0.9782,0.7639,3.0,1,11.2,5.175,-0.1667,1.0,2026-02-13 22:00:00
2026-02-14 02:00:00,T1,2026-02-13 20:00:00,0.3704,0.8257,0.987,0.7639,4.0,1,11.1717,4.905,-0.1667,1.0,2026-02-13 22:00:00
2026-02-14 02:00:00,T2,2026-02-13 20:00:00,0.4321,0.8342,0.97,0.7639,4.0,1,11.1717,4.905,-0.1667,1.0,2026-02-13 22:00:00
2026-02-14 02:00:00,ВЭС,2026-02-13 20:00:00,0.4013,0.8299,0.9785,0.7639,4.0,1,11.1717,4.905,-0.1667,1.0,2026-02-13 22:00:00
2026-02-14 03:00:00,T1,2026-02-13 21:00:00,0.3341,0.8634,0.984,0.7639,5.0,1,10.9583,3.77,-0.1,1.0,2026-02-13 22:00:00
2026-02-14 03:00:00,T2,2026-02-13 21:00:00,0.3909,0.8723,0.9684,0.7639,5.0,1,10.9583,3.77,-0.1,1.0,2026-02-13 22:00:00
2026-02-14 03:00:00,ВЭС,2026-02-13 21:00:00,0.3625,0.8678,0.9762,0.7639,5.0,1,10.9583,3.77,-0.1,1.0,2026-02-13 22:00:00
2026-02-14 04:00:00,T1,2026-02-13 22:00:00,0.4046,0.7641,0.9619,0.7536,6.0,1,10.7667,2.635,0.0,1.0,2026-02-13 22:00:00
2026-02-14 04:00:00,T2,2026-02-13 22:00:00,0.3051,0.7731,0.957,0.7536,6.0,1,10.7667,2.635,0.0,1.0,2026-02-13 22:00:00
2026-02-14 04:00:00,ВЭС,2026-02-13 22:00:00,0.3548,0.7686,0.9595,0.7536,6.0,1,10.7667,2.635,0.0,1.0,2026-02-13 22:00:00
2026-02-14 05:00:00,T1,2026-02-13 23:00:00,0.1229,0.4536,0.9472,0.6301,7.0,1,9.6117,4.03,0.0167,1.0,2026-02-13 22:00:00
2026-02-14 05:00:00,T2,2026-02-13 23:00:00,0.083,0.4677,0.9438,0.6301,7.0,1,9.6117,4.03,0.0167,1.0,2026-02-13 22:00:00
2026-02-14 05:00:00,ВЭС,2026-02-13 23:00:00,0.1029,0.4607,0.9455,0.6301,7.0,1,9.6117,4.03,0.0167,1.0,2026-02-13 22:00:00
2026-02-14 06:00:00,T1,2026-02-14 00:00:00,0.0919,0.226,0.7507,0.4601,8.0,1,8.3533,5.095,-0.0833,1.0,2026-02-13 22:00:00
2026-02-14 06:00:00,T2,2026-02-14 00:00:00,0.0,0.241,0.7496,0.4601,8.0,1,8.3533,5.095,-0.0833,1.0,2026-02-13 22:00:00
2026-02-14 06:00:00,ВЭС,2026-02-14 00:00:00,0.0459,0.2335,0.7501,0.4601,8.0,1,8.3533,5.095,-0.0833,1.0,2026-02-13 22:00:00
2026-02-14 07:00:00,T1,2026-02-14 01:00:00,0.074,0.172,0.6591,0.4212,9.0,1,7.78,3.95,-0.1833,1.0,2026-02-13 22:00:00
2026-02-14 07:00:00,T2,2026-02-14 01:00:00,0.0014,0.1871,0.6591,0.4212,9.0,1,7.78,3.95,-0.1833,1.0,2026-02-13 22:00:00
2026-02-14 07:00:00,ВЭС,2026-02-14 01:00:00,0.0377,0.1796,0.6591,0.4212,9.0,1,7.78,3.95,-0.1833,1.0,2026-02-13 22:00:00
2026-02-14 08:00:00,T1,2026-02-14 02:00:00,0.0,0.1535,0.6745,0.3725,10.0,1,7.2583,3.55,0.2167,1.0,2026-02-13 22:00:00
2026-02-14 08:00:00,T2,2026-02-14 02:00:00,0.0,0.1671,0.6744,0.3725,10.0,1,7.2583,3.55,0.2167,1.0,2026-02-13 22:00:00
2026-02-14 08:00:00,ВЭС,2026-02-14 02:00:00,0.0,0.1603,0.6744,0.3725,10.0,1,7.2583,3.55,0.2167,1.0,2026-02-13 22:00:00
2026-02-14 09:00:00,T1,2026-02-14 03:00:00,0.0,0.1129,0.5307,0.3243,11.0,1,6.5367,4.46,1.25,0.0,2026-02-13 22:00:00
2026-02-14 09:00:00,T2,2026-02-14 03:00:00,0.0,0.1282,0.5306,0.3243,11.0,1,6.5367,4.46,1.25,0.0,2026-02-13 22:00:00
2026-02-14 09:00:00,ВЭС,2026-02-14 03:00:00,0.0,0.1205,0.5307,0.3243,11.0,1,6.5367,4.46,1.25,0.0,2026-02-13 22:00:00
2026-02-14 10:00:00,T1,2026-02-14 04:00:00,0.0,0.0896,0.4411,0.2347,12.0,1,5.5533,6.73,2.3167,0.0,2026-02-13 22:00:00
2026-02-14 10:00:00,T2,2026-02-14 04:00:00,0.0,0.1037,0.4411,0.2347,12.0,1,5.5533,6.73,2.3167,0.0,2026-02-13 22:00:00
2026-02-14 10:00:00,ВЭС,2026-02-14 04:00:00,0.0,0.0967,0.4411,0.2347,12.0,1,5.5533,6.73,2.3167,0.0,2026-02-13 22:00:00
2026-02-14 11:00:00,T1,2026-02-14 05:00:00,0.0,0.1069,0.4465,0.2347,1.0,1,5.585,6.13,2.7333,0.0,2026-02-14 10:00:00
2026-02-14 11:00:00,T2,2026-02-14 05:00:00,0.0,0.1068,0.4465,0.2347,1.0,1,5.585,6.13,2.7333,0.0,2026-02-14 10:00:00
2026-02-14 11:00:00,ВЭС,2026-02-14 05:00:00,0.0,0.1069,0.4465,0.2347,1.0,1,5.585,6.13,2.7333,0.0,2026-02-14 10:00:00
2026-02-14 12:00:00,T1,2026-02-14 06:00:00,0.0,0.0951,0.5028,0.2206,2.0,1,5.3933,7.345,3.0333,0.0,2026-02-14 10:00:00
2026-02-14 12:00:00,T2,2026-02-14 06:00:00,0.0,0.0954,0.5028,0.2206,2.0,1,5.3933,7.345,3.0333,0.0,2026-02-14 10:00:00
2026-02-14 12:00:00,ВЭС,2026-02-14 06:00:00,0.0,0.0953,0.5028,0.2206,2.0,1,5.3933,7.345,3.0333,0.0,2026-02-14 10:00:00
2026-02-14 13:00:00,T1,2026-02-14 07:00:00,0.0,0.0664,0.263,0.1472,3.0,1,4.2267,6.33,3.7,0.0,2026-02-14 10:00:00
2026-02-14 13:00:00,T2,2026-02-14 07:00:00,0.0,0.0666,0.263,0.1472,3.0,1,4.2267,6.33,3.7,0.0,2026-02-14 10:00:00
2026-02-14 13:00:00,ВЭС,2026-02-14 07:00:00,0.0,0.0665,0.263,0.1472,3.0,1,4.2267,6.33,3.7,0.0,2026-02-14 10:00:00
2026-02-14 14:00:00,T1,2026-02-14 08:00:00,0.0017,0.0307,0.2167,0.1275,4.0,1,3.675,4.005,4.1333,0.0,2026-02-14 10:00:00
2026-02-14 14:00:00,T2,2026-02-14 08:00:00,0.0009,0.03,0.2167,0.1275,4.0,1,3.675,4.005,4.1333,0.0,2026-02-14 10:00:00
2026-02-14 14:00:00,ВЭС,2026-02-14 08:00:00,0.0013,0.0304,0.2167,0.1275,4.0,1,3.675,4.005,4.1333,0.0,2026-02-14 10:00:00
2026-02-14 15:00:00,T1,2026-02-14 09:00:00,0.0,0.0385,0.2465,0.115,5.0,1,3.5317,2.84,4.0167,0.0,2026-02-14 10:00:00
2026-02-14 15:00:00,T2,2026-02-14 09:00:00,0.0,0.0377,0.2465,0.115,5.0,1,3.5317,2.84,4.0167,0.0,2026-02-14 10:00:00
2026-02-14 15:00:00,ВЭС,2026-02-14 09:00:00,0.0,0.0381,0.2465,0.115,5.0,1,3.5317,2.84,4.0167,0.0,2026-02-14 10:00:00
2026-02-14 16:00:00,T1,2026-02-14 10:00:00,0.0,0.0511,0.1704,0.1,6.0,1,3.1,2.88,3.4,0.0,2026-02-14 10:00:00
2026-02-14 16:00:00,T2,2026-02-14 10:00:00,0.0,0.0504,0.1704,0.1,6.0,1,3.1,2.88,3.4,0.0,2026-02-14 10:00:00
2026-02-14 16:00:00,ВЭС,2026-02-14 10:00:00,0.0,0.0508,0.1704,0.1,6.0,1,3.1,2.88,3.4,0.0,2026-02-14 10:00:00
2026-02-14 17:00:00,T1,2026-02-14 11:00:00,0.004,0.0248,0.142,0.0968,7.0,1,2.9633,1.82,2.4833,0.0,2026-02-14 10:00:00
2026-02-14 17:00:00,T2,2026-02-14 11:00:00,0.0038,0.0242,0.142,0.0968,7.0,1,2.9633,1.82,2.4833,0.0,2026-02-14 10:00:00
2026-02-14 17:00:00,ВЭС,2026-02-14 11:00:00,0.0039,0.0245,0.142,0.0968,7.0,1,2.9633,1.82,2.4833,0.0,2026-02-14 10:00:00
2026-02-14 18:00:00,T1,2026-02-14 12:00:00,0.0039,0.0252,0.1385,0.1,8.0,1,2.9933,1.435,1.3833,0.0,2026-02-14 10:00:00
2026-02-14 18:00:00,T2,2026-02-14 12:00:00,0.005,0.0248,0.1385,0.1,8.0,1,2.9933,1.435,1.3833,0.0,2026-02-14 10:00:00
2026-02-14 18:00:00,ВЭС,2026-02-14 12:00:00,0.0044,0.025,0.1385,0.1,8.0,1,2.9933,1.435,1.3833,0.0,2026-02-14 10:00:00
2026-02-14 19:00:00,T1,2026-02-14 13:00:00,0.0,0.0447,0.1807,0.0771,9.0,1,2.5967,1.015,0.5,1.0,2026-02-14 10:00:00
2026-02-14 19:00:00,T2,2026-02-14 13:00:00,0.0,0.0442,0.1807,0.0771,9.0,1,2.5967,1.015,0.5,1.0,2026-02-14 10:00:00
2026-02-14 19:00:00,ВЭС,2026-02-14 13:00:00,0.0,0.0445,0.1807,0.0771,9.0,1,2.5967,1.015,0.5,1.0,2026-02-14 10:00:00
2026-02-14 20:00:00,T1,2026-02-14 14:00:00,0.0,0.066,0.3093,0.0771,10.0,1,2.5433,2.965,0.0333,1.0,2026-02-14 10:00:00
2026-02-14 20:00:00,T2,2026-02-14 14:00:00,0.0,0.0637,0.3093,0.0771,10.0,1,2.5433,2.965,0.0333,1.0,2026-02-14 10:00:00
2026-02-14 20:00:00,ВЭС,2026-02-14 14:00:00,0.0,0.0649,0.3093,0.0771,10.0,1,2.5433,2.965,0.0333,1.0,2026-02-14 10:00:00
2026-02-14 21:00:00,T1,2026-02-14 15:00:00,0.0,0.0661,0.3421,0.0781,11.0,1,2.7017,2.76,-0.2,1.0,2026-02-14 10:00:00
2026-02-14 21:00:00,T2,2026-02-14 15:00:00,0.0,0.0638,0.3421,0.0781,11.0,1,2.7017,2.76,-0.2,1.0,2026-02-14 10:00:00
2026-02-14 21:00:00,ВЭС,2026-02-14 15:00:00,0.0,0.065,0.3421,0.0781,11.0,1,2.7017,2.76,-0.2,1.0,2026-02-14 10:00:00
2026-02-14 22:00:00,T1,2026-02-14 16:00:00,0.0,0.0444,0.2519,0.0835,12.0,1,2.7883,1.55,-0.2667,1.0,2026-02-14 10:00:00
2026-02-14 22:00:00,T2,2026-02-14 16:00:00,0.0,0.0435,0.2519,0.0835,12.0,1,2.7883,1.55,-0.2667,1.0,2026-02-14 10:00:00
2026-02-14 22:00:00,ВЭС,2026-02-14 16:00:00,0.0,0.044,0.2519,0.0835,12.0,1,2.7883,1.55,-0.2667,1.0,2026-02-14 10:00:00
2026-02-14 23:00:00,T1,2026-02-14 17:00:00,0.0056,0.0209,0.1419,0.115,1.0,1,3.4117,1.93,-0.35,1.0,2026-02-14 22:00:00
2026-02-14 23:00:00,T2,2026-02-14 17:00:00,0.0095,0.0203,0.1419,0.115,1.0,1,3.4117,1.93,-0.35,1.0,2026-02-14 22:00:00
2026-02-14 23:00:00,ВЭС,2026-02-14 17:00:00,0.0076,0.0206,0.1419,0.115,1.0,1,3.4117,1.93,-0.35,1.0,2026-02-14 22:00:00
2026-02-15 00:00:00,T1,2026-02-14 18:00:00,0.0033,0.0267,0.1764,0.1238,2.0,1,3.5517,2.93,-0.55,1.0,2026-02-14 22:00:00
2026-02-15 00:00:00,T2,2026-02-14 18:00:00,0.0043,0.026,0.1764,0.1238,2.0,1,3.5517,2.93,-0.55,1.0,2026-02-14 22:00:00
2026-02-15 00:00:00,ВЭС,2026-02-14 18:00:00,0.0038,0.0264,0.1764,0.1238,2.0,1,3.5517,2.93,-0.55,1.0,2026-02-14 22:00:00
2026-02-15 01:00:00,T1,2026-02-14 19:00:00,0.0053,0.0217,0.1058,0.0781,3.0,1,2.665,2.76,-0.6833,1.0,2026-02-14 22:00:00
2026-02-15 01:00:00,T2,2026-02-14 19:00:00,0.0064,0.0208,0.1058,0.0781,3.0,1,2.665,2.76,-0.6833,1.0,2026-02-14 22:00:00
2026-02-15 01:00:00,ВЭС,2026-02-14 19:00:00,0.0059,0.0213,0.1058,0.0781,3.0,1,2.665,2.76,-0.6833,1.0,2026-02-14 22:00:00
2026-02-15 02:00:00,T1,2026-02-14 20:00:00,0.0046,0.0234,0.105,0.0687,4.0,1,2.01,3.0,-0.7,1.0,2026-02-14 22:00:00
2026-02-15 02:00:00,T2,2026-02-14 20:00:00,0.0025,0.0226,0.105,0.0687,4.0,1,2.01,3.0,-0.7,1.0,2026-02-14 22:00:00
2026-02-15 02:00:00,ВЭС,2026-02-14 20:00:00,0.0036,0.023,0.105,0.0687,4.0,1,2.01,3.0,-0.7,1.0,2026-02-14 22:00:00
2026-02-15 03:00:00,T1,2026-02-14 21:00:00,0.0064,0.0189,0.0813,0.0741,5.0,1,2.2767,3.83,-0.6667,1.0,2026-02-14 22:00:00
2026-02-15 03:00:00,T2,2026-02-14 21:00:00,0.0043,0.0181,0.0813,0.0741,5.0,1,2.2767,3.83,-0.6667,1.0,2026-02-14 22:00:00
2026-02-15 03:00:00,ВЭС,2026-02-14 21:00:00,0.0054,0.0185,0.0813,0.0741,5.0,1,2.2767,3.83,-0.6667,1.0,2026-02-14 22:00:00
2026-02-15 04:00:00,T1,2026-02-14 22:00:00,0.0047,0.023,0.0647,0.0923,6.0,1,2.86,5.16,-0.8833,1.0,2026-02-14 22:00:00
2026-02-15 04:00:00,T2,2026-02-14 22:00:00,0.0057,0.0155,0.0647,0.0923,6.0,1,2.86,5.16,-0.8833,1.0,2026-02-14 22:00:00
2026-02-15 04:00:00,ВЭС,2026-02-14 22:00:00,0.0052,0.0193,0.0647,0.0923,6.0,1,2.86,5.16,-0.8833,1.0,2026-02-14 22:00:00
2026-02-15 05:00:00,T1,2026-02-14 23:00:00,0.0,0.0662,0.1,0.1275,7.0,1,3.675,4.965,-1.1167,1.0,2026-02-14 22:00:00
2026-02-15 05:00:00,T2,2026-02-14 23:00:00,0.0,0.0588,0.1,0.1275,7.0,1,3.675,4.965,-1.1167,1.0,2026-02-14 22:00:00
2026-02-15 05:00:00,ВЭС,2026-02-14 23:00:00,0.0,0.0625,0.1,0.1275,7.0,1,3.675,4.965,-1.1167,1.0,2026-02-14 22:00:00
2026-02-15 06:00:00,T1,2026-02-15 00:00:00,0.0,0.1466,0.3233,0.2206,8.0,1,5.3317,4.345,-1.15,1.0,2026-02-14 22:00:00
2026-02-15 06:00:00,T2,2026-02-15 00:00:00,0.0,0.1395,0.3233,0.2206,8.0,1,5.3317,4.345,-1.15,1.0,2026-02-14 22:00:00
2026-02-15 06:00:00,ВЭС,2026-02-15 00:00:00,0.0,0.1431,0.3233,0.2206,8.0,1,5.3317,4.345,-1.15,1.0,2026-02-14 22:00:00
2026-02-15 07:00:00,T1,2026-02-15 01:00:00,0.0177,0.1935,0.5707,0.3567,9.0,1,6.9933,3.965,-0.95,1.0,2026-02-14 22:00:00
2026-02-15 07:00:00,T2,2026-02-15 01:00:00,0.0,0.18,0.5707,0.3567,9.0,1,6.9933,3.965,-0.95,1.0,2026-02-14 22:00:00
2026-02-15 07:00:00,ВЭС,2026-02-15 01:00:00,0.0089,0.1867,0.5707,0.3567,9.0,1,6.9933,3.965,-0.95,1.0,2026-02-14 22:00:00
2026-02-15 08:00:00,T1,2026-02-15 02:00:00,0.0497,0.2178,0.8286,0.4461,10.0,1,8.1917,2.59,-0.1,1.0,2026-02-14 22:00:00
2026-02-15 08:00:00,T2,2026-02-15 02:00:00,0.0083,0.2005,0.8286,0.4461,10.0,1,8.1917,2.59,-0.1,1.0,2026-02-14 22:00:00
2026-02-15 08:00:00,ВЭС,2026-02-15 02:00:00,0.029,0.2091,0.8286,0.4461,10.0,1,8.1917,2.59,-0.1,1.0,2026-02-14 22:00:00
2026-02-15 09:00:00,T1,2026-02-15 03:00:00,0.1105,0.606,0.9783,0.5709,11.0,1,9.3617,2.72,1.1833,1.0,2026-02-14 22:00:00
2026-02-15 09:00:00,T2,2026-02-15 03:00:00,0.1398,0.594,0.97,0.5709,11.0,1,9.3617,2.72,1.1833,1.0,2026-02-14 22:00:00
2026-02-15 09:00:00,ВЭС,2026-02-15 03:00:00,0.1252,0.6,0.9741,0.5709,11.0,1,9.3617,2.72,1.1833,1.0,2026-02-14 22:00:00
2026-02-15 10:00:00,T1,2026-02-15 04:00:00,0.3575,0.8956,0.9845,0.73,12.0,1,10.535,2.325,2.45,0.0,2026-02-14 22:00:00
2026-02-15 10:00:00,T2,2026-02-15 04:00:00,0.5223,0.8747,0.97,0.73,12.0,1,10.535,2.325,2.45,0.0,2026-02-14 22:00:00
2026-02-15 10:00:00,ВЭС,2026-02-15 04:00:00,0.4399,0.8851,0.9773,0.73,12.0,1,10.535,2.325,2.45,0.0,2026-02-14 22:00:00
2026-02-15 11:00:00,T1,2026-02-15 05:00:00,0.5607,0.967,0.99,0.8017,1.0,1,11.735,1.88,3.5333,0.0,2026-02-15 10:00:00
2026-02-15 11:00:00,T2,2026-02-15 05:00:00,0.5553,0.9492,0.97,0.8017,1.0,1,11.735,1.88,3.5333,0.0,2026-02-15 10:00:00
2026-02-15 11:00:00,ВЭС,2026-02-15 05:00:00,0.558,0.9581,0.98,0.8017,1.0,1,11.735,1.88,3.5333,0.0,2026-02-15 10:00:00
2026-02-15 12:00:00,T1,2026-02-15 06:00:00,0.5531,0.9346,0.99,0.8291,2.0,1,12.3917,1.58,4.6,0.0,2026-02-15 10:00:00
2026-02-15 12:00:00,T2,2026-02-15 06:00:00,0.5662,0.9091,0.97,0.8291,2.0,1,12.3917,1.58,4.6,0.0,2026-02-15 10:00:00
2026-02-15 12:00:00,ВЭС,2026-02-15 06:00:00,0.5596,0.9218,0.98,0.8291,2.0,1,12.3917,1.58,4.6,0.0,2026-02-15 10:00:00
2026-02-15 13:00:00,T1,2026-02-15 07:00:00,0.6208,0.9537,0.99,0.8017,3.0,1,12.17,1.73,5.55,0.0,2026-02-15 10:00:00
2026-02-15 13:00:00,T2,2026-02-15 07:00:00,0.6616,0.945,0.97,0.8017,3.0,1,12.17,1.73,5.55,0.0,2026-02-15 10:00:00
2026-02-15 13:00:00,ВЭС,2026-02-15 07:00:00,0.6412,0.9494,0.98,0.8017,3.0,1,12.17,1.73,5.55,0.0,2026-02-15 10:00:00
2026-02-15 14:00:00,T1,2026-02-15 08:00:00,0.6419,0.99,0.99,0.8017,4.0,1,11.8933,1.94,6.15,0.0,2026-02-15 10:00:00
2026-02-15 14:00:00,T2,2026-02-15 08:00:00,0.6999,0.97,0.97,0.8017,4.0,1,11.8933,1.94,6.15,0.0,2026-02-15 10:00:00
2026-02-15 14:00:00,ВЭС,2026-02-15 08:00:00,0.6709,0.98,0.98,0.8017,4.0,1,11.8933,1.94,6.15,0.0,2026-02-15 10:00:00
2026-02-15 15:00:00,T1,2026-02-15 09:00:00,0.789,0.99,0.99,0.8017,5.0,1,11.7017,2.105,6.3333,0.0,2026-02-15 10:00:00
2026-02-15 15:00:00,T2,2026-02-15 09:00:00,0.8101,0.97,0.97,0.8017,5.0,1,11.7017,2.105,6.3333,0.0,2026-02-15 10:00:00
2026-02-15 15:00:00,ВЭС,2026-02-15 09:00:00,0.7996,0.98,0.98,0.8017,5.0,1,11.7017,2.105,6.3333,0.0,2026-02-15 10:00:00
2026-02-15 16:00:00,T1,2026-02-15 10:00:00,0.6055,0.99,0.99,0.7831,6.0,1,11.5867,2.19,6.0167,0.0,2026-02-15 10:00:00
2026-02-15 16:00:00,T2,2026-02-15 10:00:00,0.6716,0.97,0.97,0.7831,6.0,1,11.5867,2.19,6.0167,0.0,2026-02-15 10:00:00
2026-02-15 16:00:00,ВЭС,2026-02-15 10:00:00,0.6385,0.98,0.98,0.7831,6.0,1,11.5867,2.19,6.0167,0.0,2026-02-15 10:00:00
2026-02-15 17:00:00,T1,2026-02-15 11:00:00,0.588,0.99,0.99,0.7831,7.0,1,11.5383,2.105,5.2,0.0,2026-02-15 10:00:00
2026-02-15 17:00:00,T2,2026-02-15 11:00:00,0.5358,0.97,0.97,0.7831,7.0,1,11.5383,2.105,5.2,0.0,2026-02-15 10:00:00
2026-02-15 17:00:00,ВЭС,2026-02-15 11:00:00,0.5619,0.98,0.98,0.7831,7.0,1,11.5383,2.105,5.2,0.0,2026-02-15 10:00:00
2026-02-15 18:00:00,T1,2026-02-15 12:00:00,0.577,0.99,0.99,0.7831,8.0,1,11.61,2.075,4.2833,0.0,2026-02-15 10:00:00
2026-02-15 18:00:00,T2,2026-02-15 12:00:00,0.5703,0.97,0.97,0.7831,8.0,1,11.61,2.075,4.2833,0.0,2026-02-15 10:00:00
2026-02-15 18:00:00,ВЭС,2026-02-15 12:00:00,0.5737,0.98,0.98,0.7831,8.0,1,11.61,2.075,4.2833,0.0,2026-02-15 10:00:00
2026-02-15 19:00:00,T1,2026-02-15 13:00:00,0.591,0.99,0.99,0.8017,9.0,1,11.7217,1.88,3.7167,0.0,2026-02-15 10:00:00
2026-02-15 19:00:00,T2,2026-02-15 13:00:00,0.624,0.97,0.97,0.8017,9.0,1,11.7217,1.88,3.7167,0.0,2026-02-15 10:00:00
2026-02-15 19:00:00,ВЭС,2026-02-15 13:00:00,0.6075,0.98,0.98,0.8017,9.0,1,11.7217,1.88,3.7167,0.0,2026-02-15 10:00:00
2026-02-15 20:00:00,T1,2026-02-15 14:00:00,0.427,0.9876,0.99,0.8017,10.0,1,11.76,1.52,3.4,0.0,2026-02-15 10:00:00
2026-02-15 20:00:00,T2,2026-02-15 14:00:00,0.4411,0.97,0.97,0.8017,10.0,1,11.76,1.52,3.4,0.0,2026-02-15 10:00:00
2026-02-15 20:00:00,ВЭС,2026-02-15 14:00:00,0.4341,0.9788,0.98,0.8017,10.0,1,11.76,1.52,3.4,0.0,2026-02-15 10:00:00
2026-02-15 21:00:00,T1,2026-02-15 15:00:00,0.3346,0.9592,0.986,0.7831,11.0,1,11.5617,1.43,3.1833,0.0,2026-02-15 10:00:00
2026-02-15 21:00:00,T2,2026-02-15 15:00:00,0.2388,0.9449,0.97,0.7831,11.0,1,11.5617,1.43,3.1833,0.0,2026-02-15 10:00:00
2026-02-15 21:00:00,ВЭС,2026-02-15 15:00:00,0.2867,0.952,0.978,0.7831,11.0,1,11.5617,1.43,3.1833,0.0,2026-02-15 10:00:00
2026-02-15 22:00:00,T1,2026-02-15 16:00:00,0.1717,0.8166,0.9622,0.7639,12.0,1,11.095,1.57,3.05,0.0,2026-02-15 10:00:00
2026-02-15 22:00:00,T2,2026-02-15 16:00:00,0.1382,0.809,0.9589,0.7639,12.0,1,11.095,1.57,3.05,0.0,2026-02-15 10:00:00
2026-02-15 22:00:00,ВЭС,2026-02-15 16:00:00,0.1549,0.8128,0.9606,0.7639,12.0,1,11.095,1.57,3.05,0.0,2026-02-15 10:00:00
2026-02-15 23:00:00,T1,2026-02-15 17:00:00,0.159,0.6159,0.9609,0.6898,1.0,1,10.4333,2.9,2.8667,0.0,2026-02-15 22:00:00
2026-02-15 23:00:00,T2,2026-02-15 17:00:00,0.1512,0.6069,0.9564,0.6898,1.0,1,10.4333,2.9,2.8667,0.0,2026-02-15 22:00:00
2026-02-15 23:00:00,ВЭС,2026-02-15 17:00:00,0.1551,0.6114,0.9587,0.6898,1.0,1,10.4333,2.9,2.8667,0.0,2026-02-15 22:00:00
2026-02-16 00:00:00,T1,2026-02-15 18:00:00,0.0,0.5794,0.9742,0.65,2.0,1,9.7317,4.695,2.7667,0.0,2026-02-15 22:00:00
2026-02-16 00:00:00,T2,2026-02-15 18:00:00,0.0,0.578,0.9683,0.65,2.0,1,9.7317,4.695,2.7667,0.0,2026-02-15 22:00:00
2026-02-16 00:00:00,ВЭС,2026-02-15 18:00:00,0.0,0.5787,0.9713,0.65,2.0,1,9.7317,4.695,2.7667,0.0,2026-02-15 22:00:00
2026-02-16 01:00:00,T1,2026-02-15 19:00:00,0.0078,0.576,0.9634,0.6301,3.0,1,9.6683,5.615,2.7833,0.0,2026-02-15 22:00:00
2026-02-16 01:00:00,T2,2026-02-15 19:00:00,0.0,0.5738,0.9574,0.6301,3.0,1,9.6683,5.615,2.7833,0.0,2026-02-15 22:00:00
2026-02-16 01:00:00,ВЭС,2026-02-15 19:00:00,0.0039,0.5749,0.9604,0.6301,3.0,1,9.6683,5.615,2.7833,0.0,2026-02-15 22:00:00
2026-02-16 02:00:00,T1,2026-02-15 20:00:00,0.0805,0.7125,0.9711,0.681,4.0,1,10.0883,5.905,2.7833,0.0,2026-02-15 22:00:00
2026-02-16 02:00:00,T2,2026-02-15 20:00:00,0.0348,0.7052,0.964,0.681,4.0,1,10.0883,5.905,2.7833,0.0,2026-02-15 22:00:00
2026-02-16 02:00:00,ВЭС,2026-02-15 20:00:00,0.0577,0.7088,0.9675,0.681,4.0,1,10.0883,5.905,2.7833,0.0,2026-02-15 22:00:00
2026-02-16 03:00:00,T1,2026-02-15 21:00:00,0.091,0.7039,0.9765,0.681,5.0,1,10.1717,5.79,2.75,0.0,2026-02-15 22:00:00
2026-02-16 03:00:00,T2,2026-02-15 21:00:00,0.0566,0.6943,0.9688,0.681,5.0,1,10.1717,5.79,2.75,0.0,2026-02-15 22:00:00
2026-02-16 03:00:00,ВЭС,2026-02-15 21:00:00,0.0738,0.6991,0.9727,0.681,5.0,1,10.1717,5.79,2.75,0.0,2026-02-15 22:00:00
2026-02-16 04:00:00,T1,2026-02-15 22:00:00,0.1177,0.6651,0.9795,0.681,6.0,1,10.065,4.96,2.7167,0.0,2026-02-15 22:00:00
2026-02-16 04:00:00,T2,2026-02-15 22:00:00,0.082,0.6535,0.97,0.681,6.0,1,10.065,4.96,2.7167,0.0,2026-02-15 22:00:00
2026-02-16 04:00:00,ВЭС,2026-02-15 22:00:00,0.0999,0.6593,0.9747,0.681,6.0,1,10.065,4.96,2.7167,0.0,2026-02-15 22:00:00
2026-02-16 05:00:00,T1,2026-02-15 23:00:00,0.3409,0.6932,0.9867,0.681,7.0,1,10.2017,2.845,2.75,0.0,2026-02-15 22:00:00
2026-02-16 05:00:00,T2,2026-02-15 23:00:00,0.3102,0.6793,0.97,0.681,7.0,1,10.2017,2.845,2.75,0.0,2026-02-15 22:00:00
2026-02-16 05:00:00,ВЭС,2026-02-15 23:00:00,0.3255,0.6862,0.9783,0.681,7.0,1,10.2017,2.845,2.75,0.0,2026-02-15 22:00:00
2026-02-16 06:00:00,T1,2026-02-16 00:00:00,0.3535,0.763,0.9839,0.6898,8.0,1,10.3683,2.05,2.8667,0.0,2026-02-15 22:00:00
2026-02-16 06:00:00,T2,2026-02-16 00:00:00,0.3165,0.7508,0.97,0.6898,8.0,1,10.3683,2.05,2.8667,0.0,2026-02-15 22:00:00
2026-02-16 06:00:00,ВЭС,2026-02-16 00:00:00,0.335,0.7569,0.9769,0.6898,8.0,1,10.3683,2.05,2.8667,0.0,2026-02-15 22:00:00
2026-02-16 07:00:00,T1,2026-02-16 01:00:00,0.3183,0.6769,0.9658,0.681,9.0,1,10.115,1.125,2.95,0.0,2026-02-15 22:00:00
2026-02-16 07:00:00,T2,2026-02-16 01:00:00,0.2353,0.6701,0.9636,0.681,9.0,1,10.115,1.125,2.95,0.0,2026-02-15 22:00:00
2026-02-16 07:00:00,ВЭС,2026-02-16 01:00:00,0.2768,0.6735,0.9647,0.681,9.0,1,10.115,1.125,2.95,0.0,2026-02-15 22:00:00
2026-02-16 08:00:00,T1,2026-02-16 02:00:00,0.1708,0.4986,0.9473,0.6301,10.0,1,9.6283,0.39,3.1833,0.0,2026-02-15 22:00:00
2026-02-16 08:00:00,T2,2026-02-16 02:00:00,0.087,0.5017,0.9454,0.6301,10.0,1,9.6283,0.39,3.1833,0.0,2026-02-15 22:00:00
2026-02-16 08:00:00,ВЭС,2026-02-16 02:00:00,0.1289,0.5002,0.9464,0.6301,10.0,1,9.6283,0.39,3.1833,0.0,2026-02-15 22:00:00
2026-02-16 09:00:00,T1,2026-02-16 03:00:00,0.0,0.5014,0.9582,0.5709,11.0,1,9.375,1.11,3.7667,0.0,2026-02-15 22:00:00
2026-02-16 09:00:00,T2,2026-02-16 03:00:00,0.0,0.5056,0.9564,0.5709,11.0,1,9.375,1.11,3.7667,0.0,2026-02-15 22:00:00
2026-02-16 09:00:00,ВЭС,2026-02-16 03:00:00,0.0,0.5035,0.9573,0.5709,11.0,1,9.375,1.11,3.7667,0.0,2026-02-15 22:00:00
2026-02-16 10:00:00,T1,2026-02-16 04:00:00,0.0507,0.5686,0.9741,0.5984,12.0,1,9.4583,1.325,4.5167,0.0,2026-02-15 22:00:00
2026-02-16 10:00:00,T2,2026-02-16 04:00:00,0.0327,0.5717,0.97,0.5984,12.0,1,9.4583,1.325,4.5167,0.0,2026-02-15 22:00:00
2026-02-16 10:00:00,ВЭС,2026-02-16 04:00:00,0.0417,0.5702,0.9721,0.5984,12.0,1,9.4583,1.325,4.5167,0.0,2026-02-15 22:00:00
2026-02-16 11:00:00,T1,2026-02-16 05:00:00,0.1026,0.6623,0.9648,0.6587,1.0,1,9.865,0.88,5.45,0.0,2026-02-16 10:00:00
2026-02-16 11:00:00,T2,2026-02-16 05:00:00,0.0698,0.6601,0.963,0.6587,1.0,1,9.865,0.88,5.45,0.0,2026-02-16 10:00:00
2026-02-16 11:00:00,ВЭС,2026-02-16 05:00:00,0.0862,0.6612,0.9639,0.6587,1.0,1,9.865,0.88,5.45,0.0,2026-02-16 10:00:00
2026-02-16 12:00:00,T1,2026-02-16 06:00:00,0.2148,0.7032,0.9725,0.6794,2.0,1,10.015,0.785,6.3167,0.0,2026-02-16 10:00:00
2026-02-16 12:00:00,T2,2026-02-16 06:00:00,0.0769,0.7069,0.97,0.6794,2.0,1,10.015,0.785,6.3167,0.0,2026-02-16 10:00:00
2026-02-16 12:00:00,ВЭС,2026-02-16 06:00:00,0.1459,0.7051,0.9713,0.6794,2.0,1,10.015,0.785,6.3167,0.0,2026-02-16 10:00:00
2026-02-16 13:00:00,T1,2026-02-16 07:00:00,0.2334,0.7128,0.9725,0.6587,3.0,1,9.8917,1.095,7.0,0.0,2026-02-16 10:00:00
2026-02-16 13:00:00,T2,2026-02-16 07:00:00,0.0959,0.7194,0.97,0.6587,3.0,1,9.8917,1.095,7.0,0.0,2026-02-16 10:00:00
2026-02-16 13:00:00,ВЭС,2026-02-16 07:00:00,0.1646,0.7161,0.9713,0.6587,3.0,1,9.8917,1.095,7.0,0.0,2026-02-16 10:00:00
2026-02-16 14:00:00,T1,2026-02-16 08:00:00,0.2316,0.6876,0.9742,0.6587,4.0,1,9.9,1.355,7.5333,0.0,2026-02-16 10:00:00
2026-02-16 14:00:00,T2,2026-02-16 08:00:00,0.1341,0.6938,0.97,0.6587,4.0,1,9.9,1.355,7.5333,0.0,2026-02-16 10:00:00
2026-02-16 14:00:00,ВЭС,2026-02-16 08:00:00,0.1828,0.6907,0.9721,0.6587,4.0,1,9.9,1.355,7.5333,0.0,2026-02-16 10:00:00
2026-02-16 15:00:00,T1,2026-02-16 09:00:00,0.2502,0.8038,0.9874,0.65,5.0,1,9.875,1.845,7.6667,0.0,2026-02-16 10:00:00
2026-02-16 15:00:00,T2,2026-02-16 09:00:00,0.2314,0.8101,0.97,0.65,5.0,1,9.875,1.845,7.6667,0.0,2026-02-16 10:00:00
2026-02-16 15:00:00,ВЭС,2026-02-16 09:00:00,0.2408,0.8069,0.9787,0.65,5.0,1,9.875,1.845,7.6667,0.0,2026-02-16 10:00:00
2026-02-16 16:00:00,T1,2026-02-16 10:00:00,0.1971,0.7768,0.99,0.6587,6.0,1,9.9567,2.115,7.2833,0.0,2026-02-16 10:00:00
2026-02-16 16:00:00,T2,2026-02-16 10:00:00,0.2138,0.7826,0.97,0.6587,6.0,1,9.9567,2.115,7.2833,0.0,2026-02-16 10:00:00
2026-02-16 16:00:00,ВЭС,2026-02-16 10:00:00,0.2054,0.7797,0.98,0.6587,6.0,1,9.9567,2.115,7.2833,0.0,2026-02-16 10:00:00
2026-02-16 17:00:00,T1,2026-02-16 11:00:00,0.1179,0.7131,0.9869,0.65,7.0,1,9.7833,1.94,6.5333,0.0,2026-02-16 10:00:00
2026-02-16 17:00:00,T2,2026-02-16 11:00:00,0.0773,0.7186,0.97,0.65,7.0,1,9.7833,1.94,6.5333,0.0,2026-02-16 10:00:00
2026-02-16 17:00:00,ВЭС,2026-02-16 11:00:00,0.0976,0.7159,0.9784,0.65,7.0,1,9.7833,1.94,6.5333,0.0,2026-02-16 10:00:00
2026-02-16 18:00:00,T1,2026-02-16 12:00:00,0.0,0.5929,0.9564,0.6301,8.0,1,9.63,1.89,5.7333,0.0,2026-02-16 10:00:00
2026-02-16 18:00:00,T2,2026-02-16 12:00:00,0.0,0.5934,0.9539,0.6301,8.0,1,9.63,1.89,5.7333,0.0,2026-02-16 10:00:00
2026-02-16 18:00:00,ВЭС,2026-02-16 12:00:00,0.0,0.5931,0.9551,0.6301,8.0,1,9.63,1.89,5.7333,0.0,2026-02-16 10:00:00
2026-02-16 19:00:00,T1,2026-02-16 13:00:00,0.0,0.6177,0.9464,0.6721,9.0,1,9.9517,2.89,5.1333,0.0,2026-02-16 10:00:00
2026-02-16 19:00:00,T2,2026-02-16 13:00:00,0.0,0.6132,0.9412,0.6721,9.0,1,9.9517,2.89,5.1333,0.0,2026-02-16 10:00:00
2026-02-16 19:00:00,ВЭС,2026-02-16 13:00:00,0.0,0.6154,0.9438,0.6721,9.0,1,9.9517,2.89,5.1333,0.0,2026-02-16 10:00:00
2026-02-16 20:00:00,T1,2026-02-16 14:00:00,0.0694,0.6299,0.967,0.6898,10.0,1,10.2333,3.64,4.75,0.0,2026-02-16 10:00:00
2026-02-16 20:00:00,T2,2026-02-16 14:00:00,0.0692,0.6238,0.9607,0.6898,10.0,1,10.2333,3.64,4.75,0.0,2026-02-16 10:00:00
2026-02-16 20:00:00,ВЭС,2026-02-16 14:00:00,0.0693,0.6268,0.9639,0.6898,10.0,1,10.2333,3.64,4.75,0.0,2026-02-16 10:00:00
2026-02-16 21:00:00,T1,2026-02-16 15:00:00,0.1188,0.6122,0.9602,0.6898,11.0,1,10.2567,3.73,4.45,0.0,2026-02-16 10:00:00
2026-02-16 21:00:00,T2,2026-02-16 15:00:00,0.0782,0.6061,0.9539,0.6898,11.0,1,10.2567,3.73,4.45,0.0,2026-02-16 10:00:00
2026-02-16 21:00:00,ВЭС,2026-02-16 15:00:00,0.0985,0.6091,0.9571,0.6898,11.0,1,10.2567,3.73,4.45,0.0,2026-02-16 10:00:00
2026-02-16 22:00:00,T1,2026-02-16 16:00:00,0.055,0.5876,0.9581,0.6898,12.0,1,10.31,3.99,4.2333,0.0,2026-02-16 10:00:00
2026-02-16 22:00:00,T2,2026-02-16 16:00:00,0.021,0.5809,0.9518,0.6898,12.0,1,10.31,3.99,4.2333,0.0,2026-02-16 10:00:00
2026-02-16 22:00:00,ВЭС,2026-02-16 16:00:00,0.038,0.5843,0.9549,0.6898,12.0,1,10.31,3.99,4.2333,0.0,2026-02-16 10:00:00
2026-02-16 23:00:00,T1,2026-02-16 17:00:00,0.0653,0.5945,0.9527,0.7338,1.0,1,10.5767,5.03,4.15,0.0,2026-02-16 22:00:00
2026-02-16 23:00:00,T2,2026-02-16 17:00:00,0.1208,0.5875,0.9472,0.7338,1.0,1,10.5767,5.03,4.15,0.0,2026-02-16 22:00:00
2026-02-16 23:00:00,ВЭС,2026-02-16 17:00:00,0.0931,0.591,0.95,0.7338,1.0,1,10.5767,5.03,4.15,0.0,2026-02-16 22:00:00
2026-02-17 00:00:00,T1,2026-02-16 18:00:00,0.0,0.5792,0.9537,0.7536,2.0,1,10.7783,5.515,4.0333,0.0,2026-02-16 22:00:00
2026-02-17 00:00:00,T2,2026-02-16 18:00:00,0.1107,0.5691,0.9474,0.7536,2.0,1,10.7783,5.515,4.0333,0.0,2026-02-16 22:00:00
2026-02-17 00:00:00,ВЭС,2026-02-16 18:00:00,0.0554,0.5741,0.9505,0.7536,2.0,1,10.7783,5.515,4.0333,0.0,2026-02-16 22:00:00
2026-02-17 01:00:00,T1,2026-02-16 19:00:00,0.0428,0.6043,0.9553,0.7536,3.0,1,10.8817,4.87,3.8667,0.0,2026-02-16 22:00:00
2026-02-17 01:00:00,T2,2026-02-16 19:00:00,0.1175,0.5941,0.9502,0.7536,3.0,1,10.8817,4.87,3.8667,0.0,2026-02-16 22:00:00
2026-02-17 01:00:00,ВЭС,2026-02-16 19:00:00,0.0802,0.5992,0.9527,0.7536,3.0,1,10.8817,4.87,3.8667,0.0,2026-02-16 22:00:00
2026-02-17 02:00:00,T1,2026-02-16 20:00:00,0.1163,0.5756,0.9509,0.7536,4.0,1,10.715,3.81,3.75,0.0,2026-02-16 22:00:00
2026-02-17 02:00:00,T2,2026-02-16 20:00:00,0.1728,0.5634,0.9462,0.7536,4.0,1,10.715,3.81,3.75,0.0,2026-02-16 22:00:00
2026-02-17 02:00:00,ВЭС,2026-02-16 20:00:00,0.1445,0.5695,0.9485,0.7536,4.0,1,10.715,3.81,3.75,0.0,2026-02-16 22:00:00
2026-02-17 03:00:00,T1,2026-02-16 21:00:00,0.0601,0.4535,0.9071,0.681,5.0,1,10.1583,3.13,3.6167,0.0,2026-02-16 22:00:00
2026-02-17 03:00:00,T2,2026-02-16 21:00:00,0.1276,0.441,0.9023,0.681,5.0,1,10.1583,3.13,3.6167,0.0,2026-02-16 22:00:00
2026-02-17 03:00:00,ВЭС,2026-02-16 21:00:00,0.0938,0.4472,0.9047,0.681,5.0,1,10.1583,3.13,3.6167,0.0,2026-02-16 22:00:00
2026-02-17 04:00:00,T1,2026-02-16 22:00:00,0.0,0.3165,0.8691,0.5709,6.0,1,9.3117,3.115,3.5333,0.0,2026-02-16 22:00:00
2026-02-17 04:00:00,T2,2026-02-16 22:00:00,0.0,0.3093,0.8666,0.5709,6.0,1,9.3117,3.115,3.5333,0.0,2026-02-16 22:00:00
2026-02-17 04:00:00,ВЭС,2026-02-16 22:00:00,0.0,0.3129,0.8678,0.5709,6.0,1,9.3117,3.115,3.5333,0.0,2026-02-16 22:00:00
2026-02-17 05:00:00,T1,2026-02-16 23:00:00,0.0,0.2328,0.7782,0.4461,7.0,1,8.295,2.925,3.45,0.0,2026-02-16 22:00:00
2026-02-17 05:00:00,T2,2026-02-16 23:00:00,0.0,0.2196,0.7783,0.4461,7.0,1,8.295,2.925,3.45,0.0,2026-02-16 22:00:00
2026-02-17 05:00:00,ВЭС,2026-02-16 23:00:00,0.0,0.2262,0.7783,0.4461,7.0,1,8.295,2.925,3.45,0.0,2026-02-16 22:00:00
2026-02-17 06:00:00,T1,2026-02-17 00:00:00,0.0,0.1809,0.7344,0.3974,8.0,1,7.525,2.48,3.3333,0.0,2026-02-16 22:00:00
2026-02-17 06:00:00,T2,2026-02-17 00:00:00,0.0,0.1675,0.7345,0.3974,8.0,1,7.525,2.48,3.3333,0.0,2026-02-16 22:00:00
2026-02-17 06:00:00,ВЭС,2026-02-17 00:00:00,0.0,0.1742,0.7344,0.3974,8.0,1,7.525,2.48,3.3333,0.0,2026-02-16 22:00:00
2026-02-17 07:00:00,T1,2026-02-17 01:00:00,0.0,0.1721,0.6775,0.3567,9.0,1,6.9867,2.215,3.35,0.0,2026-02-16 22:00:00
2026-02-17 07:00:00,T2,2026-02-17 01:00:00,0.0,0.1598,0.6776,0.3567,9.0,1,6.9867,2.215,3.35,0.0,2026-02-16 22:00:00
2026-02-17 07:00:00,ВЭС,2026-02-17 01:00:00,0.0,0.1659,0.6775,0.3567,9.0,1,6.9867,2.215,3.35,0.0,2026-02-16 22:00:00
2026-02-17 08:00:00,T1,2026-02-17 02:00:00,0.0,0.1666,0.5507,0.2938,10.0,1,6.45,2.56,3.5667,0.0,2026-02-16 22:00:00
2026-02-17 08:00:00,T2,2026-02-17 02:00:00,0.0,0.1498,0.5508,0.2938,10.0,1,6.45,2.56,3.5667,0.0,2026-02-16 22:00:00
2026-02-17 08:00:00,ВЭС,2026-02-17 02:00:00,0.0,0.1582,0.5508,0.2938,10.0,1,6.45,2.56,3.5667,0.0,2026-02-16 22:00:00
2026-02-17 09:00:00,T1,2026-02-17 03:00:00,0.0,0.1524,0.4819,0.2678,11.0,1,6.0233,3.465,3.95,0.0,2026-02-16 22:00:00
2026-02-17 09:00:00,T2,2026-02-17 03:00:00,0.0,0.1432,0.482,0.2678,11.0,1,6.0233,3.465,3.95,0.0,2026-02-16 22:00:00
2026-02-17 09:00:00,ВЭС,2026-02-17 03:00:00,0.0,0.1478,0.4819,0.2678,11.0,1,6.0233,3.465,3.95,0.0,2026-02-16 22:00:00
2026-02-17 10:00:00,T1,2026-02-17 04:00:00,0.0,0.1497,0.458,0.2365,12.0,1,5.6533,4.28,4.45,0.0,2026-02-16 22:00:00
2026-02-17 10:00:00,T2,2026-02-17 04:00:00,0.0,0.14,0.458,0.2365,12.0,1,5.6533,4.28,4.45,0.0,2026-02-16 22:00:00
2026-02-17 10:00:00,ВЭС,2026-02-17 04:00:00,0.0,0.1449,0.458,0.2365,12.0,1,5.6533,4.28,4.45,0.0,2026-02-16 22:00:00
2026-02-17 11:00:00,T1,2026-02-17 05:00:00,0.0,0.1103,0.431,0.2111,1.0,1,5.115,4.83,5.5167,0.0,2026-02-17 10:00:00
2026-02-17 11:00:00,T2,2026-02-17 05:00:00,0.0,0.0992,0.4311,0.2111,1.0,1,5.115,4.83,5.5167,0.0,2026-02-17 10:00:00
2026-02-17 11:00:00,ВЭС,2026-02-17 05:00:00,0.0,0.1048,0.4311,0.2111,1.0,1,5.115,4.83,5.5167,0.0,2026-02-17 10:00:00
2026-02-17 12:00:00,T1,2026-02-17 06:00:00,0.0,0.1339,0.424,0.1732,2.0,1,4.7267,4.825,6.65,0.0,2026-02-17 10:00:00
2026-02-17 12:00:00,T2,2026-02-17 06:00:00,0.0,0.1242,0.424,0.1732,2.0,1,4.7267,4.825,6.65,0.0,2026-02-17 10:00:00
2026-02-17 12:00:00,ВЭС,2026-02-17 06:00:00,0.0,0.129,0.424,0.1732,2.0,1,4.7267,4.825,6.65,0.0,2026-02-17 10:00:00
2026-02-17 13:00:00,T1,2026-02-17 07:00:00,0.0,0.1226,0.4292,0.1887,3.0,1,4.9667,4.69,7.2,0.0,2026-02-17 10:00:00
2026-02-17 13:00:00,T2,2026-02-17 07:00:00,0.0,0.1204,0.4292,0.1887,3.0,1,4.9667,4.69,7.2,0.0,2026-02-17 10:00:00
2026-02-17 13:00:00,ВЭС,2026-02-17 07:00:00,0.0,0.1215,0.4292,0.1887,3.0,1,4.9667,4.69,7.2,0.0,2026-02-17 10:00:00
2026-02-17 14:00:00,T1,2026-02-17 08:00:00,0.0,0.1678,0.5024,0.2347,4.0,1,5.5,5.375,7.6833,0.0,2026-02-17 10:00:00
2026-02-17 14:00:00,T2,2026-02-17 08:00:00,0.0,0.166,0.5024,0.2347,4.0,1,5.5,5.375,7.6833,0.0,2026-02-17 10:00:00
2026-02-17 14:00:00,ВЭС,2026-02-17 08:00:00,0.0,0.1669,0.5024,0.2347,4.0,1,5.5,5.375,7.6833,0.0,2026-02-17 10:00:00
2026-02-17 15:00:00,T1,2026-02-17 09:00:00,0.0,0.2315,0.5355,0.2678,5.0,1,6.01,6.02,8.1167,0.0,2026-02-17 10:00:00
2026-02-17 15:00:00,T2,2026-02-17 09:00:00,0.0,0.2331,0.5355,0.2678,5.0,1,6.01,6.02,8.1167,0.0,2026-02-17 10:00:00
2026-02-17 15:00:00,ВЭС,2026-02-17 09:00:00,0.0,0.2323,0.5355,0.2678,5.0,1,6.01,6.02,8.1167,0.0,2026-02-17 10:00:00
2026-02-17 16:00:00,T1,2026-02-17 10:00:00,0.0,0.3078,0.675,0.3243,6.0,1,6.595,6.645,8.2167,0.0,2026-02-17 10:00:00
2026-02-17 16:00:00,T2,2026-02-17 10:00:00,0.0,0.307,0.675,0.3243,6.0,1,6.595,6.645,8.2167,0.0,2026-02-17 10:00:00
2026-02-17 16:00:00,ВЭС,2026-02-17 10:00:00,0.0,0.3074,0.675,0.3243,6.0,1,6.595,6.645,8.2167,0.0,2026-02-17 10:00:00
2026-02-17 17:00:00,T1,2026-02-17 11:00:00,0.0,0.3741,0.8268,0.4057,7.0,1,7.7233,5.33,7.85,0.0,2026-02-17 10:00:00
2026-02-17 17:00:00,T2,2026-02-17 11:00:00,0.0,0.3744,0.8268,0.4057,7.0,1,7.7233,5.33,7.85,0.0,2026-02-17 10:00:00
2026-02-17 17:00:00,ВЭС,2026-02-17 11:00:00,0.0,0.3742,0.8268,0.4057,7.0,1,7.7233,5.33,7.85,0.0,2026-02-17 10:00:00
2026-02-17 18:00:00,T1,2026-02-17 12:00:00,0.0363,0.4668,0.9778,0.5291,8.0,1,8.95,4.46,7.0667,0.0,2026-02-17 10:00:00
2026-02-17 18:00:00,T2,2026-02-17 12:00:00,0.0,0.4673,0.97,0.5291,8.0,1,8.95,4.46,7.0667,0.0,2026-02-17 10:00:00
2026-02-17 18:00:00,ВЭС,2026-02-17 12:00:00,0.0181,0.467,0.9739,0.5291,8.0,1,8.95,4.46,7.0667,0.0,2026-02-17 10:00:00
2026-02-17 19:00:00,T1,2026-02-17 13:00:00,0.0205,0.7072,0.9724,0.6301,9.0,1,9.7117,5.83,6.1667,0.0,2026-02-17 10:00:00
2026-02-17 19:00:00,T2,2026-02-17 13:00:00,0.0,0.7044,0.9668,0.6301,9.0,1,9.7117,5.83,6.1667,0.0,2026-02-17 10:00:00
2026-02-17 19:00:00,ВЭС,2026-02-17 13:00:00,0.0103,0.7058,0.9696,0.6301,9.0,1,9.7117,5.83,6.1667,0.0,2026-02-17 10:00:00
2026-02-17 20:00:00,T1,2026-02-17 14:00:00,0.063,0.8017,0.9722,0.6898,10.0,1,10.3867,6.585,5.5,0.0,2026-02-17 10:00:00
2026-02-17 20:00:00,T2,2026-02-17 14:00:00,0.017,0.7957,0.9663,0.6898,10.0,1,10.3867,6.585,5.5,0.0,2026-02-17 10:00:00
2026-02-17 20:00:00,ВЭС,2026-02-17 14:00:00,0.04,0.7987,0.9693,0.6898,10.0,1,10.3867,6.585,5.5,0.0,2026-02-17 10:00:00
2026-02-17 21:00:00,T1,2026-02-17 15:00:00,0.0471,0.8109,0.9761,0.7639,11.0,1,10.9317,6.78,5.0167,0.0,2026-02-17 10:00:00
2026-02-17 21:00:00,T2,2026-02-17 15:00:00,0.0028,0.81,0.97,0.7639,11.0,1,10.9317,6.78,5.0167,0.0,2026-02-17 10:00:00
2026-02-17 21:00:00,ВЭС,2026-02-17 15:00:00,0.0249,0.8104,0.9731,0.7639,11.0,1,10.9317,6.78,5.0167,0.0,2026-02-17 10:00:00
2026-02-17 22:00:00,T1,2026-02-17 16:00:00,0.1043,0.8545,0.9817,0.7639,12.0,1,11.01,6.28,4.6667,0.0,2026-02-17 10:00:00
2026-02-17 22:00:00,T2,2026-02-17 16:00:00,0.1385,0.8369,0.97,0.7639,12.0,1,11.01,6.28,4.6667,0.0,2026-02-17 10:00:00
2026-02-17 22:00:00,ВЭС,2026-02-17 16:00:00,0.1214,0.8457,0.9758,0.7639,12.0,1,11.01,6.28,4.6667,0.0,2026-02-17 10:00:00
2026-02-17 23:00:00,T1,2026-02-17 17:00:00,0.1516,0.7924,0.9841,0.7639,1.0,1,11.0383,4.965,4.3,0.0,2026-02-17 22:00:00
2026-02-17 23:00:00,T2,2026-02-17 17:00:00,0.1875,0.7804,0.97,0.7639,1.0,1,11.0383,4.965,4.3,0.0,2026-02-17 22:00:00
2026-02-17 23:00:00,ВЭС,2026-02-17 17:00:00,0.1696,0.7864,0.9771,0.7639,1.0,1,11.0383,4.965,4.3,0.0,2026-02-17 22:00:00
2026-02-18 00:00:00,T1,2026-02-17 18:00:00,0.3455,0.823,0.9831,0.7831,2.0,1,11.4433,3.37,3.9833,0.0,2026-02-17 22:00:00
2026-02-18 00:00:00,T2,2026-02-17 18:00:00,0.2554,0.8109,0.97,0.7831,2.0,1,11.4433,3.37,3.9833,0.0,2026-02-17 22:00:00
2026-02-18 00:00:00,ВЭС,2026-02-17 18:00:00,0.3004,0.8169,0.9766,0.7831,2.0,1,11.4433,3.37,3.9833,0.0,2026-02-17 22:00:00
2026-02-18 01:00:00,T1,2026-02-17 19:00:00,0.3353,0.8323,0.9872,0.7831,3.0,1,11.5483,2.36,3.8167,0.0,2026-02-17 22:00:00
2026-02-18 01:00:00,T2,2026-02-17 19:00:00,0.313,0.8137,0.97,0.7831,3.0,1,11.5483,2.36,3.8167,0.0,2026-02-17 22:00:00
2026-02-18 01:00:00,ВЭС,2026-02-17 19:00:00,0.3241,0.823,0.9786,0.7831,3.0,1,11.5483,2.36,3.8167,0.0,2026-02-17 22:00:00
2026-02-18 02:00:00,T1,2026-02-17 20:00:00,0.3517,0.8267,0.99,0.7831,4.0,1,11.4233,2.375,3.6333,0.0,2026-02-17 22:00:00
2026-02-18 02:00:00,T2,2026-02-17 20:00:00,0.259,0.8061,0.97,0.7831,4.0,1,11.4233,2.375,3.6333,0.0,2026-02-17 22:00:00
2026-02-18 02:00:00,ВЭС,2026-02-17 20:00:00,0.3053,0.8164,0.98,0.7831,4.0,1,11.4233,2.375,3.6333,0.0,2026-02-17 22:00:00
2026-02-18 03:00:00,T1,2026-02-17 21:00:00,0.3531,0.8817,0.99,0.781,5.0,1,11.385,2.395,3.4667,0.0,2026-02-17 22:00:00
2026-02-18 03:00:00,T2,2026-02-17 21:00:00,0.4106,0.8611,0.97,0.781,5.0,1,11.385,2.395,3.4667,0.0,2026-02-17 22:00:00
2026-02-18 03:00:00,ВЭС,2026-02-17 21:00:00,0.3818,0.8714,0.98,0.781,5.0,1,11.385,2.395,3.4667,0.0,2026-02-17 22:00:00
2026-02-18 04:00:00,T1,2026-02-17 22:00:00,0.5124,0.8948,0.9889,0.7639,6.0,1,11.29,1.64,3.3,0.0,2026-02-17 22:00:00
2026-02-18 04:00:00,T2,2026-02-17 22:00:00,0.5334,0.8806,0.97,0.7639,6.0,1,11.29,1.64,3.3,0.0,2026-02-17 22:00:00
2026-02-18 04:00:00,ВЭС,2026-02-17 22:00:00,0.5229,0.8877,0.9794,0.7639,6.0,1,11.29,1.64,3.3,0.0,2026-02-17 22:00:00
2026-02-18 05:00:00,T1,2026-02-17 23:00:00,0.5613,0.9649,0.99,0.7831,7.0,1,11.53,1.06,3.3333,0.0,2026-02-17 22:00:00
2026-02-18 05:00:00,T2,2026-02-17 23:00:00,0.5625,0.9496,0.97,0.7831,7.0,1,11.53,1.06,3.3333,0.0,2026-02-17 22:00:00
2026-02-18 05:00:00,ВЭС,2026-02-17 23:00:00,0.5619,0.9572,0.98,0.7831,7.0,1,11.53,1.06,3.3333,0.0,2026-02-17 22:00:00
2026-02-18 06:00:00,T1,2026-02-18 00:00:00,0.4444,0.9371,0.99,0.8017,8.0,1,12.235,1.395,3.4333,0.0,2026-02-17 22:00:00
2026-02-18 06:00:00,T2,2026-02-18 00:00:00,0.4317,0.9161,0.97,0.8017,8.0,1,12.235,1.395,3.4333,0.0,2026-02-17 22:00:00
2026-02-18 06:00:00,ВЭС,2026-02-18 00:00:00,0.438,0.9266,0.98,0.8017,8.0,1,12.235,1.395,3.4333,0.0,2026-02-17 22:00:00
2026-02-18 07:00:00,T1,2026-02-18 01:00:00,0.5991,0.853,0.9873,0.8794,9.0,1,12.835,1.77,3.4333,0.0,2026-02-17 22:00:00
2026-02-18 07:00:00,T2,2026-02-18 01:00:00,0.5047,0.8597,0.97,0.8794,9.0,1,12.835,1.77,3.4333,0.0,2026-02-17 22:00:00
2026-02-18 07:00:00,ВЭС,2026-02-18 01:00:00,0.5519,0.8563,0.9787,0.8794,9.0,1,12.835,1.77,3.4333,0.0,2026-02-17 22:00:00
2026-02-18 08:00:00,T1,2026-02-18 02:00:00,0.5976,0.8608,0.9872,0.8813,10.0,1,12.9867,1.735,3.9167,0.0,2026-02-17 22:00:00
2026-02-18 08:00:00,T2,2026-02-18 02:00:00,0.4485,0.859,0.97,0.8813,10.0,1,12.9867,1.735,3.9167,0.0,2026-02-17 22:00:00
2026-02-18 08:00:00,ВЭС,2026-02-18 02:00:00,0.5231,0.8599,0.9786,0.8813,10.0,1,12.9867,1.735,3.9167,0.0,2026-02-17 22:00:00
2026-02-18 09:00:00,T1,2026-02-18 03:00:00,0.5696,0.8253,0.9871,0.8813,11.0,1,12.9617,1.17,5.4,0.0,2026-02-17 22:00:00
2026-02-18 09:00:00,T2,2026-02-18 03:00:00,0.3781,0.8092,0.9698,0.8813,11.0,1,12.9617,1.17,5.4,0.0,2026-02-17 22:00:00
2026-02-18 09:00:00,ВЭС,2026-02-18 03:00:00,0.4738,0.8172,0.9784,0.8813,11.0,1,12.9617,1.17,5.4,0.0,2026-02-17 22:00:00
2026-02-18 10:00:00,T1,2026-02-18 04:00:00,0.4485,0.7519,0.9796,0.8813,12.0,1,12.965,1.185,7.45,0.0,2026-02-17 22:00:00
2026-02-18 10:00:00,T2,2026-02-18 04:00:00,0.2743,0.7536,0.96,0.8813,12.0,1,12.965,1.185,7.45,0.0,2026-02-17 22:00:00
2026-02-18 10:00:00,ВЭС,2026-02-18 04:00:00,0.3614,0.7528,0.9698,0.8813,12.0,1,12.965,1.185,7.45,0.0,2026-02-17 22:00:00
2026-02-18 11:00:00,T1,2026-02-18 05:00:00,0.5644,0.9275,0.9793,0.8813,1.0,1,12.975,1.65,9.2167,0.0,2026-02-18 10:00:00
2026-02-18 11:00:00,T2,2026-02-18 05:00:00,0.2814,0.929,0.961,0.8813,1.0,1,12.975,1.65,9.2167,0.0,2026-02-18 10:00:00
2026-02-18 11:00:00,ВЭС,2026-02-18 05:00:00,0.4229,0.9282,0.9702,0.8813,1.0,1,12.975,1.65,9.2167,0.0,2026-02-18 10:00:00
2026-02-18 12:00:00,T1,2026-02-18 06:00:00,0.707,0.9753,0.9897,0.8813,2.0,1,12.9933,1.81,10.5833,0.0,2026-02-18 10:00:00
2026-02-18 12:00:00,T2,2026-02-18 06:00:00,0.4934,0.9626,0.97,0.8813,2.0,1,12.9933,1.81,10.5833,0.0,2026-02-18 10:00:00
2026-02-18 12:00:00,ВЭС,2026-02-18 06:00:00,0.6002,0.9689,0.9798,0.8813,2.0,1,12.9933,1.81,10.5833,0.0,2026-02-18 10:00:00
2026-02-18 13:00:00,T1,2026-02-18 07:00:00,0.8934,0.9824,0.99,0.8794,3.0,1,12.995,2.455,11.7833,0.0,2026-02-18 10:00:00
2026-02-18 13:00:00,T2,2026-02-18 07:00:00,0.8524,0.9681,0.97,0.8794,3.0,1,12.995,2.455,11.7833,0.0,2026-02-18 10:00:00
2026-02-18 13:00:00,ВЭС,2026-02-18 07:00:00,0.8729,0.9753,0.98,0.8794,3.0,1,12.995,2.455,11.7833,0.0,2026-02-18 10:00:00
2026-02-18 14:00:00,T1,2026-02-18 08:00:00,0.8671,0.9854,0.99,0.872,4.0,1,12.9133,2.82,12.6167,0.0,2026-02-18 10:00:00
2026-02-18 14:00:00,T2,2026-02-18 08:00:00,0.9616,0.97,0.97,0.872,4.0,1,12.9133,2.82,12.6167,0.0,2026-02-18 10:00:00
2026-02-18 14:00:00,ВЭС,2026-02-18 08:00:00,0.9143,0.9777,0.98,0.872,4.0,1,12.9133,2.82,12.6167,0.0,2026-02-18 10:00:00
2026-02-18 15:00:00,T1,2026-02-18 09:00:00,0.8581,0.986,0.99,0.872,5.0,1,12.7833,2.265,12.7833,0.0,2026-02-18 10:00:00
2026-02-18 15:00:00,T2,2026-02-18 09:00:00,0.9508,0.97,0.97,0.872,5.0,1,12.7833,2.265,12.7833,0.0,2026-02-18 10:00:00
2026-02-18 15:00:00,ВЭС,2026-02-18 09:00:00,0.9044,0.978,0.98,0.872,5.0,1,12.7833,2.265,12.7833,0.0,2026-02-18 10:00:00
2026-02-18 16:00:00,T1,2026-02-18 10:00:00,0.7351,0.9777,0.99,0.8291,6.0,1,12.5783,2.03,12.2167,0.0,2026-02-18 10:00:00
2026-02-18 16:00:00,T2,2026-02-18 10:00:00,0.7758,0.9681,0.97,0.8291,6.0,1,12.5783,2.03,12.2167,0.0,2026-02-18 10:00:00
2026-02-18 16:00:00,ВЭС,2026-02-18 10:00:00,0.7555,0.9729,0.98,0.8291,6.0,1,12.5783,2.03,12.2167,0.0,2026-02-18 10:00:00
2026-02-18 17:00:00,T1,2026-02-18 11:00:00,0.6575,0.9706,0.99,0.8017,7.0,1,11.9917,2.27,11.0,0.0,2026-02-18 10:00:00
2026-02-18 17:00:00,T2,2026-02-18 11:00:00,0.6469,0.9614,0.97,0.8017,7.0,1,11.9917,2.27,11.0,0.0,2026-02-18 10:00:00
2026-02-18 17:00:00,ВЭС,2026-02-18 11:00:00,0.6522,0.966,0.98,0.8017,7.0,1,11.9917,2.27,11.0,0.0,2026-02-18 10:00:00
2026-02-18 18:00:00,T1,2026-02-18 12:00:00,0.586,0.9713,0.9787,0.7639,8.0,1,11.0483,2.1,9.5833,0.0,2026-02-18 10:00:00
2026-02-18 18:00:00,T2,2026-02-18 12:00:00,0.6072,0.9629,0.9651,0.7639,8.0,1,11.0483,2.1,9.5833,0.0,2026-02-18 10:00:00
2026-02-18 18:00:00,ВЭС,2026-02-18 12:00:00,0.5966,0.9671,0.9719,0.7639,8.0,1,11.0483,2.1,9.5833,0.0,2026-02-18 10:00:00
2026-02-18 19:00:00,T1,2026-02-18 13:00:00,0.3574,0.8802,0.9716,0.6898,9.0,1,10.4933,2.515,8.5,0.0,2026-02-18 10:00:00
2026-02-18 19:00:00,T2,2026-02-18 13:00:00,0.4232,0.8804,0.963,0.6898,9.0,1,10.4933,2.515,8.5,0.0,2026-02-18 10:00:00
2026-02-18 19:00:00,ВЭС,2026-02-18 13:00:00,0.3903,0.8803,0.9673,0.6898,9.0,1,10.4933,2.515,8.5,0.0,2026-02-18 10:00:00
2026-02-18 20:00:00,T1,2026-02-18 14:00:00,0.149,0.6856,0.9614,0.6898,10.0,1,10.3783,3.425,7.75,0.0,2026-02-18 10:00:00
2026-02-18 20:00:00,T2,2026-02-18 14:00:00,0.105,0.6842,0.9559,0.6898,10.0,1,10.3783,3.425,7.75,0.0,2026-02-18 10:00:00
2026-02-18 20:00:00,ВЭС,2026-02-18 14:00:00,0.127,0.6849,0.9586,0.6898,10.0,1,10.3783,3.425,7.75,0.0,2026-02-18 10:00:00
2026-02-18 21:00:00,T1,2026-02-18 15:00:00,0.1243,0.6435,0.9569,0.6898,11.0,1,10.3133,3.6,7.1833,0.0,2026-02-18 10:00:00
2026-02-18 21:00:00,T2,2026-02-18 15:00:00,0.0984,0.6433,0.9525,0.6898,11.0,1,10.3133,3.6,7.1833,0.0,2026-02-18 10:00:00
2026-02-18 21:00:00,ВЭС,2026-02-18 15:00:00,0.1113,0.6434,0.9547,0.6898,11.0,1,10.3133,3.6,7.1833,0.0,2026-02-18 10:00:00
2026-02-18 22:00:00,T1,2026-02-18 16:00:00,0.075,0.6434,0.9503,0.6898,12.0,1,10.4333,3.145,6.8,0.0,2026-02-18 10:00:00
2026-02-18 22:00:00,T2,2026-02-18 16:00:00,0.0453,0.6379,0.9459,0.6898,12.0,1,10.4333,3.145,6.8,0.0,2026-02-18 10:00:00
2026-02-18 22:00:00,ВЭС,2026-02-18 16:00:00,0.0602,0.6406,0.9481,0.6898,12.0,1,10.4333,3.145,6.8,0.0,2026-02-18 10:00:00
2026-02-18 23:00:00,T1,2026-02-18 17:00:00,0.1096,0.6089,0.9451,0.7536,1.0,1,10.7783,2.57,6.5167,0.0,2026-02-18 22:00:00
2026-02-18 23:00:00,T2,2026-02-18 17:00:00,0.081,0.6031,0.9407,0.7536,1.0,1,10.7783,2.57,6.5167,0.0,2026-02-18 22:00:00
2026-02-18 23:00:00,ВЭС,2026-02-18 17:00:00,0.0953,0.606,0.9429,0.7536,1.0,1,10.7783,2.57,6.5167,0.0,2026-02-18 22:00:00
2026-02-19 00:00:00,T1,2026-02-18 18:00:00,0.136,0.5109,0.9511,0.7639,2.0,1,11.1567,2.0,6.2667,0.0,2026-02-18 22:00:00
2026-02-19 00:00:00,T2,2026-02-18 18:00:00,0.1698,0.5076,0.9453,0.7639,2.0,1,11.1567,2.0,6.2667,0.0,2026-02-18 22:00:00
2026-02-19 00:00:00,ВЭС,2026-02-18 18:00:00,0.1529,0.5092,0.9482,0.7639,2.0,1,11.1567,2.0,6.2667,0.0,2026-02-18 22:00:00
2026-02-19 01:00:00,T1,2026-02-18 19:00:00,0.1192,0.4997,0.9559,0.7639,3.0,1,11.2733,1.88,6.0167,0.0,2026-02-18 22:00:00
2026-02-19 01:00:00,T2,2026-02-18 19:00:00,0.1467,0.4963,0.9502,0.7639,3.0,1,11.2733,1.88,6.0167,0.0,2026-02-18 22:00:00
2026-02-19 01:00:00,ВЭС,2026-02-18 19:00:00,0.1329,0.498,0.9531,0.7639,3.0,1,11.2733,1.88,6.0167,0.0,2026-02-18 22:00:00
2026-02-19 02:00:00,T1,2026-02-18 20:00:00,0.2342,0.7443,0.9573,0.7639,4.0,1,11.33,2.305,5.75,0.0,2026-02-18 22:00:00
2026-02-19 02:00:00,T2,2026-02-18 20:00:00,0.1993,0.7389,0.9516,0.7639,4.0,1,11.33,2.305,5.75,0.0,2026-02-18 22:00:00
2026-02-19 02:00:00,ВЭС,2026-02-18 20:00:00,0.2167,0.7416,0.9544,0.7639,4.0,1,11.33,2.305,5.75,0.0,2026-02-18 22:00:00
2026-02-19 03:00:00,T1,2026-02-18 21:00:00,0.2464,0.7326,0.9634,0.7639,5.0,1,11.3233,2.685,5.4333,0.0,2026-02-18 22:00:00
2026-02-19 03:00:00,T2,2026-02-18 21:00:00,0.1643,0.7261,0.9566,0.7639,5.0,1,11.3233,2.685,5.4333,0.0,2026-02-18 22:00:00
2026-02-19 03:00:00,ВЭС,2026-02-18 21:00:00,0.2054,0.7293,0.96,0.7639,5.0,1,11.3233,2.685,5.4333,0.0,2026-02-18 22:00:00
2026-02-19 04:00:00,T1,2026-02-18 22:00:00,0.204,0.7298,0.9172,0.7639,6.0,1,11.0917,2.63,5.1667,0.0,2026-02-18 22:00:00
2026-02-19 04:00:00,T2,2026-02-18 22:00:00,0.2342,0.7234,0.9049,0.7639,6.0,1,11.0917,2.63,5.1667,0.0,2026-02-18 22:00:00
2026-02-19 04:00:00,ВЭС,2026-02-18 22:00:00,0.2191,0.7266,0.9111,0.7639,6.0,1,11.0917,2.63,5.1667,0.0,2026-02-18 22:00:00
2026-02-19 05:00:00,T1,2026-02-18 23:00:00,0.192,0.5645,0.8818,0.6898,7.0,1,10.44,2.095,4.9667,0.0,2026-02-18 22:00:00
2026-02-19 05:00:00,T2,2026-02-18 23:00:00,0.1306,0.5566,0.8771,0.6898,7.0,1,10.44,2.095,4.9667,0.0,2026-02-18 22:00:00
2026-02-19 05:00:00,ВЭС,2026-02-18 23:00:00,0.1613,0.5606,0.8795,0.6898,7.0,1,10.44,2.095,4.9667,0.0,2026-02-18 22:00:00
2026-02-19 06:00:00,T1,2026-02-19 00:00:00,0.0,0.5023,0.8529,0.6301,8.0,1,9.6183,1.59,4.7667,0.0,2026-02-18 22:00:00
2026-02-19 06:00:00,T2,2026-02-19 00:00:00,0.0,0.4946,0.8512,0.6301,8.0,1,9.6183,1.59,4.7667,0.0,2026-02-18 22:00:00
2026-02-19 06:00:00,ВЭС,2026-02-19 00:00:00,0.0,0.4984,0.852,0.6301,8.0,1,9.6183,1.59,4.7667,0.0,2026-02-18 22:00:00
2026-02-19 07:00:00,T1,2026-02-19 01:00:00,0.0,0.5127,0.8659,0.5709,9.0,1,9.2717,2.845,4.6333,0.0,2026-02-18 22:00:00
2026-02-19 07:00:00,T2,2026-02-19 01:00:00,0.0307,0.4964,0.863,0.5709,9.0,1,9.2717,2.845,4.6333,0.0,2026-02-18 22:00:00
2026-02-19 07:00:00,ВЭС,2026-02-19 01:00:00,0.0154,0.5046,0.8644,0.5709,9.0,1,9.2717,2.845,4.6333,0.0,2026-02-18 22:00:00
2026-02-19 08:00:00,T1,2026-02-19 02:00:00,0.0,0.4872,0.8741,0.5263,10.0,1,8.8317,4.1,5.0667,0.0,2026-02-18 22:00:00
2026-02-19 08:00:00,T2,2026-02-19 02:00:00,0.0,0.478,0.8713,0.5263,10.0,1,8.8317,4.1,5.0667,0.0,2026-02-18 22:00:00
2026-02-19 08:00:00,ВЭС,2026-02-19 02:00:00,0.0,0.4826,0.8727,0.5263,10.0,1,8.8317,4.1,5.0667,0.0,2026-02-18 22:00:00
2026-02-19 09:00:00,T1,2026-02-19 03:00:00,0.0,0.342,0.8739,0.4461,11.0,1,8.3533,4.34,6.4333,0.0,2026-02-18 22:00:00
2026-02-19 09:00:00,T2,2026-02-19 03:00:00,0.0,0.3349,0.8732,0.4461,11.0,1,8.3533,4.34,6.4333,0.0,2026-02-18 22:00:00
2026-02-19 09:00:00,ВЭС,2026-02-19 03:00:00,0.0,0.3385,0.8735,0.4461,11.0,1,8.3533,4.34,6.4333,0.0,2026-02-18 22:00:00
2026-02-19 10:00:00,T1,2026-02-19 04:00:00,0.008,0.3392,0.8782,0.4396,12.0,1,8.2283,4.17,8.35,0.0,2026-02-18 22:00:00
2026-02-19 10:00:00,T2,2026-02-19 04:00:00,0.0166,0.3326,0.8782,0.4396,12.0,1,8.2283,4.17,8.35,0.0,2026-02-18 22:00:00
2026-02-19 10:00:00,ВЭС,2026-02-19 04:00:00,0.0123,0.3359,0.8782,0.4396,12.0,1,8.2283,4.17,8.35,0.0,2026-02-18 22:00:00
2026-02-19 11:00:00,T1,2026-02-19 05:00:00,0.0068,0.2805,0.8505,0.4212,1.0,1,7.9267,4.545,10.45,0.0,2026-02-19 10:00:00
2026-02-19 11:00:00,T2,2026-02-19 05:00:00,0.0147,0.2826,0.8505,0.4212,1.0,1,7.9267,4.545,10.45,0.0,2026-02-19 10:00:00
2026-02-19 11:00:00,ВЭС,2026-02-19 05:00:00,0.0107,0.2816,0.8505,0.4212,1.0,1,7.9267,4.545,10.45,0.0,2026-02-19 10:00:00
2026-02-19 12:00:00,T1,2026-02-19 06:00:00,0.0,0.341,0.7817,0.3725,2.0,1,7.4617,4.51,12.35,0.0,2026-02-19 10:00:00
2026-02-19 12:00:00,T2,2026-02-19 06:00:00,0.0,0.3398,0.7817,0.3725,2.0,1,7.4617,4.51,12.35,0.0,2026-02-19 10:00:00
2026-02-19 12:00:00,ВЭС,2026-02-19 06:00:00,0.0,0.3404,0.7817,0.3725,2.0,1,7.4617,4.51,12.35,0.0,2026-02-19 10:00:00
2026-02-19 13:00:00,T1,2026-02-19 07:00:00,0.0,0.378,0.7293,0.3567,3.0,1,7.06,3.245,13.6833,0.0,2026-02-19 10:00:00
2026-02-19 13:00:00,T2,2026-02-19 07:00:00,0.0,0.3816,0.7293,0.3567,3.0,1,7.06,3.245,13.6833,0.0,2026-02-19 10:00:00
2026-02-19 13:00:00,ВЭС,2026-02-19 07:00:00,0.0,0.3798,0.7293,0.3567,3.0,1,7.06,3.245,13.6833,0.0,2026-02-19 10:00:00
2026-02-19 14:00:00,T1,2026-02-19 08:00:00,0.0,0.3454,0.6705,0.3243,4.0,1,6.6483,2.815,14.2833,0.0,2026-02-19 10:00:00
2026-02-19 14:00:00,T2,2026-02-19 08:00:00,0.0,0.349,0.6705,0.3243,4.0,1,6.6483,2.815,14.2833,0.0,2026-02-19 10:00:00
2026-02-19 14:00:00,ВЭС,2026-02-19 08:00:00,0.0,0.3472,0.6705,0.3243,4.0,1,6.6483,2.815,14.2833,0.0,2026-02-19 10:00:00
2026-02-19 15:00:00,T1,2026-02-19 09:00:00,0.0,0.3228,0.5832,0.2732,5.0,1,6.1917,2.505,14.35,0.0,2026-02-19 10:00:00
2026-02-19 15:00:00,T2,2026-02-19 09:00:00,0.0,0.3236,0.5832,0.2732,5.0,1,6.1917,2.505,14.35,0.0,2026-02-19 10:00:00
2026-02-19 15:00:00,ВЭС,2026-02-19 09:00:00,0.0,0.3232,0.5832,0.2732,5.0,1,6.1917,2.505,14.35,0.0,2026-02-19 10:00:00
2026-02-19 16:00:00,T1,2026-02-19 10:00:00,0.0,0.246,0.5627,0.2388,6.0,1,5.9833,1.675,13.9,0.0,2026-02-19 10:00:00
2026-02-19 16:00:00,T2,2026-02-19 10:00:00,0.0,0.2478,0.5627,0.2388,6.0,1,5.9833,1.675,13.9,0.0,2026-02-19 10:00:00
2026-02-19 16:00:00,ВЭС,2026-02-19 10:00:00,0.0,0.2469,0.5627,0.2388,6.0,1,5.9833,1.675,13.9,0.0,2026-02-19 10:00:00
2026-02-19 17:00:00,T1,2026-02-19 11:00:00,0.0,0.2465,0.5757,0.2388,7.0,1,5.8983,1.78,12.4833,0.0,2026-02-19 10:00:00
2026-02-19 17:00:00,T2,2026-02-19 11:00:00,0.0,0.2462,0.5757,0.2388,7.0,1,5.8983,1.78,12.4833,0.0,2026-02-19 10:00:00
2026-02-19 17:00:00,ВЭС,2026-02-19 11:00:00,0.0,0.2463,0.5757,0.2388,7.0,1,5.8983,1.78,12.4833,0.0,2026-02-19 10:00:00
2026-02-19 18:00:00,T1,2026-02-19 12:00:00,0.0,0.1413,0.4814,0.2347,8.0,1,5.5167,2.57,10.5833,0.0,2026-02-19 10:00:00
2026-02-19 18:00:00,T2,2026-02-19 12:00:00,0.0,0.1366,0.4814,0.2347,8.0,1,5.5167,2.57,10.5833,0.0,2026-02-19 10:00:00
2026-02-19 18:00:00,ВЭС,2026-02-19 12:00:00,0.0,0.1389,0.4814,0.2347,8.0,1,5.5167,2.57,10.5833,0.0,2026-02-19 10:00:00
2026-02-19 19:00:00,T1,2026-02-19 13:00:00,0.0,0.0968,0.3548,0.1676,9.0,1,4.6083,4.67,9.1,0.0,2026-02-19 10:00:00
2026-02-19 19:00:00,T2,2026-02-19 13:00:00,0.0,0.0913,0.3548,0.1676,9.0,1,4.6083,4.67,9.1,0.0,2026-02-19 10:00:00
2026-02-19 19:00:00,ВЭС,2026-02-19 13:00:00,0.0,0.094,0.3548,0.1676,9.0,1,4.6083,4.67,9.1,0.0,2026-02-19 10:00:00
2026-02-19 20:00:00,T1,2026-02-19 14:00:00,0.0065,0.0187,0.2471,0.1082,10.0,1,3.255,6.08,8.1667,0.0,2026-02-19 10:00:00
2026-02-19 20:00:00,T2,2026-02-19 14:00:00,0.0062,0.016,0.2471,0.1082,10.0,1,3.255,6.08,8.1667,0.0,2026-02-19 10:00:00
2026-02-19 20:00:00,ВЭС,2026-02-19 14:00:00,0.0063,0.0174,0.2471,0.1082,10.0,1,3.255,6.08,8.1667,0.0,2026-02-19 10:00:00
2026-02-19 21:00:00,T1,2026-02-19 15:00:00,0.0099,0.0103,0.1604,0.0835,11.0,1,2.8733,4.745,7.8,0.0,2026-02-19 10:00:00
2026-02-19 21:00:00,T2,2026-02-19 15:00:00,0.0087,0.0097,0.1604,0.0835,11.0,1,2.8733,4.745,7.8,0.0,2026-02-19 10:00:00
2026-02-19 21:00:00,ВЭС,2026-02-19 15:00:00,0.0093,0.01,0.1604,0.0835,11.0,1,2.8733,4.745,7.8,0.0,2026-02-19 10:00:00
2026-02-19 22:00:00,T1,2026-02-19 16:00:00,0.0,0.0784,0.3231,0.1511,12.0,1,4.3783,1.48,7.7167,0.0,2026-02-19 10:00:00
2026-02-19 22:00:00,T2,2026-02-19 16:00:00,0.0,0.0774,0.3231,0.1511,12.0,1,4.3783,1.48,7.7167,0.0,2026-02-19 10:00:00
2026-02-19 22:00:00,ВЭС,2026-02-19 16:00:00,0.0,0.0779,0.3231,0.1511,12.0,1,4.3783,1.48,7.7167,0.0,2026-02-19 10:00:00
2026-02-19 23:00:00,T1,2026-02-19 17:00:00,0.0,0.2439,0.7477,0.2732,1.0,1,6.17,2.665,7.6667,0.0,2026-02-19 22:00:00
2026-02-19 23:00:00,T2,2026-02-19 17:00:00,0.0,0.2428,0.7477,0.2732,1.0,1,6.17,2.665,7.6667,0.0,2026-02-19 22:00:00
2026-02-19 23:00:00,ВЭС,2026-02-19 17:00:00,0.0,0.2433,0.7477,0.2732,1.0,1,6.17,2.665,7.6667,0.0,2026-02-19 22:00:00
2026-02-20 00:00:00,T1,2026-02-19 18:00:00,0.0,0.2373,0.8728,0.3243,2.0,1,6.7667,5.3,7.6333,0.0,2026-02-19 22:00:00
2026-02-20 00:00:00,T2,2026-02-19 18:00:00,0.0,0.2361,0.8728,0.3243,2.0,1,6.7667,5.3,7.6333,0.0,2026-02-19 22:00:00
2026-02-20 00:00:00,ВЭС,2026-02-19 18:00:00,0.0,0.2367,0.8728,0.3243,2.0,1,6.7667,5.3,7.6333,0.0,2026-02-19 22:00:00
2026-02-20 01:00:00,T1,2026-02-19 19:00:00,0.0,0.2314,0.8642,0.2753,3.0,1,6.3117,7.37,7.7833,0.0,2026-02-19 22:00:00
2026-02-20 01:00:00,T2,2026-02-19 19:00:00,0.0,0.2306,0.8642,0.2753,3.0,1,6.3117,7.37,7.7833,0.0,2026-02-19 22:00:00
2026-02-20 01:00:00,ВЭС,2026-02-19 19:00:00,0.0,0.231,0.8642,0.2753,3.0,1,6.3117,7.37,7.7833,0.0,2026-02-19 22:00:00
2026-02-20 02:00:00,T1,2026-02-19 20:00:00,0.0,0.3056,0.9137,0.2388,4.0,1,5.9217,7.515,8.1333,0.0,2026-02-19 22:00:00
2026-02-20 02:00:00,T2,2026-02-19 20:00:00,0.0,0.3029,0.9138,0.2388,4.0,1,5.9217,7.515,8.1333,0.0,2026-02-19 22:00:00
2026-02-20 02:00:00,ВЭС,2026-02-19 20:00:00,0.0,0.3043,0.9137,0.2388,4.0,1,5.9217,7.515,8.1333,0.0,2026-02-19 22:00:00
2026-02-20 03:00:00,T1,2026-02-19 21:00:00,0.0,0.3247,0.9224,0.2732,5.0,1,6.13,6.57,8.2,0.0,2026-02-19 22:00:00
2026-02-20 03:00:00,T2,2026-02-19 21:00:00,0.0,0.3247,0.9224,0.2732,5.0,1,6.13,6.57,8.2,0.0,2026-02-19 22:00:00
2026-02-20 03:00:00,ВЭС,2026-02-19 21:00:00,0.0,0.3247,0.9224,0.2732,5.0,1,6.13,6.57,8.2,0.0,2026-02-19 22:00:00
2026-02-20 04:00:00,T1,2026-02-19 22:00:00,0.0,0.3061,0.8683,0.2753,6.0,1,6.3517,5.975,7.8667,0.0,2026-02-19 22:00:00
2026-02-20 04:00:00,T2,2026-02-19 22:00:00,0.0,0.306,0.8683,0.2753,6.0,1,6.3517,5.975,7.8667,0.0,2026-02-19 22:00:00
2026-02-20 04:00:00,ВЭС,2026-02-19 22:00:00,0.0,0.3061,0.8683,0.2753,6.0,1,6.3517,5.975,7.8667,0.0,2026-02-19 22:00:00
2026-02-20 05:00:00,T1,2026-02-19 23:00:00,0.0,0.3711,0.9197,0.3567,7.0,1,7.0083,4.53,7.5833,0.0,2026-02-19 22:00:00
2026-02-20 05:00:00,T2,2026-02-19 23:00:00,0.0,0.3711,0.9197,0.3567,7.0,1,7.0083,4.53,7.5833,0.0,2026-02-19 22:00:00
2026-02-20 05:00:00,ВЭС,2026-02-19 23:00:00,0.0,0.3711,0.9197,0.3567,7.0,1,7.0083,4.53,7.5833,0.0,2026-02-19 22:00:00
2026-02-20 06:00:00,T1,2026-02-20 00:00:00,0.0,0.4408,0.9485,0.4212,8.0,1,7.8967,3.125,7.55,0.0,2026-02-19 22:00:00
2026-02-20 06:00:00,T2,2026-02-20 00:00:00,0.0,0.4426,0.9485,0.4212,8.0,1,7.8967,3.125,7.55,0.0,2026-02-19 22:00:00
2026-02-20 06:00:00,ВЭС,2026-02-20 00:00:00,0.0,0.4417,0.9485,0.4212,8.0,1,7.8967,3.125,7.55,0.0,2026-02-19 22:00:00
2026-02-20 07:00:00,T1,2026-02-20 01:00:00,0.0,0.5413,0.9804,0.4601,9.0,1,8.4283,3.0,7.6,0.0,2026-02-19 22:00:00
2026-02-20 07:00:00,T2,2026-02-20 01:00:00,0.0,0.5431,0.97,0.4601,9.0,1,8.4283,3.0,7.6,0.0,2026-02-19 22:00:00
2026-02-20 07:00:00,ВЭС,2026-02-20 01:00:00,0.0,0.5422,0.9752,0.4601,9.0,1,8.4283,3.0,7.6,0.0,2026-02-19 22:00:00
2026-02-20 08:00:00,T1,2026-02-20 02:00:00,0.0,0.5889,0.9749,0.4964,10.0,1,8.625,2.965,8.0333,0.0,2026-02-19 22:00:00
2026-02-20 08:00:00,T2,2026-02-20 02:00:00,0.0,0.5906,0.97,0.4964,10.0,1,8.625,2.965,8.0333,0.0,2026-02-19 22:00:00
2026-02-20 08:00:00,ВЭС,2026-02-20 02:00:00,0.0,0.5897,0.9724,0.4964,10.0,1,8.625,2.965,8.0333,0.0,2026-02-19 22:00:00
2026-02-20 09:00:00,T1,2026-02-20 03:00:00,0.0,0.4959,0.9691,0.4461,11.0,1,8.2567,2.64,9.2667,0.0,2026-02-19 22:00:00
2026-02-20 09:00:00,T2,2026-02-20 03:00:00,0.0,0.4947,0.969,0.4461,11.0,1,8.2567,2.64,9.2667,0.0,2026-02-19 22:00:00
2026-02-20 09:00:00,ВЭС,2026-02-20 03:00:00,0.0,0.4953,0.969,0.4461,11.0,1,8.2567,2.64,9.2667,0.0,2026-02-19 22:00:00
2026-02-20 10:00:00,T1,2026-02-20 04:00:00,0.0,0.3722,0.8931,0.3725,12.0,1,7.3233,1.99,10.9,0.0,2026-02-19 22:00:00
2026-02-20 10:00:00,T2,2026-02-20 04:00:00,0.0,0.374,0.8931,0.3725,12.0,1,7.3233,1.99,10.9,0.0,2026-02-19 22:00:00
2026-02-20 10:00:00,ВЭС,2026-02-20 04:00:00,0.0,0.3731,0.8931,0.3725,12.0,1,7.3233,1.99,10.9,0.0,2026-02-19 22:00:00
2026-02-20 11:00:00,T1,2026-02-20 05:00:00,0.0,0.2916,0.8453,0.331,1.0,1,6.8467,1.21,11.9167,0.0,2026-02-20 10:00:00
2026-02-20 11:00:00,T2,2026-02-20 05:00:00,0.0,0.2908,0.8453,0.331,1.0,1,6.8467,1.21,11.9167,0.0,2026-02-20 10:00:00
2026-02-20 11:00:00,ВЭС,2026-02-20 05:00:00,0.0,0.2912,0.8453,0.331,1.0,1,6.8467,1.21,11.9167,0.0,2026-02-20 10:00:00
2026-02-20 12:00:00,T1,2026-02-20 06:00:00,0.0,0.3371,0.8051,0.3243,2.0,1,6.6883,1.64,12.6667,0.0,2026-02-20 10:00:00
2026-02-20 12:00:00,T2,2026-02-20 06:00:00,0.0,0.3264,0.8051,0.3243,2.0,1,6.6883,1.64,12.6667,0.0,2026-02-20 10:00:00
2026-02-20 12:00:00,ВЭС,2026-02-20 06:00:00,0.0,0.3317,0.8051,0.3243,2.0,1,6.6883,1.64,12.6667,0.0,2026-02-20 10:00:00
2026-02-20 13:00:00,T1,2026-02-20 07:00:00,0.0,0.2778,0.6377,0.2678,3.0,1,6.045,1.43,13.5333,0.0,2026-02-20 10:00:00
2026-02-20 13:00:00,T2,2026-02-20 07:00:00,0.0,0.2774,0.6377,0.2678,3.0,1,6.045,1.43,13.5333,0.0,2026-02-20 10:00:00
2026-02-20 13:00:00,ВЭС,2026-02-20 07:00:00,0.0,0.2776,0.6377,0.2678,3.0,1,6.045,1.43,13.5333,0.0,2026-02-20 10:00:00
2026-02-20 14:00:00,T1,2026-02-20 08:00:00,0.0,0.1934,0.5454,0.2206,4.0,1,5.4233,1.105,13.9,0.0,2026-02-20 10:00:00
2026-02-20 14:00:00,T2,2026-02-20 08:00:00,0.0,0.1924,0.5454,0.2206,4.0,1,5.4233,1.105,13.9,0.0,2026-02-20 10:00:00
2026-02-20 14:00:00,ВЭС,2026-02-20 08:00:00,0.0,0.1929,0.5454,0.2206,4.0,1,5.4233,1.105,13.9,0.0,2026-02-20 10:00:00
2026-02-20 15:00:00,T1,2026-02-20 09:00:00,0.0,0.1659,0.5376,0.1887,5.0,1,4.9933,0.425,13.7,0.0,2026-02-20 10:00:00
2026-02-20 15:00:00,T2,2026-02-20 09:00:00,0.0,0.1655,0.5376,0.1887,5.0,1,4.9933,0.425,13.7,0.0,2026-02-20 10:00:00
2026-02-20 15:00:00,ВЭС,2026-02-20 09:00:00,0.0,0.1657,0.5376,0.1887,5.0,1,4.9933,0.425,13.7,0.0,2026-02-20 10:00:00
2026-02-20 16:00:00,T1,2026-02-20 10:00:00,0.0,0.1463,0.4889,0.1732,6.0,1,4.6567,0.755,12.9333,0.0,2026-02-20 10:00:00
2026-02-20 16:00:00,T2,2026-02-20 10:00:00,0.0,0.1459,0.4889,0.1732,6.0,1,4.6567,0.755,12.9333,0.0,2026-02-20 10:00:00
2026-02-20 16:00:00,ВЭС,2026-02-20 10:00:00,0.0,0.1461,0.4889,0.1732,6.0,1,4.6567,0.755,12.9333,0.0,2026-02-20 10:00:00
2026-02-20 17:00:00,T1,2026-02-20 11:00:00,0.0,0.0888,0.415,0.1381,7.0,1,4.0433,1.775,11.7167,0.0,2026-02-20 10:00:00
2026-02-20 17:00:00,T2,2026-02-20 11:00:00,0.0,0.0898,0.415,0.1381,7.0,1,4.0433,1.775,11.7167,0.0,2026-02-20 10:00:00
2026-02-20 17:00:00,ВЭС,2026-02-20 11:00:00,0.0,0.0893,0.415,0.1381,7.0,1,4.0433,1.775,11.7167,0.0,2026-02-20 10:00:00
2026-02-20 18:00:00,T1,2026-02-20 12:00:00,0.0,0.0417,0.2711,0.1082,8.0,1,3.2267,2.225,10.1667,0.0,2026-02-20 10:00:00
2026-02-20 18:00:00,T2,2026-02-20 12:00:00,0.0,0.0427,0.2711,0.1082,8.0,1,3.2267,2.225,10.1667,0.0,2026-02-20 10:00:00
2026-02-20 18:00:00,ВЭС,2026-02-20 12:00:00,0.0,0.0422,0.2711,0.1082,8.0,1,3.2267,2.225,10.1667,0.0,2026-02-20 10:00:00
2026-02-20 19:00:00,T1,2026-02-20 13:00:00,0.0,0.0664,0.2833,0.1472,9.0,1,4.21,1.985,8.8833,0.0,2026-02-20 10:00:00
2026-02-20 19:00:00,T2,2026-02-20 13:00:00,0.0,0.0673,0.2833,0.1472,9.0,1,4.21,1.985,8.8833,0.0,2026-02-20 10:00:00
2026-02-20 19:00:00,ВЭС,2026-02-20 13:00:00,0.0,0.0669,0.2833,0.1472,9.0,1,4.21,1.985,8.8833,0.0,2026-02-20 10:00:00
2026-02-20 20:00:00,T1,2026-02-20 14:00:00,0.0,0.1547,0.5554,0.2753,10.0,1,6.3283,7.335,8.0167,0.0,2026-02-20 10:00:00
2026-02-20 20:00:00,T2,2026-02-20 14:00:00,0.0,0.1509,0.5554,0.2753,10.0,1,6.3283,7.335,8.0167,0.0,2026-02-20 10:00:00
2026-02-20 20:00:00,ВЭС,2026-02-20 14:00:00,0.0,0.1528,0.5554,0.2753,10.0,1,6.3283,7.335,8.0167,0.0,2026-02-20 10:00:00
2026-02-20 21:00:00,T1,2026-02-20 15:00:00,0.0,0.3225,0.833,0.3974,11.0,1,7.5367,10.73,7.4167,0.0,2026-02-20 10:00:00
2026-02-20 21:00:00,T2,2026-02-20 15:00:00,0.0,0.3218,0.8288,0.3974,11.0,1,7.5367,10.73,7.4167,0.0,2026-02-20 10:00:00
2026-02-20 21:00:00,ВЭС,2026-02-20 15:00:00,0.0,0.3222,0.8309,0.3974,11.0,1,7.5367,10.73,7.4167,0.0,2026-02-20 10:00:00
2026-02-20 22:00:00,T1,2026-02-20 16:00:00,0.0,0.4521,0.9388,0.4837,12.0,1,8.61,11.715,7.2,0.0,2026-02-20 10:00:00
2026-02-20 22:00:00,T2,2026-02-20 16:00:00,0.0,0.4448,0.9322,0.4837,12.0,1,8.61,11.715,7.2,0.0,2026-02-20 10:00:00
2026-02-20 22:00:00,ВЭС,2026-02-20 16:00:00,0.0,0.4485,0.9355,0.4837,12.0,1,8.61,11.715,7.2,0.0,2026-02-20 10:00:00
2026-02-20 23:00:00,T1,2026-02-20 17:00:00,0.0,0.5258,0.9849,0.6587,1.0,1,9.9233,9.075,6.95,0.0,2026-02-20 22:00:00
2026-02-20 23:00:00,T2,2026-02-20 17:00:00,0.0,0.5195,0.97,0.6587,1.0,1,9.9233,9.075,6.95,0.0,2026-02-20 22:00:00
2026-02-20 23:00:00,ВЭС,2026-02-20 17:00:00,0.0,0.5227,0.9774,0.6587,1.0,1,9.9233,9.075,6.95,0.0,2026-02-20 22:00:00
2026-02-21 00:00:00,T1,2026-02-20 18:00:00,0.0,0.6344,0.9656,0.7338,2.0,1,10.6533,6.785,6.5333,0.0,2026-02-20 22:00:00
2026-02-21 00:00:00,T2,2026-02-20 18:00:00,0.0075,0.6293,0.9602,0.7338,2.0,1,10.6533,6.785,6.5333,0.0,2026-02-20 22:00:00
2026-02-21 00:00:00,ВЭС,2026-02-20 18:00:00,0.0037,0.6318,0.9629,0.7338,2.0,1,10.6533,6.785,6.5333,0.0,2026-02-20 22:00:00
2026-02-21 01:00:00,T1,2026-02-20 19:00:00,0.0288,0.6368,0.9667,0.7415,3.0,1,10.6767,6.555,6.05,0.0,2026-02-20 22:00:00
2026-02-21 01:00:00,T2,2026-02-20 19:00:00,0.0712,0.6315,0.9609,0.7415,3.0,1,10.6767,6.555,6.05,0.0,2026-02-20 22:00:00
2026-02-21 01:00:00,ВЭС,2026-02-20 19:00:00,0.05,0.6341,0.9638,0.7415,3.0,1,10.6767,6.555,6.05,0.0,2026-02-20 22:00:00
2026-02-21 02:00:00,T1,2026-02-20 20:00:00,0.0,0.6503,0.9593,0.723,4.0,1,10.4867,6.265,5.6333,0.0,2026-02-20 22:00:00
2026-02-21 02:00:00,T2,2026-02-20 20:00:00,0.0064,0.6452,0.9533,0.723,4.0,1,10.4867,6.265,5.6333,0.0,2026-02-20 22:00:00
2026-02-21 02:00:00,ВЭС,2026-02-20 20:00:00,0.0032,0.6478,0.9563,0.723,4.0,1,10.4867,6.265,5.6333,0.0,2026-02-20 22:00:00
2026-02-21 03:00:00,T1,2026-02-20 21:00:00,0.0,0.5105,0.9049,0.681,5.0,1,10.145,5.895,5.2667,0.0,2026-02-20 22:00:00
2026-02-21 03:00:00,T2,2026-02-20 21:00:00,0.0,0.4971,0.8992,0.681,5.0,1,10.145,5.895,5.2667,0.0,2026-02-20 22:00:00
2026-02-21 03:00:00,ВЭС,2026-02-20 21:00:00,0.0,0.5038,0.902,0.681,5.0,1,10.145,5.895,5.2667,0.0,2026-02-20 22:00:00
2026-02-21 04:00:00,T1,2026-02-20 22:00:00,0.0,0.5006,0.8919,0.6587,6.0,1,9.9267,4.94,4.8833,0.0,2026-02-20 22:00:00
2026-02-21 04:00:00,T2,2026-02-20 22:00:00,0.0,0.4848,0.8873,0.6587,6.0,1,9.9267,4.94,4.8833,0.0,2026-02-20 22:00:00
2026-02-21 04:00:00,ВЭС,2026-02-20 22:00:00,0.0,0.4927,0.8896,0.6587,6.0,1,9.9267,4.94,4.8833,0.0,2026-02-20 22:00:00
2026-02-21 05:00:00,T1,2026-02-20 23:00:00,0.0,0.5322,0.8921,0.6794,7.0,1,9.9817,3.595,4.5667,0.0,2026-02-20 22:00:00
2026-02-21 05:00:00,T2,2026-02-20 23:00:00,0.0291,0.5163,0.8898,0.6794,7.0,1,9.9817,3.595,4.5667,0.0,2026-02-20 22:00:00
2026-02-21 05:00:00,ВЭС,2026-02-20 23:00:00,0.0146,0.5242,0.891,0.6794,7.0,1,9.9817,3.595,4.5667,0.0,2026-02-20 22:00:00
2026-02-21 06:00:00,T1,2026-02-21 00:00:00,0.0,0.5016,0.9145,0.6794,8.0,1,9.9617,2.91,4.4333,0.0,2026-02-20 22:00:00
2026-02-21 06:00:00,T2,2026-02-21 00:00:00,0.0208,0.4857,0.9127,0.6794,8.0,1,9.9617,2.91,4.4333,0.0,2026-02-20 22:00:00
2026-02-21 06:00:00,ВЭС,2026-02-21 00:00:00,0.0104,0.4936,0.9136,0.6794,8.0,1,9.9617,2.91,4.4333,0.0,2026-02-20 22:00:00
2026-02-21 07:00:00,T1,2026-02-21 01:00:00,0.0507,0.5518,0.9275,0.6587,9.0,1,9.92,3.38,4.6167,0.0,2026-02-20 22:00:00
2026-02-21 07:00:00,T2,2026-02-21 01:00:00,0.033,0.5283,0.9259,0.6587,9.0,1,9.92,3.38,4.6167,0.0,2026-02-20 22:00:00
2026-02-21 07:00:00,ВЭС,2026-02-21 01:00:00,0.0418,0.5401,0.9267,0.6587,9.0,1,9.92,3.38,4.6167,0.0,2026-02-20 22:00:00
2026-02-21 08:00:00,T1,2026-02-21 02:00:00,0.0,0.5081,0.9248,0.5984,10.0,1,9.545,2.845,5.3,0.0,2026-02-20 22:00:00
2026-02-21 08:00:00,T2,2026-02-21 02:00:00,0.0,0.4988,0.923,0.5984,10.0,1,9.545,2.845,5.3,0.0,2026-02-20 22:00:00
2026-02-21 08:00:00,ВЭС,2026-02-21 02:00:00,0.0,0.5035,0.9239,0.5984,10.0,1,9.545,2.845,5.3,0.0,2026-02-20 22:00:00
2026-02-21 09:00:00,T1,2026-02-21 03:00:00,0.0,0.2487,0.8379,0.4309,11.0,1,8.1233,3.65,6.4833,0.0,2026-02-20 22:00:00
2026-02-21 09:00:00,T2,2026-02-21 03:00:00,0.0,0.2443,0.8379,0.4309,11.0,1,8.1233,3.65,6.4833,0.0,2026-02-20 22:00:00
2026-02-21 09:00:00,ВЭС,2026-02-21 03:00:00,0.0,0.2465,0.8379,0.4309,11.0,1,8.1233,3.65,6.4833,0.0,2026-02-20 22:00:00
2026-02-21 10:00:00,T1,2026-02-21 04:00:00,0.0,0.1024,0.4865,0.2388,12.0,1,5.795,4.33,7.7,0.0,2026-02-20 22:00:00
2026-02-21 10:00:00,T2,2026-02-21 04:00:00,0.0,0.0988,0.4865,0.2388,12.0,1,5.795,4.33,7.7,0.0,2026-02-20 22:00:00
2026-02-21 10:00:00,ВЭС,2026-02-21 04:00:00,0.0,0.1006,0.4865,0.2388,12.0,1,5.795,4.33,7.7,0.0,2026-02-20 22:00:00
2026-02-21 11:00:00,T1,2026-02-21 05:00:00,0.0,0.2675,0.7359,0.2753,1.0,1,6.2883,4.18,8.4167,0.0,2026-02-21 10:00:00
2026-02-21 11:00:00,T2,2026-02-21 05:00:00,0.0,0.2663,0.7359,0.2753,1.0,1,6.2883,4.18,8.4167,0.0,2026-02-21 10:00:00
2026-02-21 11:00:00,ВЭС,2026-02-21 05:00:00,0.0,0.2669,0.7359,0.2753,1.0,1,6.2883,4.18,8.4167,0.0,2026-02-21 10:00:00
2026-02-21 12:00:00,T1,2026-02-21 06:00:00,0.328,0.8654,0.9876,0.7831,2.0,1,11.6933,5.78,8.6833,0.0,2026-02-21 10:00:00
2026-02-21 12:00:00,T2,2026-02-21 06:00:00,0.3036,0.8677,0.97,0.7831,2.0,1,11.6933,5.78,8.6833,0.0,2026-02-21 10:00:00
2026-02-21 12:00:00,ВЭС,2026-02-21 06:00:00,0.3158,0.8665,0.9788,0.7831,2.0,1,11.6933,5.78,8.6833,0.0,2026-02-21 10:00:00
2026-02-21 13:00:00,T1,2026-02-21 07:00:00,0.7968,0.9765,0.99,0.8986,3.0,1,14.2617,3.64,8.6167,0.0,2026-02-21 10:00:00
2026-02-21 13:00:00,T2,2026-02-21 07:00:00,0.786,0.9643,0.97,0.8986,3.0,1,14.2617,3.64,8.6167,0.0,2026-02-21 10:00:00
2026-02-21 13:00:00,ВЭС,2026-02-21 07:00:00,0.7914,0.9704,0.98,0.8986,3.0,1,14.2617,3.64,8.6167,0.0,2026-02-21 10:00:00
2026-02-21 14:00:00,T1,2026-02-21 08:00:00,0.8293,0.99,0.99,0.8986,4.0,1,13.65,3.2,8.4333,0.0,2026-02-21 10:00:00
2026-02-21 14:00:00,T2,2026-02-21 08:00:00,0.7949,0.97,0.97,0.8986,4.0,1,13.65,3.2,8.4333,0.0,2026-02-21 10:00:00
2026-02-21 14:00:00,ВЭС,2026-02-21 08:00:00,0.8121,0.98,0.98,0.8986,4.0,1,13.65,3.2,8.4333,0.0,2026-02-21 10:00:00
2026-02-21 15:00:00,T1,2026-02-21 09:00:00,0.7833,0.9663,0.99,0.8813,5.0,1,13.065,3.87,8.1,0.0,2026-02-21 10:00:00
2026-02-21 15:00:00,T2,2026-02-21 09:00:00,0.7062,0.9557,0.97,0.8813,5.0,1,13.065,3.87,8.1,0.0,2026-02-21 10:00:00
2026-02-21 15:00:00,ВЭС,2026-02-21 09:00:00,0.7447,0.961,0.98,0.8813,5.0,1,13.065,3.87,8.1,0.0,2026-02-21 10:00:00
2026-02-21 16:00:00,T1,2026-02-21 10:00:00,0.3297,0.8636,0.9847,0.7831,6.0,1,11.6167,2.79,7.65,0.0,2026-02-21 10:00:00
2026-02-21 16:00:00,T2,2026-02-21 10:00:00,0.277,0.8631,0.969,0.7831,6.0,1,11.6167,2.79,7.65,0.0,2026-02-21 10:00:00
2026-02-21 16:00:00,ВЭС,2026-02-21 10:00:00,0.3034,0.8634,0.9769,0.7831,6.0,1,11.6167,2.79,7.65,0.0,2026-02-21 10:00:00
2026-02-21 17:00:00,T1,2026-02-21 11:00:00,0.1914,0.7245,0.962,0.73,7.0,1,10.555,2.905,7.3,0.0,2026-02-21 10:00:00
2026-02-21 17:00:00,T2,2026-02-21 11:00:00,0.1983,0.7249,0.9509,0.73,7.0,1,10.555,2.905,7.3,0.0,2026-02-21 10:00:00
2026-02-21 17:00:00,ВЭС,2026-02-21 11:00:00,0.1949,0.7247,0.9564,0.73,7.0,1,10.555,2.905,7.3,0.0,2026-02-21 10:00:00
2026-02-21 18:00:00,T1,2026-02-21 12:00:00,0.0869,0.6298,0.9403,0.6355,8.0,1,9.7333,4.165,6.6167,0.0,2026-02-21 10:00:00
2026-02-21 18:00:00,T2,2026-02-21 12:00:00,0.0,0.6304,0.9337,0.6355,8.0,1,9.7333,4.165,6.6167,0.0,2026-02-21 10:00:00
2026-02-21 18:00:00,ВЭС,2026-02-21 12:00:00,0.0434,0.6301,0.937,0.6355,8.0,1,9.7333,4.165,6.6167,0.0,2026-02-21 10:00:00
2026-02-21 19:00:00,T1,2026-02-21 13:00:00,0.0001,0.489,0.892,0.5291,9.0,1,8.8567,5.225,5.7,0.0,2026-02-21 10:00:00
2026-02-21 19:00:00,T2,2026-02-21 13:00:00,0.0,0.4898,0.889,0.5291,9.0,1,8.8567,5.225,5.7,0.0,2026-02-21 10:00:00
2026-02-21 19:00:00,ВЭС,2026-02-21 13:00:00,0.0001,0.4894,0.8905,0.5291,9.0,1,8.8567,5.225,5.7,0.0,2026-02-21 10:00:00
2026-02-21 20:00:00,T1,2026-02-21 14:00:00,0.0,0.3515,0.8394,0.3974,10.0,1,7.5117,6.125,5.1167,0.0,2026-02-21 10:00:00
2026-02-21 20:00:00,T2,2026-02-21 14:00:00,0.0,0.3511,0.8387,0.3974,10.0,1,7.5117,6.125,5.1167,0.0,2026-02-21 10:00:00
2026-02-21 20:00:00,ВЭС,2026-02-21 14:00:00,0.0,0.3513,0.839,0.3974,10.0,1,7.5117,6.125,5.1167,0.0,2026-02-21 10:00:00
2026-02-21 21:00:00,T1,2026-02-21 15:00:00,0.0,0.2106,0.6318,0.2753,11.0,1,6.1833,4.64,4.8167,0.0,2026-02-21 10:00:00
2026-02-21 21:00:00,T2,2026-02-21 15:00:00,0.0,0.2102,0.6318,0.2753,11.0,1,6.1833,4.64,4.8167,0.0,2026-02-21 10:00:00
2026-02-21 21:00:00,ВЭС,2026-02-21 15:00:00,0.0,0.2104,0.6318,0.2753,11.0,1,6.1833,4.64,4.8167,0.0,2026-02-21 10:00:00
2026-02-21 22:00:00,T1,2026-02-21 16:00:00,0.0,0.1686,0.5017,0.2206,12.0,1,5.4,2.375,4.5667,0.0,2026-02-21 10:00:00
2026-02-21 22:00:00,T2,2026-02-21 16:00:00,0.0,0.1681,0.5017,0.2206,12.0,1,5.4,2.375,4.5667,0.0,2026-02-21 10:00:00
2026-02-21 22:00:00,ВЭС,2026-02-21 16:00:00,0.0,0.1683,0.5017,0.2206,12.0,1,5.4,2.375,4.5667,0.0,2026-02-21 10:00:00
2026-02-21 23:00:00,T1,2026-02-21 17:00:00,0.0,0.1296,0.4231,0.1732,1.0,1,4.7,1.835,4.3667,0.0,2026-02-21 22:00:00
2026-02-21 23:00:00,T2,2026-02-21 17:00:00,0.0,0.1291,0.4231,0.1732,1.0,1,4.7,1.835,4.3667,0.0,2026-02-21 22:00:00
2026-02-21 23:00:00,ВЭС,2026-02-21 17:00:00,0.0,0.1293,0.4231,0.1732,1.0,1,4.7,1.835,4.3667,0.0,2026-02-21 22:00:00
2026-02-22 00:00:00,T1,2026-02-21 18:00:00,0.0,0.1366,0.4213,0.1381,2.0,1,4.0917,3.55,4.0,0.0,2026-02-21 22:00:00
2026-02-22 00:00:00,T2,2026-02-21 18:00:00,0.0,0.1358,0.4213,0.1381,2.0,1,4.0917,3.55,4.0,0.0,2026-02-21 22:00:00
2026-02-22 00:00:00,ВЭС,2026-02-21 18:00:00,0.0,0.1362,0.4213,0.1381,2.0,1,4.0917,3.55,4.0,0.0,2026-02-21 22:00:00
2026-02-22 01:00:00,T1,2026-02-21 19:00:00,0.0,0.0994,0.3598,0.1275,3.0,1,3.81,3.22,3.4667,0.0,2026-02-21 22:00:00
2026-02-22 01:00:00,T2,2026-02-21 19:00:00,0.0,0.0986,0.3598,0.1275,3.0,1,3.81,3.22,3.4667,0.0,2026-02-21 22:00:00
2026-02-22 01:00:00,ВЭС,2026-02-21 19:00:00,0.0,0.099,0.3598,0.1275,3.0,1,3.81,3.22,3.4667,0.0,2026-02-21 22:00:00
2026-02-22 02:00:00,T1,2026-02-21 20:00:00,0.0,0.04,0.2914,0.115,4.0,1,3.3767,2.52,2.9333,0.0,2026-02-21 22:00:00
2026-02-22 02:00:00,T2,2026-02-21 20:00:00,0.0,0.0392,0.2914,0.115,4.0,1,3.3767,2.52,2.9333,0.0,2026-02-21 22:00:00
2026-02-22 02:00:00,ВЭС,2026-02-21 20:00:00,0.0,0.0396,0.2914,0.115,4.0,1,3.3767,2.52,2.9333,0.0,2026-02-21 22:00:00
2026-02-22 03:00:00,T1,2026-02-21 21:00:00,0.0079,0.0152,0.1819,0.0923,5.0,1,2.85,2.245,2.4833,0.0,2026-02-21 22:00:00
2026-02-22 03:00:00,T2,2026-02-21 21:00:00,0.0063,0.0144,0.1819,0.0923,5.0,1,2.85,2.245,2.4833,0.0,2026-02-21 22:00:00
2026-02-22 03:00:00,ВЭС,2026-02-21 21:00:00,0.0071,0.0148,0.1819,0.0923,5.0,1,2.85,2.245,2.4833,0.0,2026-02-21 22:00:00
2026-02-22 04:00:00,T1,2026-02-21 22:00:00,0.009,0.0126,0.1443,0.0741,6.0,1,2.39,1.915,2.1833,0.0,2026-02-21 22:00:00
2026-02-22 04:00:00,T2,2026-02-21 22:00:00,0.0075,0.0117,0.1443,0.0741,6.0,1,2.39,1.915,2.1833,0.0,2026-02-21 22:00:00
2026-02-22 04:00:00,ВЭС,2026-02-21 22:00:00,0.0082,0.0121,0.1443,0.0741,6.0,1,2.39,1.915,2.1833,0.0,2026-02-21 22:00:00
2026-02-22 05:00:00,T1,2026-02-21 23:00:00,0.0079,0.0152,0.0915,0.0687,7.0,1,1.8667,0.735,2.1,0.0,2026-02-21 22:00:00
2026-02-22 05:00:00,T2,2026-02-21 23:00:00,0.0061,0.0145,0.0915,0.0687,7.0,1,1.8667,0.735,2.1,0.0,2026-02-21 22:00:00
2026-02-22 05:00:00,ВЭС,2026-02-21 23:00:00,0.007,0.0148,0.0915,0.0687,7.0,1,1.8667,0.735,2.1,0.0,2026-02-21 22:00:00
2026-02-22 06:00:00,T1,2026-02-22 00:00:00,0.0086,0.0135,0.13,0.0741,8.0,1,2.1767,3.305,2.1167,0.0,2026-02-21 22:00:00
2026-02-22 06:00:00,T2,2026-02-22 00:00:00,0.0067,0.0126,0.13,0.0741,8.0,1,2.1767,3.305,2.1167,0.0,2026-02-21 22:00:00
2026-02-22 06:00:00,ВЭС,2026-02-22 00:00:00,0.0076,0.0131,0.13,0.0741,8.0,1,2.1767,3.305,2.1167,0.0,2026-02-21 22:00:00
2026-02-22 07:00:00,T1,2026-02-22 01:00:00,0.0,0.0407,0.315,0.1511,9.0,1,4.38,5.875,2.0333,0.0,2026-02-21 22:00:00
2026-02-22 07:00:00,T2,2026-02-22 01:00:00,0.0003,0.0342,0.315,0.1511,9.0,1,4.38,5.875,2.0333,0.0,2026-02-21 22:00:00
2026-02-22 07:00:00,ВЭС,2026-02-22 01:00:00,0.0002,0.0374,0.315,0.1511,9.0,1,4.38,5.875,2.0333,0.0,2026-02-21 22:00:00
2026-02-22 08:00:00,T1,2026-02-22 02:00:00,0.0,0.1681,0.6877,0.3379,10.0,1,6.8633,8.0,2.2,0.0,2026-02-21 22:00:00
2026-02-22 08:00:00,T2,2026-02-22 02:00:00,0.0,0.1512,0.6863,0.3379,10.0,1,6.8633,8.0,2.2,0.0,2026-02-21 22:00:00
2026-02-22 08:00:00,ВЭС,2026-02-22 02:00:00,0.0,0.1596,0.687,0.3379,10.0,1,6.8633,8.0,2.2,0.0,2026-02-21 22:00:00
2026-02-22 09:00:00,T1,2026-02-22 03:00:00,0.0,0.3313,0.9291,0.4601,11.0,1,8.3633,8.615,3.3333,0.0,2026-02-21 22:00:00
2026-02-22 09:00:00,T2,2026-02-22 03:00:00,0.0,0.3161,0.9223,0.4601,11.0,1,8.3633,8.615,3.3333,0.0,2026-02-21 22:00:00
2026-02-22 09:00:00,ВЭС,2026-02-22 03:00:00,0.0,0.3237,0.9257,0.4601,11.0,1,8.3633,8.615,3.3333,0.0,2026-02-21 22:00:00
2026-02-22 10:00:00,T1,2026-02-22 04:00:00,0.0,0.5415,0.99,0.5531,12.0,1,9.2067,9.375,5.2,0.0,2026-02-21 22:00:00
2026-02-22 10:00:00,T2,2026-02-22 04:00:00,0.0,0.5381,0.97,0.5531,12.0,1,9.2067,9.375,5.2,0.0,2026-02-21 22:00:00
2026-02-22 10:00:00,ВЭС,2026-02-22 04:00:00,0.0,0.5398,0.98,0.5531,12.0,1,9.2067,9.375,5.2,0.0,2026-02-21 22:00:00
2026-02-22 11:00:00,T1,2026-02-22 05:00:00,0.2395,0.8654,0.99,0.6898,1.0,1,10.28,6.95,6.8833,0.0,2026-02-22 10:00:00
2026-02-22 11:00:00,T2,2026-02-22 05:00:00,0.2053,0.8631,0.97,0.6898,1.0,1,10.28,6.95,6.8833,0.0,2026-02-22 10:00:00
2026-02-22 11:00:00,ВЭС,2026-02-22 05:00:00,0.2224,0.8643,0.98,0.6898,1.0,1,10.28,6.95,6.8833,0.0,2026-02-22 10:00:00
2026-02-22 12:00:00,T1,2026-02-22 06:00:00,0.7235,0.9897,0.99,0.7639,2.0,1,11.2717,3.395,8.1,0.0,2026-02-22 10:00:00
2026-02-22 12:00:00,T2,2026-02-22 06:00:00,0.7719,0.97,0.97,0.7639,2.0,1,11.2717,3.395,8.1,0.0,2026-02-22 10:00:00
2026-02-22 12:00:00,ВЭС,2026-02-22 06:00:00,0.7477,0.9799,0.98,0.7639,2.0,1,11.2717,3.395,8.1,0.0,2026-02-22 10:00:00
2026-02-22 13:00:00,T1,2026-02-22 07:00:00,0.7358,0.99,0.99,0.7639,3.0,1,11.3383,2.52,8.8667,0.0,2026-02-22 10:00:00
2026-02-22 13:00:00,T2,2026-02-22 07:00:00,0.774,0.97,0.97,0.7639,3.0,1,11.3383,2.52,8.8667,0.0,2026-02-22 10:00:00
2026-02-22 13:00:00,ВЭС,2026-02-22 07:00:00,0.7549,0.98,0.98,0.7639,3.0,1,11.3383,2.52,8.8667,0.0,2026-02-22 10:00:00
2026-02-22 14:00:00,T1,2026-02-22 08:00:00,0.7665,0.99,0.99,0.7639,4.0,1,11.0633,2.39,9.2667,0.0,2026-02-22 10:00:00
2026-02-22 14:00:00,T2,2026-02-22 08:00:00,0.7814,0.97,0.97,0.7639,4.0,1,11.0633,2.39,9.2667,0.0,2026-02-22 10:00:00
2026-02-22 14:00:00,ВЭС,2026-02-22 08:00:00,0.7739,0.98,0.98,0.7639,4.0,1,11.0633,2.39,9.2667,0.0,2026-02-22 10:00:00
2026-02-22 15:00:00,T1,2026-02-22 09:00:00,0.6764,0.99,0.99,0.7415,5.0,1,10.7267,2.755,9.4333,0.0,2026-02-22 10:00:00
2026-02-22 15:00:00,T2,2026-02-22 09:00:00,0.7433,0.97,0.97,0.7415,5.0,1,10.7267,2.755,9.4333,0.0,2026-02-22 10:00:00
2026-02-22 15:00:00,ВЭС,2026-02-22 09:00:00,0.7099,0.98,0.98,0.7415,5.0,1,10.7267,2.755,9.4333,0.0,2026-02-22 10:00:00
2026-02-22 16:00:00,T1,2026-02-22 10:00:00,0.5096,0.9818,0.99,0.723,6.0,1,10.5333,3.65,9.2833,0.0,2026-02-22 10:00:00
2026-02-22 16:00:00,T2,2026-02-22 10:00:00,0.5762,0.97,0.97,0.723,6.0,1,10.5333,3.65,9.2833,0.0,2026-02-22 10:00:00
2026-02-22 16:00:00,ВЭС,2026-02-22 10:00:00,0.5429,0.9759,0.98,0.723,6.0,1,10.5333,3.65,9.2833,0.0,2026-02-22 10:00:00
2026-02-22 17:00:00,T1,2026-02-22 11:00:00,0.2299,0.8398,0.99,0.6898,7.0,1,10.3083,4.585,8.7,0.0,2026-02-22 10:00:00
2026-02-22 17:00:00,T2,2026-02-22 11:00:00,0.1731,0.8427,0.97,0.6898,7.0,1,10.3083,4.585,8.7,0.0,2026-02-22 10:00:00
2026-02-22 17:00:00,ВЭС,2026-02-22 11:00:00,0.2015,0.8413,0.98,0.6898,7.0,1,10.3083,4.585,8.7,0.0,2026-02-22 10:00:00
2026-02-22 18:00:00,T1,2026-02-22 12:00:00,0.0,0.7438,0.98,0.65,8.0,1,9.8333,5.3,7.6,0.0,2026-02-22 10:00:00
2026-02-22 18:00:00,T2,2026-02-22 12:00:00,0.0,0.749,0.97,0.65,8.0,1,9.8333,5.3,7.6,0.0,2026-02-22 10:00:00
2026-02-22 18:00:00,ВЭС,2026-02-22 12:00:00,0.0,0.7464,0.975,0.65,8.0,1,9.8333,5.3,7.6,0.0,2026-02-22 10:00:00
2026-02-22 19:00:00,T1,2026-02-22 13:00:00,0.0,0.5365,0.9765,0.5417,9.0,1,8.9933,5.77,6.3667,0.0,2026-02-22 10:00:00
2026-02-22 19:00:00,T2,2026-02-22 13:00:00,0.0,0.5318,0.97,0.5417,9.0,1,8.9933,5.77,6.3667,0.0,2026-02-22 10:00:00
2026-02-22 19:00:00,ВЭС,2026-02-22 13:00:00,0.0,0.5341,0.9733,0.5417,9.0,1,8.9933,5.77,6.3667,0.0,2026-02-22 10:00:00
2026-02-22 20:00:00,T1,2026-02-22 14:00:00,0.0,0.3715,0.8899,0.4212,10.0,1,7.8583,5.715,5.45,0.0,2026-02-22 10:00:00
2026-02-22 20:00:00,T2,2026-02-22 14:00:00,0.0,0.3672,0.8884,0.4212,10.0,1,7.8583,5.715,5.45,0.0,2026-02-22 10:00:00
2026-02-22 20:00:00,ВЭС,2026-02-22 14:00:00,0.0,0.3693,0.8891,0.4212,10.0,1,7.8583,5.715,5.45,0.0,2026-02-22 10:00:00
2026-02-22 21:00:00,T1,2026-02-22 15:00:00,0.0,0.2442,0.6577,0.3379,11.0,1,6.9267,5.565,4.7167,0.0,2026-02-22 10:00:00
2026-02-22 21:00:00,T2,2026-02-22 15:00:00,0.0,0.2361,0.6577,0.3379,11.0,1,6.9267,5.565,4.7167,0.0,2026-02-22 10:00:00
2026-02-22 21:00:00,ВЭС,2026-02-22 15:00:00,0.0,0.2401,0.6577,0.3379,11.0,1,6.9267,5.565,4.7167,0.0,2026-02-22 10:00:00
2026-02-22 22:00:00,T1,2026-02-22 16:00:00,0.0,0.186,0.5152,0.2678,12.0,1,6.0317,5.715,4.0167,0.0,2026-02-22 10:00:00
2026-02-22 22:00:00,T2,2026-02-22 16:00:00,0.0,0.168,0.5153,0.2678,12.0,1,6.0317,5.715,4.0167,0.0,2026-02-22 10:00:00
2026-02-22 22:00:00,ВЭС,2026-02-22 16:00:00,0.0,0.177,0.5153,0.2678,12.0,1,6.0317,5.715,4.0167,0.0,2026-02-22 10:00:00
2026-02-22 23:00:00,T1,2026-02-22 17:00:00,0.0,0.1503,0.4895,0.1964,1.0,1,5.0733,4.775,3.4667,0.0,2026-02-22 22:00:00
2026-02-22 23:00:00,T2,2026-02-22 17:00:00,0.0,0.1353,0.4895,0.1964,1.0,1,5.0733,4.775,3.4667,0.0,2026-02-22 22:00:00
2026-02-22 23:00:00,ВЭС,2026-02-22 17:00:00,0.0,0.1428,0.4895,0.1964,1.0,1,5.0733,4.775,3.4667,0.0,2026-02-22 22:00:00
2026-02-23 00:00:00,T1,2026-02-22 18:00:00,0.0,0.1292,0.3992,0.1732,2.0,1,4.5867,3.37,3.0833,0.0,2026-02-22 22:00:00
2026-02-23 00:00:00,T2,2026-02-22 18:00:00,0.0,0.1088,0.3992,0.1732,2.0,1,4.5867,3.37,3.0833,0.0,2026-02-22 22:00:00
2026-02-23 00:00:00,ВЭС,2026-02-22 18:00:00,0.0,0.119,0.3992,0.1732,2.0,1,4.5867,3.37,3.0833,0.0,2026-02-22 22:00:00
2026-02-23 01:00:00,T1,2026-02-22 19:00:00,0.0,0.0969,0.3772,0.1511,3.0,1,4.39,3.205,2.8333,0.0,2026-02-22 22:00:00
2026-02-23 01:00:00,T2,2026-02-22 19:00:00,0.0,0.0778,0.3773,0.1511,3.0,1,4.39,3.205,2.8333,0.0,2026-02-22 22:00:00
2026-02-23 01:00:00,ВЭС,2026-02-22 19:00:00,0.0,0.0873,0.3773,0.1511,3.0,1,4.39,3.205,2.8333,0.0,2026-02-22 22:00:00
2026-02-23 02:00:00,T1,2026-02-22 20:00:00,0.0,0.1008,0.2706,0.1381,4.0,1,4.0867,3.655,2.7167,0.0,2026-02-22 22:00:00
2026-02-23 02:00:00,T2,2026-02-22 20:00:00,0.0,0.0889,0.2706,0.1381,4.0,1,4.0867,3.655,2.7167,0.0,2026-02-22 22:00:00
2026-02-23 02:00:00,ВЭС,2026-02-22 20:00:00,0.0,0.0948,0.2706,0.1381,4.0,1,4.0867,3.655,2.7167,0.0,2026-02-22 22:00:00
2026-02-23 03:00:00,T1,2026-02-22 21:00:00,0.0,0.0717,0.2886,0.1381,5.0,1,3.925,4.035,2.65,0.0,2026-02-22 22:00:00
2026-02-23 03:00:00,T2,2026-02-22 21:00:00,0.0,0.0528,0.2887,0.1381,5.0,1,3.925,4.035,2.65,0.0,2026-02-22 22:00:00
2026-02-23 03:00:00,ВЭС,2026-02-22 21:00:00,0.0,0.0623,0.2887,0.1381,5.0,1,3.925,4.035,2.65,0.0,2026-02-22 22:00:00
2026-02-23 04:00:00,T1,2026-02-22 22:00:00,0.0,0.0545,0.2724,0.1275,6.0,1,3.7283,4.565,2.55,0.0,2026-02-22 22:00:00
2026-02-23 04:00:00,T2,2026-02-22 22:00:00,0.0,0.0472,0.2724,0.1275,6.0,1,3.7283,4.565,2.55,0.0,2026-02-22 22:00:00
2026-02-23 04:00:00,ВЭС,2026-02-22 22:00:00,0.0,0.0508,0.2724,0.1275,6.0,1,3.7283,4.565,2.55,0.0,2026-02-22 22:00:00
2026-02-23 05:00:00,T1,2026-02-22 23:00:00,0.0,0.0432,0.2666,0.1082,7.0,1,3.3317,4.16,2.3833,0.0,2026-02-22 22:00:00
2026-02-23 05:00:00,T2,2026-02-22 23:00:00,0.0004,0.0296,0.2667,0.1082,7.0,1,3.3317,4.16,2.3833,0.0,2026-02-22 22:00:00
2026-02-23 05:00:00,ВЭС,2026-02-22 23:00:00,0.0002,0.0364,0.2666,0.1082,7.0,1,3.3317,4.16,2.3833,0.0,2026-02-22 22:00:00
2026-02-23 06:00:00,T1,2026-02-23 00:00:00,0.0039,0.0252,0.1837,0.0968,8.0,1,2.9217,2.07,2.2333,0.0,2026-02-22 22:00:00
2026-02-23 06:00:00,T2,2026-02-23 00:00:00,0.0025,0.0239,0.1837,0.0968,8.0,1,2.9217,2.07,2.2333,0.0,2026-02-22 22:00:00
2026-02-23 06:00:00,ВЭС,2026-02-23 00:00:00,0.0032,0.0245,0.1837,0.0968,8.0,1,2.9217,2.07,2.2333,0.0,2026-02-22 22:00:00
2026-02-23 07:00:00,T1,2026-02-23 01:00:00,0.0086,0.0136,0.157,0.0741,9.0,1,2.3983,1.525,2.3,0.0,2026-02-22 22:00:00
2026-02-23 07:00:00,T2,2026-02-23 01:00:00,0.0067,0.0124,0.157,0.0741,9.0,1,2.3983,1.525,2.3,0.0,2026-02-22 22:00:00
2026-02-23 07:00:00,ВЭС,2026-02-23 01:00:00,0.0076,0.013,0.157,0.0741,9.0,1,2.3983,1.525,2.3,0.0,2026-02-22 22:00:00
2026-02-23 08:00:00,T1,2026-02-23 02:00:00,0.0097,0.0107,0.2325,0.0741,10.0,1,2.2083,2.575,3.0,0.0,2026-02-22 22:00:00
2026-02-23 08:00:00,T2,2026-02-23 02:00:00,0.0076,0.0097,0.2325,0.0741,10.0,1,2.2083,2.575,3.0,0.0,2026-02-22 22:00:00
2026-02-23 08:00:00,ВЭС,2026-02-23 02:00:00,0.0086,0.0102,0.2325,0.0741,10.0,1,2.2083,2.575,3.0,0.0,2026-02-22 22:00:00
2026-02-23 09:00:00,T1,2026-02-23 03:00:00,0.0059,0.0202,0.2463,0.0771,11.0,1,2.6167,3.4,4.4833,0.0,2026-02-22 22:00:00
2026-02-23 09:00:00,T2,2026-02-23 03:00:00,0.0047,0.0194,0.2463,0.0771,11.0,1,2.6167,3.4,4.4833,0.0,2026-02-22 22:00:00
2026-02-23 09:00:00,ВЭС,2026-02-23 03:00:00,0.0053,0.0198,0.2463,0.0771,11.0,1,2.6167,3.4,4.4833,0.0,2026-02-22 22:00:00
2026-02-23 10:00:00,T1,2026-02-23 04:00:00,0.0,0.0626,0.4187,0.1082,12.0,1,3.24,3.88,6.25,0.0,2026-02-22 22:00:00
2026-02-23 10:00:00,T2,2026-02-23 04:00:00,0.0,0.0617,0.4187,0.1082,12.0,1,3.24,3.88,6.25,0.0,2026-02-22 22:00:00
2026-02-23 10:00:00,ВЭС,2026-02-23 04:00:00,0.0,0.0622,0.4187,0.1082,12.0,1,3.24,3.88,6.25,0.0,2026-02-22 22:00:00
2026-02-23 11:00:00,T1,2026-02-23 05:00:00,0.0,0.1148,0.3324,0.1275,1.0,1,3.6567,2.84,7.8,0.0,2026-02-23 10:00:00
2026-02-23 11:00:00,T2,2026-02-23 05:00:00,0.0,0.1141,0.3324,0.1275,1.0,1,3.6567,2.84,7.8,0.0,2026-02-23 10:00:00
2026-02-23 11:00:00,ВЭС,2026-02-23 05:00:00,0.0,0.1145,0.3324,0.1275,1.0,1,3.6567,2.84,7.8,0.0,2026-02-23 10:00:00
2026-02-23 12:00:00,T1,2026-02-23 06:00:00,0.0,0.1353,0.3894,0.1676,2.0,1,4.51,1.995,8.7167,0.0,2026-02-23 10:00:00
2026-02-23 12:00:00,T2,2026-02-23 06:00:00,0.0,0.134,0.3894,0.1676,2.0,1,4.51,1.995,8.7167,0.0,2026-02-23 10:00:00
2026-02-23 12:00:00,ВЭС,2026-02-23 06:00:00,0.0,0.1347,0.3894,0.1676,2.0,1,4.51,1.995,8.7167,0.0,2026-02-23 10:00:00
2026-02-23 13:00:00,T1,2026-02-23 07:00:00,0.0,0.3018,0.7157,0.2981,3.0,1,6.55,1.325,8.9,0.0,2026-02-23 10:00:00
2026-02-23 13:00:00,T2,2026-02-23 07:00:00,0.0,0.3008,0.7158,0.2981,3.0,1,6.55,1.325,8.9,0.0,2026-02-23 10:00:00
2026-02-23 13:00:00,ВЭС,2026-02-23 07:00:00,0.0,0.3013,0.7158,0.2981,3.0,1,6.55,1.325,8.9,0.0,2026-02-23 10:00:00
2026-02-23 14:00:00,T1,2026-02-23 08:00:00,0.0,0.4938,0.8741,0.4461,4.0,1,8.2467,3.36,8.7333,0.0,2026-02-23 10:00:00
2026-02-23 14:00:00,T2,2026-02-23 08:00:00,0.0,0.4939,0.8741,0.4461,4.0,1,8.2467,3.36,8.7333,0.0,2026-02-23 10:00:00
2026-02-23 14:00:00,ВЭС,2026-02-23 08:00:00,0.0,0.4939,0.8741,0.4461,4.0,1,8.2467,3.36,8.7333,0.0,2026-02-23 10:00:00
2026-02-23 15:00:00,T1,2026-02-23 09:00:00,0.0075,0.5486,0.9053,0.4837,5.0,1,8.6383,2.81,8.2167,0.0,2026-02-23 10:00:00
2026-02-23 15:00:00,T2,2026-02-23 09:00:00,0.0,0.5494,0.9042,0.4837,5.0,1,8.6383,2.81,8.2167,0.0,2026-02-23 10:00:00
2026-02-23 15:00:00,ВЭС,2026-02-23 09:00:00,0.0038,0.549,0.9048,0.4837,5.0,1,8.6383,2.81,8.2167,0.0,2026-02-23 10:00:00
2026-02-23 16:00:00,T1,2026-02-23 10:00:00,0.0266,0.6135,0.9314,0.5291,6.0,1,8.975,1.865,7.4167,0.0,2026-02-23 10:00:00
2026-02-23 16:00:00,T2,2026-02-23 10:00:00,0.0138,0.6031,0.9299,0.5291,6.0,1,8.975,1.865,7.4167,0.0,2026-02-23 10:00:00
2026-02-23 16:00:00,ВЭС,2026-02-23 10:00:00,0.0202,0.6083,0.9307,0.5291,6.0,1,8.975,1.865,7.4167,0.0,2026-02-23 10:00:00
2026-02-23 17:00:00,T1,2026-02-23 11:00:00,0.1541,0.6838,0.9697,0.65,7.0,1,9.7967,2.27,6.6333,0.0,2026-02-23 10:00:00
2026-02-23 17:00:00,T2,2026-02-23 11:00:00,0.1406,0.6834,0.9656,0.65,7.0,1,9.7967,2.27,6.6333,0.0,2026-02-23 10:00:00
2026-02-23 17:00:00,ВЭС,2026-02-23 11:00:00,0.1474,0.6836,0.9677,0.65,7.0,1,9.7967,2.27,6.6333,0.0,2026-02-23 10:00:00
2026-02-23 18:00:00,T1,2026-02-23 12:00:00,0.2562,0.7531,0.9747,0.6898,8.0,1,10.44,2.215,5.85,0.0,2026-02-23 10:00:00
2026-02-23 18:00:00,T2,2026-02-23 12:00:00,0.2042,0.7523,0.97,0.6898,8.0,1,10.44,2.215,5.85,0.0,2026-02-23 10:00:00
2026-02-23 18:00:00,ВЭС,2026-02-23 12:00:00,0.2302,0.7527,0.9723,0.6898,8.0,1,10.44,2.215,5.85,0.0,2026-02-23 10:00:00
2026-02-23 19:00:00,T1,2026-02-23 13:00:00,0.2526,0.8086,0.9786,0.73,9.0,1,10.5833,2.58,5.0667,0.0,2026-02-23 10:00:00
2026-02-23 19:00:00,T2,2026-02-23 13:00:00,0.2135,0.808,0.9678,0.73,9.0,1,10.5833,2.58,5.0667,0.0,2026-02-23 10:00:00
2026-02-23 19:00:00,ВЭС,2026-02-23 13:00:00,0.233,0.8083,0.9732,0.73,9.0,1,10.5833,2.58,5.0667,0.0,2026-02-23 10:00:00
2026-02-23 20:00:00,T1,2026-02-23 14:00:00,0.3186,0.8047,0.9667,0.6898,10.0,1,10.2933,2.105,4.3667,0.0,2026-02-23 10:00:00
2026-02-23 20:00:00,T2,2026-02-23 14:00:00,0.2396,0.8038,0.9598,0.6898,10.0,1,10.2933,2.105,4.3667,0.0,2026-02-23 10:00:00
2026-02-23 20:00:00,ВЭС,2026-02-23 14:00:00,0.2791,0.8042,0.9632,0.6898,10.0,1,10.2933,2.105,4.3667,0.0,2026-02-23 10:00:00
2026-02-23 21:00:00,T1,2026-02-23 15:00:00,0.2315,0.8275,0.99,0.65,11.0,1,9.81,2.39,3.6,0.0,2026-02-23 10:00:00
2026-02-23 21:00:00,T2,2026-02-23 15:00:00,0.1476,0.8269,0.97,0.65,11.0,1,9.81,2.39,3.6,0.0,2026-02-23 10:00:00
2026-02-23 21:00:00,ВЭС,2026-02-23 15:00:00,0.1895,0.8272,0.98,0.65,11.0,1,9.81,2.39,3.6,0.0,2026-02-23 10:00:00
2026-02-23 22:00:00,T1,2026-02-23 16:00:00,0.2533,0.8461,0.989,0.681,12.0,1,10.0883,2.155,2.6333,0.0,2026-02-23 10:00:00
2026-02-23 22:00:00,T2,2026-02-23 16:00:00,0.2432,0.8455,0.97,0.681,12.0,1,10.0883,2.155,2.6333,0.0,2026-02-23 10:00:00
2026-02-23 22:00:00,ВЭС,2026-02-23 16:00:00,0.2482,0.8458,0.9795,0.681,12.0,1,10.0883,2.155,2.6333,0.0,2026-02-23 10:00:00
2026-02-23 23:00:00,T1,2026-02-23 17:00:00,0.433,0.9357,0.99,0.7639,1.0,1,11.11,1.225,1.6,0.0,2026-02-23 22:00:00
2026-02-23 23:00:00,T2,2026-02-23 17:00:00,0.427,0.9347,0.97,0.7639,1.0,1,11.11,1.225,1.6,0.0,2026-02-23 22:00:00
2026-02-23 23:00:00,ВЭС,2026-02-23 17:00:00,0.43,0.9352,0.98,0.7639,1.0,1,11.11,1.225,1.6,0.0,2026-02-23 22:00:00
2026-02-24 00:00:00,T1,2026-02-23 18:00:00,0.5276,0.9425,0.99,0.7831,2.0,1,11.605,0.715,0.6167,0.0,2026-02-23 22:00:00
2026-02-24 00:00:00,T2,2026-02-23 18:00:00,0.5263,0.9412,0.97,0.7831,2.0,1,11.605,0.715,0.6167,0.0,2026-02-23 22:00:00
2026-02-24 00:00:00,ВЭС,2026-02-23 18:00:00,0.5269,0.9419,0.98,0.7831,2.0,1,11.605,0.715,0.6167,0.0,2026-02-23 22:00:00
2026-02-24 01:00:00,T1,2026-02-23 19:00:00,0.5407,0.9238,0.989,0.8017,3.0,1,11.6867,0.635,-0.2667,0.0,2026-02-23 22:00:00
2026-02-24 01:00:00,T2,2026-02-23 19:00:00,0.5345,0.9224,0.97,0.8017,3.0,1,11.6867,0.635,-0.2667,0.0,2026-02-23 22:00:00
2026-02-24 01:00:00,ВЭС,2026-02-23 19:00:00,0.5376,0.9231,0.9795,0.8017,3.0,1,11.6867,0.635,-0.2667,0.0,2026-02-23 22:00:00
2026-02-24 02:00:00,T1,2026-02-23 20:00:00,0.5631,0.9026,0.9824,0.8017,4.0,1,11.69,1.855,-0.8833,0.0,2026-02-23 22:00:00
2026-02-24 02:00:00,T2,2026-02-23 20:00:00,0.5319,0.9012,0.97,0.8017,4.0,1,11.69,1.855,-0.8833,0.0,2026-02-23 22:00:00
2026-02-24 02:00:00,ВЭС,2026-02-23 20:00:00,0.5475,0.9019,0.9762,0.8017,4.0,1,11.69,1.855,-0.8833,0.0,2026-02-23 22:00:00
2026-02-24 03:00:00,T1,2026-02-23 21:00:00,0.4298,0.892,0.9843,0.7831,5.0,1,11.5083,2.355,-1.3667,0.0,2026-02-23 22:00:00
2026-02-24 03:00:00,T2,2026-02-23 21:00:00,0.3278,0.8904,0.97,0.7831,5.0,1,11.5083,2.355,-1.3667,0.0,2026-02-23 22:00:00
2026-02-24 03:00:00,ВЭС,2026-02-23 21:00:00,0.3788,0.8912,0.9771,0.7831,5.0,1,11.5083,2.355,-1.3667,0.0,2026-02-23 22:00:00
2026-02-24 04:00:00,T1,2026-02-23 22:00:00,0.2602,0.8341,0.9854,0.7639,6.0,1,11.305,2.32,-1.7333,0.0,2026-02-23 22:00:00
2026-02-24 04:00:00,T2,2026-02-23 22:00:00,0.2609,0.8325,0.97,0.7639,6.0,1,11.305,2.32,-1.7333,0.0,2026-02-23 22:00:00
2026-02-24 04:00:00,ВЭС,2026-02-23 22:00:00,0.2605,0.8333,0.9777,0.7639,6.0,1,11.305,2.32,-1.7333,0.0,2026-02-23 22:00:00
2026-02-24 05:00:00,T1,2026-02-23 23:00:00,0.2503,0.7066,0.9848,0.7536,7.0,1,10.6317,2.135,-1.9667,0.0,2026-02-23 22:00:00
2026-02-24 05:00:00,T2,2026-02-23 23:00:00,0.2809,0.7051,0.97,0.7536,7.0,1,10.6317,2.135,-1.9667,0.0,2026-02-23 22:00:00
2026-02-24 05:00:00,ВЭС,2026-02-23 23:00:00,0.2656,0.7058,0.9774,0.7536,7.0,1,10.6317,2.135,-1.9667,0.0,2026-02-23 22:00:00
2026-02-24 06:00:00,T1,2026-02-24 00:00:00,0.0865,0.5995,0.9807,0.681,8.0,1,9.9783,2.96,-2.1833,0.0,2026-02-23 22:00:00
2026-02-24 06:00:00,T2,2026-02-24 00:00:00,0.1649,0.5979,0.97,0.681,8.0,1,9.9783,2.96,-2.1833,0.0,2026-02-23 22:00:00
2026-02-24 06:00:00,ВЭС,2026-02-24 00:00:00,0.1257,0.5987,0.9753,0.681,8.0,1,9.9783,2.96,-2.1833,0.0,2026-02-23 22:00:00
2026-02-24 07:00:00,T1,2026-02-24 01:00:00,0.0493,0.5595,0.9763,0.6587,9.0,1,9.81,3.255,-2.35,0.0,2026-02-23 22:00:00
2026-02-24 07:00:00,T2,2026-02-24 01:00:00,0.104,0.5579,0.9698,0.6587,9.0,1,9.81,3.255,-2.35,0.0,2026-02-23 22:00:00
2026-02-24 07:00:00,ВЭС,2026-02-24 01:00:00,0.0766,0.5587,0.9731,0.6587,9.0,1,9.81,3.255,-2.35,0.0,2026-02-23 22:00:00
2026-02-24 08:00:00,T1,2026-02-24 02:00:00,0.0,0.5525,0.9732,0.6301,10.0,1,9.5983,3.35,-2.2833,0.0,2026-02-23 22:00:00
2026-02-24 08:00:00,T2,2026-02-24 02:00:00,0.0231,0.5509,0.9672,0.6301,10.0,1,9.5983,3.35,-2.2833,0.0,2026-02-23 22:00:00
2026-02-24 08:00:00,ВЭС,2026-02-24 02:00:00,0.0116,0.5517,0.9702,0.6301,10.0,1,9.5983,3.35,-2.2833,0.0,2026-02-23 22:00:00
2026-02-24 09:00:00,T1,2026-02-24 03:00:00,0.0,0.5261,0.9461,0.5984,11.0,1,9.3583,3.1,-1.85,0.0,2026-02-23 22:00:00
2026-02-24 09:00:00,T2,2026-02-24 03:00:00,0.0,0.5245,0.9426,0.5984,11.0,1,9.3583,3.1,-1.85,0.0,2026-02-23 22:00:00
2026-02-24 09:00:00,ВЭС,2026-02-24 03:00:00,0.0,0.5253,0.9444,0.5984,11.0,1,9.3583,3.1,-1.85,0.0,2026-02-23 22:00:00
2026-02-24 10:00:00,T1,2026-02-24 04:00:00,0.0,0.5208,0.952,0.5709,12.0,1,9.1683,2.41,-1.3333,0.0,2026-02-23 22:00:00
2026-02-24 10:00:00,T2,2026-02-24 04:00:00,0.0148,0.5225,0.9488,0.5709,12.0,1,9.1683,2.41,-1.3333,0.0,2026-02-23 22:00:00
2026-02-24 10:00:00,ВЭС,2026-02-24 04:00:00,0.0074,0.5216,0.9504,0.5709,12.0,1,9.1683,2.41,-1.3333,0.0,2026-02-23 22:00:00
2026-02-24 11:00:00,T1,2026-02-24 05:00:00,0.0,0.5073,0.9281,0.5531,1.0,1,9.065,2.39,-0.8333,0.0,2026-02-24 10:00:00
2026-02-24 11:00:00,T2,2026-02-24 05:00:00,0.0,0.5144,0.9265,0.5531,1.0,1,9.065,2.39,-0.8333,0.0,2026-02-24 10:00:00
2026-02-24 11:00:00,ВЭС,2026-02-24 05:00:00,0.0,0.5108,0.9273,0.5531,1.0,1,9.065,2.39,-0.8333,0.0,2026-02-24 10:00:00
2026-02-24 12:00:00,T1,2026-02-24 06:00:00,0.0607,0.5165,0.8638,0.5417,2.0,1,8.9867,2.58,-0.3167,0.0,2026-02-24 10:00:00
2026-02-24 12:00:00,T2,2026-02-24 06:00:00,0.01,0.5211,0.8623,0.5417,2.0,1,8.9867,2.58,-0.3167,0.0,2026-02-24 10:00:00
2026-02-24 12:00:00,ВЭС,2026-02-24 06:00:00,0.0353,0.5188,0.8631,0.5417,2.0,1,8.9867,2.58,-0.3167,0.0,2026-02-24 10:00:00
2026-02-24 13:00:00,T1,2026-02-24 07:00:00,0.0156,0.5678,0.8746,0.5417,3.0,1,8.9083,3.1,0.0833,0.0,2026-02-24 10:00:00
2026-02-24 13:00:00,T2,2026-02-24 07:00:00,0.0,0.5727,0.873,0.5417,3.0,1,8.9083,3.1,0.0833,0.0,2026-02-24 10:00:00
2026-02-24 13:00:00,ВЭС,2026-02-24 07:00:00,0.0078,0.5702,0.8738,0.5417,3.0,1,8.9083,3.1,0.0833,0.0,2026-02-24 10:00:00
2026-02-24 14:00:00,T1,2026-02-24 08:00:00,0.0445,0.5407,0.8875,0.5291,4.0,1,8.8533,3.06,0.2167,0.0,2026-02-24 10:00:00
2026-02-24 14:00:00,T2,2026-02-24 08:00:00,0.0,0.5456,0.886,0.5291,4.0,1,8.8533,3.06,0.2167,0.0,2026-02-24 10:00:00
2026-02-24 14:00:00,ВЭС,2026-02-24 08:00:00,0.0223,0.5432,0.8867,0.5291,4.0,1,8.8533,3.06,0.2167,0.0,2026-02-24 10:00:00
2026-02-24 15:00:00,T1,2026-02-24 09:00:00,0.0486,0.5338,0.8752,0.5291,5.0,1,8.8583,2.96,0.1167,0.0,2026-02-24 10:00:00
2026-02-24 15:00:00,T2,2026-02-24 09:00:00,0.0,0.5388,0.8737,0.5291,5.0,1,8.8583,2.96,0.1167,0.0,2026-02-24 10:00:00
2026-02-24 15:00:00,ВЭС,2026-02-24 09:00:00,0.0243,0.5363,0.8745,0.5291,5.0,1,8.8583,2.96,0.1167,0.0,2026-02-24 10:00:00
2026-02-24 16:00:00,T1,2026-02-24 10:00:00,0.0,0.5362,0.8571,0.519,6.0,1,8.7317,2.96,-0.0667,0.0,2026-02-24 10:00:00
2026-02-24 16:00:00,T2,2026-02-24 10:00:00,0.0,0.5413,0.8555,0.519,6.0,1,8.7317,2.96,-0.0667,0.0,2026-02-24 10:00:00
2026-02-24 16:00:00,ВЭС,2026-02-24 10:00:00,0.0,0.5388,0.8563,0.519,6.0,1,8.7317,2.96,-0.0667,0.0,2026-02-24 10:00:00
2026-02-24 17:00:00,T1,2026-02-24 11:00:00,0.0,0.4148,0.7603,0.4396,7.0,1,8.1067,2.07,-0.2167,0.0,2026-02-24 10:00:00
2026-02-24 17:00:00,T2,2026-02-24 11:00:00,0.0,0.4199,0.7602,0.4396,7.0,1,8.1067,2.07,-0.2167,0.0,2026-02-24 10:00:00
2026-02-24 17:00:00,ВЭС,2026-02-24 11:00:00,0.0,0.4174,0.7603,0.4396,7.0,1,8.1067,2.07,-0.2167,0.0,2026-02-24 10:00:00
2026-02-24 18:00:00,T1,2026-02-24 12:00:00,0.0,0.3713,0.7209,0.3725,8.0,1,7.4483,1.46,-0.4167,0.0,2026-02-24 10:00:00
2026-02-24 18:00:00,T2,2026-02-24 12:00:00,0.0,0.3763,0.7209,0.3725,8.0,1,7.4483,1.46,-0.4167,0.0,2026-02-24 10:00:00
2026-02-24 18:00:00,ВЭС,2026-02-24 12:00:00,0.0,0.3738,0.7209,0.3725,8.0,1,7.4483,1.46,-0.4167,0.0,2026-02-24 10:00:00
2026-02-24 19:00:00,T1,2026-02-24 13:00:00,0.0,0.3391,0.6848,0.3567,9.0,1,6.9917,1.555,-0.7,0.0,2026-02-24 10:00:00
2026-02-24 19:00:00,T2,2026-02-24 13:00:00,0.0,0.3387,0.6848,0.3567,9.0,1,6.9917,1.555,-0.7,0.0,2026-02-24 10:00:00
2026-02-24 19:00:00,ВЭС,2026-02-24 13:00:00,0.0,0.3389,0.6848,0.3567,9.0,1,6.9917,1.555,-0.7,0.0,2026-02-24 10:00:00
2026-02-24 20:00:00,T1,2026-02-24 14:00:00,0.0,0.2206,0.5787,0.2753,10.0,1,6.2683,1.105,-0.8667,0.0,2026-02-24 10:00:00
2026-02-24 20:00:00,T2,2026-02-24 14:00:00,0.0,0.2202,0.5787,0.2753,10.0,1,6.2683,1.105,-0.8667,0.0,2026-02-24 10:00:00
2026-02-24 20:00:00,ВЭС,2026-02-24 14:00:00,0.0,0.2204,0.5787,0.2753,10.0,1,6.2683,1.105,-0.8667,0.0,2026-02-24 10:00:00
2026-02-24 21:00:00,T1,2026-02-24 15:00:00,0.0,0.1485,0.5224,0.2111,11.0,1,5.3133,0.825,-0.95,0.0,2026-02-24 10:00:00
2026-02-24 21:00:00,T2,2026-02-24 15:00:00,0.0,0.1481,0.5224,0.2111,11.0,1,5.3133,0.825,-0.95,0.0,2026-02-24 10:00:00
2026-02-24 21:00:00,ВЭС,2026-02-24 15:00:00,0.0,0.1483,0.5224,0.2111,11.0,1,5.3133,0.825,-0.95,0.0,2026-02-24 10:00:00
2026-02-24 22:00:00,T1,2026-02-24 16:00:00,0.0,0.0746,0.3863,0.1566,12.0,1,4.4083,1.005,-1.0833,0.0,2026-02-24 10:00:00
2026-02-24 22:00:00,T2,2026-02-24 16:00:00,0.0,0.0741,0.3863,0.1566,12.0,1,4.4083,1.005,-1.0833,0.0,2026-02-24 10:00:00
2026-02-24 22:00:00,ВЭС,2026-02-24 16:00:00,0.0,0.0743,0.3863,0.1566,12.0,1,4.4083,1.005,-1.0833,0.0,2026-02-24 10:00:00
2026-02-24 23:00:00,T1,2026-02-24 17:00:00,0.0058,0.0205,0.2341,0.0968,1.0,1,2.9467,0.46,-1.2833,0.0,2026-02-24 22:00:00
2026-02-24 23:00:00,T2,2026-02-24 17:00:00,0.008,0.0199,0.2341,0.0968,1.0,1,2.9467,0.46,-1.2833,0.0,2026-02-24 22:00:00
2026-02-24 23:00:00,ВЭС,2026-02-24 17:00:00,0.0069,0.0202,0.2341,0.0968,1.0,1,2.9467,0.46,-1.2833,0.0,2026-02-24 22:00:00
2026-02-25 00:00:00,T1,2026-02-24 18:00:00,0.0065,0.0187,0.0987,0.0619,2.0,1,1.4183,0.99,-1.4667,0.0,2026-02-24 22:00:00
2026-02-25 00:00:00,T2,2026-02-24 18:00:00,0.0063,0.013,0.0988,0.0619,2.0,1,1.4183,0.99,-1.4667,0.0,2026-02-24 22:00:00
2026-02-25 00:00:00,ВЭС,2026-02-24 18:00:00,0.0064,0.0159,0.0987,0.0619,2.0,1,1.4183,0.99,-1.4667,0.0,2026-02-24 22:00:00
2026-02-25 01:00:00,T1,2026-02-24 19:00:00,0.0087,0.0133,0.0638,0.0517,3.0,1,0.81,0.595,-1.55,0.0,2026-02-24 22:00:00
2026-02-25 01:00:00,T2,2026-02-24 19:00:00,0.0075,0.0081,0.0638,0.0517,3.0,1,0.81,0.595,-1.55,0.0,2026-02-24 22:00:00
2026-02-25 01:00:00,ВЭС,2026-02-24 19:00:00,0.0081,0.0107,0.0638,0.0517,3.0,1,0.81,0.595,-1.55,0.0,2026-02-24 22:00:00
2026-02-25 02:00:00,T1,2026-02-24 20:00:00,0.0078,0.0153,0.1152,0.0517,4.0,1,0.855,0.81,-1.5833,0.0,2026-02-24 22:00:00
2026-02-25 02:00:00,T2,2026-02-24 20:00:00,0.0076,0.0097,0.1152,0.0517,4.0,1,0.855,0.81,-1.5833,0.0,2026-02-24 22:00:00
2026-02-25 02:00:00,ВЭС,2026-02-24 20:00:00,0.0077,0.0125,0.1152,0.0517,4.0,1,0.855,0.81,-1.5833,0.0,2026-02-24 22:00:00
2026-02-25 03:00:00,T1,2026-02-24 21:00:00,0.0015,0.0311,0.1765,0.0619,5.0,1,1.445,1.5,-1.55,0.0,2026-02-24 22:00:00
2026-02-25 03:00:00,T2,2026-02-24 21:00:00,0.0051,0.0179,0.1766,0.0619,5.0,1,1.445,1.5,-1.55,0.0,2026-02-24 22:00:00
2026-02-25 03:00:00,ВЭС,2026-02-24 21:00:00,0.0033,0.0245,0.1765,0.0619,5.0,1,1.445,1.5,-1.55,0.0,2026-02-24 22:00:00
2026-02-25 04:00:00,T1,2026-02-24 22:00:00,0.0008,0.0328,0.1713,0.0741,6.0,1,2.345,2.15,-1.3667,0.0,2026-02-24 22:00:00
2026-02-25 04:00:00,T2,2026-02-24 22:00:00,0.0057,0.0173,0.1714,0.0741,6.0,1,2.345,2.15,-1.3667,0.0,2026-02-24 22:00:00
2026-02-25 04:00:00,ВЭС,2026-02-24 22:00:00,0.0032,0.025,0.1714,0.0741,6.0,1,2.345,2.15,-1.3667,0.0,2026-02-24 22:00:00
2026-02-25 05:00:00,T1,2026-02-24 23:00:00,0.0,0.057,0.1429,0.1,7.0,1,3.0333,3.88,-1.15,0.0,2026-02-24 22:00:00
2026-02-25 05:00:00,T2,2026-02-24 23:00:00,0.0,0.0423,0.143,0.1,7.0,1,3.0333,3.88,-1.15,0.0,2026-02-24 22:00:00
2026-02-25 05:00:00,ВЭС,2026-02-24 23:00:00,0.0,0.0496,0.1429,0.1,7.0,1,3.0333,3.88,-1.15,0.0,2026-02-24 22:00:00
2026-02-25 06:00:00,T1,2026-02-25 00:00:00,0.0,0.0776,0.1298,0.1275,8.0,1,3.6967,4.85,-0.95,0.0,2026-02-24 22:00:00
2026-02-25 06:00:00,T2,2026-02-25 00:00:00,0.0,0.0629,0.1298,0.1275,8.0,1,3.6967,4.85,-0.95,0.0,2026-02-24 22:00:00
2026-02-25 06:00:00,ВЭС,2026-02-25 00:00:00,0.0,0.0702,0.1298,0.1275,8.0,1,3.6967,4.85,-0.95,0.0,2026-02-24 22:00:00
2026-02-25 07:00:00,T1,2026-02-25 01:00:00,0.0,0.1092,0.3009,0.1732,9.0,1,4.595,4.345,-0.5833,0.0,2026-02-24 22:00:00
2026-02-25 07:00:00,T2,2026-02-25 01:00:00,0.0,0.0878,0.301,0.1732,9.0,1,4.595,4.345,-0.5833,0.0,2026-02-24 22:00:00
2026-02-25 07:00:00,ВЭС,2026-02-25 01:00:00,0.0,0.0985,0.3009,0.1732,9.0,1,4.595,4.345,-0.5833,0.0,2026-02-24 22:00:00
2026-02-25 08:00:00,T1,2026-02-25 02:00:00,0.0,0.1175,0.4566,0.2111,10.0,1,5.2317,3.995,-0.1833,0.0,2026-02-24 22:00:00
2026-02-25 08:00:00,T2,2026-02-25 02:00:00,0.0,0.0966,0.4566,0.2111,10.0,1,5.2317,3.995,-0.1833,0.0,2026-02-24 22:00:00
2026-02-25 08:00:00,ВЭС,2026-02-25 02:00:00,0.0,0.1071,0.4566,0.2111,10.0,1,5.2317,3.995,-0.1833,0.0,2026-02-24 22:00:00
2026-02-25 09:00:00,T1,2026-02-25 03:00:00,0.0,0.12,0.4467,0.2111,11.0,1,5.245,3.23,0.2333,0.0,2026-02-24 22:00:00
2026-02-25 09:00:00,T2,2026-02-25 03:00:00,0.0,0.1043,0.4468,0.2111,11.0,1,5.245,3.23,0.2333,0.0,2026-02-24 22:00:00
2026-02-25 09:00:00,ВЭС,2026-02-25 03:00:00,0.0,0.1122,0.4468,0.2111,11.0,1,5.245,3.23,0.2333,0.0,2026-02-24 22:00:00
2026-02-25 10:00:00,T1,2026-02-25 04:00:00,0.0,0.122,0.3896,0.1732,12.0,1,4.6617,2.055,0.8333,0.0,2026-02-24 22:00:00
2026-02-25 10:00:00,T2,2026-02-25 04:00:00,0.0,0.1063,0.3897,0.1732,12.0,1,4.6617,2.055,0.8333,0.0,2026-02-24 22:00:00
2026-02-25 10:00:00,ВЭС,2026-02-25 04:00:00,0.0,0.1142,0.3896,0.1732,12.0,1,4.6617,2.055,0.8333,0.0,2026-02-24 22:00:00
2026-02-25 11:00:00,T1,2026-02-25 05:00:00,0.0,0.0814,0.2574,0.1275,1.0,1,3.8333,3.31,1.3667,0.0,2026-02-25 10:00:00
2026-02-25 11:00:00,T2,2026-02-25 05:00:00,0.0,0.0671,0.2575,0.1275,1.0,1,3.8333,3.31,1.3667,0.0,2026-02-25 10:00:00
2026-02-25 11:00:00,ВЭС,2026-02-25 05:00:00,0.0,0.0743,0.2574,0.1275,1.0,1,3.8333,3.31,1.3667,0.0,2026-02-25 10:00:00
2026-02-25 12:00:00,T1,2026-02-25 06:00:00,0.0,0.0646,0.238,0.1082,2.0,1,3.2817,3.535,1.8667,0.0,2026-02-25 10:00:00
2026-02-25 12:00:00,T2,2026-02-25 06:00:00,0.0,0.0506,0.2381,0.1082,2.0,1,3.2817,3.535,1.8667,0.0,2026-02-25 10:00:00
2026-02-25 12:00:00,ВЭС,2026-02-25 06:00:00,0.0,0.0576,0.238,0.1082,2.0,1,3.2817,3.535,1.8667,0.0,2026-02-25 10:00:00
2026-02-25 13:00:00,T1,2026-02-25 07:00:00,0.0,0.0657,0.2314,0.1,3.0,1,3.0983,3.175,2.4333,0.0,2026-02-25 10:00:00
2026-02-25 13:00:00,T2,2026-02-25 07:00:00,0.0,0.0538,0.2315,0.1,3.0,1,3.0983,3.175,2.4333,0.0,2026-02-25 10:00:00
2026-02-25 13:00:00,ВЭС,2026-02-25 07:00:00,0.0,0.0597,0.2314,0.1,3.0,1,3.0983,3.175,2.4333,0.0,2026-02-25 10:00:00
2026-02-25 14:00:00,T1,2026-02-25 08:00:00,0.0,0.0389,0.2399,0.0835,4.0,1,2.755,3.815,2.9167,0.0,2026-02-25 10:00:00
2026-02-25 14:00:00,T2,2026-02-25 08:00:00,0.0022,0.0268,0.24,0.0835,4.0,1,2.755,3.815,2.9167,0.0,2026-02-25 10:00:00
2026-02-25 14:00:00,ВЭС,2026-02-25 08:00:00,0.0011,0.0329,0.2399,0.0835,4.0,1,2.755,3.815,2.9167,0.0,2026-02-25 10:00:00
2026-02-25 15:00:00,T1,2026-02-25 09:00:00,0.0,0.0577,0.2421,0.0741,5.0,1,2.2583,4.36,2.95,0.0,2026-02-25 10:00:00
2026-02-25 15:00:00,T2,2026-02-25 09:00:00,0.0,0.0497,0.2421,0.0741,5.0,1,2.2583,4.36,2.95,0.0,2026-02-25 10:00:00
2026-02-25 15:00:00,ВЭС,2026-02-25 09:00:00,0.0,0.0537,0.2421,0.0741,5.0,1,2.2583,4.36,2.95,0.0,2026-02-25 10:00:00
2026-02-25 16:00:00,T1,2026-02-25 10:00:00,0.0,0.0548,0.2355,0.0771,6.0,1,2.46,4.02,2.45,0.0,2026-02-25 10:00:00
2026-02-25 16:00:00,T2,2026-02-25 10:00:00,0.0,0.0507,0.2355,0.0771,6.0,1,2.46,4.02,2.45,0.0,2026-02-25 10:00:00
2026-02-25 16:00:00,ВЭС,2026-02-25 10:00:00,0.0,0.0528,0.2355,0.0771,6.0,1,2.46,4.02,2.45,0.0,2026-02-25 10:00:00
2026-02-25 17:00:00,T1,2026-02-25 11:00:00,0.0,0.0537,0.2261,0.0968,7.0,1,2.9217,4.055,1.7833,0.0,2026-02-25 10:00:00
2026-02-25 17:00:00,T2,2026-02-25 11:00:00,0.0,0.0482,0.2262,0.0968,7.0,1,2.9217,4.055,1.7833,0.0,2026-02-25 10:00:00
2026-02-25 17:00:00,ВЭС,2026-02-25 11:00:00,0.0,0.0509,0.2262,0.0968,7.0,1,2.9217,4.055,1.7833,0.0,2026-02-25 10:00:00
2026-02-25 18:00:00,T1,2026-02-25 12:00:00,0.0,0.0753,0.2309,0.1082,8.0,1,3.1783,4.005,1.0833,0.0,2026-02-25 10:00:00
2026-02-25 18:00:00,T2,2026-02-25 12:00:00,0.0,0.0693,0.2309,0.1082,8.0,1,3.1783,4.005,1.0833,0.0,2026-02-25 10:00:00
2026-02-25 18:00:00,ВЭС,2026-02-25 12:00:00,0.0,0.0723,0.2309,0.1082,8.0,1,3.1783,4.005,1.0833,0.0,2026-02-25 10:00:00
2026-02-25 19:00:00,T1,2026-02-25 13:00:00,0.0,0.0715,0.2541,0.1275,9.0,1,3.6017,4.775,0.6667,0.0,2026-02-25 10:00:00
2026-02-25 19:00:00,T2,2026-02-25 13:00:00,0.0,0.0675,0.2541,0.1275,9.0,1,3.6017,4.775,0.6667,0.0,2026-02-25 10:00:00
2026-02-25 19:00:00,ВЭС,2026-02-25 13:00:00,0.0,0.0695,0.2541,0.1275,9.0,1,3.6017,4.775,0.6667,0.0,2026-02-25 10:00:00
2026-02-25 20:00:00,T1,2026-02-25 14:00:00,0.0,0.1028,0.3293,0.1472,10.0,1,4.1883,6.215,0.4667,0.0,2026-02-25 10:00:00
2026-02-25 20:00:00,T2,2026-02-25 14:00:00,0.0,0.0971,0.3293,0.1472,10.0,1,4.1883,6.215,0.4667,0.0,2026-02-25 10:00:00
2026-02-25 20:00:00,ВЭС,2026-02-25 14:00:00,0.0,0.0999,0.3293,0.1472,10.0,1,4.1883,6.215,0.4667,0.0,2026-02-25 10:00:00
2026-02-25 21:00:00,T1,2026-02-25 15:00:00,0.0,0.1414,0.4316,0.1887,11.0,1,4.93,6.985,0.3333,0.0,2026-02-25 10:00:00
2026-02-25 21:00:00,T2,2026-02-25 15:00:00,0.0,0.1326,0.4316,0.1887,11.0,1,4.93,6.985,0.3333,0.0,2026-02-25 10:00:00
2026-02-25 21:00:00,ВЭС,2026-02-25 15:00:00,0.0,0.137,0.4316,0.1887,11.0,1,4.93,6.985,0.3333,0.0,2026-02-25 10:00:00
2026-02-25 22:00:00,T1,2026-02-25 16:00:00,0.0,0.191,0.5648,0.2936,12.0,1,6.385,5.24,0.3833,0.0,2026-02-25 10:00:00
2026-02-25 22:00:00,T2,2026-02-25 16:00:00,0.0,0.1779,0.5649,0.2936,12.0,1,6.385,5.24,0.3833,0.0,2026-02-25 10:00:00
2026-02-25 22:00:00,ВЭС,2026-02-25 16:00:00,0.0,0.1844,0.5649,0.2936,12.0,1,6.385,5.24,0.3833,0.0,2026-02-25 10:00:00
2026-02-25 23:00:00,T1,2026-02-25 17:00:00,0.0,0.4438,0.927,0.4837,1.0,1,8.5533,4.59,0.6167,0.0,2026-02-25 22:00:00
2026-02-25 23:00:00,T2,2026-02-25 17:00:00,0.0,0.4297,0.9245,0.4837,1.0,1,8.5533,4.59,0.6167,0.0,2026-02-25 22:00:00
2026-02-25 23:00:00,ВЭС,2026-02-25 17:00:00,0.0,0.4368,0.9257,0.4837,1.0,1,8.5533,4.59,0.6167,0.0,2026-02-25 22:00:00
2026-02-26 00:00:00,T1,2026-02-25 18:00:00,0.0213,0.7188,0.9775,0.681,2.0,1,10.135,4.76,0.8333,0.0,2026-02-25 22:00:00
2026-02-26 00:00:00,T2,2026-02-25 18:00:00,0.0411,0.7026,0.97,0.681,2.0,1,10.135,4.76,0.8333,0.0,2026-02-25 22:00:00
2026-02-26 00:00:00,ВЭС,2026-02-25 18:00:00,0.0312,0.7107,0.9737,0.681,2.0,1,10.135,4.76,0.8333,0.0,2026-02-25 22:00:00
2026-02-26 01:00:00,T1,2026-02-25 19:00:00,0.1843,0.7958,0.977,0.7639,3.0,1,10.8833,4.495,0.8667,0.0,2026-02-25 22:00:00
2026-02-26 01:00:00,T2,2026-02-25 19:00:00,0.1977,0.7798,0.97,0.7639,3.0,1,10.8833,4.495,0.8667,0.0,2026-02-25 22:00:00
2026-02-26 01:00:00,ВЭС,2026-02-25 19:00:00,0.191,0.7878,0.9735,0.7639,3.0,1,10.8833,4.495,0.8667,0.0,2026-02-25 22:00:00
2026-02-26 02:00:00,T1,2026-02-25 20:00:00,0.2226,0.7615,0.9847,0.7639,4.0,1,11.0133,4.295,0.8333,0.0,2026-02-25 22:00:00
2026-02-26 02:00:00,T2,2026-02-25 20:00:00,0.196,0.7526,0.97,0.7639,4.0,1,11.0133,4.295,0.8333,0.0,2026-02-25 22:00:00
2026-02-26 02:00:00,ВЭС,2026-02-25 20:00:00,0.2093,0.7571,0.9773,0.7639,4.0,1,11.0133,4.295,0.8333,0.0,2026-02-25 22:00:00
2026-02-26 03:00:00,T1,2026-02-25 21:00:00,0.3533,0.8668,0.99,0.7639,5.0,1,11.325,2.2,0.8,0.0,2026-02-25 22:00:00
2026-02-26 03:00:00,T2,2026-02-25 21:00:00,0.3571,0.8655,0.97,0.7639,5.0,1,11.325,2.2,0.8,0.0,2026-02-25 22:00:00
2026-02-26 03:00:00,ВЭС,2026-02-25 21:00:00,0.3552,0.8661,0.98,0.7639,5.0,1,11.325,2.2,0.8,0.0,2026-02-25 22:00:00
2026-02-26 04:00:00,T1,2026-02-25 22:00:00,0.5432,0.9105,0.99,0.7831,6.0,1,11.505,0.715,0.6833,0.0,2026-02-25 22:00:00
2026-02-26 04:00:00,T2,2026-02-25 22:00:00,0.5388,0.8977,0.97,0.7831,6.0,1,11.505,0.715,0.6833,0.0,2026-02-25 22:00:00
2026-02-26 04:00:00,ВЭС,2026-02-25 22:00:00,0.541,0.9041,0.98,0.7831,6.0,1,11.505,0.715,0.6833,0.0,2026-02-25 22:00:00
2026-02-26 05:00:00,T1,2026-02-25 23:00:00,0.4316,0.8935,0.99,0.7831,7.0,1,11.485,1.32,0.5333,0.0,2026-02-25 22:00:00
2026-02-26 05:00:00,T2,2026-02-25 23:00:00,0.4498,0.8807,0.97,0.7831,7.0,1,11.485,1.32,0.5333,0.0,2026-02-25 22:00:00
2026-02-26 05:00:00,ВЭС,2026-02-25 23:00:00,0.4407,0.8871,0.98,0.7831,7.0,1,11.485,1.32,0.5333,0.0,2026-02-25 22:00:00
2026-02-26 06:00:00,T1,2026-02-26 00:00:00,0.3067,0.7259,0.9733,0.7831,8.0,1,11.575,2.175,0.5833,0.0,2026-02-25 22:00:00
2026-02-26 06:00:00,T2,2026-02-26 00:00:00,0.2411,0.7122,0.9675,0.7831,8.0,1,11.575,2.175,0.5833,0.0,2026-02-25 22:00:00
2026-02-26 06:00:00,ВЭС,2026-02-26 00:00:00,0.2739,0.719,0.9704,0.7831,8.0,1,11.575,2.175,0.5833,0.0,2026-02-25 22:00:00
2026-02-26 07:00:00,T1,2026-02-26 01:00:00,0.2313,0.6632,0.9485,0.7639,9.0,1,11.16,1.875,0.75,0.0,2026-02-25 22:00:00
2026-02-26 07:00:00,T2,2026-02-26 01:00:00,0.1816,0.6526,0.9435,0.7639,9.0,1,11.16,1.875,0.75,0.0,2026-02-25 22:00:00
2026-02-26 07:00:00,ВЭС,2026-02-26 01:00:00,0.2065,0.6579,0.946,0.7639,9.0,1,11.16,1.875,0.75,0.0,2026-02-25 22:00:00
2026-02-26 08:00:00,T1,2026-02-26 02:00:00,0.0,0.5563,0.9012,0.6301,10.0,1,9.5533,1.055,1.1333,0.0,2026-02-25 22:00:00
2026-02-26 08:00:00,T2,2026-02-26 02:00:00,0.0,0.5428,0.9007,0.6301,10.0,1,9.5533,1.055,1.1333,0.0,2026-02-25 22:00:00
2026-02-26 08:00:00,ВЭС,2026-02-26 02:00:00,0.0,0.5496,0.901,0.6301,10.0,1,9.5533,1.055,1.1333,0.0,2026-02-25 22:00:00
2026-02-26 09:00:00,T1,2026-02-26 03:00:00,0.0,0.1624,0.6627,0.2753,11.0,1,6.2483,2.975,2.0333,0.0,2026-02-25 22:00:00
2026-02-26 09:00:00,T2,2026-02-26 03:00:00,0.0,0.1474,0.6627,0.2753,11.0,1,6.2483,2.975,2.0333,0.0,2026-02-25 22:00:00
2026-02-26 09:00:00,ВЭС,2026-02-26 03:00:00,0.0,0.1549,0.6627,0.2753,11.0,1,6.2483,2.975,2.0333,0.0,2026-02-25 22:00:00
2026-02-26 10:00:00,T1,2026-02-26 04:00:00,0.0,0.123,0.6255,0.2347,12.0,1,5.58,3.66,2.7667,0.0,2026-02-25 22:00:00
2026-02-26 10:00:00,T2,2026-02-26 04:00:00,0.0,0.1216,0.6256,0.2347,12.0,1,5.58,3.66,2.7667,0.0,2026-02-25 22:00:00
2026-02-26 10:00:00,ВЭС,2026-02-26 04:00:00,0.0,0.1223,0.6255,0.2347,12.0,1,5.58,3.66,2.7667,0.0,2026-02-25 22:00:00
2026-02-26 11:00:00,T1,2026-02-26 05:00:00,0.0,0.3733,0.8685,0.3567,1.0,1,7.18,8.05,2.9667,0.0,2026-02-26 10:00:00
2026-02-26 11:00:00,T2,2026-02-26 05:00:00,0.0,0.3724,0.8646,0.3567,1.0,1,7.18,8.05,2.9667,0.0,2026-02-26 10:00:00
2026-02-26 11:00:00,ВЭС,2026-02-26 05:00:00,0.0,0.3728,0.8666,0.3567,1.0,1,7.18,8.05,2.9667,0.0,2026-02-26 10:00:00
2026-02-26 12:00:00,T1,2026-02-26 06:00:00,0.0,0.425,0.9051,0.4212,2.0,1,7.8267,5.055,2.85,0.0,2026-02-26 10:00:00
2026-02-26 12:00:00,T2,2026-02-26 06:00:00,0.0,0.427,0.905,0.4212,2.0,1,7.8267,5.055,2.85,0.0,2026-02-26 10:00:00
2026-02-26 12:00:00,ВЭС,2026-02-26 06:00:00,0.0,0.426,0.9051,0.4212,2.0,1,7.8267,5.055,2.85,0.0,2026-02-26 10:00:00
2026-02-26 13:00:00,T1,2026-02-26 07:00:00,0.0,0.5016,0.8823,0.4309,3.0,1,8.1067,0.925,2.3667,0.0,2026-02-26 10:00:00
2026-02-26 13:00:00,T2,2026-02-26 07:00:00,0.0,0.4914,0.8822,0.4309,3.0,1,8.1067,0.925,2.3667,0.0,2026-02-26 10:00:00
2026-02-26 13:00:00,ВЭС,2026-02-26 07:00:00,0.0,0.4965,0.8822,0.4309,3.0,1,8.1067,0.925,2.3667,0.0,2026-02-26 10:00:00
2026-02-26 14:00:00,T1,2026-02-26 08:00:00,0.0,0.4023,0.8117,0.4253,4.0,1,7.9267,1.945,1.5167,0.0,2026-02-26 10:00:00
2026-02-26 14:00:00,T2,2026-02-26 08:00:00,0.0,0.4027,0.8117,0.4253,4.0,1,7.9267,1.945,1.5167,0.0,2026-02-26 10:00:00
2026-02-26 14:00:00,ВЭС,2026-02-26 08:00:00,0.0,0.4025,0.8117,0.4253,4.0,1,7.9267,1.945,1.5167,0.0,2026-02-26 10:00:00
2026-02-26 15:00:00,T1,2026-02-26 09:00:00,0.0,0.4276,0.7743,0.4253,5.0,1,7.97,1.28,0.55,0.0,2026-02-26 10:00:00
2026-02-26 15:00:00,T2,2026-02-26 09:00:00,0.0,0.4286,0.7742,0.4253,5.0,1,7.97,1.28,0.55,0.0,2026-02-26 10:00:00
2026-02-26 15:00:00,ВЭС,2026-02-26 09:00:00,0.0,0.4281,0.7743,0.4253,5.0,1,7.97,1.28,0.55,0.0,2026-02-26 10:00:00
2026-02-26 16:00:00,T1,2026-02-26 10:00:00,0.032,0.5896,0.9124,0.5291,6.0,1,8.8683,2.235,0.1833,1.0,2026-02-26 10:00:00
2026-02-26 16:00:00,T2,2026-02-26 10:00:00,0.0,0.5906,0.9109,0.5291,6.0,1,8.8683,2.235,0.1833,1.0,2026-02-26 10:00:00
2026-02-26 16:00:00,ВЭС,2026-02-26 10:00:00,0.016,0.5901,0.9117,0.5291,6.0,1,8.8683,2.235,0.1833,1.0,2026-02-26 10:00:00
2026-02-26 17:00:00,T1,2026-02-26 11:00:00,0.321,0.701,0.9691,0.6898,7.0,1,10.26,3.445,0.4167,1.0,2026-02-26 10:00:00
2026-02-26 17:00:00,T2,2026-02-26 11:00:00,0.1838,0.7018,0.9634,0.6898,7.0,1,10.26,3.445,0.4167,1.0,2026-02-26 10:00:00
2026-02-26 17:00:00,ВЭС,2026-02-26 11:00:00,0.2524,0.7014,0.9662,0.6898,7.0,1,10.26,3.445,0.4167,1.0,2026-02-26 10:00:00
2026-02-26 18:00:00,T1,2026-02-26 12:00:00,0.4654,0.7754,0.9811,0.7639,8.0,1,11.015,4.21,0.85,1.0,2026-02-26 10:00:00
2026-02-26 18:00:00,T2,2026-02-26 12:00:00,0.3212,0.7727,0.9687,0.7639,8.0,1,11.015,4.21,0.85,1.0,2026-02-26 10:00:00
2026-02-26 18:00:00,ВЭС,2026-02-26 12:00:00,0.3933,0.7741,0.9749,0.7639,8.0,1,11.015,4.21,0.85,1.0,2026-02-26 10:00:00
2026-02-26 19:00:00,T1,2026-02-26 13:00:00,0.4009,0.8616,0.9816,0.7639,9.0,1,10.9883,3.525,1.2667,1.0,2026-02-26 10:00:00
2026-02-26 19:00:00,T2,2026-02-26 13:00:00,0.253,0.8624,0.9691,0.7639,9.0,1,10.9883,3.525,1.2667,1.0,2026-02-26 10:00:00
2026-02-26 19:00:00,ВЭС,2026-02-26 13:00:00,0.3269,0.862,0.9753,0.7639,9.0,1,10.9883,3.525,1.2667,1.0,2026-02-26 10:00:00
2026-02-26 20:00:00,T1,2026-02-26 14:00:00,0.4311,0.8709,0.9856,0.7536,10.0,1,10.8633,1.925,1.5333,0.0,2026-02-26 10:00:00
2026-02-26 20:00:00,T2,2026-02-26 14:00:00,0.3254,0.8703,0.97,0.7536,10.0,1,10.8633,1.925,1.5333,0.0,2026-02-26 10:00:00
2026-02-26 20:00:00,ВЭС,2026-02-26 14:00:00,0.3783,0.8706,0.9778,0.7536,10.0,1,10.8633,1.925,1.5333,0.0,2026-02-26 10:00:00
2026-02-26 21:00:00,T1,2026-02-26 15:00:00,0.327,0.8734,0.9754,0.7639,11.0,1,11.2267,0.675,1.6,0.0,2026-02-26 10:00:00
2026-02-26 21:00:00,T2,2026-02-26 15:00:00,0.3403,0.8724,0.9645,0.7639,11.0,1,11.2267,0.675,1.6,0.0,2026-02-26 10:00:00
2026-02-26 21:00:00,ВЭС,2026-02-26 15:00:00,0.3336,0.8729,0.9699,0.7639,11.0,1,11.2267,0.675,1.6,0.0,2026-02-26 10:00:00
2026-02-26 22:00:00,T1,2026-02-26 16:00:00,0.3411,0.8974,0.99,0.7831,12.0,1,11.4267,1.885,1.5667,0.0,2026-02-26 10:00:00
2026-02-26 22:00:00,T2,2026-02-26 16:00:00,0.3205,0.8958,0.97,0.7831,12.0,1,11.4267,1.885,1.5667,0.0,2026-02-26 10:00:00
2026-02-26 22:00:00,ВЭС,2026-02-26 16:00:00,0.3308,0.8966,0.98,0.7831,12.0,1,11.4267,1.885,1.5667,0.0,2026-02-26 10:00:00
2026-02-26 23:00:00,T1,2026-02-26 17:00:00,0.3516,0.8765,0.9828,0.7639,1.0,1,11.36,2.82,1.6333,0.0,2026-02-26 22:00:00
2026-02-26 23:00:00,T2,2026-02-26 17:00:00,0.2946,0.8754,0.9691,0.7639,1.0,1,11.36,2.82,1.6333,0.0,2026-02-26 22:00:00
2026-02-26 23:00:00,ВЭС,2026-02-26 17:00:00,0.3231,0.8759,0.976,0.7639,1.0,1,11.36,2.82,1.6333,0.0,2026-02-26 22:00:00
2026-02-27 00:00:00,T1,2026-02-26 18:00:00,0.3802,0.8917,0.9808,0.7639,2.0,1,11.13,3.795,1.6,0.0,2026-02-26 22:00:00
2026-02-27 00:00:00,T2,2026-02-26 18:00:00,0.2629,0.8905,0.9684,0.7639,2.0,1,11.13,3.795,1.6,0.0,2026-02-26 22:00:00
2026-02-27 00:00:00,ВЭС,2026-02-26 18:00:00,0.3216,0.8911,0.9746,0.7639,2.0,1,11.13,3.795,1.6,0.0,2026-02-26 22:00:00
2026-02-27 01:00:00,T1,2026-02-26 19:00:00,0.2383,0.7945,0.9765,0.7338,3.0,1,10.5767,3.47,1.35,1.0,2026-02-26 22:00:00
2026-02-27 01:00:00,T2,2026-02-26 19:00:00,0.2545,0.796,0.9647,0.7338,3.0,1,10.5767,3.47,1.35,1.0,2026-02-26 22:00:00
2026-02-27 01:00:00,ВЭС,2026-02-26 19:00:00,0.2464,0.7953,0.9706,0.7338,3.0,1,10.5767,3.47,1.35,1.0,2026-02-26 22:00:00
2026-02-27 02:00:00,T1,2026-02-26 20:00:00,0.1813,0.6274,0.9519,0.6587,4.0,1,9.83,2.315,1.0167,1.0,2026-02-26 22:00:00
2026-02-27 02:00:00,T2,2026-02-26 20:00:00,0.1752,0.6293,0.9478,0.6587,4.0,1,9.83,2.315,1.0167,1.0,2026-02-26 22:00:00
2026-02-27 02:00:00,ВЭС,2026-02-26 20:00:00,0.1783,0.6283,0.9498,0.6587,4.0,1,9.83,2.315,1.0167,1.0,2026-02-26 22:00:00
2026-02-27 03:00:00,T1,2026-02-26 21:00:00,0.1309,0.6126,0.9256,0.5709,5.0,1,9.3167,1.695,0.7167,1.0,2026-02-26 22:00:00
2026-02-27 03:00:00,T2,2026-02-26 21:00:00,0.1039,0.6176,0.9235,0.5709,5.0,1,9.3167,1.695,0.7167,1.0,2026-02-26 22:00:00
2026-02-27 03:00:00,ВЭС,2026-02-26 21:00:00,0.1174,0.6151,0.9245,0.5709,5.0,1,9.3167,1.695,0.7167,1.0,2026-02-26 22:00:00
2026-02-27 04:00:00,T1,2026-02-26 22:00:00,0.0354,0.5823,0.9265,0.5417,6.0,1,9.0833,2.305,0.5,1.0,2026-02-26 22:00:00
2026-02-27 04:00:00,T2,2026-02-26 22:00:00,0.0,0.5873,0.925,0.5417,6.0,1,9.0833,2.305,0.5,1.0,2026-02-26 22:00:00
2026-02-27 04:00:00,ВЭС,2026-02-26 22:00:00,0.0177,0.5848,0.9258,0.5417,6.0,1,9.0833,2.305,0.5,1.0,2026-02-26 22:00:00
2026-02-27 05:00:00,T1,2026-02-26 23:00:00,0.0166,0.417,0.8713,0.4601,7.0,1,8.38,2.445,0.45,1.0,2026-02-26 22:00:00
2026-02-27 05:00:00,T2,2026-02-26 23:00:00,0.0,0.4249,0.8702,0.4601,7.0,1,8.38,2.445,0.45,1.0,2026-02-26 22:00:00
2026-02-27 05:00:00,ВЭС,2026-02-26 23:00:00,0.0083,0.421,0.8708,0.4601,7.0,1,8.38,2.445,0.45,1.0,2026-02-26 22:00:00
2026-02-27 06:00:00,T1,2026-02-27 00:00:00,0.0,0.3469,0.7999,0.4057,8.0,1,7.665,1.935,0.3167,1.0,2026-02-26 22:00:00
2026-02-27 06:00:00,T2,2026-02-27 00:00:00,0.0,0.3516,0.7999,0.4057,8.0,1,7.665,1.935,0.3167,1.0,2026-02-26 22:00:00
2026-02-27 06:00:00,ВЭС,2026-02-27 00:00:00,0.0,0.3492,0.7999,0.4057,8.0,1,7.665,1.935,0.3167,1.0,2026-02-26 22:00:00
2026-02-27 07:00:00,T1,2026-02-27 01:00:00,0.0155,0.3264,0.7486,0.3725,9.0,1,7.23,0.44,0.1833,1.0,2026-02-26 22:00:00
2026-02-27 07:00:00,T2,2026-02-27 01:00:00,0.0,0.331,0.7486,0.3725,9.0,1,7.23,0.44,0.1833,1.0,2026-02-26 22:00:00
2026-02-27 07:00:00,ВЭС,2026-02-27 01:00:00,0.0077,0.3287,0.7486,0.3725,9.0,1,7.23,0.44,0.1833,1.0,2026-02-26 22:00:00
2026-02-27 08:00:00,T1,2026-02-27 02:00:00,0.0,0.277,0.7562,0.3379,10.0,1,6.9117,1.015,0.3833,1.0,2026-02-26 22:00:00
2026-02-27 08:00:00,T2,2026-02-27 02:00:00,0.0,0.2758,0.7562,0.3379,10.0,1,6.9117,1.015,0.3833,1.0,2026-02-26 22:00:00
2026-02-27 08:00:00,ВЭС,2026-02-27 02:00:00,0.0,0.2764,0.7562,0.3379,10.0,1,6.9117,1.015,0.3833,1.0,2026-02-26 22:00:00
2026-02-27 09:00:00,T1,2026-02-27 03:00:00,0.0,0.2365,0.7251,0.3243,11.0,1,6.7367,0.62,0.6833,1.0,2026-02-26 22:00:00
2026-02-27 09:00:00,T2,2026-02-27 03:00:00,0.0,0.235,0.7251,0.3243,11.0,1,6.7367,0.62,0.6833,1.0,2026-02-26 22:00:00
2026-02-27 09:00:00,ВЭС,2026-02-27 03:00:00,0.0,0.2357,0.7251,0.3243,11.0,1,6.7367,0.62,0.6833,1.0,2026-02-26 22:00:00
2026-02-27 10:00:00,T1,2026-02-27 04:00:00,0.0,0.2158,0.7349,0.3243,12.0,1,6.505,0.84,1.1333,0.0,2026-02-26 22:00:00
2026-02-27 10:00:00,T2,2026-02-27 04:00:00,0.0,0.2145,0.7349,0.3243,12.0,1,6.505,0.84,1.1333,0.0,2026-02-26 22:00:00
2026-02-27 10:00:00,ВЭС,2026-02-27 04:00:00,0.0,0.2151,0.7349,0.3243,12.0,1,6.505,0.84,1.1333,0.0,2026-02-26 22:00:00
2026-02-27 11:00:00,T1,2026-02-27 05:00:00,0.0,0.2183,0.7113,0.2753,1.0,1,6.2133,1.625,1.7833,0.0,2026-02-27 10:00:00
2026-02-27 11:00:00,T2,2026-02-27 05:00:00,0.0,0.217,0.7113,0.2753,1.0,1,6.2133,1.625,1.7833,0.0,2026-02-27 10:00:00
2026-02-27 11:00:00,ВЭС,2026-02-27 05:00:00,0.0,0.2177,0.7113,0.2753,1.0,1,6.2133,1.625,1.7833,0.0,2026-02-27 10:00:00
2026-02-27 12:00:00,T1,2026-02-27 06:00:00,0.0,0.2531,0.7048,0.2936,2.0,1,6.3717,2.21,2.2833,0.0,2026-02-27 10:00:00
2026-02-27 12:00:00,T2,2026-02-27 06:00:00,0.0,0.2582,0.7048,0.2936,2.0,1,6.3717,2.21,2.2833,0.0,2026-02-27 10:00:00
2026-02-27 12:00:00,ВЭС,2026-02-27 06:00:00,0.0,0.2556,0.7048,0.2936,2.0,1,6.3717,2.21,2.2833,0.0,2026-02-27 10:00:00
2026-02-27 13:00:00,T1,2026-02-27 07:00:00,0.0,0.3612,0.8025,0.3725,3.0,1,7.1733,2.82,2.4667,0.0,2026-02-27 10:00:00
2026-02-27 13:00:00,T2,2026-02-27 07:00:00,0.0,0.3665,0.8025,0.3725,3.0,1,7.1733,2.82,2.4667,0.0,2026-02-27 10:00:00
2026-02-27 13:00:00,ВЭС,2026-02-27 07:00:00,0.0,0.3638,0.8025,0.3725,3.0,1,7.1733,2.82,2.4667,0.0,2026-02-27 10:00:00
2026-02-27 14:00:00,T1,2026-02-27 08:00:00,0.0,0.4502,0.9017,0.4461,4.0,1,8.2017,3.135,2.3,0.0,2026-02-27 10:00:00
2026-02-27 14:00:00,T2,2026-02-27 08:00:00,0.0,0.4555,0.9016,0.4461,4.0,1,8.2017,3.135,2.3,0.0,2026-02-27 10:00:00
2026-02-27 14:00:00,ВЭС,2026-02-27 08:00:00,0.0,0.4529,0.9016,0.4461,4.0,1,8.2017,3.135,2.3,0.0,2026-02-27 10:00:00
2026-02-27 15:00:00,T1,2026-02-27 09:00:00,0.0685,0.5207,0.9573,0.5709,5.0,1,9.3117,3.105,1.7,0.0,2026-02-27 10:00:00
2026-02-27 15:00:00,T2,2026-02-27 09:00:00,0.0664,0.5261,0.9538,0.5709,5.0,1,9.3117,3.105,1.7,0.0,2026-02-27 10:00:00
2026-02-27 15:00:00,ВЭС,2026-02-27 09:00:00,0.0675,0.5234,0.9556,0.5709,5.0,1,9.3117,3.105,1.7,0.0,2026-02-27 10:00:00
2026-02-27 16:00:00,T1,2026-02-27 10:00:00,0.1877,0.5268,0.975,0.6898,6.0,1,10.4,2.985,0.6833,0.0,2026-02-27 10:00:00
2026-02-27 16:00:00,T2,2026-02-27 10:00:00,0.1909,0.527,0.9672,0.6898,6.0,1,10.4,2.985,0.6833,0.0,2026-02-27 10:00:00
2026-02-27 16:00:00,ВЭС,2026-02-27 10:00:00,0.1893,0.5269,0.9711,0.6898,6.0,1,10.4,2.985,0.6833,0.0,2026-02-27 10:00:00
2026-02-27 17:00:00,T1,2026-02-27 11:00:00,0.2456,0.682,0.9811,0.7639,7.0,1,10.9717,3.885,-0.15,0.0,2026-02-27 10:00:00
2026-02-27 17:00:00,T2,2026-02-27 11:00:00,0.2592,0.6821,0.969,0.7639,7.0,1,10.9717,3.885,-0.15,0.0,2026-02-27 10:00:00
2026-02-27 17:00:00,ВЭС,2026-02-27 11:00:00,0.2524,0.682,0.9751,0.7639,7.0,1,10.9717,3.885,-0.15,0.0,2026-02-27 10:00:00
2026-02-27 18:00:00,T1,2026-02-27 12:00:00,0.2171,0.7594,0.98,0.7639,8.0,1,11.0983,4.805,-0.8667,0.0,2026-02-27 10:00:00
2026-02-27 18:00:00,T2,2026-02-27 12:00:00,0.315,0.7596,0.97,0.7639,8.0,1,11.0983,4.805,-0.8667,0.0,2026-02-27 10:00:00
2026-02-27 18:00:00,ВЭС,2026-02-27 12:00:00,0.2661,0.7595,0.975,0.7639,8.0,1,11.0983,4.805,-0.8667,0.0,2026-02-27 10:00:00
2026-02-27 19:00:00,T1,2026-02-27 13:00:00,0.2268,0.8121,0.9851,0.7639,9.0,1,11.1733,4.805,-1.7667,0.0,2026-02-27 10:00:00
2026-02-27 19:00:00,T2,2026-02-27 13:00:00,0.3157,0.8122,0.97,0.7639,9.0,1,11.1733,4.805,-1.7667,0.0,2026-02-27 10:00:00
2026-02-27 19:00:00,ВЭС,2026-02-27 13:00:00,0.2713,0.8121,0.9775,0.7639,9.0,1,11.1733,4.805,-1.7667,0.0,2026-02-27 10:00:00
2026-02-27 20:00:00,T1,2026-02-27 14:00:00,0.2307,0.8132,0.9837,0.7639,10.0,1,11.0833,4.645,-2.5333,0.0,2026-02-27 10:00:00
2026-02-27 20:00:00,T2,2026-02-27 14:00:00,0.3239,0.8129,0.97,0.7639,10.0,1,11.0833,4.645,-2.5333,0.0,2026-02-27 10:00:00
2026-02-27 20:00:00,ВЭС,2026-02-27 14:00:00,0.2773,0.8131,0.9768,0.7639,10.0,1,11.0833,4.645,-2.5333,0.0,2026-02-27 10:00:00
2026-02-27 21:00:00,T1,2026-02-27 15:00:00,0.2266,0.7149,0.9869,0.7639,11.0,1,10.8,4.155,-3.1833,0.0,2026-02-27 10:00:00
2026-02-27 21:00:00,T2,2026-02-27 15:00:00,0.3174,0.7147,0.97,0.7639,11.0,1,10.8,4.155,-3.1833,0.0,2026-02-27 10:00:00
2026-02-27 21:00:00,ВЭС,2026-02-27 15:00:00,0.272,0.7148,0.9784,0.7639,11.0,1,10.8,4.155,-3.1833,0.0,2026-02-27 10:00:00
2026-02-27 22:00:00,T1,2026-02-27 16:00:00,0.1735,0.6646,0.9744,0.73,12.0,1,10.4633,3.725,-3.7833,0.0,2026-02-27 10:00:00
2026-02-27 22:00:00,T2,2026-02-27 16:00:00,0.2515,0.6695,0.965,0.73,12.0,1,10.4633,3.725,-3.7833,0.0,2026-02-27 10:00:00
2026-02-27 22:00:00,ВЭС,2026-02-27 16:00:00,0.2125,0.6671,0.9697,0.73,12.0,1,10.4633,3.725,-3.7833,0.0,2026-02-27 10:00:00
2026-02-27 23:00:00,T1,2026-02-27 17:00:00,0.0547,0.6056,0.9811,0.6794,1.0,1,9.865,4.16,-3.9833,0.0,2026-02-27 22:00:00
2026-02-27 23:00:00,T2,2026-02-27 17:00:00,0.1256,0.6135,0.97,0.6794,1.0,1,9.865,4.16,-3.9833,0.0,2026-02-27 22:00:00
2026-02-27 23:00:00,ВЭС,2026-02-27 17:00:00,0.0902,0.6096,0.9756,0.6794,1.0,1,9.865,4.16,-3.9833,0.0,2026-02-27 22:00:00
2026-02-28 00:00:00,T1,2026-02-27 18:00:00,0.0027,0.5339,0.9741,0.6301,2.0,1,9.4533,4.245,-4.0667,0.0,2026-02-27 22:00:00
2026-02-28 00:00:00,T2,2026-02-27 18:00:00,0.0248,0.5441,0.9679,0.6301,2.0,1,9.4533,4.245,-4.0667,0.0,2026-02-27 22:00:00
2026-02-28 00:00:00,ВЭС,2026-02-27 18:00:00,0.0137,0.539,0.971,0.6301,2.0,1,9.4533,4.245,-4.0667,0.0,2026-02-27 22:00:00
2026-02-28 01:00:00,T1,2026-02-27 19:00:00,0.0,0.5456,0.9793,0.65,3.0,1,9.6433,4.46,-4.4833,0.0,2026-02-27 22:00:00
2026-02-28 01:00:00,T2,2026-02-27 19:00:00,0.044,0.5528,0.97,0.65,3.0,1,9.6433,4.46,-4.4833,0.0,2026-02-27 22:00:00
2026-02-28 01:00:00,ВЭС,2026-02-27 19:00:00,0.022,0.5492,0.9746,0.65,3.0,1,9.6433,4.46,-4.4833,0.0,2026-02-27 22:00:00
2026-02-28 02:00:00,T1,2026-02-27 20:00:00,0.1151,0.6053,0.9788,0.6898,4.0,1,10.115,4.66,-4.9667,0.0,2026-02-27 22:00:00
2026-02-28 02:00:00,T2,2026-02-27 20:00:00,0.1803,0.6125,0.97,0.6898,4.0,1,10.115,4.66,-4.9667,0.0,2026-02-27 22:00:00
2026-02-28 02:00:00,ВЭС,2026-02-27 20:00:00,0.1477,0.6089,0.9744,0.6898,4.0,1,10.115,4.66,-4.9667,0.0,2026-02-27 22:00:00
2026-02-28 03:00:00,T1,2026-02-27 21:00:00,0.219,0.6648,0.9757,0.7536,5.0,1,10.5533,4.57,-5.4333,0.0,2026-02-27 22:00:00
2026-02-28 03:00:00,T2,2026-02-27 21:00:00,0.2539,0.672,0.965,0.7536,5.0,1,10.5533,4.57,-5.4333,0.0,2026-02-27 22:00:00
2026-02-28 03:00:00,ВЭС,2026-02-27 21:00:00,0.2365,0.6684,0.9703,0.7536,5.0,1,10.5533,4.57,-5.4333,0.0,2026-02-27 22:00:00
2026-02-28 04:00:00,T1,2026-02-27 22:00:00,0.237,0.6793,0.975,0.7639,6.0,1,10.7833,4.29,-5.75,0.0,2026-02-27 22:00:00
2026-02-28 04:00:00,T2,2026-02-27 22:00:00,0.2598,0.6861,0.9643,0.7639,6.0,1,10.7833,4.29,-5.75,0.0,2026-02-27 22:00:00
2026-02-28 04:00:00,ВЭС,2026-02-27 22:00:00,0.2484,0.6827,0.9697,0.7639,6.0,1,10.7833,4.29,-5.75,0.0,2026-02-27 22:00:00
2026-02-28 05:00:00,T1,2026-02-27 23:00:00,0.2347,0.7294,0.9738,0.7639,7.0,1,11.1,3.915,-6.3833,0.0,2026-02-27 22:00:00
2026-02-28 05:00:00,T2,2026-02-27 23:00:00,0.2755,0.7393,0.963,0.7639,7.0,1,11.1,3.915,-6.3833,0.0,2026-02-27 22:00:00
2026-02-28 05:00:00,ВЭС,2026-02-27 23:00:00,0.2551,0.7343,0.9684,0.7639,7.0,1,11.1,3.915,-6.3833,0.0,2026-02-27 22:00:00
2026-02-28 06:00:00,T1,2026-02-28 00:00:00,0.2596,0.6764,0.9724,0.7639,8.0,1,11.2067,3.01,-7.0,0.0,2026-02-27 22:00:00
2026-02-28 06:00:00,T2,2026-02-28 00:00:00,0.2775,0.6833,0.9603,0.7639,8.0,1,11.2067,3.01,-7.0,0.0,2026-02-27 22:00:00
2026-02-28 06:00:00,ВЭС,2026-02-28 00:00:00,0.2685,0.6798,0.9663,0.7639,8.0,1,11.2067,3.01,-7.0,0.0,2026-02-27 22:00:00
2026-02-28 07:00:00,T1,2026-02-28 01:00:00,0.347,0.6713,0.9753,0.7831,9.0,1,11.4867,3.25,-7.3333,0.0,2026-02-27 22:00:00
2026-02-28 07:00:00,T2,2026-02-28 01:00:00,0.2997,0.678,0.9633,0.7831,9.0,1,11.4867,3.25,-7.3333,0.0,2026-02-27 22:00:00
2026-02-28 07:00:00,ВЭС,2026-02-28 01:00:00,0.3234,0.6746,0.9693,0.7831,9.0,1,11.4867,3.25,-7.3333,0.0,2026-02-27 22:00:00
2026-02-28 08:00:00,T1,2026-02-28 02:00:00,0.3617,0.7539,0.9764,0.8217,10.0,1,12.18,3.9,-7.6667,0.0,2026-02-27 22:00:00
2026-02-28 08:00:00,T2,2026-02-28 02:00:00,0.3136,0.7515,0.965,0.8217,10.0,1,12.18,3.9,-7.6667,0.0,2026-02-27 22:00:00
2026-02-28 08:00:00,ВЭС,2026-02-28 02:00:00,0.3377,0.7527,0.9707,0.8217,10.0,1,12.18,3.9,-7.6667,0.0,2026-02-27 22:00:00
2026-02-28 09:00:00,T1,2026-02-28 03:00:00,0.4427,0.8747,0.9794,0.872,11.0,1,12.5717,4.72,-7.8167,0.0,2026-02-27 22:00:00
2026-02-28 09:00:00,T2,2026-02-28 03:00:00,0.3824,0.8716,0.968,0.872,11.0,1,12.5717,4.72,-7.8167,0.0,2026-02-27 22:00:00
2026-02-28 09:00:00,ВЭС,2026-02-28 03:00:00,0.4125,0.8731,0.9737,0.872,11.0,1,12.5717,4.72,-7.8167,0.0,2026-02-27 22:00:00
2026-02-28 10:00:00,T1,2026-02-28 04:00:00,0.4768,0.8882,0.9789,0.872,12.0,1,12.5567,4.485,-7.8,0.0,2026-02-27 22:00:00
2026-02-28 10:00:00,T2,2026-02-28 04:00:00,0.4009,0.8821,0.9681,0.872,12.0,1,12.5567,4.485,-7.8,0.0,2026-02-27 22:00:00
2026-02-28 10:00:00,ВЭС,2026-02-28 04:00:00,0.4389,0.8851,0.9735,0.872,12.0,1,12.5567,4.485,-7.8,0.0,2026-02-27 22:00:00
2026-02-28 11:00:00,T1,2026-02-28 05:00:00,0.4077,0.8023,0.9764,0.8291,13.0,1,12.265,4.03,-7.3,0.0,2026-02-27 22:00:00
2026-02-28 11:00:00,T2,2026-02-28 05:00:00,0.3053,0.7962,0.9662,0.8291,13.0,1,12.265,4.03,-7.3,0.0,2026-02-27 22:00:00
2026-02-28 11:00:00,ВЭС,2026-02-28 05:00:00,0.3565,0.7992,0.9713,0.8291,13.0,1,12.265,4.03,-7.3,0.0,2026-02-27 22:00:00
2026-02-28 12:00:00,T1,2026-02-28 06:00:00,0.3605,0.7541,0.9779,0.8017,14.0,1,12.0717,4.095,-6.7333,0.0,2026-02-27 22:00:00
2026-02-28 12:00:00,T2,2026-02-28 06:00:00,0.3094,0.7561,0.9672,0.8017,14.0,1,12.0717,4.095,-6.7333,0.0,2026-02-27 22:00:00
2026-02-28 12:00:00,ВЭС,2026-02-28 06:00:00,0.3349,0.7551,0.9726,0.8017,14.0,1,12.0717,4.095,-6.7333,0.0,2026-02-27 22:00:00
2026-02-28 13:00:00,T1,2026-02-28 07:00:00,0.3421,0.7234,0.9791,0.8017,15.0,1,12.12,4.8,-6.4833,0.0,2026-02-27 22:00:00
2026-02-28 13:00:00,T2,2026-02-28 07:00:00,0.329,0.7255,0.9688,0.8017,15.0,1,12.12,4.8,-6.4833,0.0,2026-02-27 22:00:00
2026-02-28 13:00:00,ВЭС,2026-02-28 07:00:00,0.3355,0.7244,0.9739,0.8017,15.0,1,12.12,4.8,-6.4833,0.0,2026-02-27 22:00:00
2026-02-28 14:00:00,T1,2026-02-28 08:00:00,0.3444,0.6796,0.976,0.8017,16.0,1,12.035,5.415,-6.4,0.0,2026-02-27 22:00:00
2026-02-28 14:00:00,T2,2026-02-28 08:00:00,0.3103,0.6819,0.9673,0.8017,16.0,1,12.035,5.415,-6.4,0.0,2026-02-27 22:00:00
2026-02-28 14:00:00,ВЭС,2026-02-28 08:00:00,0.3273,0.6808,0.9717,0.8017,16.0,1,12.035,5.415,-6.4,0.0,2026-02-27 22:00:00
2026-02-28 15:00:00,T1,2026-02-28 09:00:00,0.2066,0.6859,0.9709,0.8017,17.0,1,11.7733,5.345,-6.4167,0.0,2026-02-27 22:00:00
2026-02-28 15:00:00,T2,2026-02-28 09:00:00,0.1441,0.6936,0.9621,0.8017,17.0,1,11.7733,5.345,-6.4167,0.0,2026-02-27 22:00:00
2026-02-28 15:00:00,ВЭС,2026-02-28 09:00:00,0.1754,0.6897,0.9665,0.8017,17.0,1,11.7733,5.345,-6.4167,0.0,2026-02-27 22:00:00
2026-02-28 16:00:00,T1,2026-02-28 10:00:00,0.2291,0.5332,0.9683,0.73,18.0,2,10.3717,3.165,-6.2667,0.0,2026-02-27 22:00:00
2026-02-28 16:00:00,T2,2026-02-28 10:00:00,0.2026,0.5358,0.9609,0.73,18.0,2,10.3717,3.165,-6.2667,0.0,2026-02-27 22:00:00
2026-02-28 16:00:00,ВЭС,2026-02-28 10:00:00,0.2159,0.5345,0.9646,0.73,18.0,2,10.3717,3.165,-6.2667,0.0,2026-02-27 22:00:00
2026-02-28 17:00:00,T1,2026-02-28 11:00:00,0.1518,0.5591,0.9653,0.681,19.0,2,10.0467,3.82,-6.6,0.0,2026-02-27 22:00:00
2026-02-28 17:00:00,T2,2026-02-28 11:00:00,0.0619,0.5619,0.9622,0.681,19.0,2,10.0467,3.82,-6.6,0.0,2026-02-27 22:00:00
2026-02-28 17:00:00,ВЭС,2026-02-28 11:00:00,0.1068,0.5605,0.9638,0.681,19.0,2,10.0467,3.82,-6.6,0.0,2026-02-27 22:00:00
2026-02-28 18:00:00,T1,2026-02-28 12:00:00,0.0339,0.5625,0.9285,0.6587,20.0,2,9.6933,4.55,-7.05,0.0,2026-02-27 22:00:00
2026-02-28 18:00:00,T2,2026-02-28 12:00:00,0.0,0.5655,0.9244,0.6587,20.0,2,9.6933,4.55,-7.05,0.0,2026-02-27 22:00:00
2026-02-28 18:00:00,ВЭС,2026-02-28 12:00:00,0.0169,0.564,0.9265,0.6587,20.0,2,9.6933,4.55,-7.05,0.0,2026-02-27 22:00:00
2026-02-28 19:00:00,T1,2026-02-28 13:00:00,0.0,0.5629,0.8835,0.5531,21.0,2,9.06,4.25,-7.2167,0.0,2026-02-27 22:00:00
2026-02-28 19:00:00,T2,2026-02-28 13:00:00,0.0,0.5665,0.8807,0.5531,21.0,2,9.06,4.25,-7.2167,0.0,2026-02-27 22:00:00
2026-02-28 19:00:00,ВЭС,2026-02-28 13:00:00,0.0,0.5647,0.8821,0.5531,21.0,2,9.06,4.25,-7.2167,0.0,2026-02-27 22:00:00
2026-02-28 20:00:00,T1,2026-02-28 14:00:00,0.0,0.4644,0.7961,0.4601,22.0,2,8.26,3.54,-7.2833,0.0,2026-02-27 22:00:00
2026-02-28 20:00:00,T2,2026-02-28 14:00:00,0.0,0.4643,0.7949,0.4601,22.0,2,8.26,3.54,-7.2833,0.0,2026-02-27 22:00:00
2026-02-28 20:00:00,ВЭС,2026-02-28 14:00:00,0.0,0.4644,0.7955,0.4601,22.0,2,8.26,3.54,-7.2833,0.0,2026-02-27 22:00:00
2026-02-28 21:00:00,T1,2026-02-28 15:00:00,0.0,0.3657,0.7282,0.3974,23.0,2,7.545,2.93,-7.5,0.0,2026-02-27 22:00:00
2026-02-28 21:00:00,T2,2026-02-28 15:00:00,0.0,0.3655,0.7281,0.3974,23.0,2,7.545,2.93,-7.5,0.0,2026-02-27 22:00:00
2026-02-28 21:00:00,ВЭС,2026-02-28 15:00:00,0.0,0.3656,0.7281,0.3974,23.0,2,7.545,2.93,-7.5,0.0,2026-02-27 22:00:00
2026-02-28 22:00:00,T1,2026-02-28 16:00:00,0.0,0.3342,0.7375,0.3567,24.0,2,6.8817,2.295,-7.8,0.0,2026-02-27 22:00:00
2026-02-28 22:00:00,T2,2026-02-28 16:00:00,0.0,0.334,0.7375,0.3567,24.0,2,6.8817,2.295,-7.8,0.0,2026-02-27 22:00:00
2026-02-28 22:00:00,ВЭС,2026-02-28 16:00:00,0.0,0.3341,0.7375,0.3567,24.0,2,6.8817,2.295,-7.8,0.0,2026-02-27 22:00:00
2026-02-28 23:00:00,T1,2026-02-28 17:00:00,0.0,0.2097,0.6911,0.3243,25.0,2,6.4333,2.545,-8.4167,0.0,2026-02-27 22:00:00
2026-02-28 23:00:00,T2,2026-02-28 17:00:00,0.0,0.2095,0.6911,0.3243,25.0,2,6.4333,2.545,-8.4167,0.0,2026-02-27 22:00:00
2026-02-28 23:00:00,ВЭС,2026-02-28 17:00:00,0.0,0.2096,0.6911,0.3243,25.0,2,6.4333,2.545,-8.4167,0.0,2026-02-27 22:00:00
